<?xml version="1.0" encoding="UTF-8"?>
<kml xmlns="http://www.opengis.net/kml/2.2">
  <Document id="root_doc">
    <Document id="kmc_boundry">
      <name>kmc boundry</name>
      <Placemark id="kmc_boundry.1">
        <name>Korathota</name>
        <description><![CDATA[<html xmlns:fo="http://www.w3.org/1999/XSL/Format" xmlns:msxsl="urn:schemas-microsoft-com:xslt">

<head>

<META http-equiv="Content-Type" content="text/html">

<meta http-equiv="content-type" content="text/html; charset=UTF-8">

</head>

<body style="margin:0px 0px 0px 0px;overflow:auto;background:#FFFFFF;">

<table style="font-family:Arial,Verdana,Times;font-size:12px;text-align:left;width:100%;border-collapse:collapse;padding:3px 3px 3px 3px">

<tr style="text-align:center;font-weight:bold;background:#9CBCE2">

<td>Korathota</td>

</tr>

<tr>

<td>

<table style="font-family:Arial,Verdana,Times;font-size:12px;text-align:left;width:100%;border-spacing:0px; padding:3px 3px 3px 3px">

<tr>

<td>FID</td>

<td>29</td>

</tr>

<tr bgcolor="#D4E4F3">

<td>OBJECTID_1</td>

<td>13990</td>

</tr>

<tr>

<td>GND_N</td>

<td>Korathota</td>

</tr>

<tr bgcolor="#D4E4F3">

<td>CM_Index</td>

<td></td>

</tr>

<tr>

<td>GND_NO</td>

<td>488</td>

</tr>

<tr bgcolor="#D4E4F3">

<td>GND_C</td>

<td>080</td>

</tr>

<tr>

<td>PROVINCE_N</td>

<td>WESTERN</td>

</tr>

<tr bgcolor="#D4E4F3">

<td>PROVINCE_C</td>

<td>1</td>

</tr>

<tr>

<td>DISTRICT_N</td>

<td>COLOMBO</td>

</tr>

<tr bgcolor="#D4E4F3">

<td>DISTRICT_C</td>

<td>1</td>

</tr>

<tr>

<td>DSD_N</td>

<td>KADUWELA</td>

</tr>

<tr bgcolor="#D4E4F3">

<td>DSD_C</td>

<td>09</td>

</tr>

<tr>

<td>MC_UC_PC_N</td>

<td></td>

</tr>

<tr bgcolor="#D4E4F3">

<td>GN_Officer</td>

<td>P.S.Wasundara</td>

</tr>

<tr>

<td>GN_Offic_1</td>

<td>724883004</td>

</tr>

<tr bgcolor="#D4E4F3">

<td>ADMIN_CODE</td>

<td>1109080</td>

</tr>

<tr>

<td>Dispute</td>

<td></td>

</tr>

<tr bgcolor="#D4E4F3">

<td>GND_NO_Cen</td>

<td>488</td>

</tr>

<tr>

<td>GND_NAME_C</td>

<td>Korathota</td>

</tr>

<tr bgcolor="#D4E4F3">

<td>GND_NO_Gaz</td>

<td>488</td>

</tr>

<tr>

<td>GND_NAME_G</td>

<td>කොරතොට</td>

</tr>

<tr bgcolor="#D4E4F3">

<td>YEAR_CREAT</td>

<td>2017</td>

</tr>

<tr>

<td>DATA_SOURC</td>

<td>Satellite Images</td>

</tr>

<tr bgcolor="#D4E4F3">

<td>MTD_CREATI</td>

<td>Extracted on google with Interactive Participation of Grama Niladharies</td>

</tr>

<tr>

<td>Shape_Leng</td>

<td>14997.171921</td>

</tr>

<tr bgcolor="#D4E4F3">

<td>Refarance</td>

<td></td>

</tr>

<tr>

<td>Ext_SqKm</td>

<td>5.100892</td>

</tr>

<tr bgcolor="#D4E4F3">

<td>New_Admin_</td>

<td>0</td>

</tr>

<tr>

<td>New_GND_Co</td>

<td></td>

</tr>

<tr bgcolor="#D4E4F3">

<td>New_DSD_Co</td>

<td></td>

</tr>

<tr>

<td>MTD_REVISI</td>

<td></td>

</tr>

<tr bgcolor="#D4E4F3">

<td>YEAR_REVIS</td>

<td></td>

</tr>

<tr>

<td>Pop_2020</td>

<td>9694</td>

</tr>

</table>

</td>

</tr>

</table>

</body>

</html>]]></description>
        <Polygon>
          <extrude>0</extrude>
          <outerBoundaryIs>
            <LinearRing>
              <coordinates>
                79.9464297732297,6.88183189426403,0
                79.9462163178203,6.88180395479032,0
                79.9456829158876,6.88162908843709,0
                79.945105683271,6.88149944002993,0
                79.9448002349292,6.88212315563615,0
                79.944776795351,6.88211761536099,0
                79.9446889920583,6.88211119367366,0
                79.9446754727247,6.88211020535321,0
                79.9446333075174,6.88211157879983,0
                79.9445911423103,6.88211295224272,0
                79.9445966127034,6.88208899967867,0
                79.9444994167035,6.88204994878515,0
                79.9444306040363,6.88202577660273,0
                79.9443867457426,6.88201222730045,0
                79.9441597699628,6.88194139298391,0
                79.9441297481786,6.88193166549613,0
                79.9441161902093,6.88192377511171,0
                79.9441132187213,6.88192024706437,0
                79.9440543831879,6.8819349839945,0
                79.9438284528121,6.88190396727239,0
                79.9436485486485,6.88189009609361,0
                79.9436445327174,6.88189298625226,0
                79.9434318039421,6.8818641163652,0
                79.9430960840118,6.88181855528215,0
                79.942608565456,6.88174505185643,0
                79.9425853020429,6.88171584902024,0
                79.9423734106199,6.8817106872105,0
                79.9423122090422,6.88172337533645,0
                79.9422051510818,6.88174556831231,0
                79.9421600573744,6.88174681436594,0
                79.9420420113386,6.88175007619569,0
                79.9418803878816,6.8817676075621,0
                79.9418050434578,6.88175400310277,0
                79.9417398840869,6.88171039601106,0
                79.9417130198825,6.88174686550721,0
                79.9415846851207,6.88167894557015,0
                79.9414563513015,6.88161102650866,0
                79.9414193093496,6.88154646503258,0
                79.9412405935258,6.88147666127376,0
                79.9411314679697,6.88146585148289,0
                79.9410430244784,6.8814174338456,0
                79.9408812523173,6.88133380586662,0
                79.9408059828113,6.88131623002039,0
                79.9406520707577,6.88131834741179,0
                79.9404677602472,6.88127116192933,0
                79.9403956634409,6.88122019841002,0
                79.940380949138,6.88112705434905,0
                79.9402703423818,6.88107964856594,0
                79.9401661885586,6.8810580751849,0
                79.9399141020973,6.8810946599074,0
                79.9396382032838,6.88113558834926,0
                79.9395940409849,6.88109894320747,0
                79.9395156772895,6.88103020052256,0
                79.9395168066282,6.8809273004214,0
                79.9394388722597,6.88085573276593,0
                79.9393006612533,6.88078902294395,0
                79.9392711343702,6.88077477127914,0
                79.9391494997366,6.88067610787371,0
                79.9391436961909,6.88067369879997,0
                79.9390435315575,6.88066769484232,0
                79.938945958407,6.88061201891614,0
                79.9388876301566,6.88056502535136,0
                79.9388006012672,6.8805026693363,0
                79.9387500969664,6.8804653032081,0
                79.9387156406965,6.88043981146583,0
                79.9386577620894,6.88039698986916,0
                79.9385920329999,6.8803529907781,0
                79.9385471625926,6.88032295422356,0
                79.9383792301138,6.88032272159748,0
                79.9383267821292,6.88029892810505,0
                79.9382407547525,6.88025990193359,0
                79.9382286385292,6.88026010766911,0
                79.9382051789577,6.88024235364923,0
                79.938139369641,6.8801925501234,0
                79.9379712450197,6.88013736257155,0
                79.9379667505963,6.88013965324303,0
                79.9379230864299,6.88012296153745,0
                79.9378163384298,6.88003725348527,0
                79.9378146009929,6.88003585883343,0
                79.9378031079343,6.88002485412953,0
                79.9378010936682,6.88002292549799,0
                79.9376985268989,6.87992472108988,0
                79.9376240764998,6.87991493885354,0
                79.9374511422194,6.87995512517554,0
                79.9374252543415,6.87994918783462,0
                79.937409676541,6.87991378531957,0
                79.9373480655705,6.87977376973381,0
                79.937213759949,6.87942382320844,0
                79.9370832243022,6.87930749141929,0
                79.9370593816821,6.87928276418118,0
                79.9370368116708,6.87925930147634,0
                79.9369940513889,6.87921485058884,0
                79.9369917284552,6.87921249009654,0
                79.9369195694207,6.87914173066769,0
                79.9368569029751,6.87907063885254,0
                79.9367976815078,6.87899566489644,0
                79.9367171045537,6.87891716133615,0
                79.9367123264779,6.87891250703034,0
                79.9366437691846,6.87884755360543,0
                79.9365847828259,6.87879328685537,0
                79.9365168504239,6.87873213226876,0
                79.936451510473,6.87868988058201,0
                79.9363635398848,6.87865355706567,0
                79.9362034872316,6.8786088405388,0
                79.9361902704661,6.87860514797877,0
                79.9361137333983,6.87858794358861,0
                79.9360844529475,6.87858136184406,0
                79.9359565495757,6.87856395691636,0
                79.9358729938764,6.87853767799544,0
                79.935760691424,6.87849769473108,0
                79.9356907101104,6.87847035455208,0
                79.9356377572437,6.87843237439599,0
                79.9356131831361,6.87841207652845,0
                79.9355422732465,6.87834684756934,0
                79.935448556017,6.87826559811491,0
                79.9354102421681,6.87823238090855,0
                79.9353983634392,6.87822208258596,0
                79.9353534877153,6.87816856659904,0
                79.9353462664908,6.87815996103589,0
                79.935343459403,6.8781561230829,0
                79.9352820915834,6.87807222862008,0
                79.9352803058253,6.87806950918261,0
                79.9352789622218,6.87806746236315,0
                79.9352262819185,6.87798723624199,0
                79.935226226874,6.87798715295634,0
                79.9352193780126,6.87797672241119,0
                79.9351962199983,6.87795123494206,0
                79.9351748599056,6.87792772546479,0
                79.9351728513291,6.87792617389716,0
                79.93515138496,6.87790958699697,0
                79.9351496456403,6.87790824297058,0
                79.9351492589229,6.87790794480004,0
                79.9351440400608,6.87790391181505,0
                79.9351382727475,6.87789945559181,0
                79.9351324286324,6.87789494045874,0
                79.9351304056006,6.87789337711058,0
                79.9350933679075,6.87785994601736,0
                79.9350274172893,6.877855851484,0
                79.9349809993261,6.87785766875889,0
                79.9348826095621,6.87788154822163,0
                79.9348109723021,6.87789964153535,0
                79.9347761075922,6.87781961669678,0
                79.9347762230006,6.87775406494297,0
                79.9347833477555,6.87771878457627,0
                79.9347914929352,6.87767845318149,0
                79.934819078675,6.8776274698114,0
                79.9348269277649,6.87761296353062,0
                79.9348825168046,6.87756263522526,0
                79.9349078518626,6.87750216978001,0
                79.9349079672491,6.87743661711889,0
                79.9349181814779,6.87736603933619,0
                79.9349090001335,6.87735406659688,0
                79.9348678425089,6.87730039797137,0
                79.9348023294803,6.87725490052158,0
                79.934746882512,6.87722454758259,0
                79.9346814138974,6.87715383672327,0
                79.9345606502113,6.87696705151867,0
                79.934454960293,6.87681558931701,0
                79.934429901414,6.87671973693926,0
                79.934455333238,6.87660380457952,0
                79.934500955632,6.87648286394637,0
                79.9345190601576,6.87645402742663,0
                79.9345768523584,6.87636197654431,0
                79.9346426475096,6.87624611423877,0
                79.9347186417956,6.87606975895869,0
                79.9347705295508,6.87594934561217,0
                79.9347849033055,6.87592791899141,0
                79.9348317937619,6.87585801874436,0
                79.9348106696054,6.87583108627206,0
                79.9347733876056,6.87578336795132,0
                79.9346878041172,6.87567579528378,0
                79.9346421250265,6.87561829563304,0
                79.9345519443892,6.87550203518698,0
                79.9345439622916,6.87549241011948,0
                79.9345395979166,6.87548714617193,0
                79.9344729450268,6.87540677156002,0
                79.9344211211743,6.87534392795568,0
                79.9344053902031,6.8753258284046,0
                79.9343677566932,6.87528252659291,0
                79.9343222509343,6.87522991095615,0
                79.9342844847,6.87518851592141,0
                79.9342714829739,6.8751742650374,0
                79.9342259868695,6.87512439916581,0
                79.9341597986819,6.875055581363,0
                79.934138930156,6.87507156575177,0
                79.9341047724607,6.87508855938909,0
                79.9340551020783,6.87511044563292,0
                79.9340212601187,6.87511255623918,0
                79.9339868889525,6.8751587921993,0
                79.9339675688077,6.87518588502203,0
                79.9339330229432,6.87522805074296,0
                79.9338606144723,6.87529483704398,0
                79.933776981448,6.87536521958144,0
                79.9337182739559,6.87540933296316,0
                79.9337180557645,6.87540941395956,0
                79.9336742813619,6.87545459347891,0
                79.9336192891579,6.87551134995923,0
                79.9335595006392,6.87547834892813,0
                79.9334519612756,6.87537348989322,0
                79.9333082081668,6.87526534169444,0
                79.9332833030724,6.87526614238673,0
                79.9332037335356,6.8752809645073,0
                79.9331285387543,6.87531772724933,0
                79.9330711653597,6.87533692149509,0
                79.9330082864853,6.87535353622227,0
                79.9329474680248,6.87532691082039,0
                79.9327320384314,6.87547323664902,0
                79.9326331082704,6.87560724505737,0
                79.9325132853796,6.87572473436448,0
                79.9323064624477,6.87583369078019,0
                79.9321794261712,6.87597244553204,0
                79.9321577559261,6.87599611433481,0
                79.9320498596774,6.87609401366168,0
                79.9319204130943,6.87619426843189,0
                79.9318652193302,6.87627072922616,0
                79.9317452641678,6.87641884873964,0
                79.9317182916184,6.87644987037472,0
                79.9316268273483,6.87655506674936,0
                79.9315749538197,6.87661472740217,0
                79.9313351149455,6.87687029511821,0
                79.9312655536177,6.87694912303884,0
                79.9311647948991,6.87707095874123,0
                79.9311176789362,6.8771298781269,0
                79.9310616303281,6.87719996882066,0
                79.9309416408266,6.87736722686532,0
                79.9308672236299,6.87748432565349,0
                79.9307375403311,6.8777185552098,0
                79.9306606104959,6.87790263640824,0
                79.9306499221425,6.87794116107301,0
                79.930644116301,6.87796208817432,0
                79.9306148348525,6.87806763378871,0
                79.9305427098664,6.87824215401758,0
                79.9304741682314,6.87837855024376,0
                79.9304538233706,6.87841903718273,0
                79.9303601741746,6.87858155731057,0
                79.9303124772258,6.87867157732217,0
                79.9302905192481,6.87871301897416,0
                79.9301177795269,6.87892803239059,0
                79.9300218801272,6.8790092060669,0
                79.9298661728489,6.87906874158451,0
                79.9295907581371,6.87913524206687,0
                79.9293607476573,6.87919760634863,0
                79.9292868089727,6.8791990090298,0
                79.9291530890576,6.87920154555102,0
                79.9290238328261,6.87919413893281,0
                79.9290139905996,6.8791896094165,0
                79.9289669784742,6.87916877327414,0
                79.928863449836,6.8791228885353,0
                79.9285825082183,6.8789983735802,0
                79.9284599338491,6.87893535520494,0
                79.9283480279762,6.87888134732956,0
                79.9283479084616,6.87887272622914,0
                79.9283477367614,6.87886037148794,0
                79.9283475683017,6.8788482301498,0
                79.9283464661233,6.87876877387669,0
                79.9283440998846,6.87859808983159,0
                79.9283134374454,6.87792990305083,0
                79.9283127844956,6.87792106760763,0
                79.9282848413298,6.87754280665702,0
                79.9282817851371,6.8775014311019,0
                79.9282754209237,6.87741528056047,0
                79.9282750144846,6.87740978214728,0
                79.9282746495797,6.87740484171503,0
                79.9282743784095,6.87739806496623,0
                79.9282649467542,6.8771621294066,0
                79.9282648397333,6.87715921489712,0
                79.928259403127,6.87702295922855,0
                79.9282346823679,6.87695296451572,0
                79.9282099616149,6.87688296980229,0
                79.9281722593214,6.87677622243221,0
                79.9281695621855,6.87676858598696,0
                79.9280134908984,6.87678681709676,0
                79.9277026034773,6.87682313399591,0
                79.9274477662142,6.87684120516722,0
                79.9273511619646,6.87684805604368,0
                79.9273503774324,6.87684811161836,0
                79.9273246299324,6.87684993769559,0
                79.927300277761,6.87685166406901,0
                79.9272693543386,6.87685385711982,0
                79.9272647294886,6.8768541852877,0
                79.9272445042672,6.87685573994238,0
                79.9272278452213,6.87685702061262,0
                79.9270505620674,6.87687347765731,0
                79.9270421217343,6.87687130339038,0
                79.9269813447175,6.87687597708969,0
                79.9269103379057,6.87688143738762,0
                79.9268961944572,6.87688252448502,0
                79.9268522312234,6.87688590512461,0
                79.9268171695832,6.87691090350659,0
                79.9267960598908,6.87697027908028,0
                79.9268144620554,6.8769946652478,0
                79.9268144140032,6.8769947212245,0
                79.9267634954115,6.87705331056038,0
                79.9267427434553,6.87712317035505,0
                79.926729531535,6.87717486860024,0
                79.9267069850411,6.87723577337408,0
                79.9266982760889,6.87730022919002,0
                79.9267088040488,6.8773322574608,0
                79.9267856134853,6.87735820492265,0
                79.9267862473467,6.87735841944498,0
                79.9267865683473,6.87735852761761,0
                79.9268287228802,6.8774137601967,0
                79.9268268896341,6.87747750483988,0
                79.9267862289533,6.87754949943688,0
                79.9267632889488,6.87756708749567,0
                79.9267397509807,6.87758513383819,0
                79.9267387790427,6.87759645482409,0
                79.9267349467172,6.8776410968659,0
                79.9267235136268,6.87765508302194,0
                79.9266948678799,6.87769012515773,0
                79.9266971911721,6.87775740365588,0
                79.926699443766,6.87776265216257,0
                79.9267057366287,6.87778544981575,0
                79.9267253542415,6.87784579648055,0
                79.9267087953868,6.87794848709437,0
                79.9266789713283,6.87803153246306,0
                79.926676205714,6.87803443644613,0
                79.9266755293699,6.87804335995036,0
                79.9266535033781,6.8780582767326,0
                79.9266290252855,6.87808397928182,0
                79.9266147233741,6.87809580647467,0
                79.9265451202464,6.87815336523042,0
                79.9265329499346,6.8782298410875,0
                79.9265526344406,6.87830293745475,0
                79.9265784024043,6.87841483589392,0
                79.9265601914644,6.87847981736152,0
                79.9265459126438,6.87849289784788,0
                79.9265191131193,6.87851744789891,0
                79.926492313592,6.87854199794809,0
                79.9264900878639,6.87862391681404,0
                79.9265065472952,6.87864995699241,0
                79.9265476503203,6.87871498411351,0
                79.9265573061699,6.8787902210578,0
                79.92655880542,6.87880189998262,0
                79.9265546020556,6.87883028248217,0
                79.9265437859245,6.87890332739666,0
                79.9264887981982,6.87899301931709,0
                79.926465140171,6.87906784715717,0
                79.9264136671775,6.8791653216449,0
                79.9264114887734,6.87916973943734,0
                79.9263858082587,6.87922184230394,0
                79.9263696268367,6.87925467129961,0
                79.9263299271788,6.87934475203942,0
                79.9263051625724,6.87943178494112,0
                79.9262836255471,6.87948509597098,0
                79.9262742171751,6.87950218991091,0
                79.9262612206418,6.87952580236523,0
                79.9262482250135,6.8795494139164,0
                79.9262149047965,6.8796140972443,0
                79.9261700465372,6.87970543471181,0
                79.926141999924,6.87975502684078,0
                79.9261170337454,6.87980326810352,0
                79.9260460458828,6.87993461629669,0
                79.9259836817185,6.88005051755076,0
                79.9259206660999,6.88016488497281,0
                79.9259085237241,6.88018692196223,0
                79.9258528831188,6.88028692077902,0
                79.9257794788762,6.88040379701458,0
                79.9257069919229,6.88051362190907,0
                79.9256502610955,6.8805657852446,0
                79.9256148632836,6.88057765806953,0
                79.9256145662523,6.88060829720877,0
                79.9256141969997,6.8806464684146,0
                79.9256037316884,6.88073171823007,0
                79.9255412323914,6.88082175831981,0
                79.9254710157976,6.88087597735951,0
                79.9254046037733,6.8809779462365,0
                79.9253417354088,6.88107196422442,0
                79.9253301383174,6.8810814379558,0
                79.9252610262497,6.88117535439896,0
                79.9251792980625,6.88129257738409,0
                79.9251495744129,6.88133826290473,0
                79.9251122506379,6.88139563014356,0
                79.9250417569272,6.8815037404159,0
                79.9249409177668,6.88163223214352,0
                79.9248544179648,6.88172642137615,0
                79.9248410175536,6.88174101341182,0
                79.9247525692552,6.88180704430272,0
                79.9247371014233,6.88181859174575,0
                79.924703417024,6.88185337245886,0
                79.9246363038291,6.8819226693933,0
                79.9245490067679,6.8820163724718,0
                79.9245074611622,6.88207679112053,0
                79.9244526459512,6.88206828420166,0
                79.9244396812483,6.88206228328003,0
                79.9244395483562,6.88206222155605,0
                79.9243749906348,6.88203233858277,0
                79.9243115064751,6.88201486438192,0
                79.9242526779977,6.88200263302432,0
                79.9242237756745,6.88199662359713,0
                79.9241608056533,6.88209669950615,0
                79.9241547434143,6.88211508967773,0
                79.924152424591,6.8821221231271,0
                79.9241353340638,6.88217396533442,0
                79.9241300086658,6.88226772394694,0
                79.9241389220639,6.88228725751912,0
                79.9241452218265,6.8823010635961,0
                79.9241604340859,6.88233440233915,0
                79.9241700665172,6.88236930087409,0
                79.9241729883441,6.88244571578011,0
                79.9241729447243,6.8824701668425,0
                79.9241661888725,6.88248227051169,0
                79.9241576049598,6.88249764692952,0
                79.9241392216028,6.88251595275416,0
                79.9241055539104,6.88253117415865,0
                79.924053552837,6.88253719495581,0
                79.923995440036,6.88254014767143,0
                79.9239250992301,6.88254002230652,0
                79.9238578183735,6.88253990238552,0
                79.923818060764,6.88253983151734,0
                79.9237721914282,6.88253669347171,0
                79.9237446450493,6.88253389100166,0
                79.9237416145948,6.88253358268403,0
                79.9237397471399,6.8825335793549,0
                79.9236957407104,6.88253350090219,0
                79.9236529249649,6.8825334245683,0
                79.9236283934808,6.8825700579878,0
                79.9236283771132,6.88257922679577,0
                79.9236191208554,6.88262505628627,0
                79.9236220971517,6.88267090758696,0
                79.9236311742623,6.88272593950663,0
                79.9236411184044,6.88274991285827,0
                79.923646399486,6.88276264380972,0
                79.9236467389987,6.88276302690204,0
                79.9236487067101,6.88277377169405,0
                79.9236569839736,6.88277458669077,0
                79.9236708164055,6.8827901947593,0
                79.9236934332102,6.88280333458415,0
                79.9237288637679,6.88282391822383,0
                79.9237685604853,6.88285760987256,0
                79.9237898874488,6.88290349388785,0
                79.9237897783418,6.88296462198865,0
                79.9237897455884,6.88298297226415,0
                79.9237896692339,6.88302575008928,0
                79.9237912995192,6.88303646534437,0
                79.9238017599601,6.88310523851775,0
                79.9237894673825,6.88313883657772,0
                79.9237618995522,6.88316323856703,0
                79.9237221027954,6.88318456247238,0
                79.9236823242144,6.88319671666512,0
                79.9236272531078,6.88320884449043,0
                79.923581368245,6.88321487613232,0
                79.9235446687247,6.88321481068785,0
                79.9235018474626,6.88321779060208,0
                79.9234590262005,6.88322077051242,0
                79.9234253848234,6.88322071051285,0
                79.9233733945919,6.88322061778333,0
                79.9233489285477,6.88322057414386,0
                79.9233213825278,6.88323275012415,0
                79.9232938192248,6.8832540958122,0
                79.9232815429838,6.88327852504718,0
                79.9232722812114,6.88332741169708,0
                79.9232630840423,6.88333962040497,0
                79.9232477760437,6.88334876283682,0
                79.9232202245551,6.88336399507891,0
                79.9231973146848,6.88336853229539,0
                79.9231896312978,6.88337005396082,0
                79.9231831820537,6.88337004245487,0
                79.9231529317694,6.88336998848484,0
                79.9231452547726,6.88336843941481,0
                79.9231390818805,6.88336719413497,0
                79.9231245709003,6.88336625678637,0
                79.9231222083159,6.8833683982956,0
                79.9230954686122,6.88339263353235,0
                79.9230802030295,6.88347932141545,0
                79.9230076895177,6.88355324799999,0
                79.92291163974,6.88363337171376,0
                79.9228277419588,6.88369733147869,0
                79.9227117156276,6.88376674964053,0
                79.9226297328932,6.88382329814377,0
                79.922533905502,6.88388018359978,0
                79.9224365705901,6.88391943396872,0
                79.9223701408152,6.8839806217378,0
                79.9223183437702,6.88405612237326,0
                79.9222851240225,6.88409397896893,0
                79.9222668473144,6.88411480496764,0
                79.9221917501296,6.88416512653347,0
                79.9221751551754,6.88415926825957,0
                79.9221652924412,6.88420767636655,0
                79.9221187600051,6.88443607259866,0
                79.9218091195148,6.88595586897288,0
                79.9204534893284,6.88832735185624,0
                79.919953824497,6.88921546751433,0
                79.9193299728164,6.89014012625936,0
                79.9192973047109,6.89014098001749,0
                79.9181384331432,6.89017123378931,0
                79.9166437207772,6.89114397480123,0
                79.9156271035554,6.89193232865887,0
                79.9146184036609,6.89297307887357,0
                79.9143735674121,6.89350050557338,0
                79.9141842943083,6.89390823655083,0
                79.9140719859511,6.89415017354192,0
                79.9136179019294,6.89499069101815,0
                79.9132116297898,6.89540270225043,0
                79.9125810770708,6.89614970564696,0
                79.9114454354619,6.89702744574749,0
                79.9105727044762,6.89829144552783,0
                79.9102767014111,6.89986360079752,0
                79.9096630240136,6.9012851429111,0
                79.9090083100897,6.90254674741693,0
                79.9089863714723,6.9026245545692,0
                79.9087804067621,6.90307932017327,0
                79.9087353204378,6.90317887057328,0
                79.9087096189805,6.90323561879708,0
                79.908612593572,6.903195650229,0
                79.9086035598252,6.90320960489916,0
                79.9085373673701,6.90331185846265,0
                79.9084193244142,6.90328460201683,0
                79.9084108285264,6.90328294268108,0
                79.9084018707416,6.90328798006418,0
                79.9083023808088,6.90330302332728,0
                79.9082689170165,6.90330808301034,0
                79.9080879148058,6.90332927392081,0
                79.9079678681985,6.90336676130853,0
                79.9078522781976,6.90334249854351,0
                79.9077521298536,6.90334199423222,0
                79.9077398109337,6.90334193200756,0
                79.907633415152,6.90338541202519,0
                79.907527020258,6.90342889201824,0
                79.9074357238036,6.90347890988197,0
                79.9073132668382,6.90359813419212,0
                79.907132916151,6.9037580332536,0
                79.907091111196,6.90380354600797,0
                79.90691161208,6.90399896608498,0
                79.906864807861,6.90405197834012,0
                79.9067132274356,6.90422366462957,0
                79.9065710761396,6.9043749525821,0
                79.9064336150737,6.90453429659395,0
                79.9062468994464,6.90474856158727,0
                79.9062727697154,6.90476700243808,0
                79.9063295615985,6.90480748581923,0
                79.9064334551187,6.90486501107007,0
                79.9092211946863,6.9064085536614,0
                79.9090923460563,6.90658912081089,0
                79.9089827850651,6.90670679560885,0
                79.9088899839283,6.90677833772,0
                79.9087636393191,6.90683247761649,0
                79.9086484004659,6.90687320640719,0
                79.9084805918825,6.90695096491903,0
                79.9083067245266,6.90709572770082,0
                79.9081126952108,6.90709897759372,0
                79.9074361223566,6.90717860265708,0
                79.9064398015566,6.90796248064582,0
                79.9059382245353,6.90828500863549,0
                79.9052511406189,6.90822367498917,0
                79.9050679182057,6.90854418416724,0
                79.9050415501379,6.90859197096351,0
                79.9048751701715,6.90889350323279,0
                79.9047773736797,6.90907457239006,0
                79.9046187288465,6.90932416223784,0
                79.9045804809225,6.90945707034626,0
                79.9044683016103,6.90965711435139,0
                79.9043751224168,6.90978864062471,0
                79.9043694747879,6.90979144602647,0
                79.9042613574971,6.90990436955643,0
                79.9041670318476,6.91002894927376,0
                79.9040898531693,6.91009991123732,0
                79.9040952184685,6.91013413670896,0
                79.9040943990698,6.91021141700091,0
                79.9040985384118,6.91030383395615,0
                79.9041026136665,6.91041294538971,0
                79.9039811084958,6.91048039465112,0
                79.9037671830853,6.91056234916804,0
                79.9034979824935,6.91069322904925,0
                79.9031993989271,6.91081940269631,0
                79.9028197623218,6.91105022374257,0
                79.9024881542204,6.91128119856147,0
                79.9021866804692,6.91158587339621,0
                79.9020082346628,6.91186755261857,0
                79.901951267387,6.91206306033054,0
                79.9017492084758,6.91270755799481,0
                79.9016252786451,6.91303313200817,0
                79.9012152165535,6.91345513680572,0
                79.9012137742365,6.91345662068977,0
                79.9011979168993,6.9134729398121,0
                79.9012106445707,6.91350423378281,0
                79.9012171137918,6.91352014182873,0
                79.9012188324327,6.91352436768646,0
                79.9012211659786,6.91352732515188,0
                79.901256772033,6.91359318783713,0
                79.9012892248073,6.91365066533547,0
                79.9013121282039,6.91369377081905,0
                79.901348145573,6.9137377268561,0
                79.9013668238507,6.91377076062463,0
                79.9013771451584,6.91378901315205,0
                79.9013866046349,6.91380897578085,0
                79.9014716687652,6.91398848106622,0
                79.901488302857,6.91402358354418,0
                79.9014897071322,6.91402654743924,0
                79.9015470299767,6.91409938175024,0
                79.9016013895734,6.91416382127483,0
                79.9016100949817,6.91417414174005,0
                79.9016405139689,6.91419462120315,0
                79.9017554726374,6.91427201917187,0
                79.9018434394224,6.91434490974456,0
                79.9018612787478,6.91435740444768,0
                79.9019152323008,6.91439519226678,0
                79.9019448157144,6.9144159116053,0
                79.9020443337286,6.91445628687127,0
                79.9021406201782,6.91447770014998,0
                79.9021602723573,6.91448207105691,0
                79.9021616399069,6.91448237467262,0
                79.9021620360612,6.91448246310919,0
                79.9021647879449,6.91448329190489,0
                79.9021673699012,6.91448352993395,0
                79.9021674078974,6.9144835336206,0
                79.9021696478844,6.91448374027833,0
                79.9021707434509,6.91448384175391,0
                79.9021872819029,6.91448536679264,0
                79.9022261369952,6.9144889510195,0
                79.902238790752,6.91449011808754,0
                79.9022467053016,6.91449013261812,0
                79.9022850284792,6.91449020297505,0
                79.9023119417485,6.91449025238286,0
                79.9023800347455,6.91449037738229,0
                79.9024396545793,6.91449509923789,0
                79.9024659282644,6.91450147699249,0
                79.9024922019503,6.91450785474572,0
                79.9025024929303,6.91451260902609,0
                79.9026824174116,6.91459573128216,0
                79.9028446106062,6.91466863854074,0
                79.9032037797252,6.91474507090169,0
                79.9035025750865,6.9148336887922,0
                79.903509887137,6.91483561371626,0
                79.9038207221552,6.91491744110958,0
                79.9038712969678,6.91493075528418,0
                79.904192640598,6.91500928774592,0
                79.9043048235365,6.91504199630134,0
                79.9043160451413,6.91507957268422,0
                79.9043193411207,6.91509060747949,0
                79.9049449927145,6.91541698711768,0
                79.9052304155744,6.91551196603368,0
                79.9055784791515,6.91565651564749,0
                79.9056340029103,6.91567957443086,0
                79.9062697216318,6.91586710636182,0
                79.9087433101576,6.91659678389049,0
                79.9088072440509,6.91661176851404,0
                79.9088660352342,6.91662554837785,0
                79.9089050587185,6.91663469515466,0
                79.908923317073,6.91664234557862,0
                79.9089638861731,6.9166593447009,0
                79.9090441365185,6.91673561179217,0
                79.9090894969411,6.91680507433965,0
                79.9091369771721,6.916903433287,0
                79.9091493371633,6.91692730099224,0
                79.9092252043312,6.91685885956027,0
                79.9092270487151,6.91685719553887,0
                79.9092267978371,6.91685583784761,0
                79.9092058135128,6.91674286434958,0
                79.9092047240407,6.9166551023902,0
                79.9092046593147,6.91664991114535,0
                79.9092045528381,6.91664131814888,0
                79.909205482907,6.91663641625836,0
                79.9092095448867,6.91661500268726,0
                79.9092124337719,6.91659977274782,0
                79.9092223676266,6.91654740124359,0
                79.9092310230088,6.91652376080846,0
                79.9092405904863,6.91649763000435,0
                79.909241869059,6.91649413842751,0
                79.9092420036444,6.91649377155937,0
                79.9092445998939,6.91648668087474,0
                79.909256377142,6.91645451209766,0
                79.9092646504715,6.91644040958225,0
                79.9092729238005,6.91642630706663,0
                79.9092851799475,6.91640541388001,0
                79.9093243609402,6.91633862360666,0
                79.9093597480704,6.91629656316567,0
                79.9093889272134,6.91626188160455,0
                79.9094775764329,6.91617532835628,0
                79.9095620063787,6.91611059889384,0
                79.9095745296533,6.91610099717967,0
                79.909667853778,6.91603199427043,0
                79.9097544655293,6.91597256475699,0
                79.9097917424839,6.91593961230839,0
                79.9098190836863,6.91591544344838,0
                79.9098793510337,6.91586347007285,0
                79.9099602888872,6.91578893061376,0
                79.909972300976,6.91577532226111,0
                79.9100359093706,6.91570325683937,0
                79.9101133842307,6.91559154578523,0
                79.9101739295937,6.91548577176377,0
                79.9101857369018,6.91546287759348,0
                79.9102006715176,6.91543391817797,0
                79.9102274134368,6.91538206368562,0
                79.9102555774297,6.91533684332966,0
                79.9102959290197,6.91527205521092,0
                79.9103357762357,6.91520647588118,0
                79.9103493841471,6.91518408139723,0
                79.9104540664167,6.91503905402675,0
                79.9104874418155,6.9149940565259,0
                79.9105116649415,6.91496139764367,0
                79.9105964878879,6.91483966118814,0
                79.9106149597352,6.91481402848302,0
                79.9106514870501,6.91476334191795,0
                79.910671326838,6.91473581193014,0
                79.9107219628626,6.91465302948562,0
                79.9107259696368,6.91464647936418,0
                79.910731269651,6.914637814814,0
                79.9107365687586,6.9146291511663,0
                79.9107393921046,6.91462453573318,0
                79.9108345364947,6.9146344580127,0
                79.9108593677059,6.91463704762967,0
                79.9108676471893,6.91463791083945,0
                79.910944118423,6.91464588491743,0
                79.9109504683434,6.9146465004789,0
                79.9110121012066,6.91465247275701,0
                79.9110610921282,6.91465722034229,0
                79.9110874706976,6.91465976302781,0
                79.9112054785719,6.91467113646634,0
                79.9112960258351,6.91468585985124,0
                79.9113975845962,6.91471570280418,0
                79.9114789568849,6.91475029962726,0
                79.9115159919015,6.91476716641807,0
                79.9115772320431,6.91479505712401,0
                79.9116784680321,6.91484269721016,0
                79.911682555298,6.91484462067696,0
                79.9117857881748,6.91489878922572,0
                79.9118479815124,6.91493145410832,0
                79.9119707842082,6.91498613377765,0
                79.912010900232,6.91500399624979,0
                79.9120555647331,6.91502342856567,0
                79.9121477810034,6.91506781146109,0
                79.9121630566644,6.91507516337834,0
                79.9122118609264,6.91510697564814,0
                79.9122641880764,6.91514108379485,0
                79.9122876725878,6.9151632798284,0
                79.9123152161193,6.91519398380734,0
                79.9123303732067,6.91521779141844,0
                79.9123430044842,6.91523834015455,0
                79.9123535391105,6.91526593891144,0
                79.912364827437,6.91527861758499,0
                79.9123761074979,6.91528289964926,0
                79.9124055161329,6.91529406318144,0
                79.9124888961677,6.91532034647287,0
                79.9125361061691,6.91533173399494,0
                79.912557903144,6.91533701893066,0
                79.9125778872502,6.9153445602239,0
                79.9125900850987,6.91535416709673,0
                79.91259203564,6.91536129770432,0
                79.9125934998926,6.91536665153989,0
                79.9125925707422,6.91538003322632,0
                79.9125899166595,6.91539657474739,0
                79.9125624599226,6.91551877558115,0
                79.9125626908743,6.91554056681737,0
                79.9125657485823,6.91555088048281,0
                79.9125716093016,6.91556228701201,0
                79.9125784715906,6.91557025479834,0
                79.9125887697843,6.91557958695865,0
                79.9125988034281,6.91558512091139,0
                79.9126111921069,6.91558930280578,0
                79.9127147223486,6.91561292623953,0
                79.9128836163363,6.9156514648888,0
                79.9128869478969,6.91565398466589,0
                79.9128950007493,6.91566007563698,0
                79.912903759175,6.91567175687702,0
                79.9129079857058,6.91568568773635,0
                79.9129053280127,6.91570422125214,0
                79.9128019006366,6.91602193417903,0
                79.9128016877141,6.91602258935287,0
                79.9127868911749,6.91607124304666,0
                79.9126963686853,6.91636889569106,0
                79.9126912119839,6.9163768760294,0
                79.9126899625068,6.916378809699,0
                79.9126633396527,6.91642001465704,0
                79.9126884680276,6.91645433112539,0
                79.9127147887395,6.91649027644948,0
                79.9128861024817,6.91677342663314,0
                79.9128966640269,6.9167877324826,0
                79.9129043007825,6.91679226744091,0
                79.9129119384431,6.91679680240076,0
                79.912930210897,6.91679972905547,0
                79.912959521052,6.91680339820469,0
                79.9129701235704,6.91680461372192,0
                79.9132351684548,6.91683500516221,0
                79.9132621256309,6.91683939340306,0
                79.9132868969101,6.91685064975766,0
                79.9133084040447,6.91686660394954,0
                79.9133162478288,6.91688120777729,0
                79.9133195853606,6.91688742130586,0
                79.9133314760992,6.9169161970926,0
                79.9133373510559,6.91693722183987,0
                79.9133401972845,6.9169474085285,0
                79.91335121343,6.91698394546584,0
                79.9134085507997,6.91717413385112,0
                79.9134422624407,6.91728827058497,0
                79.9135600887186,6.91768718868283,0
                79.9136086100662,6.91787454081003,0
                79.9136231530496,6.91793265975506,0
                79.9136238097284,6.91793528228212,0
                79.9136246505599,6.91793864298734,0
                79.9136603293491,6.91808122645601,0
                79.9136662717768,6.91810497212491,0
                79.9137560396978,6.91812575561326,0
                79.9138213594076,6.91814668827591,0
                79.913835001839,6.91816357491653,0
                79.9138661912747,6.91822118330584,0
                79.9138776341125,6.9182479988267,0
                79.9138814686431,6.91824561320781,0
                79.9139234132097,6.91822884901618,0
                79.9139598963664,6.91822691861529,0
                79.9140636495895,6.91830853535635,0
                79.9140740142211,6.91831471097895,0
                79.9141103044669,6.91842109595385,0
                79.9143379866982,6.9185497423873,0
                79.914485064847,6.91860993334985,0
                79.9145446805791,6.91863433051508,0
                79.9146205899612,6.91867712462617,0
                79.9146193809435,6.91868818196568,0
                79.9146552852337,6.91874801600675,0
                79.9146633402456,6.91876143928967,0
                79.9146878582073,6.9187487983707,0
                79.914884943635,6.91864327092363,0
                79.9149583072328,6.91860397969242,0
                79.9149423892405,6.91855005929019,0
                79.9149412372057,6.91848676081344,0
                79.9149420257376,6.91845059429534,0
                79.9149491947129,6.91838975318308,0
                79.9149586368472,6.91832231537009,0
                79.9149614848925,6.91831604794278,0
                79.9149688907176,6.91829975100571,0
                79.9149731723194,6.91829033134531,0
                79.9149790222093,6.91827980594843,0
                79.9149911468353,6.91825799366486,0
                79.9150152663976,6.91823000646422,0
                79.9151089094854,6.91818460320182,0
                79.9151528132502,6.91817419278793,0
                79.9151926148624,6.91815606736373,0
                79.9152679138097,6.91812177539699,0
                79.9154210713617,6.91803976927138,0
                79.9154944274551,6.91800454692254,0
                79.9157429222214,6.91790987138401,0
                79.915846382755,6.91787045357574,0
                79.9160987621852,6.91775362057977,0
                79.9161112708888,6.91776253078468,0
                79.9161274132808,6.91777402911015,0
                79.9161446434129,6.91784494941605,0
                79.9161660418766,6.91793302310528,0
                79.9160030105759,6.91802065759892,0
                79.9157707089375,6.91816025896013,0
                79.9156623282749,6.91822539023085,0
                79.9156032612651,6.91826470744579,0
                79.9156329236502,6.91832326422457,0
                79.9156664861956,6.91841214207956,0
                79.9157119906132,6.91853264316688,0
                79.9157253428616,6.91856940944989,0
                79.9157310866557,6.91858098663885,0
                79.915729804115,6.91858169413301,0
                79.9157344031247,6.91859435702981,0
                79.9157390012298,6.91860701992497,0
                79.9156749595899,6.91864470054728,0
                79.915624325652,6.91867453868691,0
                79.9153891209513,6.91879410333914,0
                79.9151785423009,6.91890173782888,0
                79.9149519474464,6.91901755897204,0
                79.9149121134109,6.91903854978394,0
                79.9147516949177,6.9191230806931,0
                79.9146215173386,6.91919306675787,0
                79.9145274867626,6.91924493798869,0
                79.9145118776485,6.9192557088277,0
                79.9144962685338,6.91926647966609,0
                79.9145130284851,6.9193056627994,0
                79.9145352063914,6.91934898080301,0
                79.9146045451709,6.91948441314128,0
                79.914640250257,6.91955482531086,0
                79.9146682102668,6.91960406558097,0
                79.9147534722818,6.91975563815733,0
                79.9147818544826,6.91980609355683,0
                79.9147896127656,6.91981849543659,0
                79.9148521958238,6.91993660962979,0
                79.9148896093547,6.92001299364565,0
                79.914906149695,6.92004407455162,0
                79.9150042492383,6.92022840857761,0
                79.9150049760687,6.92022977436339,0
                79.9150153925209,6.92022586347796,0
                79.9150226706371,6.92022313053568,0
                79.9150265380283,6.92022109309366,0
                79.9150479467892,6.92021705743404,0
                79.9151095200575,6.92020545020165,0
                79.9151341348818,6.92020080999279,0
                79.9152587231903,6.92014744503977,0
                79.9154081554753,6.92012474827423,0
                79.9155939180078,6.92013465469515,0
                79.9157012065711,6.92011570915042,0
                79.9157432062797,6.92013201228708,0
                79.9157854193857,6.92014839809054,0
                79.9158638959459,6.9201753357399,0
                79.9158868174966,6.92020982803461,0
                79.9159077116614,6.92030556228978,0
                79.9159076644923,6.92030812476792,0
                79.9159055881084,6.9204203954705,0
                79.9158517665318,6.92052747819045,0
                79.9157530914975,6.92071653422804,0
                79.9157420945995,6.92074565557841,0
                79.9157326933637,6.92077055167623,0
                79.9157202144483,6.92080359828194,0
                79.9156825094378,6.92082106562729,0
                79.915710376186,6.92082249136708,0
                79.9157510807989,6.92082997962579,0
                79.9157997388809,6.92084254590928,0
                79.9158934073376,6.92088331398954,0
                79.915987797884,6.92092507981125,0
                79.9160617451579,6.92096337169809,0
                79.9161955419945,6.92103007393504,0
                79.916339999849,6.92110574720663,0
                79.9164560699689,6.92116789622125,0
                79.916495671957,6.92118469500509,0
                79.9165228068702,6.92119053197814,0
                79.916546694814,6.92119057515861,0
                79.9165722230154,6.92118374921917,0
                79.9165915101559,6.92117609729399,0
                79.916633649074,6.9211395542946,0
                79.9166371871598,6.92113648543189,0
                79.9166759779122,6.92110156216675,0
                79.9166780651393,6.92109970595527,0
                79.9167766133654,6.92118310137085,0
                79.9169122008826,6.92130042317769,0
                79.9169566254355,6.92148043178831,0
                79.9170577664821,6.92164468734152,0
                79.9170747468229,6.92165573505481,0
                79.917146057393,6.92170213199659,0
                79.9171993944172,6.92177382461517,0
                79.9171958630199,6.92180370818671,0
                79.9172306001668,6.92177973491446,0
                79.9173303001007,6.92173777916757,0
                79.9174020985792,6.92171304274037,0
                79.9174576758411,6.92170229244561,0
                79.9174978626052,6.92169648757268,0
                79.9175419267207,6.92169765130039,0
                79.9176238026727,6.92170485296547,0
                79.9177366007179,6.92172522075075,0
                79.9178604266426,6.92175184664182,0
                79.9179628940895,6.92178069541434,0
                79.9180400323447,6.92180588247426,0
                79.9180946609751,6.92181936353828,0
                79.9182120626978,6.92184588732831,0
                79.9182648920974,6.92185357901175,0
                79.9182791792657,6.92185331543684,0
                79.9183273288989,6.92185242574282,0
                79.9184224174421,6.9218486611975,0
                79.9184867750496,6.92184611254099,0
                79.9185725474636,6.92185024491242,0
                79.9186522570704,6.92185454808388,0
                79.9187696657036,6.92187727582952,0
                79.9188962069557,6.92190354466975,0
                79.9191699995168,6.92196172756533,0
                79.9191905198337,6.92196618619433,0
                79.919422626387,6.92201661788062,0
                79.9194925377433,6.92203528039361,0
                79.9195475262798,6.92204993743602,0
                79.9196420489373,6.92207750293004,0
                79.9196529765116,6.92208069010431,0
                79.9197244218929,6.9221017063264,0
                79.9197879996624,6.92212017654656,0
                79.9198471451457,6.92213782497669,0
                79.9199021333852,6.92215266192049,0
                79.9199831607342,6.92217894075473,0
                79.9200442049522,6.92219740547682,0
                79.9200615561239,6.92220307635176,0
                79.9200842662906,6.92221049931094,0
                79.9201173570343,6.92222538813281,0
                79.9201443789329,6.92224379249386,0
                79.9202011997329,6.92229615883505,0
                79.9202033651788,6.92229959787384,0
                79.9202275461906,6.92233789091208,0
                79.9202527336274,6.92237003524094,0
                79.9202934526937,6.9224198416704,0
                79.9203316587267,6.92245824946827,0
                79.9203731311903,6.92249168901584,0
                79.920412172296,6.92251861559196,0
                79.9204707438975,6.92255299103392,0
                79.9204831737857,6.92255805353928,0
                79.9205463350166,6.92258377930363,0
                79.9206046544972,6.9226079374686,0
                79.9206561999929,6.92262521044402,0
                79.9206939074772,6.92263902247129,0
                79.9207329735425,6.9226521135622,0
                79.9207978190436,6.9226701338302,0
                79.9208750515514,6.92269342086308,0
                79.9208929196322,6.92269897690034,0
                79.9209724496911,6.92272370576519,0
                79.9210077651984,6.92273275454419,0
                79.9210733847383,6.92274956812809,0
                79.9211257556633,6.92276825674496,0
                79.9211357786164,6.92277183378969,0
                79.9212147180956,6.92280244804351,0
                79.9212575791945,6.92281852894894,0
                79.9212790185503,6.92283524769201,0
                79.9212864035493,6.92284100640072,0
                79.9213272624226,6.92286350458477,0
                79.921384210877,6.92289534428103,0
                79.921438522994,6.92292545487941,0
                79.9214454083928,6.92292927222624,0
                79.9215171860024,6.92297044392196,0
                79.9215192577884,6.92297163217781,0
                79.9215593871976,6.9229977468278,0
                79.921600148453,6.92302422339543,0
                79.9216296126541,6.92304263207378,0
                79.9216559079453,6.92306311476701,0
                79.9217475351099,6.92313209078566,0
                79.9218618983386,6.92318862846855,0
                79.9219477228585,6.92321428266559,0
                79.9220814135508,6.92324029320409,0
                79.92220160451,6.92325838107259,0
                79.9222741858715,6.92326930333893,0
                79.9225251884075,6.92332192775125,0
                79.9227650587327,6.92337597971532,0
                79.9228946858049,6.92340603637247,0
                79.9229568903809,6.92342046005434,0
                79.9229882839128,6.92342773932758,0
                79.9231094104389,6.92344642092131,0
                79.9231745419597,6.9234564661553,0
                79.9231910629321,6.92345841003762,0
                79.9233665116545,6.92347905353798,0
                79.9236247039072,6.9235088134513,0
                79.9237190115042,6.92350984881022,0
                79.9237248395632,6.9235099126097,0
                79.9238019615838,6.92351075889745,0
                79.9239148098383,6.92350363791069,0
                79.9240007089087,6.92348787756666,0
                79.9240035040256,6.92348685899634,0
                79.9241013947219,6.92345116573149,0
                79.9241727691133,6.92342023991313,0
                79.9241972029192,6.92340965274913,0
                79.9242770018677,6.92336440374352,0
                79.924334722407,6.92331911516374,0
                79.9243552062878,6.92329554078875,0
                79.9244551357918,6.92318053263207,0
                79.9245844414673,6.92302813137207,0
                79.9246923614273,6.92289305285444,0
                79.9247463129812,6.92283221748013,0
                79.9247608154514,6.92281586434909,0
                79.9248220225639,6.92274417771295,0
                79.9248934535674,6.92267251118023,0
                79.9249808249354,6.92260057749007,0
                79.9250316477714,6.92255873511121,0
                79.9251392026856,6.92247573998232,0
                79.9252805472914,6.92237065091439,0
                79.925325272297,6.92233737776201,0
                79.9253303815776,6.92233357650693,0
                79.9255565193329,6.92217375269838,0
                79.9256700878393,6.92210484061572,0
                79.9257270885765,6.92207025293321,0
                79.9257901622191,6.92203238563386,0
                79.9258056237803,6.92202310249433,0
                79.9259058041784,6.92197431250626,0
                79.9259153206731,6.92196967729226,0
                79.925918648005,6.92196805654354,0
                79.9259737043361,6.92194500595678,0
                79.9260228772581,6.92192248918693,0
                79.9260788315632,6.92190378137002,0
                79.9261362319103,6.92188552824281,0
                79.9262080148358,6.92186983264302,0
                79.9262693861575,6.92185737362835,0
                79.9263077498465,6.92185549721017,0
                79.9263536516184,6.9218532526782,0
                79.9263668600072,6.92185260625364,0
                79.9263746288478,6.92185222680013,0
                79.9264445676976,6.92185623904121,0
                79.9264814193883,6.92186295364972,0
                79.9265057158168,6.92186737983667,0
                79.9266532190448,6.9219111365429,0
                79.9267563500239,6.92193724125928,0
                79.9268251691389,6.92195466018137,0
                79.9268323893123,6.92195648785514,0
                79.9268278644012,6.92205802411001,0
                79.9268228953403,6.92214278983561,0
                79.9268156377226,6.922266605804,0
                79.9268143804907,6.92227896429792,0
                79.9267889273165,6.92252914559119,0
                79.9267886467203,6.9225317257447,0
                79.9267689237997,6.92271320258885,0
                79.9267764548209,6.92271375496031,0
                79.9267855573706,6.92271442135867,0
                79.9268881795578,6.92274633841334,0
                79.9268950842823,6.92274848561935,0
                79.9271368536039,6.92276805621855,0
                79.9272564663933,6.92277663839267,0
                79.9273762329977,6.92278523075829,0
                79.9274738361438,6.92275431144381,0
                79.927480315859,6.92275225866692,0
                79.9275405307034,6.92274901057204,0
                79.9275622864158,6.92274783683858,0
                79.927606878342,6.92274543071405,0
                79.9278642275854,6.92310933918289,0
                79.9279039111099,6.9231654537944,0
                79.9279060096332,6.9231653625951,0
                79.9279520092908,6.92319754462017,0
                79.9279537304945,6.92319947640091,0
                79.9279534533397,6.92319962691184,0
                79.9279666447089,6.92321004902337,0
                79.9279719656696,6.92322045618889,0
                79.9279770965129,6.92323547636632,0
                79.9279876475927,6.92325547763768,0
                79.9280474457629,6.92335027104561,0
                79.9280951295269,6.92333881188074,0
                79.9281736966151,6.92331993076924,0
                79.9282522636986,6.92330104964397,0
                79.9284285259492,6.92318404089501,0
                79.9286460660371,6.92312368296399,0
                79.9289150314061,6.92293168194651,0
                79.9289643600021,6.92289646893308,0
                79.9290054547797,6.92286814680341,0
                79.9292136537532,6.92272465744751,0
                79.9292363651978,6.92264677365716,0
                79.929241222673,6.92263701578235,0
                79.929251642111,6.92259235661615,0
                79.9292676391873,6.92252378974539,0
                79.9292868741177,6.92247788940765,0
                79.9293065308972,6.9224420285191,0
                79.9293099324546,6.92243582346025,0
                79.9293043470879,6.92234585765317,0
                79.9292905903426,6.9222424992923,0
                79.929306949647,6.92222855183271,0
                79.9293109869202,6.92222510488605,0
                79.9293775452862,6.92216827537028,0
                79.9294161149346,6.92213820263952,0
                79.9294172330786,6.92213733114991,0
                79.9294571759519,6.92210643349524,0
                79.9294659814703,6.92209962137635,0
                79.9295021694521,6.92207771315988,0
                79.9295383574308,6.92205580494024,0
                79.9295385385638,6.92205571393606,0
                79.929539535043,6.92205507461517,0
                79.9295872754906,6.92202442502533,0
                79.9296342004558,6.92199439698879,0
                79.929666001506,6.9219715776276,0
                79.929715118089,6.92193034200378,0
                79.9297800336074,6.92185802826793,0
                79.9298436829933,6.92178634703284,0
                79.9298898311018,6.9217352491515,0
                79.9299123962038,6.92171602932689,0
                79.9299292623573,6.92169589513463,0
                79.9299667784546,6.92166950609434,0
                79.9299678574866,6.92166874756162,0
                79.9300112531557,6.92163889404489,0
                79.9300159885881,6.92163565901758,0
                79.930060355979,6.92160534516593,0
                79.9301054603809,6.92158137213938,0
                79.9301512796343,6.92156246584603,0
                79.9301905768766,6.92154752562929,0
                79.9302256084344,6.92153981161766,0
                79.9302872421053,6.92153241619135,0
                79.9303346624188,6.92152955005533,0
                79.9303599096336,6.92152802432369,0
                79.9303923904373,6.92152943843153,0
                79.9303956392305,6.92151348102746,0
                79.9303994202085,6.92149490955212,0
                79.9304102955019,6.92143452668613,0
                79.9304223635838,6.92136438031422,0
                79.9304315047797,6.92131285486037,0
                79.9304436569951,6.92124677855179,0
                79.9304518427585,6.9212028197583,0
                79.9304556250172,6.9211825094599,0
                79.9304663180336,6.92112284964576,0
                79.9304727086584,6.92108950868221,0
                79.9304737160724,6.92108425150284,0
                79.9304845241403,6.92107075256335,0
                79.930479700543,6.9210579537272,0
                79.9304796474226,6.92105780443566,0
                79.9304448995739,6.92095856094854,0
                79.9304150789252,6.92087339324617,0
                79.9304126643952,6.92086649604739,0
                79.9304108820573,6.9208582427316,0
                79.9304073694231,6.92084198304591,0
                79.9304080227848,6.92083077182159,0
                79.9304126515253,6.92082291239409,0
                79.9304396585314,6.92079908979357,0
                79.9305095075295,6.92076511478231,0
                79.9304891499239,6.92072206280485,0
                79.9304652243031,6.92068572287183,0
                79.9304212787047,6.92061897533321,0
                79.9305589500404,6.92056764496239,0
                79.9306483435109,6.92051349253854,0
                79.9307389299537,6.92045149173636,0
                79.9307583548671,6.92043597540741,0
                79.930887799757,6.9203431589403,0
                79.9308945671989,6.92033854857034,0
                79.9309937215337,6.92027099833855,0
                79.9310786589881,6.92024302425457,0
                79.9310842957203,6.92022804222159,0
                79.931100511806,6.92021721943133,0
                79.9311220471869,6.92021725769412,0
                79.9312836049373,6.92024458193854,0
                79.9313037297121,6.92024815049424,0
                79.9313442147979,6.92025309889301,0
                79.9313462954676,6.92025337295206,0
                79.931398672338,6.92026124322265,0
                79.9314226485609,6.92026255172227,0
                79.9314413791373,6.92026195203177,0
                79.9314685372862,6.92025485598406,0
                79.9314710656397,6.92025423475074,0
                79.9314944273574,6.92024848287107,0
                79.9315585341177,6.92022463475478,0
                79.9315872414371,6.92021139362514,0
                79.931697179216,6.92016140434502,0
                79.9317247997464,6.92014870381157,0
                79.931785112774,6.92012059906847,0
                79.9317983195308,6.92011525051329,0
                79.9318233503344,6.92010511699201,0
                79.9318183667659,6.92009524937942,0
                79.93179407641,6.92006654232425,0
                79.9317373918255,6.91998777411313,0
                79.9317320025957,6.91997756127002,0
                79.9317002380781,6.91991736034764,0
                79.9316612758941,6.91984522353349,0
                79.9316260532248,6.91975897297927,0
                79.9316125357116,6.91972587061882,0
                79.931596845553,6.91969537037691,0
                79.9315899353695,6.9196825606107,0
                79.9315704286676,6.91964640037683,0
                79.9315661826295,6.91963852969678,0
                79.9315597968617,6.91961627532707,0
                79.9315649930161,6.91959512568848,0
                79.9315784258072,6.91957154926727,0
                79.9315881745465,6.91955278220661,0
                79.9315937702893,6.91954200925895,0
                79.9315995064568,6.91952248727926,0
                79.9316004217547,6.91950032544503,0
                79.9316010193232,6.91948586885225,0
                79.9316016957646,6.91942959560928,0
                79.9316021874798,6.91938866673679,0
                79.9315974041265,6.91927942695705,0
                79.9315970697147,6.91927564941538,0
                79.9315878240625,6.91917126463487,0
                79.9315836149335,6.9191182071836,0
                79.931580643062,6.9190807416727,0
                79.9315803439199,6.91907697504434,0
                79.931578354419,6.91905189011822,0
                79.931563818259,6.91898305278505,0
                79.9315385242024,6.91892804455726,0
                79.9315372280424,6.91892522559495,0
                79.9315220999481,6.91888396607352,0
                79.9315137416373,6.91885203208967,0
                79.9315086738178,6.91884172125581,0
                79.9315037340268,6.9188316692576,0
                79.931480446413,6.91879934707524,0
                79.9314780754671,6.91879744851395,0
                79.9315163006725,6.91862040221277,0
                79.9315205499307,6.91858828716301,0
                79.9315356869097,6.91847389701869,0
                79.9315760919107,6.9181685387093,0
                79.9315813958956,6.91812845569013,0
                79.9315806458863,6.91808156576801,0
                79.9315795710584,6.91801430307845,0
                79.9316265576259,6.91802924109648,0
                79.9316860945703,6.91804816822265,0
                79.9318047608619,6.91807913786506,0
                79.9318245978445,6.9180506113114,0
                79.931898784682,6.918058615149,0
                79.9321564900314,6.91807059764342,0
                79.9322122114033,6.91806499896721,0
                79.9322679336811,6.9180593993817,0
                79.9327639826207,6.91802522037528,0
                79.9330507385073,6.91799671655458,0
                79.9331283384121,6.91798078145697,0
                79.9331707323663,6.91797207654583,0
                79.9333332213858,6.91796022429335,0
                79.9333957419461,6.9179667677049,0
                79.9335314905317,6.91777044489261,0
                79.9338125317063,6.91736399581947,0
                79.9338619244827,6.91729256263072,0
                79.9338828995025,6.91725184540813,0
                79.9339951641062,6.91706630261203,0
                79.9341278220198,6.91684705558816,0
                79.9341600953103,6.91674737388967,0
                79.9341833813465,6.91667545048184,0
                79.9342626274049,6.91653922169881,0
                79.9343256394946,6.91640305460087,0
                79.9343681226056,6.91615952138629,0
                79.9344328555542,6.91610768449882,0
                79.9344595356137,6.91608631871708,0
                79.9345022863513,6.91606253813795,0
                79.9345342325634,6.91604476692019,0
                79.9345434786418,6.9160394392973,0
                79.934579766417,6.91601853085665,0
                79.9346002166566,6.91590925244769,0
                79.9346020911334,6.91589923513177,0
                79.9346039354604,6.91588938142737,0
                79.9346866052415,6.91584766014158,0
                79.9347484726918,6.91580132306187,0
                79.9347791451227,6.91569497974361,0
                79.9348098175355,6.91558863732549,0
                79.9350552398334,6.91567506662679,0
                79.9354184342554,6.91576284049209,0
                79.9356864123544,6.91584180516546,0
                79.9357742580781,6.91587768355627,0
                79.935926286304,6.91593550417696,0
                79.9359950861826,6.91604294191282,0
                79.9360589698078,6.9161438750025,0
                79.936126426523,6.91627203250529,0
                79.9361450812779,6.9163091287608,0
                79.9362147438156,6.91644765619832,0
                79.9362366112553,6.91649114015059,0
                79.9362775812941,6.9165533328014,0
                79.9363064344115,6.91655980463558,0
                79.9363790029143,6.91658442005685,0
                79.9363790499373,6.91658443641589,0
                79.9364116030068,6.91659652007189,0
                79.9364606070043,6.91661785676713,0
                79.9364736787916,6.91662275451701,0
                79.9364923704725,6.91662975727528,0
                79.9365001732173,6.91663267993925,0
                79.9365093467991,6.91663611681398,0
                79.9365205789002,6.91664058000064,0
                79.9365548285785,6.91665419116678,0
                79.9365649256299,6.91665784216308,0
                79.9366028451987,6.91667154660688,0
                79.9366385706598,6.91668056238074,0
                79.9366928498685,6.91668707814591,0
                79.9367220775596,6.91668640632546,0
                79.9367955579602,6.916682466926,0
                79.9368926520365,6.91668010634801,0
                79.9370128981631,6.91668402483584,0
                79.9370268175483,6.91668547805952,0
                79.9370569569171,6.91668862456555,0
                79.9371343824428,6.91670467456871,0
                79.9372338624022,6.91673523287314,0
                79.9373333358868,6.91676895503503,0
                79.9373970894801,6.91679049758226,0
                79.937470062636,6.91681712003952,0
                79.9375350050938,6.91683206381201,0
                79.9375851247805,6.9168370340589,0
                79.937652619526,6.91684086123248,0
                79.9377051880871,6.91684203893521,0
                79.9377396689364,6.91683902532059,0
                79.9377868281713,6.91682952270615,0
                79.9378188699826,6.91682370259038,0
                79.937862953545,6.91681374334025,0
                79.9379058710185,6.91679799498178,0
                79.9379555896453,6.91677384929247,0
                79.9379937248424,6.91675049699817,0
                79.9380570311486,6.91671733206035,0
                79.9381447889855,6.91667345168669,0
                79.938191520492,6.91664993366771,0
                79.9382294603525,6.91663471814323,0
                79.9382539968961,6.91662608167737,0
                79.9382813383453,6.91661699713144,0
                79.9382878016488,6.91661546228429,0
                79.9382763678297,6.91665867774816,0
                79.9382788512405,6.91669995373691,0
                79.9383523899895,6.91678302340716,0
                79.9383962298019,6.91685640082157,0
                79.9384331313576,6.91697181346189,0
                79.9384233855557,6.91699730725031,0
                79.9384395385734,6.91704828886037,0
                79.9384431527579,6.91713849183157,0
                79.938466833889,6.91721936505622,0
                79.9384969616189,6.91724094954138,0
                79.938572008796,6.91722550002037,0
                79.9385740931086,6.91722575777712,0
                79.9385797695994,6.91723426478755,0
                79.9386136408151,6.91737076498209,0
                79.9385929561492,6.91739173285249,0
                79.9385884838554,6.9174736560541,0
                79.9385007829852,6.91751800046408,0
                79.9384719545673,6.91757393309354,0
                79.9384847691053,6.91763855089327,0
                79.9385105491222,6.91768166097904,0
                79.9385318649791,6.91779796577688,0
                79.9385209787136,6.9178564989028,0
                79.9385830248487,6.91809938756556,0
                79.9385961060968,6.91815285038978,0
                79.9386266254604,6.91838141394661,0
                79.9386813473586,6.91857529780708,0
                79.9387466992205,6.91862148591056,0
                79.9387657041589,6.91883070587291,0
                79.9387597241236,6.9188419321708,0
                79.9388228691327,6.91917813894763,0
                79.9388109575755,6.91929318172557,0
                79.9388775190912,6.91933437067458,0
                79.9388779789922,6.91934090994709,0
                79.9388950969671,6.91938351559041,0
                79.9389781815021,6.91947991494826,0
                79.939035148294,6.91955894063454,0
                79.9390786379871,6.9195954963888,0
                79.9391269142807,6.91961257990286,0
                79.9391622628686,6.91961277231464,0
                79.9392020161319,6.91975940023707,0
                79.9393190342387,6.91998128997544,0
                79.939174195178,6.92012778930451,0
                79.9391120462695,6.92024948650072,0
                79.9390616258897,6.92033121852018,0
                79.9390142336335,6.92032539326538,0
                79.9389266072411,6.92032667493299,0
                79.9388666726577,6.92043745654297,0
                79.9388507735137,6.92045181208511,0
                79.9388910541592,6.92050199433404,0
                79.9389188706255,6.9205320645313,0
                79.9389420997777,6.92054657214546,0
                79.9390160486425,6.92058522237185,0
                79.9390272960155,6.92059032934868,0
                79.9390307280914,6.92059188794694,0
                79.9390814172177,6.92061490564214,0
                79.9391982424804,6.92066131813844,0
                79.9393060364719,6.92069794726008,0
                79.9393873085988,6.92072106395097,0
                79.939535392419,6.92076318475072,0
                79.9396757888168,6.92078413760043,0
                79.939718627474,6.9207861000679,0
                79.939782646148,6.92078903203827,0
                79.939844168534,6.92079184929464,0
                79.9399457751895,6.92079663951893,0
                79.9399549971877,6.92080090560023,0
                79.9399629490528,6.92080706742027,0
                79.9399679141118,6.92081367700626,0
                79.9399949897555,6.92085342017095,0
                79.9400042769274,6.92087206357312,0
                79.9400203978249,6.92091522444233,0
                79.9400368483498,6.92097674079189,0
                79.9400673703703,6.92111477856941,0
                79.9400796677215,6.92122249451354,0
                79.9400793180923,6.92134912725372,0
                79.9400791688321,6.92140306774024,0
                79.9400811435014,6.92161773466682,0
                79.9400886812516,6.92172908356325,0
                79.9400900508705,6.92174931533437,0
                79.9401088369031,6.92187196062082,0
                79.9401422529073,6.92201090952138,0
                79.9401635638933,6.92207217580697,0
                79.940179402863,6.92211771067918,0
                79.940208785046,6.92220218005177,0
                79.9402541593355,6.92233310144974,0
                79.9402599203655,6.92234965892944,0
                79.9402602223254,6.92235083585946,0
                79.9402663729418,6.92237482043925,0
                79.9402673488862,6.9223786434177,0
                79.9402812197039,6.9224329756683,0
                79.9403182103622,6.92259688570132,0
                79.9403437532011,6.9226690634945,0
                79.9403450425414,6.9226727079869,0
                79.9403548685519,6.92281499631574,0
                79.9403581015489,6.92286180478174,0
                79.9403827647252,6.92303790110889,0
                79.9404298317341,6.92338954725411,0
                79.9404600914226,6.92357442351466,0
                79.9404800966113,6.92372419955444,0
                79.9404979950097,6.92388852903856,0
                79.9405028074518,6.92398185371003,0
                79.9404911692263,6.9241164726286,0
                79.9404718363554,6.92425297689408,0
                79.94042778754,6.92460256396317,0
                79.940416682409,6.9246913386061,0
                79.9403866330169,6.92490142898179,0
                79.9403419693987,6.92520695377584,0
                79.9403415288506,6.92520996859739,0
                79.9403298475146,6.92528987446726,0
                79.9403052699349,6.92546233781654,0
                79.9403239228724,6.9254684497379,0
                79.9403269643435,6.9254693484629,0
                79.9403289422485,6.9254699333592,0
                79.9403051517461,6.92546316768884,0
                79.9402937498145,6.92554317622456,0
                79.9402724356922,6.92577697177283,0
                79.9402620204827,6.92598772870458,0
                79.9402647233733,6.92625122422136,0
                79.9402779506483,6.92639610551226,0
                79.940309915565,6.92648567927872,0
                79.940356794014,6.92663613554253,0
                79.9404262193618,6.92682903878961,0
                79.9404784100965,6.92694315357193,0
                79.9405237166691,6.92706187232166,0
                79.9405273276116,6.92707133507536,0
                79.9405340739251,6.92708901281763,0
                79.9405589544075,6.92714177299232,0
                79.9406032895167,6.92719556202742,0
                79.9406378801843,6.9272328769972,0
                79.9406942970502,6.92729028428499,0
                79.9406993010434,6.92729537664668,0
                79.9407575937423,6.92733580765632,0
                79.940802557161,6.92735756645187,0
                79.9408282940706,6.92737002130889,0
                79.9409032429724,6.92740668383323,0
                79.9411073495851,6.92752730476909,0
                79.9411992880797,6.92757644469891,0
                79.9412487377988,6.92760287534341,0
                79.9413982343655,6.9276986234829,0
                79.9414515612402,6.92773289785581,0
                79.9415277554327,6.92778185996775,0
                79.9416247327451,6.9278472250838,0
                79.9417292115834,6.92793051519053,0
                79.9417649673965,6.92796552455297,0
                79.941783567393,6.92798431359965,0
                79.9418340455192,6.9280434482715,0
                79.9418969944231,6.92811191837667,0
                79.9419641582128,6.92820200690228,0
                79.9419970271154,6.92824085595547,0
                79.9420173135247,6.92821812042538,0
                79.9420692875198,6.9281598736618,0
                79.942126706357,6.92807985994915,0
                79.9421481273096,6.92804228170767,0
                79.9421891566139,6.9279687487432,0
                79.9422824778338,6.92784910336019,0
                79.9423293647707,6.92778869285701,0
                79.9423667484271,6.92774392688396,0
                79.9423705333121,6.92773939340177,0
                79.9423747947565,6.92773451895802,0
                79.9424014518128,6.9277038211114,0
                79.9425050766235,6.92759088503299,0
                79.9425648993672,6.9275331185512,0
                79.9426139386384,6.92748419637707,0
                79.9426447054094,6.92743144257909,0
                79.9426771976694,6.92737616177729,0
                79.9426955265974,6.92734734908125,0
                79.9427026915437,6.92733795768652,0
                79.9427124840903,6.92732658160086,0
                79.9427183788907,6.927319086855,0
                79.9427292564793,6.92730816478576,0
                79.9427441167402,6.92729652632024,0
                79.9427539859534,6.9272930171449,0
                79.9427673831835,6.92729005669382,0
                79.9427871093816,6.927289999966,0
                79.942810359195,6.92729248306218,0
                79.9428357724889,6.92730066567915,0
                79.9428847869064,6.92731738942212,0
                79.9429423895985,6.92733864935756,0
                79.9430515203425,6.92738803068539,0
                79.9431737475658,6.92745063576598,0
                79.9432839611387,6.9275022795128,0
                79.9434187051906,6.92754854086735,0
                79.9435495670798,6.92758982303704,0
                79.9436761802569,6.92762874583333,0
                79.943909612345,6.92769389656991,0
                79.9440521604165,6.92772760266584,0
                79.9440891521179,6.92773752443561,0
                79.944155357335,6.9277552728143,0
                79.9443353476975,6.92779998464593,0
                79.9446261468906,6.92786614061909,0
                79.9447340536253,6.92789128705495,0
                79.9448168106527,6.92791322375945,0
                79.9448798506468,6.92792997094982,0
                79.9449904986291,6.92793993019728,0
                79.9450669355598,6.92795389859965,0
                79.9450854707869,6.92795757325254,0
                79.9451827618866,6.92798052273716,0
                79.9452494876782,6.92799764977381,0
                79.9453411715164,6.92802255702069,0
                79.945416238986,6.9280434855288,0
                79.945536961204,6.92808791334932,0
                79.9457966525237,6.928194795838,0
                79.9458811999416,6.92822785750123,0
                79.9459887163174,6.92826882516712,0
                79.9461052842966,6.92830917747489,0
                79.9461651777796,6.92831425537182,0
                79.9462128805565,6.92830502516253,0
                79.946267844888,6.92828287626891,0
                79.9463290689701,6.92825097444859,0
                79.9464292142464,6.92821335263381,0
                79.9464881571251,6.92819283917543,0
                79.9465573482384,6.92815905054849,0
                79.9465831798323,6.92814646720664,0
                79.9466709155903,6.92810372924563,0
                79.9467376993399,6.92807016244309,0
                79.9468021464657,6.92803776976025,0
                79.9468943439035,6.92799100125893,0
                79.9469061702084,6.92798498075317,0
                79.94694886554,6.92796324529109,0
                79.946983376505,6.92794296129458,0
                79.9470235056993,6.92791807463226,0
                79.9470631924118,6.92788749055635,0
                79.9471181947433,6.92784355062495,0
                79.9471506407769,6.92781394855646,0
                79.947174214379,6.92778704368896,0
                79.9472127482858,6.92774298458619,0
                79.9472425779365,6.9277089472266,0
                79.9472636111106,6.9276859261025,0
                79.9473140786051,6.92754644832647,0
                79.9473246085881,6.92751483498331,0
                79.9473625422427,6.92740567128632,0
                79.9474651740009,6.92745448331475,0
                79.9475324418443,6.92747731665813,0
                79.9477052688566,6.92751521856547,0
                79.9478333378003,6.92760217815305,0
                79.9479579564207,6.92767572198994,0
                79.9480101778298,6.9276977116207,0
                79.9481639940922,6.92750827800771,0
                79.9482447877443,6.92739278244766,0
                79.9483153035651,6.92729197895047,0
                79.9483404981066,6.92723579611133,0
                79.9484211260504,6.92705599601077,0
                79.9484264011376,6.9270442330492,0
                79.9484392165191,6.9270117031473,0
                79.9484621205364,6.92695360115157,0
                79.9484718621914,6.92691737483311,0
                79.9485482570524,6.92663329439962,0
                79.948570593779,6.92655023288941,0
                79.9485722213068,6.92649905638744,0
                79.9485830587326,6.92645919878194,0
                79.9485891570078,6.9264377086555,0
                79.9486077322432,6.92637225496287,0
                79.9486469872914,6.92627774101319,0
                79.9488295317318,6.92598637911351,0
                79.9488928213098,6.92588536216708,0
                79.9489053215177,6.92586541041992,0
                79.9489173025898,6.92584427232488,0
                79.9489237783415,6.92581489616559,0
                79.9489125205179,6.92578449448621,0
                79.9489034312134,6.92575590503875,0
                79.9489955544095,6.92562988750995,0
                79.9490487370614,6.92555713721465,0
                79.9493061909568,6.92524401765806,0
                79.949330928979,6.92521393088789,0
                79.9493345561444,6.92520950647694,0
                79.9495710274149,6.92494953063779,0
                79.9496003713279,6.92491726995533,0
                79.9496037792762,6.92488440264207,0
                79.9496205263323,6.9247228958012,0
                79.949564526945,6.92471619754762,0
                79.9491771017631,6.92464282364236,0
                79.9487743672598,6.92457936930209,0
                79.948707443718,6.92455022706439,0
                79.9486904718121,6.92454832034036,0
                79.9486513865787,6.92452581657573,0
                79.9484437099327,6.92443538295945,0
                79.9483588982492,6.92439843316173,0
                79.9482153569666,6.92431191975591,0
                79.9479639498159,6.92410561065896,0
                79.948441274491,6.92332925301724,0
                79.9485827966969,6.92302236184822,0
                79.948658166813,6.92278211016573,0
                79.948772459892,6.92226270758853,0
                79.9488358313089,6.9216168585132,0
                79.9488572654642,6.92137800397831,0
                79.948860642154,6.92137865908911,0
                79.948860567674,6.92137882081649,0
                79.9489370026565,6.92139342144715,0
                79.9489940732913,6.92140825874764,0
                79.9490557577397,6.92142364841238,0
                79.949097538232,6.9214373749361,0
                79.9491905104991,6.9214643922257,0
                79.9492567963398,6.92148747490936,0
                79.9492917029422,6.92149947142922,0
                79.9493034901169,6.92150385935077,0
                79.9493524699681,6.92152209238979,0
                79.9494058146734,6.92154614720503,0
                79.9494884511791,6.92158490054276,0
                79.949594863502,6.92163626578736,0
                79.9496970232298,6.92168698975504,0
                79.9498083044748,6.92174885066744,0
                79.9499190427555,6.92180971777006,0
                79.9499985910103,6.92185578991806,0
                79.9500359216923,6.9218782380627,0
                79.9500822933155,6.9219061209563,0
                79.9501548781873,6.92194937787406,0
                79.9502232151239,6.9219898261018,0
                79.9502576530648,6.92201119407823,0
                79.9502895592301,6.92203099243453,0
                79.9503392808112,6.92205775445538,0
                79.9503598904929,6.9220693634779,0
                79.9504050044337,6.92209150501764,0
                79.9504744484323,6.92212028967628,0
                79.9505449753173,6.92215025260816,0
                79.9505828625327,6.92216541901991,0
                79.9506321451234,6.92218394995734,0
                79.9506837790839,6.92220321016411,0
                79.9507255543616,6.92222001092805,0
                79.9507703032507,6.92224396026133,0
                79.9509080834471,6.92231319120284,0
                79.9509517463707,6.9223372290591,0
                79.9510225362978,6.92237207431741,0
                79.9511133809006,6.92242603450832,0
                79.9511726823531,6.92245850881542,0
                79.9511967268426,6.9224732885682,0
                79.9512274591415,6.92249224028245,0
                79.9512627705988,6.92251399129547,0
                79.9512644527436,6.92251502684377,0
                79.9512869352596,6.92252887523919,0
                79.9513897059783,6.92259325380762,0
                79.9514156442799,6.92261120163872,0
                79.9514484583958,6.92262979616434,0
                79.9514799164866,6.92264766404824,0
                79.9515227797084,6.92266329113856,0
                79.9515560646373,6.92267130608643,0
                79.9515916107687,6.92267986749134,0
                79.9516360261132,6.92268699660363,0
                79.9516973755618,6.92268755601116,0
                79.9517674251437,6.92269025633964,0
                79.9517796272704,6.92269072689915,0
                79.9517808876567,6.92269077520022,0
                79.9518366222839,6.92269403663834,0
                79.9519125269897,6.92270103947431,0
                79.9519503446563,6.9227047228566,0
                79.9519989281276,6.92270905605018,0
                79.9520452472561,6.92271465304372,0
                79.9521100215597,6.92272254078534,0
                79.9521457502857,6.92272965660392,0
                79.9521948650291,6.92274122453479,0
                79.9522397197598,6.92275640380497,0
                79.9523249904107,6.92278964636819,0
                79.9523653158817,6.92280716696759,0
                79.9524261688463,6.9228331333689,0
                79.9524675776054,6.92285264695083,0
                79.9525009377198,6.92286898087816,0
                79.9525403529778,6.92289011680561,0
                79.9526163776577,6.92293283771484,0
                79.9526820036602,6.92297192458804,0
                79.9527736505808,6.92303302839508,0
                79.9528230019003,6.92306421936326,0
                79.9528603317828,6.92308779307609,0
                79.9529251273427,6.92313564950979,0
                79.9529759189318,6.92317118326069,0
                79.9530146003541,6.92319756241534,0
                79.9530457814123,6.92321922839561,0
                79.9530931502334,6.92324571391301,0
                79.9531429622147,6.92327166111801,0
                79.9532272259001,6.92331222605419,0
                79.9532565180949,6.92332683485686,0
                79.9532859912635,6.92334144397117,0
                79.9533156428982,6.92335750016034,0
                79.9533843455822,6.92339604883259,0
                79.9534246513697,6.92342550605505,0
                79.95344669828,6.92344380965049,0
                79.9534785002803,6.92347216617266,0
                79.9534938488838,6.9234918154236,0
                79.9535062031496,6.92351625100605,0
                79.9535211443746,6.92356212040613,0
                79.9535327174054,6.92361965034994,0
                79.9535332569248,6.92362317777964,0
                79.9535412173641,6.92367518476621,0
                79.9535506203807,6.92378397897395,0
                79.9535580160544,6.92384963975676,0
                79.9535582266824,6.9238852658696,0
                79.9535507291323,6.9240339995945,0
                79.9535485398674,6.92414910425325,0
                79.9535486476606,6.92419133196902,0
                79.9535515101526,6.92421041526613,0
                79.9535554575697,6.92422950224922,0
                79.953568171412,6.92425583733666,0
                79.953593295517,6.92427378456305,0
                79.9536184255782,6.92428829572553,0
                79.9537080363478,6.92432362441623,0
                79.9537936737302,6.92435433645377,0
                79.9539522916001,6.9244093167529,0
                79.9540001296256,6.92442621817357,0
                79.9540142634887,6.92443098440143,0
                79.9540502343498,6.92444311356369,0
                79.9540873247797,6.92445562081934,0
                79.954144696755,6.92447496657247,0
                79.9541214100267,6.92451522782556,0
                79.9540508291949,6.92463725816559,0
                79.9540228448035,6.92468564121701,0
                79.953832289994,6.92508013989929,0
                79.9536852979827,6.92544581286224,0
                79.9536281757375,6.925753774217,0
                79.9536125884297,6.92604095138806,0
                79.9536510517885,6.92639010397306,0
                79.953657121379,6.92660898960358,0
                79.9536521077575,6.92676649502246,0
                79.9536047161782,6.92717990002837,0
                79.9536037836369,6.92718803286389,0
                79.9536189384173,6.92718958001338,0
                79.953618766252,6.92719911391277,0
                79.9536127430298,6.92722284041821,0
                79.95360030481,6.92727183898307,0
                79.9535931554781,6.9273000005933,0
                79.9535418667306,6.92759269773411,0
                79.9534961008726,6.92790438600952,0
                79.9533129139412,6.92827191658853,0
                79.9533083982715,6.92828934140851,0
                79.9531706496014,6.9285689916718,0
                79.9530065087066,6.92873580074987,0
                79.9528228019635,6.92902128850727,0
                79.9527713564732,6.9293016641663,0
                79.9527318865691,6.92989391752168,0
                79.9525823159223,6.93004369967695,0
                79.9523102924899,6.93019691794485,0
                79.9520329788969,6.93033457140133,0
                79.9517979486959,6.9304521319545,0
                79.9515979298547,6.93054573051181,0
                79.9513954066451,6.93069529278623,0
                79.9511572263846,6.93080498071879,0
                79.9505258978881,6.93099239989612,0
                79.95020365446,6.93110358594104,0
                79.9499309956681,6.93129355214129,0
                79.9497541994604,6.93148964386583,0
                79.949292898852,6.93163755658579,0
                79.9491160776746,6.93189132238615,0
                79.9490940026943,6.93198343114736,0
                79.9490831465912,6.93202872855169,0
                79.9490724098901,6.93207352974198,0
                79.9490687838939,6.93208866021033,0
                79.9490014426997,6.93208826440101,0
                79.9489379975403,6.93250765346975,0
                79.9488097986501,6.9332658670147,0
                79.9485631789542,6.93403201658359,0
                79.9483619525559,6.93446249971832,0
                79.9479916297284,6.93473228395821,0
                79.9479843213766,6.93474294019398,0
                79.9478828317791,6.93489091906502,0
                79.9478012457129,6.93499604420248,0
                79.9478572950069,6.93518867388148,0
                79.9479114430977,6.93545901321795,0
                79.9479148276913,6.93547591100939,0
                79.9479206630431,6.93550504457106,0
                79.9479244082546,6.9355237424057,0
                79.9479211161107,6.9355445537992,0
                79.9478858495373,6.93576748303092,0
                79.947872900548,6.93584933556883,0
                79.9476758443893,6.93594790328979,0
                79.9474218143083,6.93612436741622,0
                79.947279991855,6.93627482467437,0
                79.9472591390153,6.93633055650615,0
                79.947168723416,6.93669644447476,0
                79.9471326480701,6.93678968600836,0
                79.9470822946905,6.93683266188243,0
                79.9469601413046,6.93686115857086,0
                79.9468895085155,6.93685397492269,0
                79.9468524220267,6.93685020367667,0
                79.9467518040526,6.93688591480317,0
                79.946625890427,6.93701129735205,0
                79.9465682920847,6.93709014748667,0
                79.9465393726082,6.93719775698696,0
                79.9465212221926,6.93730897328944,0
                79.9465389452985,6.93744178469179,0
                79.9465474916407,6.93750707673742,0
                79.9465969110893,6.93750659619637,0
                79.9466241776164,6.93750633100682,0
                79.9467327387879,6.93750527658396,0
                79.9467738108591,6.93750622910048,0
                79.9469311725289,6.93750987240238,0
                79.9471557508006,6.93751831338588,0
                79.9471558412891,6.93751831354399,0
                79.9472103877173,6.93752876225702,0
                79.9472649341503,6.93753921005984,0
                79.9473666717377,6.93755927808977,0
                79.9474693672819,6.93757953494725,0
                79.9477096899941,6.93764062743141,0
                79.9480172944629,6.93771434724061,0
                79.9483277636305,6.93778875364783,0
                79.9483816497789,6.93780166781488,0
                79.9484203608641,6.93781204445935,0
                79.948631644032,6.93786856560148,0
                79.9486706100333,6.93787910000711,0
                79.9489985840639,6.93796776546617,0
                79.9492295032666,6.93802441192011,0
                79.9493381344757,6.93805073345242,0
                79.9494532785134,6.93807842265282,0
                79.9495615473268,6.93810501386959,0
                79.9498292196223,6.93816739630735,0
                79.9498445720667,6.93817097395289,0
                79.9500258468282,6.93820827259971,0
                79.9500807838527,6.93821796755272,0
                79.9502074927249,6.93824032730146,0
                79.9502293869947,6.93824265311733,0
                79.9503494436005,6.93825540376676,0
                79.9503884437071,6.93825836156785,0
                79.9504435833021,6.93861283555447,0
                79.9504425612402,6.93863852471626,0
                79.9504448256382,6.93866998224684,0
                79.9504473229616,6.93869655644461,0
                79.9504377190906,6.9388488054803,0
                79.9504412665395,6.93917774195537,0
                79.9504434102408,6.93937653399283,0
                79.950378247462,6.93967427974234,0
                79.9502898938772,6.94011997744436,0
                79.9502645103489,6.94028934586392,0
                79.9502635188123,6.94029596128084,0
                79.9502629557556,6.94029971556096,0
                79.9504050785131,6.94039249544283,0
                79.9509205628985,6.94072901067878,0
                79.951091783197,6.94084078550922,0
                79.9512630035806,6.94095256028686,0
                79.9513170071326,6.94099237065463,0
                79.9519624115767,6.94146815141323,0
                79.9525003155852,6.94192365093497,0
                79.9527452643191,6.94218724495699,0
                79.9528885315497,6.94240879472528,0
                79.9529884202334,6.94257341846897,0
                79.953025634318,6.94263475001553,0
                79.9530556479521,6.94268421552216,0
                79.953107386668,6.94274081332324,0
                79.9531800909411,6.94282034620827,0
                79.9532527952399,6.94289987818052,0
                79.9533067692503,6.94292567637975,0
                79.9535039793253,6.94301993637115,0
                79.9538927997749,6.94315817670812,0
                79.9542039953063,6.94318862193087,0
                79.9548086071066,6.94314780129204,0
                79.95534148511,6.94305302689853,0
                79.9562038572991,6.94279135039871,0
                79.9565034591588,6.94269019687368,0
                79.9568207285329,6.94258307772877,0
                79.9569722332939,6.94253223697744,0
                79.9577250702158,6.94227960222807,0
                79.9583829636954,6.94209659002668,0
                79.9584275117884,6.94208038709811,0
                79.958805718184,6.94194283123727,0
                79.9595157732619,6.94168457854867,0
                79.9600786284099,6.94155994363412,0
                79.960707242008,6.94148327027863,0
                79.9617908265316,6.94136550993978,0
                79.9623293150274,6.94128076575802,0
                79.9624515106603,6.94126021521441,0
                79.9627223361807,6.94121466805819,0
                79.9629164222601,6.94118202725293,0
                79.9634373779176,6.94105731632308,0
                79.9640662062195,6.94085503557292,0
                79.9645992449574,6.94066455209306,0
                79.9654798426579,6.94024139843704,0
                79.9662321888489,6.93984844866313,0
                79.9665641912181,6.93967504305542,0
                79.9671918060421,6.93933340359513,0
                79.9676485782317,6.93908476077524,0
                79.9681398269401,6.93882840883002,0
                79.9685592706969,6.93855997198427,0
                79.9687198550342,6.93842671280107,0
                79.9687825143548,6.93837471575872,0
                79.9688396559625,6.93832729648833,0
                79.9688469823888,6.93832121714143,0
                79.9689272512124,6.93824514772371,0
                79.968992071156,6.93818371865725,0
                79.9690620346569,6.9381174154743,0
                79.9692125351529,6.937974788264,0
                79.9692186838723,6.93796896190056,0
                79.969332166871,6.93787418063812,0
                79.9694044983049,6.93781376887932,0
                79.9694319245452,6.93780323328047,0
                79.9696009939915,6.93773828938642,0
                79.9696680333747,6.93771253777265,0
                79.9699973258139,6.9376592666285,0
                79.9702502175599,6.93764621958229,0
                79.9704462779613,6.93763610507097,0
                79.9704560055301,6.93763612159048,0
                79.9705431156831,6.9376362695135,0
                79.970630225838,6.93763641742054,0
                79.97096701511,6.93763698911512,0
                79.9712939862546,6.93768873255166,0
                79.9714636786657,6.93771558676655,0
                79.9719004429012,6.93784382967487,0
                79.9722354613218,6.93792025361645,0
                79.973102971616,6.93814900645067,0
                79.9735316791192,6.938276506404,0
                79.9741738892281,6.93843791224343,0
                79.974670413962,6.93859904582212,0
                79.9758287707259,6.93885938730102,0
                79.9762030667261,6.93892092244207,0
                79.9766521508103,6.93899475344592,0
                79.9772937160768,6.93904368372273,0
                79.9779065198217,6.93911170377326,0
                79.977909461634,6.9391117087239,0
                79.9784907062351,6.93911268651623,0
                79.9789121341886,6.93908468556198,0
                79.9798859201253,6.93904994748277,0
                79.9799369186807,6.93904812786689,0
                79.9808660640529,6.93893484872707,0
                79.9810276018314,6.93890196213149,0
                79.9815654131468,6.93879247247211,0
                79.9823271324249,6.93861040863431,0
                79.9823606098353,6.93860240701292,0
                79.9824347255045,6.93857752439682,0
                79.9825244132518,6.93854741330809,0
                79.983069694949,6.93836434675801,0
                79.9831069014928,6.9383444072666,0
                79.9834435272939,6.93816400520109,0
                79.9837238614598,6.93800122282306,0
                79.9837886289735,6.9379636144237,0
                79.9840858621355,6.93775357482245,0
                79.984383111041,6.93753396369292,0
                79.9844451277054,6.9374616143761,0
                79.9847189542525,6.93714216067003,0
                79.9847393181072,6.93712043148497,0
                79.984987584034,6.93685551282281,0
                79.9851030804817,6.93651119052776,0
                79.9851408662111,6.93639514417467,0
                79.9852089683312,6.93618599213228,0
                79.9852669080594,6.93589899371952,0
                79.9853343292298,6.93566942918238,0
                79.9854302720674,6.93556432058417,0
                79.9856315921908,6.93544024843766,0
                79.9856904593233,6.93542270755299,0
                79.9858232231518,6.9353831485967,0
                79.9861296792759,6.93538365883948,0
                79.9862143276876,6.93542310237703,0
                79.9863976214157,6.93550851235547,0
                79.986615582688,6.93565683794507,0
                79.9866654680483,6.93569078549673,0
                79.9867386937288,6.93576739396103,0
                79.9868108797116,6.93584291560327,0
                79.9868853511155,6.93592082731809,0
                79.9871026776154,6.93624895638868,0
                79.9873031444162,6.93663686899279,0
                79.9874163825294,6.9368822509337,0
                79.9876180440239,6.93731924468955,0
                79.9877816683713,6.93769542857003,0
                79.9878398568293,6.93782920850892,0
                79.9885271436177,6.93917970004482,0
                79.9887534523696,6.93967246705982,0
                79.9889493925739,6.94009910740394,0
                79.9891141045691,6.94039365378947,0
                79.9892788158501,6.94068820013567,0
                79.9896292778789,6.94113136659625,0
                79.9896876245602,6.94119492090555,0
                79.9897204927323,6.94123072171041,0
                79.9901462501673,6.94169447381931,0
                79.9907846392786,6.94221948187139,0
                79.9911576273059,6.94252872745945,0
                79.9913004990448,6.9426211699655,0
                79.9917488430632,6.94291126246823,0
                79.9920473299117,6.94310439225075,0
                79.9926427805193,6.94353601982828,0
                79.9933196616469,6.94394619349175,0
                79.9933316324635,6.94395344716192,0
                79.9938698737681,6.94423425518032,0
                79.9942001478221,6.9443137509565,0
                79.9946669896634,6.9443360535035,0
                79.995061712444,6.94432684342267,0
                79.9952416310146,6.94432264581591,0
                79.9956368353046,6.94422999024803,0
                79.9963053599249,6.94390810759123,0
                79.9965762485942,6.94378054107277,0
                79.9972470289803,6.94346465665742,0
                79.9976185455801,6.94327561830178,0
                79.9979900619073,6.94308657962074,0
                79.9982031325962,6.9429781629752,0
                79.9987562530424,6.94272614840383,0
                79.9989722597226,6.94262773073989,0
                79.9992973765516,6.94251441177245,0
                79.9995256461952,6.94243484831844,0
                80.0001363869857,6.94230665429864,0
                80.0005961739844,6.9422499874443,0
                80.0008906537856,6.94225764690302,0
                80.0012352466059,6.94236587077403,0
                80.0014233190125,6.94250086457626,0
                80.0014801908727,6.9425416853492,0
                80.0023725544529,6.94307231169437,0
                80.0030363890717,6.94342030265806,0
                80.0035208321368,6.94366033984141,0
                80.0042984835718,6.94395468531987,0
                80.0046470246693,6.94406419465966,0
                80.0055847862909,6.94432761151497,0
                80.0067037084755,6.94456867586924,0
                80.0070705170025,6.94465835245316,0
                80.00776274573,6.94482758527281,0
                80.0084030237175,6.94494226513959,0
                80.0091626755189,6.94526647997573,0
                80.0099858084739,6.94569344848475,0
                80.0103758507473,6.94581886418807,0
                80.0105623267646,6.94587882369723,0
                80.010718797208,6.9459278349499,0
                80.0110229893735,6.94602311689741,0
                80.0114296947934,6.94622115208643,0
                80.0120698021917,6.94644348960997,0
                80.0123936347842,6.94658455612283,0
                80.0124673247925,6.94661665610703,0
                80.0129010652792,6.94690538031638,0
                80.013122438211,6.94696554883056,0
                80.0133439076487,6.94696590543774,0
                80.0134995826217,6.94693625005809,0
                80.0136972639923,6.94684086959912,0
                80.0138438570028,6.94670459300418,0
                80.0139338013215,6.94662097778994,0
                80.0139670235975,6.9465900935042,0
                80.0141289830825,6.94637503051916,0
                80.0141762401482,6.94624160787219,0
                80.0142793083593,6.94595060773068,0
                80.014363819719,6.94550813529295,0
                80.0144063063964,6.9451433501271,0
                80.0143773217068,6.94455714681801,0
                80.0143003853088,6.94401273464095,0
                80.0141873703364,6.9435699446607,0
                80.0140086009502,6.94307321763255,0
                80.0138904948163,6.9426903326911,0
                80.0138240105591,6.94247480101774,0
                80.0136991005467,6.94214311504045,0
                80.0135558046412,6.94176260748864,0
                80.0134787527917,6.94128996927542,0
                80.0134316386189,6.94081139855336,0
                80.0134803423261,6.94030307503226,0
                80.013570915822,6.93981276258322,0
                80.0136435514465,6.93931045903363,0
                80.0137638789997,6.93892785608135,0
                80.0138899227416,6.93871273511399,0
                80.0140581249149,6.93833619052638,0
                80.0143702682546,6.93778044009255,0
                80.0144277008897,6.93767163804216,0
                80.014556387108,6.93742784844503,0
                80.0146883958135,6.93722469987077,0
                80.0149281923888,6.9369918172799,0
                80.0149782317415,6.93694103483284,0
                80.0152459450014,6.93666934244046,0
                80.0156057484443,6.93625123514153,0
                80.0162473993462,6.93550461363461,0
                80.0166193740597,6.93496092010761,0
                80.0166534817801,6.93490820127639,0
                80.0166875885877,6.93485548244033,0
                80.0167425905369,6.93477046673929,0
                80.0168323922939,6.93463166266438,0
                80.0169181553977,6.93449910042357,0
                80.0170213999852,6.93433951750538,0
                80.0172136934564,6.93410818963802,0
                80.0174059867376,6.93387686076601,0
                80.017483174537,6.93378400445572,0
                80.0177473019628,6.93330593006576,0
                80.0180481318528,6.93277205626414,0
                80.0181614782807,6.93257090389971,0
                80.0183057893954,6.9321584313715,0
                80.0183162164546,6.9321244737903,0
                80.0184140922981,6.93180571337454,0
                80.0184545206558,6.93160040888464,0
                80.0184623673029,6.93156056055604,0
                80.0185828317903,6.93108823774063,0
                80.0185977294163,6.93105002738911,0
                80.0186970244554,6.93079534108841,0
                80.0187814606737,6.93039473501266,0
                80.0188541175544,6.92989906781095,0
                80.0189685191937,6.92945000219919,0
                80.0189814291752,6.92928394762679,0
                80.0189943400478,6.92911789214912,0
                80.0190112955588,6.9288998002896,0
                80.0190541194872,6.92831969148065,0
                80.0190903186281,6.92776109941086,0
                80.0190909383528,6.92775153531078,0
                80.0191693599137,6.92736886324703,0
                80.0191798528159,6.92734342008429,0
                80.0193188148309,6.92700647074291,0
                80.0194577766271,6.92666952133484,0
                80.0195061465733,6.92636455720173,0
                80.0195173715376,6.92630843330126,0
                80.0196388839301,6.92570085385693,0
                80.0196751581246,6.92547362633228,0
                80.0197713634423,6.92519864341542,0
                80.0198494978875,6.92499540696026,0
                80.0199695012515,6.92481018091259,0
                80.0201193067214,6.92470275725044,0
                80.0203588082042,6.924649306713,0
                80.0206313181825,6.92463029058619,0
                80.0207778333679,6.92462006678418,0
                80.0210328741496,6.9246309468068,0
                80.0216516433525,6.92465734234179,0
                80.021791897063,6.92467314057099,0
                80.0222440926702,6.92472407616597,0
                80.0228664312552,6.92481478113965,0
                80.023387084935,6.92486345504965,0
                80.0240275036876,6.92487643209301,0
                80.0245002837589,6.92491904836656,0
                80.0247585205631,6.92495137292232,0
                80.0256133507029,6.92505837468746,0
                80.0262477748821,6.92507731998401,0
                80.026696699323,6.92506606585669,0
                80.0269242299749,6.92501259398074,0
                80.0274571950727,6.92484595949979,0
                80.0278282130523,6.92473411988776,0
                80.0278874411684,6.92471626657881,0
                80.0281985103748,6.92458797085678,0
                80.0284393667287,6.92448863234046,0
                80.0288406239728,6.92433973282978,0
                80.0291040942405,6.92426837250078,0
                80.029576809576,6.92415218901617,0
                80.030044300368,6.92395284419732,0
                80.0303547435985,6.92376737049548,0
                80.0308530889421,6.92346963427673,0
                80.03153716017,6.92299920973428,0
                80.0316080641173,6.92295045079957,0
                80.0316700817484,6.92289214175647,0
                80.0321415506413,6.92244886324997,0
                80.0325550203056,6.92214446800785,0
                80.0332202767567,6.92179828543928,0
                80.0336093070832,6.92159584274283,0
                80.0343520621278,6.92123214662127,0
                80.0351129039784,6.92078474141887,0
                80.0358416336908,6.92049377748,0
                80.035993302545,6.92043321921182,0
                80.0366939343233,6.92021300364275,0
                80.0377239732385,6.91985573083413,0
                80.0384067031009,6.91959959699025,0
                80.0388977805397,6.91942092132849,0
                80.0391101343073,6.91937882222376,0
                80.0391672049544,6.91936750809037,0
                80.0395144019827,6.9193381397375,0
                80.0398498222702,6.9191831465248,0
                80.0402812028994,6.91890269603489,0
                80.0406827396587,6.91856836816046,0
                80.0407019046762,6.91853514858621,0
                80.0408447789128,6.91828750055775,0
                80.0410427396093,6.91800070678224,0
                80.0411287776914,6.91790749417326,0
                80.0415223712988,6.91748107987566,0
                80.0419000842917,6.91706895763089,0
                80.0421713617323,6.91684301837518,0
                80.0422656607825,6.91676447883609,0
                80.0426732345296,6.91639427041268,0
                80.0429374357605,6.91619375353181,0
                80.0433990309428,6.91584342432317,0
                80.0434282697144,6.91582123386603,0
                80.0437877572463,6.9155825374595,0
                80.0444107910479,6.91521864041996,0
                80.045022571141,6.91484762772227,0
                80.0449699486422,6.91478122292118,0
                80.0446089826041,6.91432571431376,0
                80.0442271456495,6.91402302042481,0
                80.0439482090264,6.91409760340682,0
                80.0436176320398,6.91395477142771,0
                80.0434746942315,6.91363028959631,0
                80.0434555002329,6.91345713979589,0
                80.0433273722557,6.91320796487807,0
                80.0432601694486,6.9132723171862,0
                80.0430359405338,6.91320996487346,0
                80.0429425542201,6.91307627164161,0
                80.0428273171356,6.91290284731263,0
                80.0426935585074,6.91283678753377,0
                80.0426149037394,6.91291992505333,0
                80.0425458507369,6.91298585141463,0
                80.0424062999437,6.91303189048109,0
                80.0422393574128,6.9130725051887,0
                80.0422255101912,6.91303097792344,0
                80.042201915693,6.9129578773526,0
                80.0421827730115,6.91287312064531,0
                80.0421658839662,6.91279388242471,0
                80.0421618437675,6.91271475443806,0
                80.0421583288942,6.91264702079432,0
                80.0421588945569,6.91263697546374,0
                80.0421612837562,6.91259453461906,0
                80.0421627016376,6.91256935257536,0
                80.0421795315874,6.91252567708734,0
                80.0421835971163,6.91251512986861,0
                80.0423298405363,6.91244419002083,0
                80.0422981105407,6.91238451495512,0
                80.0422285361312,6.91232339895663,0
                80.0421919243362,6.91231185856042,0
                80.0421136325715,6.91231460885213,0
                80.0420496267346,6.91236834099509,0
                80.0419712318909,6.91243784183345,0
                80.0418368376619,6.91249290134252,0
                80.0417391130564,6.91252146050018,0
                80.0415761159732,6.91249465216447,0
                80.0415408891825,6.91251613068271,0
                80.041524288042,6.91256921791402,0
                80.0415356588528,6.91264747013888,0
                80.041553341341,6.91270504560861,0
                80.0414014818044,6.91269308768541,0
                80.0411095897682,6.91271743884519,0
                80.0401935771471,6.91317310855346,0
                80.0395438761319,6.91317333529619,0
                80.0392141925363,6.91322031797737,0
                80.0388863502891,6.91308933822652,0
                80.0385843165461,6.91313573755146,0
                80.0382342067098,6.91300603222687,0
                80.0379819448651,6.91299470427185,0
                80.0379815821379,6.91300045382135,0
                80.0379898248375,6.91305327377084,0
                80.0379728187052,6.91304990349334,0
                80.0379628743984,6.91304400955875,0
                80.0379510316353,6.91303757193997,0
                80.0379366521992,6.91303194330624,0
                80.0379209173677,6.91302567778835,0
                80.037905270912,6.9130207714915,0
                80.0378896245984,6.91301577386535,0
                80.0378747020946,6.91301140943041,0
                80.037860411179,6.91300704778299,0
                80.0378459421643,6.9130014190078,0
                80.0378321981594,6.91299506795836,0
                80.0378190865721,6.91298935086282,0
                80.0378149266466,6.91298720405669,0
                80.0378066095089,6.91298291135282,0
                80.0372926431769,6.91288899362728,0
                80.037219142201,6.91294498178898,0
                80.0371821300895,6.91295878555221,0
                80.0371154394717,6.91298366006216,0
                80.0369880119633,6.91300503938828,0
                80.0369271297977,6.91301525418364,0
                80.0369256755278,6.91294726878107,0
                80.0370504143851,6.91265891250725,0
                80.037048552145,6.91242086461151,0
                80.0368667588904,6.91225963171175,0
                80.0366816166911,6.91213459510596,0
                80.0365029676354,6.90973777841646,0
                80.0369499623265,6.90962955933787,0
                80.0368891914859,6.90928488514031,0
                80.0368004866011,6.90862201886263,0
                80.0367581073273,6.90857697399368,0
                80.0361740493777,6.90804184572166,0
                80.0358298230785,6.90810152838928,0
                80.0349775133869,6.90823504090214,0
                80.0349477076846,6.90804043304021,0
                80.0349445824596,6.9080200238351,0
                80.0349126396689,6.90784681075793,0
                80.0348932444934,6.90774964542048,0
                80.0348796888845,6.90768173433819,0
                80.0348735508592,6.90765587778008,0
                80.0348560465237,6.90758213991307,0
                80.0348189676056,6.90745322696467,0
                80.0347848004013,6.9073185738617,0
                80.0347816455692,6.90730613826367,0
                80.0347483590084,6.90718238451945,0
                80.0347203838842,6.90713414550562,0
                80.0346796593199,6.90708018898756,0
                80.0346278062918,6.90702549175009,0
                80.0345211413487,6.90695678288345,0
                80.0344909591521,6.90693652868856,0
                80.0343336720808,6.90683098242802,0
                80.0342243145439,6.90674825438233,0
                80.0341805766227,6.90671480508408,0
                80.034140386002,6.90668406862276,0
                80.034135822872,6.90668057835633,0
                80.0341292533738,6.90667555407477,0
                80.0341494856191,6.90665068622719,0
                80.0342169206617,6.90662023761954,0
                80.034404551718,6.90653767987799,0
                80.0344717286794,6.90647598998653,0
                80.0344791854265,6.90640580034766,0
                80.0345167810256,6.9059743086018,0
                80.0347192917126,6.90523614200554,0
                80.0347452182702,6.9049119653086,0
                80.0348150690236,6.90471008586619,0
                80.0348131854005,6.90400166197132,0
                80.0348190632779,6.90396445951809,0
                80.0348500918201,6.90396929938051,0
                80.034888301202,6.9039555355676,0
                80.0349393592829,6.90393715746183,0
                80.0350548016601,6.90388895970863,0
                80.0351779327616,6.90384231019323,0
                80.035420927204,6.90375560970215,0
                80.0355915823714,6.90369555791345,0
                80.0356162292743,6.90368688196724,0
                80.0356557716874,6.9036729646282,0
                80.0357258374776,6.90365299825842,0
                80.0357448475403,6.90364760320295,0
                80.0357644097896,6.90364205799496,0
                80.0357794277313,6.90363780061104,0
                80.0358782036326,6.90360069900376,0
                80.0359348865699,6.90358146324861,0
                80.0359539000814,6.90357501112396,0
                80.0359775587843,6.9035669828732,0
                80.0359994258593,6.90355956311092,0
                80.0360843935242,6.90352907538841,0
                80.0361055360774,6.90352148901875,0
                80.0361645601149,6.90350031906554,0
                80.0362462119406,6.90347829263732,0
                80.0362868170418,6.9034722465605,0
                80.0363099275103,6.90346880649906,0
                80.0363271247932,6.90346539704655,0
                80.0363590769336,6.90345757967664,0
                80.0363812612311,6.90345214340353,0
                80.0363991653022,6.90333918451121,0
                80.0364359509184,6.90319112669287,0
                80.0364747212542,6.90304686798046,0
                80.0364409450299,6.90304766737592,0
                80.036417352254,6.9030482266681,0
                80.0364333132333,6.90302519311246,0
                80.0364463420503,6.9029675223122,0
                80.036464604167,6.9028762586829,0
                80.036475248999,6.9028230683473,0
                80.0364800973469,6.9027920601661,0
                80.036496726829,6.90268583683578,0
                80.0365037360981,6.90263316893887,0
                80.0365093610777,6.90259091040467,0
                80.0365119055803,6.90258386031404,0
                80.0365134165544,6.9025827649011,0
                80.0365164956444,6.90256301095642,0
                80.0364807409112,6.90246165711411,0
                80.0360095047106,6.90150659167502,0
                80.0360026154458,6.90150764799415,0
                80.0359552136773,6.90149952751392,0
                80.0359378354431,6.90145931214619,0
                80.0359378138057,6.90145926147472,0
                80.0359370006102,6.90140030234812,0
                80.0359544969832,6.90132084612052,0
                80.0359614709825,6.90125828389791,0
                80.0359649095198,6.90119996524788,0
                80.0359621791586,6.90115194544804,0
                80.0359458424087,6.90112569690191,0
                80.0358948289949,6.90111322861536,0
                80.0358303995727,6.90111647521703,0
                80.0357552152353,6.90112963284869,0
                80.0357767845864,6.90094289032963,0
                80.0355493008275,6.90089676226758,0
                80.0350273882581,6.9008987184503,0
                80.0346875477284,6.90088791160256,0
                80.034216205598,6.90082542294016,0
                80.0342639912916,6.90068400695538,0
                80.0343624005558,6.90049561175706,0
                80.034391116137,6.90037958358359,0
                80.0344787964169,6.90011637772351,0
                80.0344520662958,6.89979528937014,0
                80.0344637065062,6.89971307700082,0
                80.0344938038842,6.89936154146942,0
                80.0346160334424,6.89890220730404,0
                80.03485588408,6.89828727296285,0
                80.0350263578039,6.89786210461148,0
                80.0350273817085,6.89785942962854,0
                80.0350540677195,6.89778971740629,0
                80.035079346685,6.89770954989118,0
                80.035100035348,6.89761373175638,0
                80.0351154966813,6.89751275309639,0
                80.0351158494646,6.89751049031198,0
                80.0351200244348,6.89747087084763,0
                80.0351384545288,6.89729597905592,0
                80.0351425743784,6.89725689029851,0
                80.0351529984831,6.89715301293025,0
                80.0351573714288,6.89710943135767,0
                80.0351644914346,6.89701115067223,0
                80.0351696159904,6.89697299846618,0
                80.035178863685,6.89690411004368,0
                80.0351952912979,6.89681362034139,0
                80.0351967718217,6.89679427173582,0
                80.0352018485658,6.89672808867424,0
                80.0351991241032,6.89667572849121,0
                80.0352087182863,6.89661443538229,0
                80.0352203277107,6.89654021465702,0
                80.0352311703488,6.89649185423016,0
                80.0352342196907,6.8964784218411,0
                80.0352349057198,6.8964754027183,0
                80.0352365446039,6.8964589515682,0
                80.0352387983827,6.89643634796584,0
                80.0352404207096,6.89642007040556,0
                80.035237207671,6.89641250138308,0
                80.0352295122445,6.89639437373215,0
                80.0352089908418,6.89638267707064,0
                80.0351837540852,6.89637757409614,0
                80.0351521361397,6.89636396399404,0
                80.0351154399213,6.89632266788061,0
                80.0350381521484,6.89621277487551,0
                80.0350153587491,6.89617663285861,0
                80.0350025896476,6.896156384098,0
                80.0349266607298,6.89610541036312,0
                80.034872268653,6.89606889463417,0
                80.0348546239509,6.89605704870606,0
                80.0347678462963,6.8960019365351,0
                80.0347525143315,6.89599067562804,0
                80.0347239209927,6.89596967707018,0
                80.0347234261058,6.8959673162145,0
                80.0347128744251,6.89591703268479,0
                80.0346872714287,6.89568206841923,0
                80.0346791627526,6.89560854047334,0
                80.0346741556378,6.89556304902859,0
                80.0346643461229,6.89542829995815,0
                80.0346606103029,6.89537698351542,0
                80.0346588296641,6.89535251722824,0
                80.0346392794422,6.89512371215364,0
                80.0346348404499,6.8950678227411,0
                80.0346336530238,6.89505288995607,0
                80.0346263740949,6.89496132174571,0
                80.0346193117026,6.8948724801788,0
                80.0346167750113,6.89484195335203,0
                80.0346130241748,6.89479680204714,0
                80.0346044237761,6.89469329480752,0
                80.0346004819753,6.89464584732054,0
                80.0345959763618,6.89451761797652,0
                80.0345933973906,6.8944886780388,0
                80.0345811205811,6.89435383470749,0
                80.0345801725882,6.89434668605971,0
                80.0345591200921,6.89418787104742,0
                80.0345568049165,6.89416734102438,0
                80.03454492952,6.89406179775483,0
                80.0345336761419,6.89398798731708,0
                80.0345156406518,6.89386969000752,0
                80.0345111890009,6.89383648634417,0
                80.0345109001029,6.89383432655145,0
                80.0345071644431,6.89380908861554,0
                80.0344985353534,6.893750792818,0
                80.0344959467254,6.89373329883423,0
                80.0344928129678,6.89368699647539,0
                80.0344904619711,6.89365226970516,0
                80.0344929781186,6.89348950899962,0
                80.0344938018198,6.8934741841823,0
                80.0345037867081,6.89328851149047,0
                80.034504564347,6.89326789675129,0
                80.0345084109087,6.89316599218289,0
                80.0345110808756,6.89313642832925,0
                80.0345155952437,6.89308742601126,0
                80.0345199162256,6.89304059177905,0
                80.0345356596964,6.89292451080614,0
                80.0345369613673,6.89290787557114,0
                80.034548028354,6.89276700913113,0
                80.0345500840299,6.8927274975952,0
                80.03455418962,6.8926486870123,0
                80.0345586617335,6.89256284737502,0
                80.0345599532294,6.89254693461779,0
                80.0345745630923,6.89236674341305,0
                80.0345774810036,6.89233075526076,0
                80.0345879291939,6.89218863275666,0
                80.0345893065115,6.89216989616591,0
                80.0345947473656,6.89209588740147,0
                80.0345963382059,6.8920742503148,0
                80.0344979318633,6.89191891225459,0
                80.0344710856785,6.89169854421995,0
                80.0345073870684,6.89144539942577,0
                80.0345488807342,6.89126642639035,0
                80.0345517976701,6.89125782428823,0
                80.0345870295092,6.89108961563496,0
                80.0345905082857,6.89097105604275,0
                80.034580836839,6.89073992518814,0
                80.0345911013084,6.89072872121768,0
                80.0346719250534,6.89065533134921,0
                80.0347457600582,6.89059585603437,0
                80.0347680826336,6.89057849114736,0
                80.0348338146827,6.89052736029787,0
                80.0348435172859,6.89051904452114,0
                80.0349141789258,6.89045849000312,0
                80.0349348488884,6.89043148777888,0
                80.0349675637781,6.89038875314913,0
                80.0349718422886,6.89038316520616,0
                80.0350121138162,6.89032029293958,0
                80.0350288478908,6.89026470764985,0
                80.0350522894132,6.89026325020693,0
                80.0351935412051,6.89025447300269,0
                80.0352885263292,6.89024324039108,0
                80.035296013247,6.89024235499063,0
                80.0353158043026,6.89024001475127,0
                80.0354728261481,6.89021665741232,0
                80.0354911895197,6.89021249379559,0
                80.0356506850925,6.8901763315565,0
                80.0358091272854,6.89011228603824,0
                80.0359001488041,6.89008153980865,0
                80.0359365016424,6.89006926039524,0
                80.0360540103401,6.89000610261651,0
                80.0360722485368,6.88999629988964,0
                80.0360764123498,6.88999406290146,0
                80.036012097084,6.88991071181256,0
                80.0359832227652,6.88987329177281,0
                80.0359760266249,6.88986522015182,0
                80.0358829627755,6.88976082875643,0
                80.0358129938545,6.88966143294573,0
                80.0357984692325,6.88964020400231,0
                80.0357522376274,6.8895726329211,0
                80.0356972570651,6.88949360682102,0
                80.035666077156,6.88941199438932,0
                80.0356357493409,6.8893060608081,0
                80.0356102461122,6.8892437764385,0
                80.0355853612434,6.88918300492978,0
                80.0355500418332,6.88908682858361,0
                80.0355324364618,6.88904454305511,0
                80.0355117301003,6.88899480713831,0
                80.0354824535144,6.88890708041139,0
                80.0354800281357,6.88889981192056,0
                80.0354641458901,6.88886371231168,0
                80.0354422497685,6.88881394018688,0
                80.0354284620323,6.88877792972853,0
                80.0354178815682,6.88871588189436,0
                80.0354176176341,6.888652764959,0
                80.0354192587151,6.88858648610855,0
                80.0354283575912,6.88854155907979,0
                80.0354330269235,6.8885185079898,0
                80.0354631437781,6.88846827848361,0
                80.0355048562218,6.88841019908811,0
                80.0355611361753,6.88835151110557,0
                80.0356182034825,6.88831544320171,0
                80.0356392075885,6.88830216884186,0
                80.03571414691,6.88826132526026,0
                80.0357252375254,6.88825528127291,0
                80.0357899989383,6.88821188729544,0
                80.0358492400154,6.88816911863181,0
                80.0358841551643,6.88811763057906,0
                80.0358925452681,6.88807519635377,0
                80.0359603776804,6.88807839579093,0
                80.0361331098033,6.88808897090546,0
                80.0363098311184,6.88804361442425,0
                80.0364283887665,6.88800968071239,0
                80.0365381731472,6.88799221874146,0
                80.0366753442641,6.88797190644368,0
                80.0368720061831,6.88792743783564,0
                80.0369990426368,6.88785211697823,0
                80.0371616388657,6.88767233803196,0
                80.0371792072732,6.88755101323259,0
                80.0371878637167,6.88738792096754,0
                80.0372073902386,6.88725307344124,0
                80.0372270067679,6.8870653455908,0
                80.0372547127021,6.88692701578597,0
                80.0372653672579,6.88687414999168,0
                80.0372977885363,6.88666717600887,0
                80.0373194012373,6.88657455920247,0
                80.0374262133497,6.88649430498004,0
                80.0375228787441,6.88642058090264,0
                80.0375999966459,6.88645793163478,0
                80.0376858245475,6.88651322164326,0
                80.0377677646816,6.88649061364173,0
                80.0377913280978,6.88638919333828,0
                80.0378116296552,6.88624742221994,0
                80.0378336683996,6.88615012383424,0
                80.0378605348413,6.88592202246329,0
                80.0378999550655,6.88565673244778,0
                80.0380048654925,6.88532336953864,0
                80.0380899604985,6.88506549162151,0
                80.0381141105389,6.8848250583871,0
                80.0381260140301,6.88475374690073,0
                80.0382617482833,6.88476970938509,0
                80.0384398831701,6.88478418106318,0
                80.0385131605657,6.88479189075095,0
                80.0386274359345,6.88479297043943,0
                80.0387323112576,6.88478761723869,0
                80.0387479675824,6.88478556162036,0
                80.0388167437338,6.88477852415407,0
                80.0389676012448,6.88476091149198,0
                80.0389757468742,6.88475996102973,0
                80.0390773736963,6.88474890506842,0
                80.039391122345,6.88471502732222,0
                80.0394417968226,6.88471157795388,0
                80.039482969878,6.88470874781507,0
                80.0396041795192,6.88469879526422,0
                80.0396191595813,6.88469756505833,0
                80.0396849408669,6.88469694301901,0
                80.0397940616494,6.88469620689016,0
                80.0399101776931,6.88469592730628,0
                80.0400230689977,6.8846956553873,0
                80.0400482218621,6.88469555758263,0
                80.0400723175917,6.88458769243024,0
                80.0401107582359,6.88439933952688,0
                80.0401615194347,6.88409193222525,0
                80.0402387010151,6.88373627866487,0
                80.0403463004018,6.88347793024492,0
                80.0403677867401,6.88324485505307,0
                80.0404396335386,6.8830076390321,0
                80.0404571096703,6.88294900545561,0
                80.0405548961941,6.88247563754962,0
                80.0405221723777,6.88245614493539,0
                80.0404674502849,6.88238543976086,0
                80.0404584262732,6.88236633084014,0
                80.0404364263046,6.88231974261006,0
                80.0404208799079,6.88224991153495,0
                80.0404182898408,6.88216979104779,0
                80.0404200000771,6.88215970225539,0
                80.040434816882,6.88207233838585,0
                80.0404566282543,6.88200934485328,0
                80.0404978631867,6.88190804283291,0
                80.0404981646344,6.88190735877983,0
                80.0405363610736,6.88182084107971,0
                80.0404737397636,6.88162525866068,0
                80.0403229151088,6.88164862750756,0
                80.0402910884347,6.88169052304671,0
                80.0402659998061,6.88170775560225,0
                80.0402151396703,6.88171446010442,0
                80.0402016457098,6.8817148923655,0
                80.040199123905,6.88171497348372,0
                80.0401204928542,6.88171747930311,0
                80.0400165157418,6.88172753726475,0
                80.0398711122324,6.88172885062448,0
                80.0398377245906,6.8817291708609,0
                80.0397991794883,6.88172955368442,0
                80.0396844517241,6.88172892487566,0
                80.0396568576518,6.88172681435768,0
                80.0396191327976,6.88172394132401,0
                80.039493553911,6.88166045042988,0
                80.0394914529099,6.88165931236036,0
                80.0394264321625,6.88162409928524,0
                80.0394165283461,6.88161873629643,0
                80.0393268964181,6.88158509937529,0
                80.0393091011529,6.88157842210581,0
                80.0391531804251,6.88153451200974,0
                80.0391205322204,6.881525323348,0
                80.0390481774019,6.88150640343969,0
                80.0390398755581,6.88150542671324,0
                80.0389764406722,6.88149796833902,0
                80.0388854334128,6.88148725374565,0
                80.0387965006635,6.88147901455136,0
                80.0387832056252,6.88147778145277,0
                80.0387757765596,6.88147644888924,0
                80.038647432739,6.88145342952711,0
                80.0384422058274,6.88140609653894,0
                80.03840150523,6.88139671455833,0
                80.0383203709985,6.88137968082758,0
                80.038264369923,6.88137401972346,0
                80.0382531548723,6.88137288567046,0
                80.0381897224127,6.88137676648179,0
                80.0381640982709,6.88138803005103,0
                80.0381431694296,6.8814067148029,0
                80.0381098195437,6.88144410466813,0
                80.0381027444034,6.88145204661866,0
                80.0380445131547,6.88148667899922,0
                80.0380167879688,6.88149156074401,0
                80.037875138875,6.88176370729259,0
                80.037659719788,6.8817254658225,0
                80.037479566479,6.88163617239795,0
                80.0370898098139,6.88162536029412,0
                80.0367598066879,6.88164344692398,0
                80.0362243198293,6.88168025255575,0
                80.0359881004647,6.88169752796441,0
                80.0357072348279,6.8817730482079,0
                80.035784850261,6.88159452323327,0
                80.035813447041,6.88131863153487,0
                80.0358230753348,6.88115730860023,0
                80.0358349138597,6.88090795144195,0
                80.0358136366039,6.88078070067335,0
                80.0358034669633,6.88075249226759,0
                80.0357706005708,6.88065007954289,0
                80.0357333556322,6.88051221530209,0
                80.0357212623753,6.88045950691878,0
                80.0357018103617,6.88037472067919,0
                80.0356786456382,6.88025921227087,0
                80.0356657899102,6.88020575037163,0
                80.035651765519,6.88014740462473,0
                80.0356413579262,6.88009060169994,0
                80.035555641244,6.879878061896,0
                80.0354999624741,6.87989985759237,0
                80.0353663164088,6.87996312977536,0
                80.0352628970399,6.88002219696325,0
                80.0351366681256,6.88008683693695,0
                80.0350719380041,6.88011078875178,0
                80.0349587585685,6.88015816689608,0
                80.0349555055214,6.88015952817429,0
                80.0349461074516,6.88016532431064,0
                80.0349000789104,6.88019371419714,0
                80.0348810830612,6.88021155722707,0
                80.0348493363195,6.88024137896566,0
                80.0348135219903,6.88028961032021,0
                80.0347994653921,6.88031038714983,0
                80.0347694265849,6.88036839243075,0
                80.0347589125812,6.88040587079266,0
                80.0347473176861,6.88044720861917,0
                80.0347039595123,6.88057563600398,0
                80.0346986872784,6.880591360848,0
                80.0346920292245,6.88061619927135,0
                80.0346695651064,6.88070000725739,0
                80.0346197591869,6.88090193821475,0
                80.0346036906032,6.88099478050916,0
                80.0346018572726,6.88100948526577,0
                80.0345884264991,6.88111726621442,0
                80.0345869376511,6.88112921445178,0
                80.0345822512134,6.88116682481979,0
                80.0345783099733,6.88125769566592,0
                80.0345640097561,6.88131880158148,0
                80.0345523884839,6.88134446421198,0
                80.0345096093431,6.88139123793134,0
                80.0344602354266,6.88143140040481,0
                80.034393606421,6.88145444581459,0
                80.0341874044435,6.88150748832233,0
                80.0341685834313,6.88151233030476,0
                80.0341497632041,6.88151666681284,0
                80.0340758526483,6.88153369757284,0
                80.0340376120927,6.88154250980776,0
                80.0340314128312,6.88151428673844,0
                80.0340264704481,6.88149239716567,0
                80.0340116281303,6.88143649159167,0
                80.0340036943001,6.88141821346484,0
                80.0339923277224,6.88139640344238,0
                80.0339578228774,6.8813581906162,0
                80.0339002798537,6.88129914432138,0
                80.0338879640525,6.88128904102944,0
                80.0338356700231,6.8812461409931,0
                80.0338063006096,6.88122204692259,0
                80.0337792433281,6.88120237278799,0
                80.0337517124668,6.88118235611106,0
                80.0336473982136,6.8811183533353,0
                80.0335687418163,6.88107907816409,0
                80.033447136599,6.88102168296849,0
                80.0334024714462,6.88100060249098,0
                80.033330329822,6.88096469939709,0
                80.0332964595891,6.88094784314428,0
                80.0332097425507,6.88112138193769,0
                80.0331478862859,6.88128116050952,0
                80.0331126293456,6.88137225031452,0
                80.033075634043,6.881481515512,0
                80.0330577706464,6.88156406368294,0
                80.0330555843082,6.88157417068256,0
                80.0330518173074,6.88162787896949,0
                80.0330510502099,6.88163881736994,0
                80.0330382235041,6.88174133916169,0
                80.0330189426094,6.88180505868228,0
                80.0330178509445,6.88180885392309,0
                80.032976819211,6.88191292064004,0
                80.0329718866802,6.88192543138299,0
                80.032943683687,6.88196870373958,0
                80.0329373312922,6.88197845612727,0
                80.0329348895415,6.88198116778872,0
                80.032918388231,6.88199949656567,0
                80.0328920320216,6.88201654498053,0
                80.0328282191521,6.88203227012417,0
                80.0327846895146,6.88203789831117,0
                80.0327569970705,6.88204147405888,0
                80.0326678355002,6.88206638219453,0
                80.0326043653922,6.88209440561134,0
                80.0325291475469,6.88211300747521,0
                80.0323543730639,6.8821499906476,0
                80.032251907267,6.88217722995407,0
                80.0320863507242,6.8822230067067,0
                80.0319943797704,6.88224844565225,0
                80.0319582930324,6.8822563739956,0
                80.0319108471609,6.88226679846436,0
                80.0318864915537,6.88227214896625,0
                80.0318322019807,6.88227315045929,0
                80.0317597638353,6.88227943433912,0
                80.0317578173456,6.88227960402008,0
                80.0317441530141,6.88228078991743,0
                80.0316923017472,6.88228477739957,0
                80.031673363981,6.88230238074401,0
                80.0316627348476,6.88232994465365,0
                80.0316584319181,6.88233439499073,0
                80.0316437939771,6.88234953733672,0
                80.031584256573,6.88235052791649,0
                80.0315691460204,6.88235077656441,0
                80.0313212286095,6.8823515668572,0
                80.031222335034,6.88235144805945,0
                80.0310663477724,6.88235125926475,0
                80.0310413752816,6.88235126284911,0
                80.030852113681,6.88235127893656,0
                80.030792193282,6.88235128499923,0
                80.030635580667,6.88234597704833,0
                80.0305840359449,6.88234486312216,0
                80.0303649640994,6.88234012863761,0
                80.0303177302636,6.88234222515552,0
                80.0302270630244,6.88234624416085,0
                80.0302020623541,6.88234923076969,0
                80.0301697296218,6.88235309571739,0
                80.0301374710969,6.88235695173616,0
                80.0301306838363,6.882357758586,0
                80.0300871825836,6.88236199040724,0
                80.029957391913,6.88237461733254,0
                80.0299541296124,6.88237493505762,0
                80.0298874573406,6.88237568913295,0
                80.0298558674979,6.88237604764298,0
                80.0297775265956,6.88236311940849,0
                80.0296915629163,6.88234893320839,0
                80.029669436312,6.88234528257939,0
                80.0295359606971,6.88229868629019,0
                80.0294591898971,6.88226881757626,0
                80.0293606142832,6.88223782879487,0
                80.029355118921,6.88223815749619,0
                80.0292884959043,6.8822421469635,0
                80.0292549250913,6.88224737442459,0
                80.0292103021734,6.88225432258139,0
                80.0291920750412,6.88225775737423,0
                80.0290604231639,6.88228257130553,0
                80.0289026831539,6.88230393722566,0
                80.0288976156112,6.88230378372221,0
                80.0288300311746,6.88230174300602,0
                80.0287284428012,6.88228856396186,0
                80.0287180290862,6.88228533579751,0
                80.0286545565218,6.8822656614318,0
                80.0285433990592,6.88223799853226,0
                80.0285002578395,6.88222726096129,0
                80.0284277062704,6.88221873710948,0
                80.0283311036643,6.88219959775002,0
                80.0282343043909,6.88219049430205,0
                80.0282161253332,6.88218576378175,0
                80.0281709091302,6.8821705921262,0
                80.0281537362329,6.88216469217772,0
                80.0281397103444,6.88215987320573,0
                80.0280144509154,6.88212459516603,0
                80.0280037789918,6.88212159083625,0
                80.0279115045819,6.88211195185687,0
                80.0276800030585,6.8820886225699,0
                80.0276546729197,6.88208649863028,0
                80.0275890727768,6.88208098492358,0
                80.0274826019174,6.8820720370891,0
                80.0274743677423,6.88207178185838,0
                80.0273719503832,6.8820686085372,0
                80.0272938790397,6.88206044390273,0
                80.0272513866888,6.88205600712766,0
                80.0272481037106,6.88205566470175,0
                80.0271547298323,6.88205479505149,0
                80.0271140227548,6.8820462548761,0
                80.0270565914539,6.88203420533863,0
                80.0270054161384,6.88201106687081,0
                80.0269813674169,6.88199900271046,0
                80.0269455476323,6.88198324434271,0
                80.0268794669373,6.88195417235123,0
                80.0267843668892,6.88190130392927,0
                80.0267620360462,6.88188888346523,0
                80.0266475057888,6.88182025248299,0
                80.0265977688269,6.88180308425873,0
                80.0265386106381,6.8817931343301,0
                80.0264770234104,6.88177432077711,0
                80.0264534998888,6.88176373766801,0
                80.0263471029151,6.88171587092954,0
                80.0263013452173,6.88169528453413,0
                80.0263147409727,6.88163463149289,0
                80.0263301255734,6.88157506485686,0
                80.0263184887757,6.88155271171709,0
                80.0262766282602,6.88153257270428,0
                80.0261965379272,6.88148497325213,0
                80.0260495384884,6.8814081539075,0
                80.0259668914818,6.88137538095958,0
                80.025787679575,6.88129968562432,0
                80.0257742685812,6.88131241355336,0
                80.0257704473362,6.88131489966085,0
                80.0257554088689,6.88133034320068,0
                80.0257460835451,6.88132489223718,0
                80.0257395586469,6.88132457455447,0
                80.0256625129091,6.88132082942738,0
                80.025602907813,6.88130744255303,0
                80.0255867111224,6.88130048065707,0
                80.0255537200797,6.88128629731105,0
                80.0255115241416,6.88124933782097,0
                80.0254594511678,6.88122176698696,0
                80.025430860087,6.88121281256386,0
                80.0254121535722,6.88120695352029,0
                80.0253119095759,6.88120218357893,0
                80.0251522979757,6.88120564126503,0
                80.0251318151843,6.88120564165113,0
                80.0250699614614,6.88120564307177,0
                80.0250387459701,6.88120564377787,0
                80.0248891919391,6.88119884764629,0
                80.0248491132111,6.88119702682768,0
                80.0247498140773,6.88119440855163,0
                80.0247360192133,6.88119404507117,0
                80.0247087932867,6.88118867085441,0
                80.0245313281718,6.88115366076786,0
                80.0245189182164,6.88115121155317,0
                80.024353762713,6.88111861519486,0
                80.0242172794631,6.88109168285143,0
                80.0241443213156,6.88107379607523,0
                80.0241211358087,6.88106811259799,0
                80.0240522264272,6.88104575977341,0
                80.0240255352879,6.88104381254946,0
                80.0238912816525,6.88103402180205,0
                80.0238412502452,6.8810315929639,0
                80.0238196280899,6.88103002173087,0
                80.0238009961702,6.88102565203794,0
                80.0237851731018,6.88101875396972,0
                80.0237168259452,6.88098356259237,0
                80.0236538768594,6.8809609767533,0
                80.0236449352896,6.88095776888635,0
                80.0235334947564,6.88093851302367,0
                80.0234659293174,6.88092403007994,0
                80.0234540212818,6.88092289188139,0
                80.0233523945234,6.88091318127352,0
                80.0233007783222,6.88091108083991,0
                80.0232441254466,6.88090877534578,0
                80.0232136982074,6.88090753745447,0
                80.0231687182872,6.8809074123815,0
                80.0229855096863,6.88090690686776,0
                80.0229835562597,6.88090688932343,0
                80.0229344799071,6.88090645937588,0
                80.0227535232909,6.88090484600187,0
                80.0227380514998,6.88090470859733,0
                80.022711993168,6.88090484387264,0
                80.0226954397937,6.88090492991997,0
                80.0225725629985,6.88090556822103,0
                80.0225246084283,6.88090581908782,0
                80.0224855006177,6.88090513443339,0
                80.0224677888244,6.88090482530031,0
                80.0224263752901,6.88089114570634,0
                80.0223954428762,6.88088092870954,0
                80.0223547406914,6.88096173940597,0
                80.022346158047,6.88097878176396,0
                80.0222983101627,6.8810816990443,0
                80.0222846947289,6.88111097605211,0
                80.0222616727118,6.88119376868174,0
                80.02223752297,6.88130314435952,0
                80.0222247125001,6.88140081888548,0
                80.0222204246341,6.88143351327229,0
                80.0222036376381,6.8815615244005,0
                80.0221829359828,6.88170417723241,0
                80.0221699767457,6.88179347639353,0
                80.0221635716693,6.8818376170008,0
                80.0221596515377,6.88197207307734,0
                80.0221585972082,6.88200833076787,0
                80.0221537555214,6.88215282251844,0
                80.0221526882709,6.88218465480922,0
                80.0221505261237,6.88224921002915,0
                80.0221448043395,6.88237403756489,0
                80.0221407795477,6.88246187236752,0
                80.0221365640548,6.88251404251057,0
                80.0221343843559,6.88254100006572,0
                80.0221296142554,6.88260002351684,0
                80.022123553122,6.88265553464948,0
                80.0221193419921,6.88269405068714,0
                80.0221118944807,6.88276230859394,0
                80.0221052395634,6.88281395404261,0
                80.0221011375998,6.8828457905882,0
                80.022097555011,6.88287360315486,0
                80.0220890863596,6.88293932394451,0
                80.022087993698,6.88300099178246,0
                80.0220892134063,6.88307545291943,0
                80.0220907484237,6.88316911621224,0
                80.0220908821835,6.88317723293316,0
                80.0221163604551,6.8832287943289,0
                80.0221175789487,6.88323125851194,0
                80.022156567405,6.88329389471459,0
                80.022184324288,6.88332577607961,0
                80.0222167180113,6.88336298262522,0
                80.0222245711865,6.88337303575496,0
                80.0222850731717,6.88345053189035,0
                80.022330202207,6.88351968833542,0
                80.0223411256687,6.88353643320266,0
                80.0224052737163,6.88359521990027,0
                80.0224774977536,6.88363928011618,0
                80.0225479565935,6.88365521549443,0
                80.0226206040808,6.88366030336248,0
                80.0226452073813,6.88366549363138,0
                80.0226940494802,6.88367579130465,0
                80.0227076162906,6.88367908967411,0
                80.0227236251291,6.88368298055598,0
                80.0227436895449,6.8836970288931,0
                80.0227593034714,6.88372182893309,0
                80.0227694013687,6.88376750202974,0
                80.0227759236829,6.88379699886236,0
                80.0228055136545,6.88390980495497,0
                80.0228055050939,6.88391523041673,0
                80.0228131578018,6.88394282107175,0
                80.0228719910746,6.88415477859484,0
                80.0228931734136,6.88421211403587,0
                80.022921093995,6.88428768969132,0
                80.0229545194157,6.88437816785394,0
                80.0229789173987,6.8844590440718,0
                80.0230111354927,6.88456579675599,0
                80.0230844091162,6.88480499481983,0
                80.0230938582893,6.88484380004789,0
                80.0231186603743,6.88494556950037,0
                80.0231227543731,6.88497669376463,0
                80.0231285838037,6.8850209992428,0
                80.0231356479128,6.8850747225787,0
                80.0231541443307,6.8853371638791,0
                80.0231590094319,6.88552245062303,0
                80.0231594242968,6.88558582263695,0
                80.0231594468981,6.88558927598759,0
                80.0231497641272,6.88564749416663,0
                80.0231125476757,6.88572321133165,0
                80.0230632267789,6.88578570652447,0
                80.0230273972295,6.88584316100339,0
                80.0230103652261,6.88588384331059,0
                80.023005418103,6.88589566214564,0
                80.0230058748058,6.88595027931425,0
                80.0230327964194,6.88597663619908,0
                80.0230461639784,6.88598526116412,0
                80.0230794368989,6.88600673066005,0
                80.0230821350256,6.88601074705065,0
                80.0230184265913,6.88624079711322,0
                80.0230174485374,6.88624191774089,0
                80.0229873377092,6.88628708257675,0
                80.022942324047,6.88632636621643,0
                80.0229215572921,6.88634448802717,0
                80.0229054149067,6.88635636245781,0
                80.0228820618885,6.88637354339124,0
                80.0228134626551,6.8864982202669,0
                80.0227691353068,6.88658877118224,0
                80.0227509198117,6.8866259829211,0
                80.0227506446581,6.88662661455508,0
                80.0227165603721,6.88670355553295,0
                80.0227134176348,6.88671065071536,0
                80.0227028037133,6.88672818538994,0
                80.0226709828157,6.88678075056204,0
                80.0226673622866,6.88678673276834,0
                80.0226275074497,6.88685257315912,0
                80.0225654417705,6.88694911835038,0
                80.0225498661599,6.88697334836859,0
                80.0225404793862,6.88698671911352,0
                80.0224984470041,6.88704660069283,0
                80.0224948263758,6.88705321586914,0
                80.0224736189133,6.88709197365475,0
                80.0224632688113,6.88711088590421,0
                80.0224237822503,6.8871743857601,0
                80.0223887694703,6.88722845234422,0
                80.0223763981955,6.88724324437203,0
                80.0223308428466,6.88729771750582,0
                80.0222443282472,6.88736675941499,0
                80.0222406102163,6.88736973394205,0
                80.0221616644865,6.88745641694852,0
                80.0221246103809,6.88750133836285,0
                80.0220380117651,6.88760632656912,0
                80.0220096559598,6.88764183403634,0
                80.0218973070131,6.88778252277469,0
                80.0218967647926,6.88778324712362,0
                80.0218521518883,6.88784303503386,0
                80.0218314839324,6.88788272771782,0
                80.0218188442832,6.88790700393477,0
                80.0217875779842,6.88799611317658,0
                80.0217727768809,6.88811187030588,0
                80.0217722849094,6.88811572161493,0
                80.0217566123757,6.8882384020784,0
                80.0217434207393,6.88834110353633,0
                80.021725899172,6.88843547909658,0
                80.0217122692482,6.88847144654259,0
                80.0216758925078,6.88856742629361,0
                80.02164565905,6.88865390850588,0
                80.0216382423843,6.88867046076034,0
                80.0216278374372,6.88869368433902,0
                80.0216041627466,6.88874652812392,0
                80.0215719471998,6.88880416628904,0
                80.0215506274709,6.88884229267396,0
                80.0215100965624,6.88889830181124,0
                80.0214702212523,6.88895340683001,0
                80.0214523420163,6.88897811331248,0
                80.0214017647178,6.88904800753004,0
                80.021388966966,6.88906466069032,0
                80.0213596951581,6.88909628563391,0
                80.0213258643566,6.88913283422131,0
                80.0212367718349,6.88922908779512,0
                80.0212268281526,6.8892398298872,0
                80.0211269979257,6.88934768692233,0
                80.0211188515505,6.88935648862925,0
                80.0211128074046,6.88936049392474,0
                80.020961986342,6.88946042689176,0
                80.0208111652164,6.88956036161243,0
                80.0207788354117,6.88959006015547,0
                80.0206796857572,6.88968114169144,0
                80.0206404728976,6.88971835175253,0
                80.0206300274293,6.88972826474713,0
                80.0205835672926,6.88975558898133,0
                80.0205607309933,6.88977770776846,0
                80.0205195493418,6.88982856609284,0
                80.0204941876023,6.88985988880945,0
                80.0204705763942,6.88989195758345,0
                80.0204612720936,6.88990459596547,0
                80.0204540365163,6.8900169830972,0
                80.0204570258661,6.89012902380384,0
                80.020455756357,6.89018788725147,0
                80.0204317091912,6.89033863208308,0
                80.0203833259917,6.89064194333179,0
                80.0203503847498,6.89084845334109,0
                80.0203364962423,6.89091501364165,0
                80.0203267707212,6.89096162745726,0
                80.0202915015948,6.89100696474054,0
                80.0202644510623,6.89106190002712,0
                80.0202653635243,6.89111416683795,0
                80.0203135670977,6.89141418123358,0
                80.0203412739058,6.89162970669355,0
                80.0203512262501,6.89169518979067,0
                80.0203560501809,6.89172693642862,0
                80.020360695654,6.8918216182423,0
                80.0203660202216,6.89194397103026,0
                80.0203716852186,6.89213812141601,0
                80.0203735672355,6.89226372313184,0
                80.0203714216716,6.89230441076397,0
                80.0203116852157,6.89243027844499,0
                80.0202984798578,6.89245111666507,0
                80.0202704127966,6.8924954082709,0
                80.0202499464907,6.8925064076589,0
                80.0202371817174,6.89251072873014,0
                80.0201773665654,6.89251497440234,0
                80.0201616159034,6.89251928983954,0
                80.0201381415298,6.89252829150342,0
                80.0201252192144,6.89253324800629,0
                80.0201039351744,6.89254695882768,0
                80.0200956851567,6.89255716373227,0
                80.0200815274601,6.89258399738967,0
                80.0200653489328,6.89268581959664,0
                80.0200389393141,6.89273362770543,0
                80.0199891929087,6.89277840760962,0
                80.019926860626,6.8928339344173,0
                80.0198921103378,6.89285780388682,0
                80.0197955983033,6.89295454717494,0
                80.0197103754476,6.89310274629782,0
                80.0196580425198,6.89319402375917,0
                80.0195903082432,6.89333402916791,0
                80.0195246676372,6.89338454114963,0
                80.0194104513949,6.89348662658838,0
                80.0192386509234,6.89369794027365,0
                80.0190358205481,6.89397867778864,0
                80.0189406248256,6.89412713217848,0
                80.0188195315284,6.89421846862549,0
                80.0186604934894,6.89430306607179,0
                80.018477883411,6.89434927069936,0
                80.0183174731472,6.89436298572614,0
                80.0181998126829,6.89436718087728,0
                80.0180152441718,6.89449439709357,0
                80.0179504779072,6.89457468246032,0
                80.0179431127154,6.89459228725215,0
                80.0179153038318,6.89457586720968,0
                80.0178997657939,6.89455965745458,0
                80.0178823692488,6.89451785372352,0
                80.0178722747355,6.89449360393518,0
                80.0178622413118,6.89443038040228,0
                80.0178595466482,6.89440769495709,0
                80.0178453662111,6.89428829768984,0
                80.0178173321397,6.89417056935113,0
                80.0177563834697,6.89391461292927,0
                80.0177318231726,6.89381158588848,0
                80.0177242955428,6.89378000946685,0
                80.0177088997251,6.893656215639,0
                80.0177059845975,6.89363277027785,0
                80.0176808768447,6.89343081259437,0
                80.0176784282251,6.89332058130124,0
                80.0176856037011,6.893273203056,0
                80.0176943391656,6.89321553336943,0
                80.0177064891123,6.89317397822255,0
                80.0173370387902,6.89305544873942,0
                80.0169130726303,6.89293628523008,0
                80.0164257685895,6.89276602934588,0
                80.0161771217007,6.89266243494335,0
                80.0159944144195,6.89237829189136,0
                80.0155945561355,6.8923653293719,0
                80.01518952859,6.89239665990863,0
                80.0149403263916,6.89223598724159,0
                80.0146264017101,6.89206587944534,0
                80.0145271933441,6.89182332959262,0
                80.0142867598247,6.89144371882245,0
                80.014011796389,6.89080809398555,0
                80.0138921329111,6.89053360787698,0
                80.0136219679237,6.89035803905378,0
                80.0134809119336,6.88979572686725,0
                80.0135508191247,6.88946535998924,0
                80.0134545139637,6.88926437097123,0
                80.0132665077776,6.88909480626681,0
                80.0128716788407,6.88866101389339,0
                80.0127380727249,6.88837505036532,0
                80.0126135506698,6.8881085308151,0
                80.012431835129,6.88784645098911,0
                80.0123258737326,6.88765845302134,0
                80.0122360501971,6.88767922818521,0
                80.0120817347068,6.88762996781218,0
                80.011906032783,6.88754145343036,0
                80.0118020321246,6.88762589080171,0
                80.0116894241368,6.88761592582336,0
                80.0114961453065,6.88751005515916,0
                80.0114462105761,6.88725107045286,0
                80.0113849611747,6.88710339356614,0
                80.0113835611923,6.88707023633568,0
                80.0112786357015,6.88684257430906,0
                80.0107104636091,6.88677545400454,0
                80.0105498311301,6.88670371804488,0
                80.0104586329186,6.88651270154001,0
                80.0102514354064,6.88655563844009,0
                80.0100219705139,6.88607274474167,0
                80.009747829529,6.88545241304265,0
                80.0094912188624,6.88484724820472,0
                80.0092608029258,6.8842706813071,0
                80.0091761024803,6.88408391596911,0
                80.0091586239588,6.88404537621212,0
                80.0089917017791,6.88367731201469,0
                80.0089193561781,6.88365350384052,0
                80.0088234164449,6.88362389142824,0
                80.0087720296047,6.88333885574271,0
                80.0086240775944,6.88308187290244,0
                80.0085623558053,6.8828123509901,0
                80.0084722002542,6.88256234039039,0
                80.008426255502,6.88229394697788,0
                80.0085071289046,6.88208957321995,0
                80.0085204458643,6.88195998582773,0
                80.0083234446731,6.8818880779021,0
                80.0080902441237,6.88186762105476,0
                80.0079791076725,6.8818133841772,0
                80.007902607914,6.88166056629851,0
                80.0077846938955,6.88142737063255,0
                80.0077142096067,6.88140597149848,0
                80.0076431172446,6.88133118759068,0
                80.0075869392783,6.88123181144048,0
                80.0076196798447,6.88102167460815,0
                80.0075780963888,6.88071525571792,0
                80.0074618346649,6.88036860730756,0
                80.0074598629449,6.88017191774836,0
                80.0074614076907,6.8801560073647,0
                80.0073305934788,6.87972390901457,0
                80.0072633888205,6.87973992816192,0
                80.0071785424876,6.87969022027009,0
                80.0068849198712,6.87906932455559,0
                80.0069032271475,6.87906665483041,0
                80.006717807545,6.87870218189119,0
                80.006549490801,6.87823864678297,0
                80.0063526463277,6.8775038724927,0
                80.0062546376711,6.87697225336142,0
                80.006062285128,6.87702827454325,0
                80.0058807519662,6.87650884487695,0
                80.0056698763798,6.87608468325073,0
                80.0055899752649,6.87571237917973,0
                80.0056137782245,6.87529254236247,0
                80.0056088231248,6.87531194757143,0
                80.005518987235,6.87518124204941,0
                80.0054464248982,6.87497456454206,0
                80.0053755684069,6.87472955079134,0
                80.005382870172,6.87417997832325,0
                80.0054186101333,6.87357415347402,0
                80.0054444681999,6.87311694035554,0
                80.005458055414,6.87268790718487,0
                80.0054072742696,6.87246143923047,0
                80.0053296534589,6.87220492529428,0
                80.0052524389209,6.87205677645499,0
                80.0052528133046,6.87197101053884,0
                80.0052032962008,6.87179959490745,0
                80.0052158650946,6.87149212468692,0
                80.0052264994609,6.87123579260384,0
                80.0051870389595,6.87105371857763,0
                80.0051484885192,6.87089363900737,0
                80.0050813411719,6.87057792758116,0
                80.0050569781718,6.87050900133698,0
                80.0051224237878,6.8703367806329,0
                80.0051541359012,6.87008311291322,0
                80.0051911586638,6.86991329693355,0
                80.0051208680946,6.86983849424267,0
                80.0050752535565,6.86971192629359,0
                80.0050980492851,6.86961759259412,0
                80.0050840377834,6.86946558400783,0
                80.0050856088934,6.86916382353475,0
                80.005084505628,6.86918088482061,0
                80.0050833986589,6.86919799854657,0
                80.0050397467858,6.86886303382359,0
                80.0050254186103,6.8686835257976,0
                80.0050152383094,6.86855597771817,0
                80.0050367856148,6.86845195846662,0
                80.0050236525097,6.86815180828472,0
                80.0049589144518,6.86753032107441,0
                80.0049523144909,6.86700904429142,0
                80.0060183858513,6.86697411979745,0
                80.0060078412087,6.86679111660428,0
                80.0060258209182,6.86668301972832,0
                80.006066061529,6.8665495738066,0
                80.0060508397531,6.86643147870696,0
                80.0061308394787,6.86631255189435,0
                80.0062398743585,6.86613599998562,0
                80.006238112298,6.86594953498205,0
                80.0062352299643,6.86593700658391,0
                80.0061745804766,6.86571002007439,0
                80.0061039056931,6.86553232221643,0
                80.0060309374933,6.86533936879852,0
                80.0060427891347,6.86517672082887,0
                80.0060697849478,6.86501727741095,0
                80.0060961632251,6.86484630932148,0
                80.0060813489749,6.86480616877392,0
                80.0061138858767,6.86477194389799,0
                80.0061218041779,6.86476361407071,0
                80.0061248634864,6.86476229698174,0
                80.0061239809881,6.86475858002884,0
                80.0061220011333,6.86475197587313,0
                80.0061190295349,6.86474319903636,0
                80.0061170469156,6.8647383138425,0
                80.0061155143508,6.86473487525644,0
                80.0061145224616,6.86473279299949,0
                80.0061112752152,6.8647266398336,0
                80.0061069434225,6.86471976062663,0
                80.0060992699826,6.8647091686544,0
                80.0060913243895,6.86469902746221,0
                80.0060859063029,6.86469250911151,0
                80.0060785009467,6.864683997329,0
                80.0060683852395,6.86467303973561,0
                80.0060623321914,6.86466697158197,0
                80.0060621659848,6.86466680402998,0
                80.0060566115626,6.86466123491533,0
                80.0060542936836,6.86465890999934,0
                80.0060460730271,6.86465102987682,0
                80.0060364968318,6.86464215290895,0
                80.0059990949211,6.86460782290679,0
                80.0059909965049,6.86460044573911,0
                80.0059616022505,6.86457367270084,0
                80.0059362144471,6.86455129710326,0
                80.0059325100259,6.86454812630008,0
                80.0059395683666,6.8645361301964,0
                80.0059267662849,6.86452526232558,0
                80.0058973510457,6.86450029050279,0
                80.0058969652417,6.86449996164261,0
                80.0058889428228,6.86449315065186,0
                80.0058753275703,6.86448159153573,0
                80.0058592064129,6.86446760682941,0
                80.0058197514564,6.86443338202603,0
                80.0057868757992,6.86440486090797,0
                80.0057397907959,6.86437132733837,0
                80.005695308678,6.86435136249908,0
                80.0056763954798,6.86434466149958,0
                80.0056291558914,6.86432792398753,0
                80.0056066022022,6.86431993401294,0
                80.0055818870437,6.86431700161144,0
                80.0055339637707,6.86431131645905,0
                80.0054196050432,6.86431448282823,0
                80.0054125358316,6.86431467853402,0
                80.005407382084,6.86431482125636,0
                80.0053963623987,6.86430788879201,0
                80.0053838399226,6.86430263218625,0
                80.0053779522907,6.86429217238285,0
                80.0053740680408,6.86428774529321,0
                80.0053523655519,6.86426301009486,0
                80.005321670146,6.86422172635152,0
                80.0052984036585,6.86417430750846,0
                80.0052939933447,6.86416001247246,0
                80.00529323467,6.86412546916868,0
                80.0052969057257,6.86409934154387,0
                80.0052988286585,6.86408565620487,0
                80.0053062110339,6.86403311708724,0
                80.0053065972742,6.86403036428825,0
                80.0052992317039,6.86394825621914,0
                80.0052985979787,6.86394119396624,0
                80.0052938008064,6.86392216821296,0
                80.005292393839,6.86391658857952,0
                80.0052326126029,6.86384641361485,0
                80.0052131254512,6.86381183928979,0
                80.0052101438088,6.86380369449925,0
                80.0052069991274,6.86379510094198,0
                80.0052061173369,6.8637870155913,0
                80.0052042351413,6.86376977769242,0
                80.0052076950348,6.8637056543407,0
                80.0052077985302,6.86370374926705,0
                80.0052078331679,6.86370302773683,0
                80.0052102979208,6.86365739003333,0
                80.0052114056265,6.86363754639277,0
                80.0052125776031,6.86361655808384,0
                80.0052185437205,6.86350969428882,0
                80.0052197073144,6.86348885426207,0
                80.0052209926344,6.86345703239928,0
                80.0052275287453,6.86329508755427,0
                80.005225517315,6.86328956120343,0
                80.0052160483601,6.86326355170271,0
                80.0052136613031,6.86325699571924,0
                80.0052023971061,6.86322605339857,0
                80.0051907590822,6.86320532842306,0
                80.0051534688944,6.86315734357736,0
                80.0051531366909,6.86315687916647,0
                80.0051396138196,6.86313798858094,0
                80.0051252144007,6.8631178731447,0
                80.0050964121191,6.86310169965152,0
                80.0050434972073,6.86307198702893,0
                80.0050189354477,6.86300361026414,0
                80.0050064784752,6.86296893421127,0
                80.0049795189235,6.86294394188133,0
                80.0049198541457,6.86288863012271,0
                80.0048950871774,6.86286567043698,0
                80.0048866035716,6.86285817417979,0
                80.0048212743987,6.8628004462047,0
                80.004737423921,6.86278710936036,0
                80.0046667065845,6.86282171850987,0
                80.0045504335583,6.86288510059205,0
                80.0045099517545,6.86291836674202,0
                80.004482124362,6.8629412336635,0
                80.0042722763914,6.86296268813451,0
                80.004066997703,6.8629564800393,0
                80.0040181998782,6.86295068302606,0
                80.0038887936174,6.86293530503559,0
                80.0037186513882,6.862908807923,0
                80.0037130031742,6.86290981247972,0
                80.0036564522532,6.8629198696875,0
                80.003596202524,6.86293058464271,0
                80.0034416805276,6.86292454758265,0
                80.0032602172663,6.86292766771437,0
                80.0032253460275,6.86292826798165,0
                80.0030054935569,6.86292655715433,0
                80.0027578375418,6.86288528597991,0
                80.0026730296117,6.86285084763965,0
                80.0026556669397,6.86284379728265,0
                80.0025774908188,6.86284021605054,0
                80.0025124535212,6.86283723652936,0
                80.0023732717545,6.86279984847583,0
                80.0021726634939,6.86270749180206,0
                80.0021665084854,6.86270465882177,0
                80.0019077578217,6.86258605659546,0
                80.0018496921399,6.86255427817939,0
                80.0017781385256,6.86251511834605,0
                80.001744034946,6.86249645486506,0
                80.0016981302156,6.86247133230768,0
                80.0016664846447,6.86245560344126,0
                80.0015827768998,6.86241399786843,0
                80.0014922955463,6.86236158649489,0
                80.0014317459176,6.86231889885895,0
                80.0013379846422,6.8622800448907,0
                80.0012592325465,6.86224835957879,0
                80.0012065085183,6.86223398825091,0
                80.0011752167438,6.86222552732214,0
                80.0010939007794,6.86221273650425,0
                80.0010332809697,6.8622134523369,0
                80.0009803572737,6.8622106540586,0
                80.0009590974667,6.86220944417541,0
                80.0008615571253,6.86221417029299,0
                80.0008134218679,6.8622149958028,0
                80.0007755795166,6.86221613183012,0
                80.0007505391794,6.86221688345556,0
                80.0007324451329,6.86221622122682,0
                80.0007162553541,6.86221570946831,0
                80.0007159568001,6.8622156999431,0
                80.0006993327617,6.86221517391812,0
                80.0006870285541,6.86221488184332,0
                80.0006369966818,6.86221362541554,0
                80.0005907625042,6.8621975735855,0
                80.0005851842,6.86219563762328,0
                80.0005165309986,6.86212879441593,0
                80.0004882549983,6.8620973036589,0
                80.0004251345643,6.86202700976045,0
                80.0003790848107,6.86198927810259,0
                80.0003786917645,6.86198895555655,0
                80.0003281381587,6.86197467716921,0
                80.0002870028899,6.86195659359262,0
                80.0002756996875,6.8619516245791,0
                80.000268111944,6.86194688492472,0
                80.0002576057018,6.86194032030881,0
                80.0002172410812,6.86191510531237,0
                80.0001575677211,6.86187782812736,0
                80.0001572721746,6.86187763775826,0
                80.0001563475764,6.8618770412708,0
                80.000093713431,6.86183668305628,0
                80.0000668259431,6.86181935766905,0
                80.0000554001866,6.8618068289892,0
                79.999960795215,6.8617030813849,0
                79.9999213920657,6.86166857231559,0
                79.9998899367682,6.86164102430447,0
                79.999874423243,6.86162743827509,0
                79.9998032671579,6.86159552451323,0
                79.9997979375054,6.86159313320753,0
                79.9997530251851,6.8615793657527,0
                79.9996905955757,6.86156022676619,0
                79.9995653890038,6.86149735915681,0
                79.9995489394799,6.86149077676495,0
                79.9994607776979,6.86145550419061,0
                79.9993765258398,6.86142440739388,0
                79.9991984646309,6.86135868710453,0
                79.9990439401301,6.86129830555916,0
                79.9988629815563,6.86124791640132,0
                79.998853212844,6.8612440665833,0
                79.9988323996243,6.8612358666416,0
                79.9987848607841,6.86121713688786,0
                79.9987349469261,6.86120345166174,0
                79.9986826681906,6.8611891196811,0
                79.9985894779636,6.86119005368974,0
                79.9985174461208,6.86119834634631,0
                79.9984491403206,6.86119588455753,0
                79.9983811018847,6.86119704015951,0
                79.9983330672108,6.8611917176551,0
                79.9983029319751,6.8611965516845,0
                79.9982670001175,6.86120408903501,0
                79.9982350658041,6.86120250002602,0
                79.9981821748467,6.86117908479616,0
                79.9981722833917,6.86117449600044,0
                79.9981638899844,6.8611706022838,0
                79.9981397973638,6.86115942475154,0
                79.9981092171215,6.86114523822801,0
                79.9980391999317,6.86111802903314,0
                79.9979844390204,6.86109674928105,0
                79.9979449153628,6.86108809485483,0
                79.9979086454313,6.8610815254611,0
                79.9978664075247,6.86107286662426,0
                79.9978176552909,6.86106483018101,0
                79.997764920076,6.86105751066186,0
                79.9977266555851,6.86105346989412,0
                79.9976936364452,6.86105079399973,0
                79.9976666039194,6.86103818116349,0
                79.9976383279835,6.86101182274006,0
                79.9976212550902,6.86099524650143,0
                79.9976073486765,6.86097876673089,0
                79.9975678537174,6.86095302306105,0
                79.9975549927758,6.86094682530861,0
                79.9975473319016,6.86094313260872,0
                79.9975415460315,6.86093977752204,0
                79.9975134330263,6.8609295238988,0
                79.997495974409,6.86092315591711,0
                79.997413852322,6.86090502817628,0
                79.9973953936278,6.86090554074948,0
                79.9973659916156,6.86090458876598,0
                79.9973279558649,6.86089954643999,0
                79.997319709916,6.86089845338518,0
                79.9973093662966,6.86089708293862,0
                79.9972337481351,6.86088529542029,0
                79.9971793421639,6.8608805818631,0
                79.9971146080871,6.86087497440968,0
                79.9970016362556,6.86085543922384,0
                79.9969265564266,6.8608469982264,0
                79.9969115800682,6.86084810419585,0
                79.9968870130849,6.86084991887961,0
                79.9968714503763,6.86085106820292,0
                79.9968280065582,6.86085459920625,0
                79.9968136290458,6.86085576672983,0
                79.9967796260335,6.86084612651722,0
                79.9967715862031,6.86084458076324,0
                79.9967715563567,6.86084457438504,0
                79.9967208355184,6.8608348183857,0
                79.99668930826,6.86083441811176,0
                79.9966390475824,6.86083378122174,0
                79.9965770624193,6.86082690499314,0
                79.996553835283,6.86082432903322,0
                79.9964625506931,6.8608207445271,0
                79.996385114416,6.86081483239566,0
                79.9963711048132,6.86081230939117,0
                79.9963177292149,6.86080269642556,0
                79.9962443737438,6.8607910019545,0
                79.9962268952684,6.86078851218754,0
                79.9961480399637,6.86077728167687,0
                79.996116155718,6.86077164613258,0
                79.9960773077906,6.86076477943877,0
                79.9959988786669,6.86075741794151,0
                79.9959833784936,6.86075739272849,0
                79.995940522306,6.86075732301481,0
                79.9958632765387,6.8607444466452,0
                79.9957965304798,6.86072987019305,0
                79.9957370185724,6.86071711398546,0
                79.9956911452689,6.86069635663251,0
                79.995658001495,6.86068135830494,0
                79.9956249684339,6.86065338429498,0
                79.9955842239565,6.86061888177162,0
                79.9954314024051,6.8604894712382,0
                79.9953035045039,6.86035760553475,0
                79.9952954125708,6.86035972637025,0
                79.9952630448366,6.86036821061502,0
                79.995174759182,6.86035712465182,0
                79.9950801267265,6.86035434916366,0
                79.9950371627277,6.86035606145682,0
                79.9949973366071,6.86035765045423,0
                79.9948404954878,6.86033144237528,0
                79.9946922882159,6.86030148305414,0
                79.9946795019656,6.86029889869909,0
                79.9945284246604,6.86030066627637,0
                79.9944488774315,6.86030159822078,0
                79.9944279437365,6.86029689641233,0
                79.9943434221121,6.86027791517731,0
                79.9940293071748,6.86021356367999,0
                79.993935351341,6.86018375136866,0
                79.9938389338397,6.86016659439639,0
                79.9938236593746,6.86015635156293,0
                79.9938293905878,6.86013719190998,0
                79.9938141270875,6.86012134280131,0
                79.9935606537909,6.86004225946654,0
                79.9935495335335,6.8600378105438,0
                79.9935399363178,6.86002871811687,0
                79.993524926882,6.86005009248466,0
                79.9935085807327,6.86007337081021,0
                79.993478887944,6.86010480983164,0
                79.9934609981352,6.86012374980203,0
                79.9934112874527,6.86014871615137,0
                79.9933802578471,6.86014833546645,0
                79.9933518456336,6.8601479861783,0
                79.9932690771437,6.86013808529478,0
                79.9931693891325,6.86012860889917,0
                79.9930831570264,6.8601266062979,0
                79.9930731273466,6.86012637200193,0
                79.9929883722869,6.86011465934658,0
                79.9929061838988,6.86008142994158,0
                79.9928390035623,6.86005536853325,0
                79.9928524698134,6.86000891255751,0
                79.9928606299375,6.85998334310799,0
                79.9928809770569,6.85991957763829,0
                79.992772930776,6.85989808101134,0
                79.9926694933456,6.85987047198889,0
                79.9926607020088,6.85986874047671,0
                79.9925262262328,6.85975760757094,0
                79.9925153808522,6.85974829335671,0
                79.9923281034549,6.85956170660095,0
                79.9920280118289,6.85936538028913,0
                79.9920248740017,6.85936437145324,0
                79.9919304353416,6.85933401815997,0
                79.9918328588692,6.85930265601234,0
                79.9915515712322,6.85922057659071,0
                79.9915427877905,6.85922287527193,0
                79.9914307891378,6.85917637869954,0
                79.9913055223528,6.85912437346653,0
                79.9911695661089,6.85908113902409,0
                79.9910673361647,6.859053377036,0
                79.990906851338,6.85904217397452,0
                79.9908566956932,6.85906207468026,0
                79.9907760992036,6.85905308209276,0
                79.9906398292035,6.85900647056128,0
                79.9905151346478,6.85896367756737,0
                79.9904033724747,6.85892370706077,0
                79.990400207646,6.85892261678911,0
                79.9902738301752,6.85885838958642,0
                79.9902367139666,6.85881637204495,0
                79.9902067240414,6.85878729680891,0
                79.9901783042279,6.85879385120258,0
                79.9901404411037,6.85882109722052,0
                79.9901125905339,6.85881155797379,0
                79.9900990214691,6.85880749288439,0
                79.9900861848888,6.85880364782091,0
                79.9900838662533,6.85880295499094,0
                79.9900714628251,6.85879924536856,0
                79.9900250539561,6.8587853715262,0
                79.9899278108256,6.85875117929184,0
                79.9898493629386,6.85872359619021,0
                79.9896313544348,6.85864737310199,0
                79.9895576325503,6.85861013228326,0
                79.9894839106767,6.85857289235866,0
                79.9894006930028,6.85850674638696,0
                79.9892782116775,6.85843863710563,0
                79.9891646837879,6.85837271356306,0
                79.9890301225145,6.85833315839019,0
                79.9888999553816,6.85828989215791,0
                79.9888898729686,6.85828654077782,0
                79.9887804420549,6.85824197930777,0
                79.988729568754,6.85822126287501,0
                79.9886650010079,6.8582017799499,0
                79.9885689655278,6.85817280238779,0
                79.9884460818191,6.85813001096796,0
                79.9882442144595,6.85808464837548,0
                79.9881410265653,6.85805925153196,0
                79.9880378377811,6.85803385376176,0
                79.9879725365934,6.85802027422942,0
                79.987863798996,6.85801249817269,0
                79.9877911325147,6.85802133165795,0
                79.9877579013944,6.85803827585557,0
                79.9877255412219,6.85803946510702,0
                79.9876895889927,6.85804078680215,0
                79.9876301128735,6.85803472108062,0
                79.9875706358535,6.85802865444616,0
                79.9875530025761,6.85801973046043,0
                79.9875182946904,6.85800216552822,0
                79.9874277095766,6.85796986006428,0
                79.9873957727253,6.8579584693054,0
                79.9873272359044,6.85794122581636,0
                79.9873212516843,6.85793972036598,0
                79.9873072362359,6.85793589861372,0
                79.9872974687251,6.85793307941274,0
                79.9872835454447,6.85792987811966,0
                79.9872661763902,6.85792588447248,0
                79.9872588508035,6.85792415437304,0
                79.9872538768032,6.85792288025966,0
                79.9872253958581,6.8579110783179,0
                79.987177477562,6.85789146795416,0
                79.9871595990485,6.85788368198957,0
                79.9871180775035,6.8578655994528,0
                79.9870666219386,6.85785131827489,0
                79.9870186854701,6.85784165450065,0
                79.9869938218784,6.85783139660682,0
                79.986962798908,6.85782600966565,0
                79.9869548338814,6.85782579944085,0
                79.9869263383778,6.85782504545612,0
                79.9868775765027,6.85782324719361,0
                79.9868464730139,6.85781071752559,0
                79.9868353063742,6.85779825230098,0
                79.9866792679039,6.85776247345025,0
                79.9865107023982,6.85833017501852,0
                79.9863198279813,6.85835337829125,0
                79.986088100277,6.85837627187815,0
                79.9858896046456,6.85840527849176,0
                79.9857094415052,6.85849374272453,0
                79.9855696332004,6.85859725029407,0
                79.9854537444005,6.85881049500175,0
                79.9854386204159,6.85891537356239,0
                79.9853961449946,6.85898627727665,0
                79.9853037251445,6.85911838797627,0
                79.9852637392037,6.85920539665794,0
                79.9852529357866,6.85931273552846,0
                79.9853019743604,6.85946984019302,0
                79.9853417460272,6.85967494467021,0
                79.985422420839,6.85992643350614,0
                79.9854705734053,6.86008539853042,0
                79.9855302129291,6.8602381884492,0
                79.9854883303165,6.86047172142594,0
                79.9853740414865,6.86074687469011,0
                79.9853519303408,6.86090799532154,0
                79.9853268208202,6.86107569929024,0
                79.9853686524271,6.8612749223775,0
                79.9853688174228,6.86137830881149,0
                79.9853352416324,6.86147560200402,0
                79.9852422465261,6.86170863830146,0
                79.9849902532222,6.86191299295134,0
                79.9848609646996,6.86212789985667,0
                79.9846843257623,6.86229191938252,0
                79.9845281784821,6.86249424094688,0
                79.9844447272119,6.86258976258234,0
                79.9843455035341,6.8627771080075,0
                79.9842516991982,6.86295737040881,0
                79.9841966764789,6.86319489355362,0
                79.9841992244271,6.86323637790167,0
                79.9842181782162,6.86338459493398,0
                79.9842050469406,6.86338494036471,0
                79.9841161446098,6.86338727021651,0
                79.9840224897956,6.86339932994523,0
                79.9839421232256,6.86340967909121,0
                79.9838243972593,6.86341964186262,0
                79.9838046256028,6.8634213145813,0
                79.9837461268363,6.86342626355076,0
                79.9837258584468,6.86342794991295,0
                79.9835588317673,6.8634328270746,0
                79.9835233654905,6.86343331098474,0
                79.9831022206949,6.86331235174253,0
                79.9828312773464,6.86323929135321,0
                79.9827869306218,6.86322958331385,0
                79.9826735454466,6.86320476151429,0
                79.9825822435992,6.86317552377137,0
                79.9825407084829,6.8631622233041,0
                79.9825404408173,6.86316213786266,0
                79.9825295581535,6.86317432073654,0
                79.9825014325545,6.86322043373679,0
                79.9824995301162,6.86322355292244,0
                79.9824707723171,6.86327007358933,0
                79.9824657187995,6.86327908952171,0
                79.9824564738271,6.86329558470402,0
                79.9824556961546,6.86329697142239,0
                79.9824450001884,6.86331605574925,0
                79.9824424054546,6.86332036195757,0
                79.9823907194202,6.86340614918468,0
                79.9823390333661,6.86349193640379,0
                79.9822402198577,6.86366484398029,0
                79.9821647399715,6.86378805616738,0
                79.9821338151938,6.86383186050206,0
                79.9821007206532,6.86387466657825,0
                79.9820864038129,6.86388721267974,0
                79.9820756651886,6.86389490261892,0
                79.9820673831758,6.86390083426675,0
                79.9820437506814,6.86391137470813,0
                79.9820297195152,6.8639158735612,0
                79.9820081783029,6.86392072076442,0
                79.9819782230415,6.86392546270011,0
                79.9819347027862,6.86392638526543,0
                79.9818603337638,6.86392526739291,0
                79.9818467614172,6.8639253362338,0
                79.9817691391357,6.86392407460857,0
                79.9816609306244,6.86392231558953,0
                79.9815488183522,6.86391931307814,0
                79.9815385217918,6.86391903739969,0
                79.9813962090081,6.86391590974298,0
                79.9811750057251,6.8639108382335,0
                79.9810530543911,6.86390448807853,0
                79.9809319146419,6.86390030941014,0
                79.9808725648358,6.86389903454629,0
                79.9808378105999,6.86389842078573,0
                79.9808047102066,6.86389783689355,0
                79.9806665582748,6.86389588962521,0
                79.9805949937112,6.86389441451564,0
                79.9804439114766,6.86389219977326,0
                79.9803654639083,6.86389104958179,0
                79.9802360061229,6.86389107520047,0
                79.9802195260092,6.86389107858396,0
                79.9800540417116,6.86389387822071,0
                79.9799673619379,6.86389644698716,0
                79.9799564738929,6.86389603917813,0
                79.9797448975111,6.86388812018334,0
                79.9796347957913,6.86388395952556,0
                79.9795760788859,6.86388295592042,0
                79.9794563803322,6.86388266749775,0
                79.9794014611268,6.86388248580472,0
                79.9792227768085,6.86387965784793,0
                79.9790628198172,6.86387803466236,0
                79.9789388733143,6.86387565839734,0
                79.9789015973818,6.86387514429089,0
                79.9788485808752,6.86387388061384,0
                79.9786573255053,6.86386804755658,0
                79.9785160190849,6.86386537555443,0
                79.978490910227,6.86386490155262,0
                79.9784632618062,6.8638643781121,0
                79.9784219639692,6.86386457343252,0
                79.9782513666744,6.86386538094656,0
                79.9780742422239,6.86386526154172,0
                79.9780751449376,6.8638778861974,0
                79.9780922814366,6.86411756473977,0
                79.9781047558468,6.86429203368056,0
                79.9781091694935,6.86435376878783,0
                79.9781097309198,6.86436162483193,0
                79.9781181966036,6.8644800343323,0
                79.9780646846177,6.86458384753481,0
                79.978044306959,6.86462338031849,0
                79.978036427389,6.86470157287309,0
                79.9780352976573,6.86471278624704,0
                79.9780341670208,6.86472399961947,0
                79.9780341642613,6.864724026742,0
                79.9780325607422,6.86473994226515,0
                79.9780322838218,6.86474269520656,0
                79.9780291578931,6.86479262831375,0
                79.9780193171072,6.86494988049095,0
                79.9780167852121,6.86500710093028,0
                79.9780066237277,6.86523677383663,0
                79.9780058667031,6.86525344399822,0
                79.9780035251309,6.86530503858918,0
                79.9779785767654,6.86559139067927,0
                79.9779752072073,6.86563006471966,0
                79.9779527803842,6.86594895183809,0
                79.9779216448994,6.86606455101663,0
                79.9778967544673,6.86612455181394,0
                79.9778767024129,6.86614347665158,0
                79.9778553418265,6.86616363630503,0
                79.9778204400449,6.86618793922149,0
                79.9778089643321,6.8661959298382,0
                79.9777817239336,6.8662002257028,0
                79.9777315128363,6.86619842400462,0
                79.9776257997957,6.86616650915483,0
                79.9776128076386,6.8661631499681,0
                79.9775666540964,6.86615121941999,0
                79.9775236575729,6.8661418124289,0
                79.9774990905273,6.8661272539632,0
                79.9773670287601,6.86610750235134,0
                79.9772743995709,6.86609667795921,0
                79.9772165105941,6.86608735824274,0
                79.9770213512528,6.86603494881724,0
                79.9768611693135,6.86600402806765,0
                79.9767879967882,6.86599061374607,0
                79.9767472046982,6.86598313096466,0
                79.9766973626395,6.8659770798631,0
                79.9766363934489,6.86597073892328,0
                79.9765799483426,6.86596313959181,0
                79.9764689702047,6.86594179528904,0
                79.9763551849179,6.86592243650256,0
                79.9763301815971,6.86591830762636,0
                79.9762783008197,6.86590973839761,0
                79.9761664946833,6.86589716374312,0
                79.976096654839,6.86589270682726,0
                79.9760585930623,6.86589079955011,0
                79.9760205285721,6.86588889226543,0
                79.9760145088183,6.86588859105138,0
                79.9758797941096,6.86588637680839,0
                79.9757460629936,6.86589166933529,0
                79.9756438748309,6.86590917378143,0
                79.9756427796978,6.8659093989157,0
                79.9755459427165,6.86593853624068,0
                79.9754310583624,6.86598021137858,0
                79.9753247752137,6.86601936718776,0
                79.9751879857606,6.86606751616352,0
                79.9750724768006,6.86610448632559,0
                79.9749676466615,6.8661398475883,0
                79.9748789468553,6.86617177347332,0
                79.9748751246638,6.86617314966061,0
                79.9748289753108,6.86619120425128,0
                79.9747549846046,6.86622014992705,0
                79.9746739602426,6.86624913084788,0
                79.974577995448,6.86628468769154,0
                79.9745038440282,6.86631557987735,0
                79.9745033947222,6.86631320460083,0
                79.9742575358196,6.86634989500623,0
                79.9742466251631,6.86635216175522,0
                79.9740177008722,6.86636924849368,0
                79.9729754185062,6.86644704034829,0
                79.9730060081759,6.8662675880819,0
                79.9730271038712,6.86615088654814,0
                79.9730440934234,6.86605434259729,0
                79.9730584150351,6.86595660239089,0
                79.9730653278021,6.86590942912278,0
                79.973068531607,6.86588728070512,0
                79.9730855684556,6.86576306720209,0
                79.9730917008465,6.8657204879533,0
                79.9730966209638,6.8656864779278,0
                79.97310433388,6.86563315990506,0
                79.9731105597752,6.86558877233972,0
                79.9731135308286,6.86556406002142,0
                79.9731147557656,6.86555387314038,0
                79.9729184840077,6.86552759629715,0
                79.9726634624704,6.86549345440916,0
                79.9725477357854,6.86547795981569,0
                79.9725073909207,6.86547255808288,0
                79.9724043551241,6.86545876299653,0
                79.9723890582246,6.86545671999426,0
                79.9723668826613,6.86546156568131,0
                79.9723439779691,6.86547066005384,0
                79.9723344180894,6.86547402857696,0
                79.9721388071651,6.86554295953766,0
                79.9720856094954,6.86556170553197,0
                79.972028573384,6.86558180414672,0
                79.9720114648827,6.86558692958809,0
                79.9719872225548,6.86558871818413,0
                79.971984646384,6.86558891460219,0
                79.9719452288651,6.86559161090623,0
                79.9718467880947,6.8655984200946,0
                79.9717627183319,6.86560423521158,0
                79.9716704575998,6.86560748390746,0
                79.9715764189183,6.86561079470586,0
                79.9714828734831,6.86560647818026,0
                79.9714176466714,6.86560338469085,0
                79.9713327920376,6.86559655086777,0
                79.9711487013076,6.86558041758662,0
                79.9709959053403,6.86556958137547,0
                79.9709821556663,6.86556856361833,0
                79.9708104448841,6.86556149336359,0
                79.9706564716906,6.86555183057415,0
                79.9705508979452,6.86554460100458,0
                79.9704901138895,6.86553590769283,0
                79.9704480553433,6.86552842226212,0
                79.970424262321,6.86552666421779,0
                79.970356659291,6.86553776309033,0
                79.9702538418932,6.86555929187708,0
                79.9701242188085,6.86559669010817,0
                79.9700204763894,6.86563024361895,0
                79.9699236000152,6.86567086169204,0
                79.9698084142626,6.86573070915615,0
                79.9697504535348,6.86576415877589,0
                79.9697410501363,6.86577022665059,0
                79.9696644987465,6.86581962462747,0
                79.969606707218,6.86586003802901,0
                79.9695013481693,6.86594015591448,0
                79.9692542945842,6.86613442190956,0
                79.9690792721514,6.86626695936824,0
                79.9688776945703,6.86642657907747,0
                79.9688443300707,6.86645219411239,0
                79.9687919029835,6.86649244372582,0
                79.9687531219531,6.86647284690984,0
                79.9687216570836,6.86646058672273,0
                79.9687190403513,6.86645961749503,0
                79.9686579115457,6.86643696920346,0
                79.9685928969164,6.86641479721842,0
                79.9684826715922,6.86637599972163,0
                79.968423266907,6.86635410753611,0
                79.9683884637728,6.8663363258682,0
                79.9682994317082,6.86628454397198,0
                79.9682207306257,6.86622391797351,0
                79.9681652834292,6.86618537913321,0
                79.9681450912385,6.86617134481847,0
                79.9681337198475,6.86616890862626,0
                79.9681263686438,6.86616733461821,0
                79.9681138344292,6.86616716790358,0
                79.9681123099207,6.86616662821758,0
                79.9681068037241,6.86616707466844,0
                79.9680096576837,6.86616578147727,0
                79.9678887798106,6.86616774779717,0
                79.967801125346,6.86616926917853,0
                79.9677463660736,6.86617022030154,0
                79.9677173495625,6.86616865404961,0
                79.9675716744479,6.86616079282867,0
                79.9675348842812,6.86615922158855,0
                79.9674283713857,6.86615467350628,0
                79.9673904576224,6.86615732223206,0
                79.9673758871158,6.8661596486545,0
                79.9673577860954,6.86616260208286,0
                79.9673097273141,6.86617273883106,0
                79.967187804425,6.8662036387263,0
                79.9671611930512,6.86621046599165,0
                79.9670993713204,6.86622636658849,0
                79.9670775588075,6.86623103178642,0
                79.9670730335226,6.86623138584077,0
                79.967060727343,6.86623226930007,0
                79.967044351746,6.86623251292441,0
                79.9670252660267,6.86622976799769,0
                79.9668650130658,6.8661884451542,0
                79.9667025919534,6.86614467716443,0
                79.9666681026036,6.86613186377638,0
                79.9666177890434,6.86611692764096,0
                79.9665850336561,6.86610331602429,0
                79.9665604484908,6.86609542754535,0
                79.9665159517966,6.86608091898257,0
                79.9664529903142,6.86617317205467,0
                79.9662772208792,6.86634255289213,0
                79.9662552456121,6.86636373000546,0
                79.9662124269594,6.86640499292159,0
                79.9661961844435,6.86642015842149,0
                79.966190340435,6.86642561554736,0
                79.9661426170673,6.86654334761992,0
                79.9660561114041,6.86660005334173,0
                79.9659236189012,6.86667055948987,0
                79.9657327706582,6.86672864490917,0
                79.9655792219854,6.86678026386167,0
                79.9652034497466,6.86683924790535,0
                79.9645966390439,6.86665307595835,0
                79.9642692760888,6.86644148495024,0
                79.9640948895498,6.86631201692045,0
                79.963851074672,6.86621839527237,0
                79.9636434373236,6.8662026749348,0
                79.9636092122007,6.86619309803745,0
                79.9635348081521,6.86617584750016,0
                79.9635041526707,6.86616711487333,0
                79.9634390336464,6.86615335051631,0
                79.9633607135433,6.86613413835866,0
                79.9633063582142,6.8661178215015,0
                79.9632819504046,6.86611049469071,0
                79.9632022857804,6.86608386550927,0
                79.9631138531726,6.86605351408205,0
                79.9630267807949,6.86602081393917,0
                79.9630231634898,6.86601927150851,0
                79.9629477613582,6.86598722321177,0
                79.9629283240649,6.86597896170201,0
                79.9627992226935,6.86592096207791,0
                79.9627765994093,6.86591290945925,0
                79.962681043624,6.86587889547774,0
                79.9626170197507,6.86585961704813,0
                79.96247021186,6.86583920341691,0
                79.9624393796149,6.86583495542647,0
                79.9624327420803,6.86583404082775,0
                79.9624290895371,6.86583353729786,0
                79.9624231792556,6.86583272249523,0
                79.9623260277502,6.86581933673767,0
                79.9621391355908,6.86580428034574,0
                79.9620646492166,6.86579827993,0
                79.96204396484,6.86579661355838,0
                79.9620184944097,6.86579063399911,0
                79.9619904247538,6.86578404418664,0
                79.9619782169943,6.86577867038529,0
                79.9619551648267,6.865768521892,0
                79.9619444982153,6.86577624130002,0
                79.9619104157832,6.86580090786318,0
                79.9618595166383,6.86584155440653,0
                79.9617513238786,6.86592795366675,0
                79.9617468865942,6.86593029713439,0
                79.961656421236,6.86597806778863,0
                79.9615917725677,6.86600644127816,0
                79.9615412563183,6.86602462093875,0
                79.9614948248377,6.8660349407041,0
                79.9613417739984,6.86606831801516,0
                79.9613037636143,6.86607512556677,0
                79.9612707238612,6.86608411263157,0
                79.9609843592708,6.86614294246348,0
                79.9606374333748,6.86616812291031,0
                79.9604493794727,6.86619556284394,0
                79.9604265794036,6.86620048647032,0
                79.9603480096255,6.86621745359509,0
                79.9602841913053,6.86623687639831,0
                79.9602114879135,6.86626713486577,0
                79.9600749182558,6.86634439512902,0
                79.9599924696783,6.86639165915716,0
                79.9599196924206,6.86643337860646,0
                79.9596988703842,6.86657569046194,0
                79.9596343138518,6.86660352128104,0
                79.9595748138311,6.8666224295952,0
                79.9595782339159,6.86663244257172,0
                79.9595798500488,6.86666624556282,0
                79.9595861418739,6.8667287378941,0
                79.9596039287062,6.86678746830877,0
                79.9595917782839,6.86690388481063,0
                79.9595357078388,6.86701100961913,0
                79.9594871026452,6.867111692724,0
                79.9594652062949,6.86711613497791,0
                79.9592794676474,6.86702460387283,0
                79.9592343455075,6.86700295195081,0
                79.9592251073708,6.8669985190233,0
                79.9592056963451,6.86698920488305,0
                79.9591849889627,6.86697926822811,0
                79.9591664224362,6.86699942719577,0
                79.9591472378521,6.86702547980434,0
                79.9590253316384,6.86723445179991,0
                79.9590168161625,6.86725135638376,0
                79.9589922737865,6.86730008162925,0
                79.9589618540869,6.8673604759237,0
                79.9588790603702,6.8675508882667,0
                79.9587114208612,6.86796924318777,0
                79.958646156244,6.86812914761323,0
                79.9585936000544,6.86827090495713,0
                79.9585932046613,6.86827197218153,0
                79.9585870874477,6.86828847303645,0
                79.9585794413886,6.86830909548875,0
                79.95856495215,6.86835436559932,0
                79.9585648766505,6.86835460237949,0
                79.9584531222946,6.86870376927277,0
                79.9584357868435,6.86875793036108,0
                79.9583967261141,6.86887997129583,0
                79.9583091936796,6.86915345900885,0
                79.9582443232432,6.8693652100074,0
                79.9582440603277,6.86936605230349,0
                79.958173817601,6.86959141909082,0
                79.9581697723519,6.86960892084271,0
                79.958164792809,6.8696304665366,0
                79.9581512494345,6.86966751695372,0
                79.9581247629936,6.86975934177345,0
                79.9580606933739,6.86997832795253,0
                79.9580535321728,6.86999262249233,0
                79.9580444435875,6.87001076215466,0
                79.9580407075588,6.87002626336527,0
                79.9580369715297,6.87004176457581,0
                79.958026963053,6.87007457112995,0
                79.9580314352246,6.87007566746465,0
                79.9579744984214,6.8702477008593,0
                79.9579710270046,6.870258191263,0
                79.9579684584458,6.87026662065404,0
                79.9579389950197,6.87038133192334,0
                79.9579137168349,6.87047974521445,0
                79.9578986085378,6.8705398563038,0
                79.9578835002361,6.87059996739207,0
                79.9578736008065,6.87063935693996,0
                79.9578407496802,6.87077006009277,0
                79.9578056953679,6.87091666854548,0
                79.9577982829913,6.87094766925183,0
                79.957771482515,6.87109233142509,0
                79.9577402046181,6.87126115788952,0
                79.9577359330676,6.87128504855412,0
                79.957722631532,6.87135943331733,0
                79.9577097839971,6.87143128248284,0
                79.9577079233181,6.87144266992124,0
                79.9576700578868,6.87167435007833,0
                79.9576678484202,6.87169181698015,0
                79.9576484278478,6.87185560451058,0
                79.9576446658271,6.87188733212316,0
                79.9576430225859,6.87190118848736,0
                79.9576183812596,6.87213172567624,0
                79.9576151128473,6.87216738030936,0
                79.9576051969416,6.87227556654115,0
                79.9575941403481,6.87231278032068,0
                79.9575936648592,6.8723209944607,0
                79.9575905164492,6.87237534249786,0
                79.9575905492615,6.87237573046972,0
                79.9575924004042,6.87270137128711,0
                79.9575926828136,6.87275098972247,0
                79.9575927051095,6.87275487886477,0
                79.9575961650256,6.87290019494962,0
                79.9576191501848,6.87305639520468,0
                79.9576355585667,6.87314336611913,0
                79.9576640329398,6.87329429594388,0
                79.9576882806014,6.87342281798966,0
                79.9577096844801,6.87349853884378,0
                79.9577235260879,6.87354742994535,0
                79.9576281228942,6.87355478192218,0
                79.957470821623,6.87360979863942,0
                79.9573719386605,6.87369906445713,0
                79.9573219915163,6.87386779380505,0
                79.9572686428892,6.87398393439987,0
                79.9572503097963,6.87406145453391,0
                79.9572381393792,6.8741129134752,0
                79.9572220427295,6.87418205971908,0
                79.9571997709356,6.87417783050134,0
                79.9570311467576,6.87411053838245,0
                79.9569734734731,6.87408078087473,0
                79.9569492541101,6.87406364943893,0
                79.9569363698021,6.87405490426127,0
                79.9569009061016,6.87403083349118,0
                79.9568791271429,6.87401831600515,0
                79.95687360806,6.87401514355525,0
                79.9568548869668,6.87401122331708,0
                79.9567505920193,6.87400091831664,0
                79.956704450413,6.87399523219275,0
                79.9566813864705,6.87399076197492,0
                79.9566500866526,6.87398826696869,0
                79.9566371827524,6.87398673481129,0
                79.9565442502556,6.87397569780078,0
                79.9564062922194,6.87396397784043,0
                79.956366717397,6.87396148040143,0
                79.9562501469528,6.87395412558057,0
                79.956070562085,6.87394730750772,0
                79.9560083181239,6.87394438148193,0
                79.9559896660148,6.87394350497467,0
                79.9558948702051,6.87393904926697,0
                79.955804407857,6.87393534424527,0
                79.9557865770287,6.87393461381464,0
                79.9557672345957,6.87393583935972,0
                79.955585063192,6.87394737981863,0
                79.9555477860929,6.87394722549932,0
                79.9555186445658,6.87395187755291,0
                79.955469148447,6.87395495751695,0
                79.9554347628475,6.87395752084171,0
                79.955398479568,6.87395872456249,0
                79.9551735259085,6.87397148275648,0
                79.9550309603387,6.87397956803263,0
                79.9549465951377,6.87398435319354,0
                79.954913384646,6.8739875514584,0
                79.9548847055926,6.87398632675836,0
                79.9546659309259,6.87398730774442,0
                79.9545751042647,6.87398027971759,0
                79.9545542680147,6.87397837219886,0
                79.9545508838496,6.87397856532193,0
                79.9545509498472,6.87397806810769,0
                79.9545267987934,6.87397495227052,0
                79.9544970119426,6.87396972803732,0
                79.9544283896684,6.87395769338344,0
                79.9544098637363,6.87395552850118,0
                79.9543349458843,6.87394677262326,0
                79.9542639046979,6.87395659721419,0
                79.9542077853291,6.8739698834948,0
                79.9541578327638,6.87397585608,0
                79.9540721946346,6.87398849396125,0
                79.9540716697369,6.87398857082382,0
                79.9540686728724,6.87397925661193,0
                79.9540660521883,6.87397111312187,0
                79.9540636596237,6.87395132351891,0
                79.9540511267381,6.87384767432863,0
                79.9539900430987,6.87372193366737,0
                79.9539655341552,6.87368386772924,0
                79.9538607388527,6.87352110960034,0
                79.9535592293623,6.87345240625555,0
                79.9531777015702,6.87345831258812,0
                79.9531335866969,6.87345635233617,0
                79.9530894727308,6.87345439117753,0
                79.9528649734083,6.87334742160682,0
                79.9527330056048,6.87329402585005,0
                79.9525213883565,6.87321131350061,0
                79.9522534210271,6.87312569555932,0
                79.9521223038995,6.873131079766,0
                79.9519536622421,6.87319173739271,0
                79.9517736402627,6.87324722485882,0
                79.9516002856666,6.8733188660704,0
                79.9514113583797,6.8733300641822,0
                79.9513312625107,6.87335816986143,0
                79.9512511666336,6.87338627552608,0
                79.9511034018913,6.87340888529831,0
                79.9510601379309,6.87335530557915,0
                79.9509907911036,6.87334750371818,0
                79.9508749602677,6.87332912179286,0
                79.9507315920844,6.87330963170331,0
                79.9507321809238,6.87330553293508,0
                79.9504880078717,6.87318774273446,0
                79.950377716784,6.87314956849542,0
                79.9502782275908,6.87311513287154,0
                79.950108662973,6.87306890542683,0
                79.9498239089547,6.87302799223556,0
                79.9497608669817,6.87301893425814,0
                79.949505034142,6.87299932293574,0
                79.9494949918207,6.8730000380244,0
                79.9493784373695,6.87300833835281,0
                79.9493502260301,6.87301034676222,0
                79.949349719299,6.87301038296065,0
                79.9493475855999,6.87301053480376,0
                79.9493460067579,6.87301055016197,0
                79.9493452585036,6.87301055791216,0
                79.9490656396327,6.87301332748986,0
                79.9490443926675,6.87301353764174,0
                79.9488908947934,6.87299048584209,0
                79.9487015106538,6.87300019554833,0
                79.9485447784569,6.8730152061564,0
                79.9485350042063,6.87301681687632,0
                79.9483286591831,6.87305118260756,0
                79.9481224779223,6.87314667450743,0
                79.9479163026603,6.87323918235857,0
                79.9478822589552,6.87324916403989,0
                79.9478599207055,6.87323221267012,0
                79.9478562124766,6.8732335463243,0
                79.9477615543005,6.87318695394355,0
                79.9477534789188,6.87318297853831,0
                79.9477037309977,6.87310690455986,0
                79.9476848831495,6.87310521178022,0
                79.947638870339,6.87310107849589,0
                79.9474705868048,6.87315169542925,0
                79.9474176743806,6.8731897795442,0
                79.9473264588828,6.87325543243205,0
                79.9472547154782,6.87325232427047,0
                79.9471776514503,6.87333359688447,0
                79.9471261757092,6.87338788454205,0
                79.9470746999563,6.87344217219258,0
                79.9470518348346,6.87348020068777,0
                79.9470046512295,6.8735585157318,0
                79.9470109802852,6.87358500164821,0
                79.9469632800378,6.8736888847074,0
                79.9468700304798,6.87379052955883,0
                79.946707054332,6.8737058626614,0
                79.9466081663487,6.87362645726002,0
                79.9465397373657,6.87370087889332,0
                79.9464037108879,6.87380483939311,0
                79.9463989188905,6.87381078001707,0
                79.9462995880793,6.87373527554078,0
                79.946228201233,6.87366536694042,0
                79.9460933787291,6.8738142805126,0
                79.945975345627,6.87384400585949,0
                79.9458080082465,6.87387057128099,0
                79.9456916814526,6.87401233359457,0
                79.9456224744864,6.87442463276726,0
                79.9456573093935,6.87494471578177,0
                79.9456626007426,6.8750232121112,0
                79.9456633015453,6.87503385520791,0
                79.9456739729569,6.87519603016146,0
                79.9456742906058,6.87522098745562,0
                79.945674967573,6.87530056085421,0
                79.9456755850821,6.87536123574625,0
                79.9457059792254,6.87557360164285,0
                79.9457321609151,6.87576245025485,0
                79.9457547280543,6.87583671673115,0
                79.9457952238623,6.87596998999034,0
                79.9458515000787,6.87617914556153,0
                79.9458750630119,6.8762609288171,0
                79.9459028641794,6.87635817723385,0
                79.9459082515291,6.87637464808413,0
                79.9459216360211,6.87641515457778,0
                79.9460008656536,6.87665493915244,0
                79.9460505716012,6.87679165450595,0
                79.9460445345506,6.8768267968731,0
                79.9460432658992,6.87683418313445,0
                79.946024979257,6.87694062718851,0
                79.9460321924405,6.87695501695586,0
                79.9462460346751,6.8773982796597,0
                79.9462495507174,6.87740551959682,0
                79.9462534109178,6.87741464545011,0
                79.9462569386242,6.87742298404672,0
                79.9462589223297,6.87742741821357,0
                79.9463179338771,6.87757045760038,0
                79.9464338920084,6.8778515341984,0
                79.9464751694722,6.87799700594401,0
                79.9464804447808,6.87801705644311,0
                79.946508157003,6.8781223894095,0
                79.9466472858534,6.87844978102829,0
                79.9466906944186,6.87859614622273,0
                79.9468006515385,6.87896690474589,0
                79.9468045717756,6.87901078206569,0
                79.9467135005083,6.87903691646674,0
                79.9465171329209,6.87903767731212,0
                79.9464584730125,6.87905154864255,0
                79.9464417444765,6.87909018088037,0
                79.9463976688845,6.87919196502029,0
                79.9463914193322,6.87925828215108,0
                79.9463733665945,6.87944984628596,0
                79.9463728956236,6.87945377344332,0
                79.946348603137,6.87979923118362,0
                79.946345267164,6.87984666852553,0
                79.9465774623725,6.87994652209471,0
                79.9467848237943,6.88005810195922,0
                79.946922014031,6.88014952778709,0
                79.9469899720392,6.88019481550018,0
                79.947015237718,6.88020069791097,0
                79.9470167916159,6.88022497284872,0
                79.947046951041,6.88046817255815,0
                79.9470873589277,6.88059302633394,0
                79.9470956431674,6.88061591771136,0
                79.9472006646235,6.88078582370801,0
                79.9471526803346,6.88096007606995,0
                79.9469420398842,6.88117247619645,0
                79.9469417467778,6.88117297301467,0
                79.9468924037821,6.88125630266321,0
                79.9468920065707,6.88126829658364,0
                79.9468860057006,6.88144934464454,0
                79.9468874922035,6.88163489699707,0
                79.9468895234329,6.88188868257278,0
                79.9466466524947,6.88186028175295,0
                79.9464297732297,6.88183189426403,0
              </coordinates>
            </LinearRing>
          </outerBoundaryIs>
        </Polygon>
      </Placemark>
    </Document>
  </Document>
</kml>
