{
"type": "FeatureCollection",
"name": "kaduwela_boundary_wgs84",
"crs": { "type": "name", "properties": { "name": "urn:ogc:def:crs:OGC:1.3:CRS84" } },
"features": [
{ "type": "Feature", "properties": { "id": "kmc_boundry.1", "Name": "Korathota", "description": "<html xmlns:fo=\"http://www.w3.org/1999/XSL/Format\" xmlns:msxsl=\"urn:schemas-microsoft-com:xslt\">\n\n<head>\n\n<META http-equiv=\"Content-Type\" content=\"text/html\">\n\n<meta http-equiv=\"content-type\" content=\"text/html; charset=UTF-8\">\n\n</head>\n\n<body style=\"margin:0px 0px 0px 0px;overflow:auto;background:#FFFFFF;\">\n\n<table style=\"font-family:Arial,Verdana,Times;font-size:12px;text-align:left;width:100%;border-collapse:collapse;padding:3px 3px 3px 3px\">\n\n<tr style=\"text-align:center;font-weight:bold;background:#9CBCE2\">\n\n<td>Korathota</td>\n\n</tr>\n\n<tr>\n\n<td>\n\n<table style=\"font-family:Arial,Verdana,Times;font-size:12px;text-align:left;width:100%;border-spacing:0px; padding:3px 3px 3px 3px\">\n\n<tr>\n\n<td>FID</td>\n\n<td>29</td>\n\n</tr>\n\n<tr bgcolor=\"#D4E4F3\">\n\n<td>OBJECTID_1</td>\n\n<td>13990</td>\n\n</tr>\n\n<tr>\n\n<td>GND_N</td>\n\n<td>Korathota</td>\n\n</tr>\n\n<tr bgcolor=\"#D4E4F3\">\n\n<td>CM_Index</td>\n\n<td></td>\n\n</tr>\n\n<tr>\n\n<td>GND_NO</td>\n\n<td>488</td>\n\n</tr>\n\n<tr bgcolor=\"#D4E4F3\">\n\n<td>GND_C</td>\n\n<td>080</td>\n\n</tr>\n\n<tr>\n\n<td>PROVINCE_N</td>\n\n<td>WESTERN</td>\n\n</tr>\n\n<tr bgcolor=\"#D4E4F3\">\n\n<td>PROVINCE_C</td>\n\n<td>1</td>\n\n</tr>\n\n<tr>\n\n<td>DISTRICT_N</td>\n\n<td>COLOMBO</td>\n\n</tr>\n\n<tr bgcolor=\"#D4E4F3\">\n\n<td>DISTRICT_C</td>\n\n<td>1</td>\n\n</tr>\n\n<tr>\n\n<td>DSD_N</td>\n\n<td>KADUWELA</td>\n\n</tr>\n\n<tr bgcolor=\"#D4E4F3\">\n\n<td>DSD_C</td>\n\n<td>09</td>\n\n</tr>\n\n<tr>\n\n<td>MC_UC_PC_N</td>\n\n<td></td>\n\n</tr>\n\n<tr bgcolor=\"#D4E4F3\">\n\n<td>GN_Officer</td>\n\n<td>P.S.Wasundara</td>\n\n</tr>\n\n<tr>\n\n<td>GN_Offic_1</td>\n\n<td>724883004</td>\n\n</tr>\n\n<tr bgcolor=\"#D4E4F3\">\n\n<td>ADMIN_CODE</td>\n\n<td>1109080</td>\n\n</tr>\n\n<tr>\n\n<td>Dispute</td>\n\n<td></td>\n\n</tr>\n\n<tr bgcolor=\"#D4E4F3\">\n\n<td>GND_NO_Cen</td>\n\n<td>488</td>\n\n</tr>\n\n<tr>\n\n<td>GND_NAME_C</td>\n\n<td>Korathota</td>\n\n</tr>\n\n<tr bgcolor=\"#D4E4F3\">\n\n<td>GND_NO_Gaz</td>\n\n<td>488</td>\n\n</tr>\n\n<tr>\n\n<td>GND_NAME_G</td>\n\n<td>කොරතොට</td>\n\n</tr>\n\n<tr bgcolor=\"#D4E4F3\">\n\n<td>YEAR_CREAT</td>\n\n<td>2017</td>\n\n</tr>\n\n<tr>\n\n<td>DATA_SOURC</td>\n\n<td>Satellite Images</td>\n\n</tr>\n\n<tr bgcolor=\"#D4E4F3\">\n\n<td>MTD_CREATI</td>\n\n<td>Extracted on google with Interactive Participation of Grama Niladharies</td>\n\n</tr>\n\n<tr>\n\n<td>Shape_Leng</td>\n\n<td>14997.171921</td>\n\n</tr>\n\n<tr bgcolor=\"#D4E4F3\">\n\n<td>Refarance</td>\n\n<td></td>\n\n</tr>\n\n<tr>\n\n<td>Ext_SqKm</td>\n\n<td>5.100892</td>\n\n</tr>\n\n<tr bgcolor=\"#D4E4F3\">\n\n<td>New_Admin_</td>\n\n<td>0</td>\n\n</tr>\n\n<tr>\n\n<td>New_GND_Co</td>\n\n<td></td>\n\n</tr>\n\n<tr bgcolor=\"#D4E4F3\">\n\n<td>New_DSD_Co</td>\n\n<td></td>\n\n</tr>\n\n<tr>\n\n<td>MTD_REVISI</td>\n\n<td></td>\n\n</tr>\n\n<tr bgcolor=\"#D4E4F3\">\n\n<td>YEAR_REVIS</td>\n\n<td></td>\n\n</tr>\n\n<tr>\n\n<td>Pop_2020</td>\n\n<td>9694</td>\n\n</tr>\n\n</table>\n\n</td>\n\n</tr>\n\n</table>\n\n</body>\n\n</html>", "timestamp": null, "begin": null, "end": null, "altitudeMode": null, "tessellate": -1, "extrude": 0, "visibility": -1, "drawOrder": null, "icon": null }, "geometry": { "type": "Polygon", "coordinates": [ [ [ 79.946429773229696, 6.88183189426403, 0.0 ], [ 79.946216317820301, 6.88180395479032, 0.0 ], [ 79.945682915887602, 6.88162908843709, 0.0 ], [ 79.945105683270995, 6.88149944002993, 0.0 ], [ 79.944800234929204, 6.88212315563615, 0.0 ], [ 79.944776795351004, 6.88211761536099, 0.0 ], [ 79.944688992058303, 6.88211119367366, 0.0 ], [ 79.944675472724697, 6.88211020535321, 0.0 ], [ 79.944633307517407, 6.88211157879983, 0.0 ], [ 79.944591142310301, 6.88211295224272, 0.0 ], [ 79.944596612703407, 6.88208899967867, 0.0 ], [ 79.944499416703493, 6.88204994878515, 0.0 ], [ 79.944430604036299, 6.88202577660273, 0.0 ], [ 79.944386745742605, 6.88201222730045, 0.0 ], [ 79.944159769962795, 6.88194139298391, 0.0 ], [ 79.944129748178597, 6.88193166549613, 0.0 ], [ 79.9441161902093, 6.88192377511171, 0.0 ], [ 79.944113218721299, 6.88192024706437, 0.0 ], [ 79.944054383187904, 6.8819349839945, 0.0 ], [ 79.943828452812099, 6.88190396727239, 0.0 ], [ 79.943648548648497, 6.88189009609361, 0.0 ], [ 79.9436445327174, 6.88189298625226, 0.0 ], [ 79.943431803942104, 6.8818641163652, 0.0 ], [ 79.943096084011799, 6.88181855528215, 0.0 ], [ 79.942608565455998, 6.88174505185643, 0.0 ], [ 79.9425853020429, 6.88171584902024, 0.0 ], [ 79.942373410619894, 6.8817106872105, 0.0 ], [ 79.9423122090422, 6.88172337533645, 0.0 ], [ 79.942205151081794, 6.88174556831231, 0.0 ], [ 79.942160057374394, 6.88174681436594, 0.0 ], [ 79.9420420113386, 6.88175007619569, 0.0 ], [ 79.941880387881596, 6.8817676075621, 0.0 ], [ 79.941805043457805, 6.88175400310277, 0.0 ], [ 79.9417398840869, 6.88171039601106, 0.0 ], [ 79.941713019882499, 6.88174686550721, 0.0 ], [ 79.941584685120702, 6.88167894557015, 0.0 ], [ 79.941456351301497, 6.88161102650866, 0.0 ], [ 79.941419309349598, 6.88154646503258, 0.0 ], [ 79.941240593525805, 6.88147666127376, 0.0 ], [ 79.941131467969697, 6.88146585148289, 0.0 ], [ 79.941043024478404, 6.8814174338456, 0.0 ], [ 79.940881252317297, 6.88133380586662, 0.0 ], [ 79.940805982811298, 6.88131623002039, 0.0 ], [ 79.940652070757693, 6.88131834741179, 0.0 ], [ 79.940467760247202, 6.88127116192933, 0.0 ], [ 79.940395663440896, 6.88122019841002, 0.0 ], [ 79.940380949138003, 6.88112705434905, 0.0 ], [ 79.940270342381794, 6.88107964856594, 0.0 ], [ 79.940166188558607, 6.8810580751849, 0.0 ], [ 79.939914102097305, 6.8810946599074, 0.0 ], [ 79.939638203283806, 6.88113558834926, 0.0 ], [ 79.9395940409849, 6.88109894320747, 0.0 ], [ 79.939515677289506, 6.88103020052256, 0.0 ], [ 79.939516806628205, 6.8809273004214, 0.0 ], [ 79.9394388722597, 6.88085573276593, 0.0 ], [ 79.939300661253299, 6.88078902294395, 0.0 ], [ 79.939271134370202, 6.88077477127914, 0.0 ], [ 79.939149499736601, 6.88067610787371, 0.0 ], [ 79.939143696190897, 6.88067369879997, 0.0 ], [ 79.939043531557502, 6.88066769484232, 0.0 ], [ 79.938945958407004, 6.88061201891614, 0.0 ], [ 79.9388876301566, 6.88056502535136, 0.0 ], [ 79.938800601267204, 6.8805026693363, 0.0 ], [ 79.938750096966402, 6.8804653032081, 0.0 ], [ 79.9387156406965, 6.88043981146583, 0.0 ], [ 79.938657762089406, 6.88039698986916, 0.0 ], [ 79.938592032999907, 6.8803529907781, 0.0 ], [ 79.938547162592599, 6.88032295422356, 0.0 ], [ 79.938379230113796, 6.88032272159748, 0.0 ], [ 79.938326782129195, 6.88029892810505, 0.0 ], [ 79.938240754752499, 6.88025990193359, 0.0 ], [ 79.938228638529196, 6.88026010766911, 0.0 ], [ 79.938205178957702, 6.88024235364923, 0.0 ], [ 79.938139369640993, 6.8801925501234, 0.0 ], [ 79.937971245019696, 6.88013736257155, 0.0 ], [ 79.937966750596303, 6.88013965324303, 0.0 ], [ 79.937923086429905, 6.88012296153745, 0.0 ], [ 79.937816338429798, 6.88003725348527, 0.0 ], [ 79.937814600992894, 6.88003585883343, 0.0 ], [ 79.9378031079343, 6.88002485412953, 0.0 ], [ 79.937801093668199, 6.88002292549799, 0.0 ], [ 79.937698526898899, 6.87992472108988, 0.0 ], [ 79.937624076499802, 6.87991493885354, 0.0 ], [ 79.937451142219402, 6.87995512517554, 0.0 ], [ 79.937425254341505, 6.87994918783462, 0.0 ], [ 79.937409676540994, 6.87991378531957, 0.0 ], [ 79.937348065570504, 6.87977376973381, 0.0 ], [ 79.937213759949003, 6.87942382320844, 0.0 ], [ 79.937083224302199, 6.87930749141929, 0.0 ], [ 79.937059381682104, 6.87928276418118, 0.0 ], [ 79.937036811670794, 6.87925930147634, 0.0 ], [ 79.936994051388893, 6.87921485058884, 0.0 ], [ 79.936991728455197, 6.87921249009654, 0.0 ], [ 79.936919569420695, 6.87914173066769, 0.0 ], [ 79.936856902975094, 6.87907063885254, 0.0 ], [ 79.936797681507798, 6.87899566489644, 0.0 ], [ 79.936717104553694, 6.87891716133615, 0.0 ], [ 79.936712326477902, 6.87891250703034, 0.0 ], [ 79.936643769184599, 6.87884755360543, 0.0 ], [ 79.936584782825904, 6.87879328685537, 0.0 ], [ 79.936516850423899, 6.87873213226876, 0.0 ], [ 79.936451510473006, 6.87868988058201, 0.0 ], [ 79.936363539884795, 6.87865355706567, 0.0 ], [ 79.936203487231595, 6.8786088405388, 0.0 ], [ 79.936190270466099, 6.87860514797877, 0.0 ], [ 79.936113733398301, 6.87858794358861, 0.0 ], [ 79.936084452947497, 6.87858136184406, 0.0 ], [ 79.935956549575707, 6.87856395691636, 0.0 ], [ 79.935872993876401, 6.87853767799544, 0.0 ], [ 79.935760691423994, 6.87849769473108, 0.0 ], [ 79.935690710110407, 6.87847035455208, 0.0 ], [ 79.935637757243697, 6.87843237439599, 0.0 ], [ 79.935613183136098, 6.87841207652845, 0.0 ], [ 79.935542273246497, 6.87834684756934, 0.0 ], [ 79.935448556016993, 6.87826559811491, 0.0 ], [ 79.935410242168103, 6.87823238090855, 0.0 ], [ 79.935398363439205, 6.87822208258596, 0.0 ], [ 79.935353487715304, 6.87816856659904, 0.0 ], [ 79.935346266490797, 6.87815996103589, 0.0 ], [ 79.935343459403001, 6.8781561230829, 0.0 ], [ 79.935282091583403, 6.87807222862008, 0.0 ], [ 79.935280305825302, 6.87806950918261, 0.0 ], [ 79.935278962221801, 6.87806746236315, 0.0 ], [ 79.935226281918503, 6.87798723624199, 0.0 ], [ 79.935226226873993, 6.87798715295634, 0.0 ], [ 79.935219378012604, 6.87797672241119, 0.0 ], [ 79.935196219998303, 6.87795123494206, 0.0 ], [ 79.935174859905601, 6.87792772546479, 0.0 ], [ 79.935172851329099, 6.87792617389716, 0.0 ], [ 79.935151384959994, 6.87790958699697, 0.0 ], [ 79.935149645640294, 6.87790824297058, 0.0 ], [ 79.935149258922905, 6.87790794480004, 0.0 ], [ 79.935144040060806, 6.87790391181505, 0.0 ], [ 79.935138272747494, 6.87789945559181, 0.0 ], [ 79.9351324286324, 6.87789494045874, 0.0 ], [ 79.935130405600603, 6.87789337711058, 0.0 ], [ 79.935093367907498, 6.87785994601736, 0.0 ], [ 79.935027417289305, 6.877855851484, 0.0 ], [ 79.9349809993261, 6.87785766875889, 0.0 ], [ 79.934882609562095, 6.87788154822163, 0.0 ], [ 79.934810972302103, 6.87789964153535, 0.0 ], [ 79.934776107592199, 6.87781961669678, 0.0 ], [ 79.934776223000597, 6.87775406494297, 0.0 ], [ 79.934783347755499, 6.87771878457627, 0.0 ], [ 79.934791492935204, 6.87767845318149, 0.0 ], [ 79.934819078675005, 6.8776274698114, 0.0 ], [ 79.934826927764902, 6.87761296353062, 0.0 ], [ 79.934882516804606, 6.87756263522526, 0.0 ], [ 79.934907851862604, 6.87750216978001, 0.0 ], [ 79.934907967249103, 6.87743661711889, 0.0 ], [ 79.934918181477897, 6.87736603933619, 0.0 ], [ 79.934909000133501, 6.87735406659688, 0.0 ], [ 79.934867842508893, 6.87730039797137, 0.0 ], [ 79.934802329480306, 6.87725490052158, 0.0 ], [ 79.934746882512002, 6.87722454758259, 0.0 ], [ 79.934681413897394, 6.87715383672327, 0.0 ], [ 79.934560650211296, 6.87696705151867, 0.0 ], [ 79.934454960292996, 6.87681558931701, 0.0 ], [ 79.934429901414006, 6.87671973693926, 0.0 ], [ 79.934455333238006, 6.87660380457952, 0.0 ], [ 79.934500955632004, 6.87648286394637, 0.0 ], [ 79.934519060157598, 6.87645402742663, 0.0 ], [ 79.934576852358404, 6.87636197654431, 0.0 ], [ 79.934642647509605, 6.87624611423877, 0.0 ], [ 79.934718641795598, 6.87606975895869, 0.0 ], [ 79.934770529550804, 6.87594934561217, 0.0 ], [ 79.934784903305498, 6.87592791899141, 0.0 ], [ 79.934831793761902, 6.87585801874436, 0.0 ], [ 79.934810669605397, 6.87583108627206, 0.0 ], [ 79.934773387605603, 6.87578336795132, 0.0 ], [ 79.934687804117203, 6.87567579528378, 0.0 ], [ 79.9346421250265, 6.87561829563304, 0.0 ], [ 79.934551944389199, 6.87550203518698, 0.0 ], [ 79.934543962291599, 6.87549241011948, 0.0 ], [ 79.934539597916597, 6.87548714617193, 0.0 ], [ 79.934472945026798, 6.87540677156002, 0.0 ], [ 79.934421121174296, 6.87534392795568, 0.0 ], [ 79.934405390203096, 6.8753258284046, 0.0 ], [ 79.934367756693206, 6.87528252659291, 0.0 ], [ 79.934322250934301, 6.87522991095615, 0.0 ], [ 79.934284484700001, 6.87518851592141, 0.0 ], [ 79.934271482973898, 6.8751742650374, 0.0 ], [ 79.934225986869507, 6.87512439916581, 0.0 ], [ 79.934159798681904, 6.875055581363, 0.0 ], [ 79.934138930155996, 6.87507156575177, 0.0 ], [ 79.934104772460699, 6.87508855938909, 0.0 ], [ 79.934055102078304, 6.87511044563292, 0.0 ], [ 79.934021260118698, 6.87511255623918, 0.0 ], [ 79.933986888952504, 6.8751587921993, 0.0 ], [ 79.933967568807702, 6.87518588502203, 0.0 ], [ 79.933933022943194, 6.87522805074296, 0.0 ], [ 79.933860614472295, 6.87529483704398, 0.0 ], [ 79.933776981448005, 6.87536521958144, 0.0 ], [ 79.933718273955904, 6.87540933296316, 0.0 ], [ 79.933718055764501, 6.87540941395956, 0.0 ], [ 79.933674281361903, 6.87545459347891, 0.0 ], [ 79.933619289157903, 6.87551134995923, 0.0 ], [ 79.933559500639205, 6.87547834892813, 0.0 ], [ 79.933451961275594, 6.87537348989322, 0.0 ], [ 79.933308208166807, 6.87526534169444, 0.0 ], [ 79.9332833030724, 6.87526614238673, 0.0 ], [ 79.933203733535606, 6.8752809645073, 0.0 ], [ 79.933128538754303, 6.87531772724933, 0.0 ], [ 79.933071165359706, 6.87533692149509, 0.0 ], [ 79.933008286485304, 6.87535353622227, 0.0 ], [ 79.932947468024807, 6.87532691082039, 0.0 ], [ 79.932732038431396, 6.87547323664902, 0.0 ], [ 79.932633108270394, 6.87560724505737, 0.0 ], [ 79.932513285379599, 6.87572473436448, 0.0 ], [ 79.932306462447698, 6.87583369078019, 0.0 ], [ 79.932179426171203, 6.87597244553204, 0.0 ], [ 79.932157755926099, 6.87599611433481, 0.0 ], [ 79.932049859677406, 6.87609401366168, 0.0 ], [ 79.931920413094304, 6.87619426843189, 0.0 ], [ 79.931865219330206, 6.87627072922616, 0.0 ], [ 79.931745264167802, 6.87641884873964, 0.0 ], [ 79.931718291618395, 6.87644987037472, 0.0 ], [ 79.931626827348296, 6.87655506674936, 0.0 ], [ 79.931574953819705, 6.87661472740217, 0.0 ], [ 79.931335114945497, 6.87687029511821, 0.0 ], [ 79.931265553617706, 6.87694912303884, 0.0 ], [ 79.931164794899104, 6.87707095874123, 0.0 ], [ 79.931117678936204, 6.8771298781269, 0.0 ], [ 79.931061630328102, 6.87719996882066, 0.0 ], [ 79.930941640826603, 6.87736722686532, 0.0 ], [ 79.930867223629903, 6.87748432565349, 0.0 ], [ 79.930737540331094, 6.8777185552098, 0.0 ], [ 79.930660610495906, 6.87790263640824, 0.0 ], [ 79.930649922142507, 6.87794116107301, 0.0 ], [ 79.930644116300996, 6.87796208817432, 0.0 ], [ 79.930614834852506, 6.87806763378871, 0.0 ], [ 79.930542709866401, 6.87824215401758, 0.0 ], [ 79.930474168231399, 6.87837855024376, 0.0 ], [ 79.930453823370598, 6.87841903718273, 0.0 ], [ 79.930360174174595, 6.87858155731057, 0.0 ], [ 79.930312477225797, 6.87867157732217, 0.0 ], [ 79.930290519248103, 6.87871301897416, 0.0 ], [ 79.930117779526896, 6.87892803239059, 0.0 ], [ 79.9300218801272, 6.8790092060669, 0.0 ], [ 79.929866172848904, 6.87906874158451, 0.0 ], [ 79.929590758137095, 6.87913524206687, 0.0 ], [ 79.929360747657299, 6.87919760634863, 0.0 ], [ 79.929286808972705, 6.8791990090298, 0.0 ], [ 79.929153089057607, 6.87920154555102, 0.0 ], [ 79.929023832826104, 6.87919413893281, 0.0 ], [ 79.9290139905996, 6.8791896094165, 0.0 ], [ 79.928966978474193, 6.87916877327414, 0.0 ], [ 79.928863449836001, 6.8791228885353, 0.0 ], [ 79.928582508218298, 6.8789983735802, 0.0 ], [ 79.928459933849098, 6.87893535520494, 0.0 ], [ 79.928348027976199, 6.87888134732956, 0.0 ], [ 79.928347908461603, 6.87887272622914, 0.0 ], [ 79.928347736761395, 6.87886037148794, 0.0 ], [ 79.928347568301703, 6.8788482301498, 0.0 ], [ 79.928346466123301, 6.87876877387669, 0.0 ], [ 79.928344099884598, 6.87859808983159, 0.0 ], [ 79.928313437445397, 6.87792990305083, 0.0 ], [ 79.928312784495603, 6.87792106760763, 0.0 ], [ 79.928284841329798, 6.87754280665702, 0.0 ], [ 79.928281785137102, 6.8775014311019, 0.0 ], [ 79.928275420923697, 6.87741528056047, 0.0 ], [ 79.928275014484598, 6.87740978214728, 0.0 ], [ 79.928274649579706, 6.87740484171503, 0.0 ], [ 79.928274378409498, 6.87739806496623, 0.0 ], [ 79.928264946754197, 6.8771621294066, 0.0 ], [ 79.928264839733302, 6.87715921489712, 0.0 ], [ 79.928259403127001, 6.87702295922855, 0.0 ], [ 79.928234682367901, 6.87695296451572, 0.0 ], [ 79.928209961614897, 6.87688296980229, 0.0 ], [ 79.9281722593214, 6.87677622243221, 0.0 ], [ 79.928169562185502, 6.87676858598696, 0.0 ], [ 79.928013490898394, 6.87678681709676, 0.0 ], [ 79.9277026034773, 6.87682313399591, 0.0 ], [ 79.9274477662142, 6.87684120516722, 0.0 ], [ 79.927351161964594, 6.87684805604368, 0.0 ], [ 79.927350377432404, 6.87684811161836, 0.0 ], [ 79.9273246299324, 6.87684993769559, 0.0 ], [ 79.927300277761006, 6.87685166406901, 0.0 ], [ 79.927269354338605, 6.87685385711982, 0.0 ], [ 79.927264729488599, 6.8768541852877, 0.0 ], [ 79.927244504267193, 6.87685573994238, 0.0 ], [ 79.927227845221296, 6.87685702061262, 0.0 ], [ 79.927050562067393, 6.87687347765731, 0.0 ], [ 79.927042121734303, 6.87687130339038, 0.0 ], [ 79.926981344717504, 6.87687597708969, 0.0 ], [ 79.926910337905696, 6.87688143738762, 0.0 ], [ 79.9268961944572, 6.87688252448502, 0.0 ], [ 79.926852231223407, 6.87688590512461, 0.0 ], [ 79.926817169583202, 6.87691090350659, 0.0 ], [ 79.926796059890805, 6.87697027908028, 0.0 ], [ 79.926814462055404, 6.8769946652478, 0.0 ], [ 79.926814414003204, 6.8769947212245, 0.0 ], [ 79.926763495411507, 6.87705331056038, 0.0 ], [ 79.926742743455307, 6.87712317035505, 0.0 ], [ 79.926729531535003, 6.87717486860024, 0.0 ], [ 79.926706985041093, 6.87723577337408, 0.0 ], [ 79.926698276088899, 6.87730022919002, 0.0 ], [ 79.926708804048801, 6.8773322574608, 0.0 ], [ 79.926785613485293, 6.87735820492265, 0.0 ], [ 79.926786247346698, 6.87735841944498, 0.0 ], [ 79.926786568347296, 6.87735852761761, 0.0 ], [ 79.926828722880202, 6.8774137601967, 0.0 ], [ 79.9268268896341, 6.87747750483988, 0.0 ], [ 79.926786228953304, 6.87754949943688, 0.0 ], [ 79.926763288948806, 6.87756708749567, 0.0 ], [ 79.926739750980701, 6.87758513383819, 0.0 ], [ 79.926738779042694, 6.87759645482409, 0.0 ], [ 79.926734946717204, 6.8776410968659, 0.0 ], [ 79.926723513626797, 6.87765508302194, 0.0 ], [ 79.926694867879903, 6.87769012515773, 0.0 ], [ 79.926697191172096, 6.87775740365588, 0.0 ], [ 79.926699443765997, 6.87776265216257, 0.0 ], [ 79.926705736628705, 6.87778544981575, 0.0 ], [ 79.926725354241498, 6.87784579648055, 0.0 ], [ 79.926708795386801, 6.87794848709437, 0.0 ], [ 79.9266789713283, 6.87803153246306, 0.0 ], [ 79.926676205714003, 6.87803443644613, 0.0 ], [ 79.926675529369902, 6.87804335995036, 0.0 ], [ 79.926653503378105, 6.8780582767326, 0.0 ], [ 79.926629025285493, 6.87808397928182, 0.0 ], [ 79.926614723374101, 6.87809580647467, 0.0 ], [ 79.926545120246402, 6.87815336523042, 0.0 ], [ 79.926532949934597, 6.8782298410875, 0.0 ], [ 79.926552634440597, 6.87830293745475, 0.0 ], [ 79.926578402404303, 6.87841483589392, 0.0 ], [ 79.926560191464404, 6.87847981736152, 0.0 ], [ 79.926545912643803, 6.87849289784788, 0.0 ], [ 79.926519113119298, 6.87851744789891, 0.0 ], [ 79.926492313591993, 6.87854199794809, 0.0 ], [ 79.926490087863897, 6.87862391681404, 0.0 ], [ 79.926506547295205, 6.87864995699241, 0.0 ], [ 79.926547650320302, 6.87871498411351, 0.0 ], [ 79.926557306169897, 6.8787902210578, 0.0 ], [ 79.926558805420001, 6.87880189998262, 0.0 ], [ 79.926554602055603, 6.87883028248217, 0.0 ], [ 79.926543785924494, 6.87890332739666, 0.0 ], [ 79.926488798198207, 6.87899301931709, 0.0 ], [ 79.926465140171004, 6.87906784715717, 0.0 ], [ 79.926413667177499, 6.8791653216449, 0.0 ], [ 79.926411488773397, 6.87916973943734, 0.0 ], [ 79.926385808258701, 6.87922184230394, 0.0 ], [ 79.926369626836703, 6.87925467129961, 0.0 ], [ 79.926329927178799, 6.87934475203942, 0.0 ], [ 79.926305162572405, 6.87943178494112, 0.0 ], [ 79.9262836255471, 6.87948509597098, 0.0 ], [ 79.926274217175106, 6.87950218991091, 0.0 ], [ 79.926261220641805, 6.87952580236523, 0.0 ], [ 79.926248225013495, 6.8795494139164, 0.0 ], [ 79.926214904796495, 6.8796140972443, 0.0 ], [ 79.926170046537194, 6.87970543471181, 0.0 ], [ 79.926141999923999, 6.87975502684078, 0.0 ], [ 79.926117033745399, 6.87980326810352, 0.0 ], [ 79.926046045882799, 6.87993461629669, 0.0 ], [ 79.925983681718506, 6.88005051755076, 0.0 ], [ 79.925920666099898, 6.88016488497281, 0.0 ], [ 79.925908523724104, 6.88018692196223, 0.0 ], [ 79.925852883118793, 6.88028692077902, 0.0 ], [ 79.925779478876194, 6.88040379701458, 0.0 ], [ 79.925706991922894, 6.88051362190907, 0.0 ], [ 79.925650261095498, 6.8805657852446, 0.0 ], [ 79.925614863283599, 6.88057765806953, 0.0 ], [ 79.925614566252307, 6.88060829720877, 0.0 ], [ 79.925614196999703, 6.8806464684146, 0.0 ], [ 79.925603731688398, 6.88073171823007, 0.0 ], [ 79.925541232391396, 6.88082175831981, 0.0 ], [ 79.925471015797598, 6.88087597735951, 0.0 ], [ 79.925404603773302, 6.8809779462365, 0.0 ], [ 79.925341735408793, 6.88107196422442, 0.0 ], [ 79.925330138317406, 6.8810814379558, 0.0 ], [ 79.9252610262497, 6.88117535439896, 0.0 ], [ 79.925179298062503, 6.88129257738409, 0.0 ], [ 79.925149574412899, 6.88133826290473, 0.0 ], [ 79.925112250637895, 6.88139563014356, 0.0 ], [ 79.9250417569272, 6.8815037404159, 0.0 ], [ 79.924940917766804, 6.88163223214352, 0.0 ], [ 79.924854417964795, 6.88172642137615, 0.0 ], [ 79.924841017553604, 6.88174101341182, 0.0 ], [ 79.924752569255205, 6.88180704430272, 0.0 ], [ 79.924737101423304, 6.88181859174575, 0.0 ], [ 79.924703417024006, 6.88185337245886, 0.0 ], [ 79.924636303829104, 6.8819226693933, 0.0 ], [ 79.924549006767904, 6.8820163724718, 0.0 ], [ 79.924507461162193, 6.88207679112053, 0.0 ], [ 79.924452645951206, 6.88206828420166, 0.0 ], [ 79.924439681248302, 6.88206228328003, 0.0 ], [ 79.924439548356204, 6.88206222155605, 0.0 ], [ 79.924374990634803, 6.88203233858277, 0.0 ], [ 79.924311506475107, 6.88201486438192, 0.0 ], [ 79.9242526779977, 6.88200263302432, 0.0 ], [ 79.924223775674506, 6.88199662359713, 0.0 ], [ 79.924160805653301, 6.88209669950615, 0.0 ], [ 79.924154743414306, 6.88211508967773, 0.0 ], [ 79.924152424591, 6.8821221231271, 0.0 ], [ 79.924135334063806, 6.88217396533442, 0.0 ], [ 79.924130008665799, 6.88226772394694, 0.0 ], [ 79.924138922063904, 6.88228725751912, 0.0 ], [ 79.924145221826507, 6.8823010635961, 0.0 ], [ 79.924160434085906, 6.88233440233915, 0.0 ], [ 79.924170066517206, 6.88236930087409, 0.0 ], [ 79.924172988344097, 6.88244571578011, 0.0 ], [ 79.924172944724305, 6.8824701668425, 0.0 ], [ 79.924166188872505, 6.88248227051169, 0.0 ], [ 79.924157604959802, 6.88249764692952, 0.0 ], [ 79.9241392216028, 6.88251595275416, 0.0 ], [ 79.924105553910394, 6.88253117415865, 0.0 ], [ 79.924053552836995, 6.88253719495581, 0.0 ], [ 79.923995440035995, 6.88254014767143, 0.0 ], [ 79.923925099230104, 6.88254002230652, 0.0 ], [ 79.923857818373506, 6.88253990238552, 0.0 ], [ 79.923818060764006, 6.88253983151734, 0.0 ], [ 79.923772191428199, 6.88253669347171, 0.0 ], [ 79.923744645049297, 6.88253389100166, 0.0 ], [ 79.923741614594803, 6.88253358268403, 0.0 ], [ 79.923739747139905, 6.8825335793549, 0.0 ], [ 79.9236957407104, 6.88253350090219, 0.0 ], [ 79.923652924964898, 6.8825334245683, 0.0 ], [ 79.923628393480797, 6.8825700579878, 0.0 ], [ 79.923628377113204, 6.88257922679577, 0.0 ], [ 79.923619120855406, 6.88262505628627, 0.0 ], [ 79.923622097151707, 6.88267090758696, 0.0 ], [ 79.923631174262297, 6.88272593950663, 0.0 ], [ 79.923641118404404, 6.88274991285827, 0.0 ], [ 79.923646399486003, 6.88276264380972, 0.0 ], [ 79.923646738998698, 6.88276302690204, 0.0 ], [ 79.923648706710097, 6.88277377169405, 0.0 ], [ 79.923656983973601, 6.88277458669077, 0.0 ], [ 79.923670816405505, 6.8827901947593, 0.0 ], [ 79.923693433210204, 6.88280333458415, 0.0 ], [ 79.923728863767906, 6.88282391822383, 0.0 ], [ 79.9237685604853, 6.88285760987256, 0.0 ], [ 79.923789887448805, 6.88290349388785, 0.0 ], [ 79.923789778341799, 6.88296462198865, 0.0 ], [ 79.923789745588394, 6.88298297226415, 0.0 ], [ 79.923789669233898, 6.88302575008928, 0.0 ], [ 79.923791299519195, 6.88303646534437, 0.0 ], [ 79.923801759960099, 6.88310523851775, 0.0 ], [ 79.923789467382505, 6.88313883657772, 0.0 ], [ 79.923761899552204, 6.88316323856703, 0.0 ], [ 79.923722102795395, 6.88318456247238, 0.0 ], [ 79.923682324214397, 6.88319671666512, 0.0 ], [ 79.923627253107796, 6.88320884449043, 0.0 ], [ 79.923581368244996, 6.88321487613232, 0.0 ], [ 79.923544668724702, 6.88321481068785, 0.0 ], [ 79.923501847462603, 6.88321779060208, 0.0 ], [ 79.923459026200504, 6.88322077051242, 0.0 ], [ 79.923425384823403, 6.88322071051285, 0.0 ], [ 79.923373394591906, 6.88322061778333, 0.0 ], [ 79.923348928547696, 6.88322057414386, 0.0 ], [ 79.923321382527803, 6.88323275012415, 0.0 ], [ 79.923293819224796, 6.8832540958122, 0.0 ], [ 79.923281542983801, 6.88327852504718, 0.0 ], [ 79.923272281211396, 6.88332741169708, 0.0 ], [ 79.923263084042304, 6.88333962040497, 0.0 ], [ 79.923247776043695, 6.88334876283682, 0.0 ], [ 79.923220224555095, 6.88336399507891, 0.0 ], [ 79.923197314684799, 6.88336853229539, 0.0 ], [ 79.923189631297802, 6.88337005396082, 0.0 ], [ 79.923183182053705, 6.88337004245487, 0.0 ], [ 79.923152931769394, 6.88336998848484, 0.0 ], [ 79.923145254772606, 6.88336843941481, 0.0 ], [ 79.923139081880507, 6.88336719413497, 0.0 ], [ 79.923124570900299, 6.88336625678637, 0.0 ], [ 79.923122208315903, 6.8833683982956, 0.0 ], [ 79.923095468612203, 6.88339263353235, 0.0 ], [ 79.9230802030295, 6.88347932141545, 0.0 ], [ 79.923007689517704, 6.883553248, 0.0 ], [ 79.922911639739993, 6.88363337171376, 0.0 ], [ 79.922827741958798, 6.88369733147869, 0.0 ], [ 79.922711715627599, 6.88376674964053, 0.0 ], [ 79.922629732893199, 6.88382329814377, 0.0 ], [ 79.922533905501993, 6.88388018359978, 0.0 ], [ 79.922436570590094, 6.88391943396872, 0.0 ], [ 79.922370140815204, 6.8839806217378, 0.0 ], [ 79.9223183437702, 6.88405612237326, 0.0 ], [ 79.922285124022494, 6.88409397896893, 0.0 ], [ 79.922266847314404, 6.88411480496764, 0.0 ], [ 79.922191750129599, 6.88416512653347, 0.0 ], [ 79.922175155175395, 6.88415926825957, 0.0 ], [ 79.922165292441207, 6.88420767636655, 0.0 ], [ 79.922118760005105, 6.88443607259866, 0.0 ], [ 79.921809119514805, 6.88595586897288, 0.0 ], [ 79.920453489328395, 6.88832735185624, 0.0 ], [ 79.919953824497, 6.88921546751433, 0.0 ], [ 79.919329972816399, 6.89014012625936, 0.0 ], [ 79.919297304710895, 6.89014098001749, 0.0 ], [ 79.918138433143199, 6.89017123378931, 0.0 ], [ 79.916643720777202, 6.89114397480123, 0.0 ], [ 79.915627103555394, 6.89193232865887, 0.0 ], [ 79.914618403660896, 6.89297307887357, 0.0 ], [ 79.914373567412099, 6.89350050557338, 0.0 ], [ 79.914184294308299, 6.89390823655083, 0.0 ], [ 79.914071985951097, 6.89415017354192, 0.0 ], [ 79.913617901929399, 6.89499069101815, 0.0 ], [ 79.913211629789799, 6.89540270225043, 0.0 ], [ 79.912581077070797, 6.89614970564696, 0.0 ], [ 79.9114454354619, 6.89702744574749, 0.0 ], [ 79.910572704476195, 6.89829144552783, 0.0 ], [ 79.910276701411107, 6.89986360079752, 0.0 ], [ 79.909663024013597, 6.9012851429111, 0.0 ], [ 79.909008310089703, 6.90254674741693, 0.0 ], [ 79.908986371472295, 6.9026245545692, 0.0 ], [ 79.908780406762105, 6.90307932017327, 0.0 ], [ 79.908735320437799, 6.90317887057328, 0.0 ], [ 79.908709618980495, 6.90323561879708, 0.0 ], [ 79.908612593572002, 6.903195650229, 0.0 ], [ 79.908603559825195, 6.90320960489916, 0.0 ], [ 79.908537367370101, 6.90331185846265, 0.0 ], [ 79.908419324414197, 6.90328460201683, 0.0 ], [ 79.908410828526399, 6.90328294268108, 0.0 ], [ 79.908401870741599, 6.90328798006418, 0.0 ], [ 79.908302380808806, 6.90330302332728, 0.0 ], [ 79.9082689170165, 6.90330808301034, 0.0 ], [ 79.908087914805805, 6.90332927392081, 0.0 ], [ 79.907967868198497, 6.90336676130853, 0.0 ], [ 79.907852278197595, 6.90334249854351, 0.0 ], [ 79.907752129853606, 6.90334199423222, 0.0 ], [ 79.907739810933705, 6.90334193200756, 0.0 ], [ 79.907633415152006, 6.90338541202519, 0.0 ], [ 79.907527020258001, 6.90342889201824, 0.0 ], [ 79.907435723803601, 6.90347890988197, 0.0 ], [ 79.907313266838202, 6.90359813419212, 0.0 ], [ 79.907132916150999, 6.9037580332536, 0.0 ], [ 79.907091111195996, 6.90380354600797, 0.0 ], [ 79.906911612079995, 6.90399896608498, 0.0 ], [ 79.906864807860998, 6.90405197834012, 0.0 ], [ 79.906713227435603, 6.90422366462957, 0.0 ], [ 79.906571076139599, 6.9043749525821, 0.0 ], [ 79.906433615073695, 6.90453429659395, 0.0 ], [ 79.906246899446401, 6.90474856158727, 0.0 ], [ 79.9062727697154, 6.90476700243808, 0.0 ], [ 79.906329561598497, 6.90480748581923, 0.0 ], [ 79.906433455118702, 6.90486501107007, 0.0 ], [ 79.909221194686296, 6.9064085536614, 0.0 ], [ 79.909092346056298, 6.90658912081089, 0.0 ], [ 79.908982785065106, 6.90670679560885, 0.0 ], [ 79.908889983928304, 6.90677833772, 0.0 ], [ 79.908763639319105, 6.90683247761649, 0.0 ], [ 79.908648400465907, 6.90687320640719, 0.0 ], [ 79.908480591882494, 6.90695096491903, 0.0 ], [ 79.908306724526597, 6.90709572770082, 0.0 ], [ 79.908112695210804, 6.90709897759372, 0.0 ], [ 79.9074361223566, 6.90717860265708, 0.0 ], [ 79.906439801556601, 6.90796248064582, 0.0 ], [ 79.905938224535305, 6.90828500863549, 0.0 ], [ 79.905251140618901, 6.90822367498917, 0.0 ], [ 79.905067918205702, 6.90854418416724, 0.0 ], [ 79.905041550137895, 6.90859197096351, 0.0 ], [ 79.904875170171493, 6.90889350323279, 0.0 ], [ 79.904777373679707, 6.90907457239006, 0.0 ], [ 79.904618728846501, 6.90932416223784, 0.0 ], [ 79.904580480922505, 6.90945707034626, 0.0 ], [ 79.904468301610294, 6.90965711435139, 0.0 ], [ 79.904375122416795, 6.90978864062471, 0.0 ], [ 79.904369474787899, 6.90979144602647, 0.0 ], [ 79.904261357497106, 6.90990436955643, 0.0 ], [ 79.904167031847606, 6.91002894927376, 0.0 ], [ 79.904089853169296, 6.91009991123732, 0.0 ], [ 79.904095218468498, 6.91013413670896, 0.0 ], [ 79.904094399069805, 6.91021141700091, 0.0 ], [ 79.904098538411802, 6.91030383395615, 0.0 ], [ 79.904102613666495, 6.91041294538971, 0.0 ], [ 79.903981108495799, 6.91048039465112, 0.0 ], [ 79.903767183085293, 6.91056234916804, 0.0 ], [ 79.903497982493505, 6.91069322904925, 0.0 ], [ 79.9031993989271, 6.91081940269631, 0.0 ], [ 79.902819762321798, 6.91105022374257, 0.0 ], [ 79.902488154220407, 6.91128119856147, 0.0 ], [ 79.9021866804692, 6.91158587339621, 0.0 ], [ 79.902008234662802, 6.91186755261857, 0.0 ], [ 79.901951267387005, 6.91206306033054, 0.0 ], [ 79.901749208475806, 6.91270755799481, 0.0 ], [ 79.901625278645099, 6.91303313200817, 0.0 ], [ 79.901215216553496, 6.91345513680572, 0.0 ], [ 79.901213774236496, 6.91345662068977, 0.0 ], [ 79.901197916899307, 6.9134729398121, 0.0 ], [ 79.901210644570696, 6.91350423378281, 0.0 ], [ 79.901217113791802, 6.91352014182873, 0.0 ], [ 79.901218832432704, 6.91352436768646, 0.0 ], [ 79.901221165978598, 6.91352732515188, 0.0 ], [ 79.901256772032994, 6.91359318783713, 0.0 ], [ 79.9012892248073, 6.91365066533547, 0.0 ], [ 79.901312128203898, 6.91369377081905, 0.0 ], [ 79.901348145572996, 6.9137377268561, 0.0 ], [ 79.901366823850694, 6.91377076062463, 0.0 ], [ 79.901377145158406, 6.91378901315205, 0.0 ], [ 79.901386604634894, 6.91380897578085, 0.0 ], [ 79.901471668765197, 6.91398848106622, 0.0 ], [ 79.901488302857004, 6.91402358354418, 0.0 ], [ 79.9014897071322, 6.91402654743924, 0.0 ], [ 79.901547029976697, 6.91409938175024, 0.0 ], [ 79.901601389573401, 6.91416382127483, 0.0 ], [ 79.901610094981706, 6.91417414174005, 0.0 ], [ 79.9016405139689, 6.91419462120315, 0.0 ], [ 79.901755472637404, 6.91427201917187, 0.0 ], [ 79.901843439422393, 6.91434490974456, 0.0 ], [ 79.901861278747802, 6.91435740444768, 0.0 ], [ 79.901915232300794, 6.91439519226678, 0.0 ], [ 79.901944815714401, 6.9144159116053, 0.0 ], [ 79.902044333728597, 6.91445628687127, 0.0 ], [ 79.902140620178201, 6.91447770014998, 0.0 ], [ 79.902160272357307, 6.91448207105691, 0.0 ], [ 79.902161639906893, 6.91448237467262, 0.0 ], [ 79.902162036061199, 6.91448246310919, 0.0 ], [ 79.902164787944898, 6.91448329190489, 0.0 ], [ 79.902167369901207, 6.91448352993395, 0.0 ], [ 79.902167407897394, 6.9144835336206, 0.0 ], [ 79.902169647884406, 6.91448374027833, 0.0 ], [ 79.902170743450895, 6.91448384175391, 0.0 ], [ 79.902187281902897, 6.91448536679264, 0.0 ], [ 79.902226136995196, 6.9144889510195, 0.0 ], [ 79.902238790751994, 6.91449011808754, 0.0 ], [ 79.902246705301593, 6.91449013261812, 0.0 ], [ 79.902285028479199, 6.91449020297505, 0.0 ], [ 79.902311941748493, 6.91449025238286, 0.0 ], [ 79.902380034745505, 6.91449037738229, 0.0 ], [ 79.902439654579297, 6.91449509923789, 0.0 ], [ 79.902465928264405, 6.91450147699249, 0.0 ], [ 79.902492201950295, 6.91450785474572, 0.0 ], [ 79.902502492930296, 6.91451260902609, 0.0 ], [ 79.902682417411597, 6.91459573128216, 0.0 ], [ 79.902844610606195, 6.91466863854074, 0.0 ], [ 79.903203779725203, 6.91474507090169, 0.0 ], [ 79.903502575086506, 6.9148336887922, 0.0 ], [ 79.903509887137005, 6.91483561371626, 0.0 ], [ 79.903820722155203, 6.91491744110958, 0.0 ], [ 79.903871296967793, 6.91493075528418, 0.0 ], [ 79.904192640597998, 6.91500928774592, 0.0 ], [ 79.904304823536506, 6.91504199630134, 0.0 ], [ 79.9043160451413, 6.91507957268422, 0.0 ], [ 79.904319341120697, 6.91509060747949, 0.0 ], [ 79.904944992714505, 6.91541698711768, 0.0 ], [ 79.905230415574394, 6.91551196603368, 0.0 ], [ 79.905578479151501, 6.91565651564749, 0.0 ], [ 79.905634002910304, 6.91567957443086, 0.0 ], [ 79.906269721631801, 6.91586710636182, 0.0 ], [ 79.908743310157604, 6.91659678389049, 0.0 ], [ 79.908807244050905, 6.91661176851404, 0.0 ], [ 79.908866035234198, 6.91662554837785, 0.0 ], [ 79.908905058718503, 6.91663469515466, 0.0 ], [ 79.908923317073004, 6.91664234557862, 0.0 ], [ 79.908963886173098, 6.9166593447009, 0.0 ], [ 79.909044136518503, 6.91673561179217, 0.0 ], [ 79.909089496941107, 6.91680507433965, 0.0 ], [ 79.909136977172096, 6.916903433287, 0.0 ], [ 79.909149337163299, 6.91692730099224, 0.0 ], [ 79.909225204331193, 6.91685885956027, 0.0 ], [ 79.909227048715096, 6.91685719553887, 0.0 ], [ 79.909226797837107, 6.91685583784761, 0.0 ], [ 79.909205813512798, 6.91674286434958, 0.0 ], [ 79.909204724040706, 6.9166551023902, 0.0 ], [ 79.909204659314696, 6.91664991114535, 0.0 ], [ 79.909204552838105, 6.91664131814888, 0.0 ], [ 79.909205482906998, 6.91663641625836, 0.0 ], [ 79.909209544886707, 6.91661500268726, 0.0 ], [ 79.909212433771899, 6.91659977274782, 0.0 ], [ 79.909222367626597, 6.91654740124359, 0.0 ], [ 79.9092310230088, 6.91652376080846, 0.0 ], [ 79.909240590486306, 6.91649763000435, 0.0 ], [ 79.909241869059002, 6.91649413842751, 0.0 ], [ 79.909242003644394, 6.91649377155937, 0.0 ], [ 79.909244599893896, 6.91648668087474, 0.0 ], [ 79.909256377142, 6.91645451209766, 0.0 ], [ 79.909264650471499, 6.91644040958225, 0.0 ], [ 79.909272923800501, 6.91642630706663, 0.0 ], [ 79.909285179947503, 6.91640541388001, 0.0 ], [ 79.909324360940204, 6.91633862360666, 0.0 ], [ 79.909359748070401, 6.91629656316567, 0.0 ], [ 79.909388927213399, 6.91626188160455, 0.0 ], [ 79.909477576432906, 6.91617532835628, 0.0 ], [ 79.909562006378707, 6.91611059889384, 0.0 ], [ 79.909574529653298, 6.91610099717967, 0.0 ], [ 79.909667853778004, 6.91603199427043, 0.0 ], [ 79.909754465529304, 6.91597256475699, 0.0 ], [ 79.909791742483904, 6.91593961230839, 0.0 ], [ 79.909819083686301, 6.91591544344838, 0.0 ], [ 79.909879351033695, 6.91586347007285, 0.0 ], [ 79.909960288887206, 6.91578893061376, 0.0 ], [ 79.909972300975994, 6.91577532226111, 0.0 ], [ 79.910035909370606, 6.91570325683937, 0.0 ], [ 79.910113384230698, 6.91559154578523, 0.0 ], [ 79.910173929593697, 6.91548577176377, 0.0 ], [ 79.910185736901795, 6.91546287759348, 0.0 ], [ 79.9102006715176, 6.91543391817797, 0.0 ], [ 79.9102274134368, 6.91538206368562, 0.0 ], [ 79.910255577429695, 6.91533684332966, 0.0 ], [ 79.910295929019696, 6.91527205521092, 0.0 ], [ 79.910335776235698, 6.91520647588118, 0.0 ], [ 79.910349384147096, 6.91518408139723, 0.0 ], [ 79.910454066416705, 6.91503905402675, 0.0 ], [ 79.910487441815505, 6.9149940565259, 0.0 ], [ 79.910511664941495, 6.91496139764367, 0.0 ], [ 79.910596487887901, 6.91483966118814, 0.0 ], [ 79.910614959735199, 6.91481402848302, 0.0 ], [ 79.910651487050103, 6.91476334191795, 0.0 ], [ 79.910671326837999, 6.91473581193014, 0.0 ], [ 79.910721962862596, 6.91465302948562, 0.0 ], [ 79.9107259696368, 6.91464647936418, 0.0 ], [ 79.910731269650995, 6.914637814814, 0.0 ], [ 79.910736568758594, 6.9146291511663, 0.0 ], [ 79.910739392104603, 6.91462453573318, 0.0 ], [ 79.910834536494704, 6.9146344580127, 0.0 ], [ 79.910859367705896, 6.91463704762967, 0.0 ], [ 79.910867647189306, 6.91463791083945, 0.0 ], [ 79.910944118423004, 6.91464588491743, 0.0 ], [ 79.910950468343401, 6.9146465004789, 0.0 ], [ 79.911012101206595, 6.91465247275701, 0.0 ], [ 79.911061092128193, 6.91465722034229, 0.0 ], [ 79.911087470697595, 6.91465976302781, 0.0 ], [ 79.911205478571901, 6.91467113646634, 0.0 ], [ 79.911296025835099, 6.91468585985124, 0.0 ], [ 79.911397584596202, 6.91471570280418, 0.0 ], [ 79.911478956884906, 6.91475029962726, 0.0 ], [ 79.911515991901496, 6.91476716641807, 0.0 ], [ 79.911577232043101, 6.91479505712401, 0.0 ], [ 79.911678468032093, 6.91484269721016, 0.0 ], [ 79.911682555298, 6.91484462067696, 0.0 ], [ 79.911785788174797, 6.91489878922572, 0.0 ], [ 79.911847981512395, 6.91493145410832, 0.0 ], [ 79.911970784208194, 6.91498613377765, 0.0 ], [ 79.912010900232005, 6.91500399624979, 0.0 ], [ 79.912055564733095, 6.91502342856567, 0.0 ], [ 79.912147781003398, 6.91506781146109, 0.0 ], [ 79.912163056664397, 6.91507516337834, 0.0 ], [ 79.912211860926405, 6.91510697564814, 0.0 ], [ 79.912264188076406, 6.91514108379485, 0.0 ], [ 79.912287672587794, 6.9151632798284, 0.0 ], [ 79.912315216119296, 6.91519398380734, 0.0 ], [ 79.9123303732067, 6.91521779141844, 0.0 ], [ 79.9123430044842, 6.91523834015455, 0.0 ], [ 79.912353539110498, 6.91526593891144, 0.0 ], [ 79.912364827437003, 6.91527861758499, 0.0 ], [ 79.912376107497906, 6.91528289964926, 0.0 ], [ 79.912405516132907, 6.91529406318144, 0.0 ], [ 79.912488896167702, 6.91532034647287, 0.0 ], [ 79.9125361061691, 6.91533173399494, 0.0 ], [ 79.912557903144005, 6.91533701893066, 0.0 ], [ 79.912577887250194, 6.9153445602239, 0.0 ], [ 79.912590085098699, 6.91535416709673, 0.0 ], [ 79.912592035640003, 6.91536129770432, 0.0 ], [ 79.912593499892594, 6.91536665153989, 0.0 ], [ 79.912592570742206, 6.91538003322632, 0.0 ], [ 79.912589916659499, 6.91539657474739, 0.0 ], [ 79.912562459922597, 6.91551877558115, 0.0 ], [ 79.912562690874296, 6.91554056681737, 0.0 ], [ 79.912565748582296, 6.91555088048281, 0.0 ], [ 79.912571609301594, 6.91556228701201, 0.0 ], [ 79.912578471590606, 6.91557025479834, 0.0 ], [ 79.912588769784307, 6.91557958695865, 0.0 ], [ 79.912598803428097, 6.91558512091139, 0.0 ], [ 79.912611192106894, 6.91558930280578, 0.0 ], [ 79.912714722348596, 6.91561292623953, 0.0 ], [ 79.912883616336302, 6.9156514648888, 0.0 ], [ 79.912886947896894, 6.91565398466589, 0.0 ], [ 79.912895000749302, 6.91566007563698, 0.0 ], [ 79.912903759174995, 6.91567175687702, 0.0 ], [ 79.9129079857058, 6.91568568773635, 0.0 ], [ 79.912905328012698, 6.91570422125214, 0.0 ], [ 79.912801900636595, 6.91602193417903, 0.0 ], [ 79.912801687714094, 6.91602258935287, 0.0 ], [ 79.912786891174903, 6.91607124304666, 0.0 ], [ 79.912696368685303, 6.91636889569106, 0.0 ], [ 79.912691211983898, 6.9163768760294, 0.0 ], [ 79.912689962506803, 6.916378809699, 0.0 ], [ 79.912663339652696, 6.91642001465704, 0.0 ], [ 79.912688468027596, 6.91645433112539, 0.0 ], [ 79.912714788739507, 6.91649027644948, 0.0 ], [ 79.912886102481707, 6.91677342663314, 0.0 ], [ 79.912896664026903, 6.9167877324826, 0.0 ], [ 79.9129043007825, 6.91679226744091, 0.0 ], [ 79.912911938443102, 6.91679680240076, 0.0 ], [ 79.912930210897002, 6.91679972905547, 0.0 ], [ 79.912959521052002, 6.91680339820469, 0.0 ], [ 79.912970123570403, 6.91680461372192, 0.0 ], [ 79.913235168454804, 6.91683500516221, 0.0 ], [ 79.913262125630894, 6.91683939340306, 0.0 ], [ 79.913286896910094, 6.91685064975766, 0.0 ], [ 79.913308404044699, 6.91686660394954, 0.0 ], [ 79.913316247828803, 6.91688120777729, 0.0 ], [ 79.913319585360597, 6.91688742130586, 0.0 ], [ 79.913331476099202, 6.9169161970926, 0.0 ], [ 79.913337351055901, 6.91693722183987, 0.0 ], [ 79.913340197284498, 6.9169474085285, 0.0 ], [ 79.913351213430005, 6.91698394546584, 0.0 ], [ 79.913408550799701, 6.91717413385112, 0.0 ], [ 79.913442262440697, 6.91728827058497, 0.0 ], [ 79.913560088718597, 6.91768718868283, 0.0 ], [ 79.913608610066206, 6.91787454081003, 0.0 ], [ 79.913623153049599, 6.91793265975506, 0.0 ], [ 79.913623809728406, 6.91793528228212, 0.0 ], [ 79.913624650559896, 6.91793864298734, 0.0 ], [ 79.913660329349099, 6.91808122645601, 0.0 ], [ 79.913666271776805, 6.91810497212491, 0.0 ], [ 79.913756039697802, 6.91812575561326, 0.0 ], [ 79.913821359407606, 6.91814668827591, 0.0 ], [ 79.913835001839004, 6.91816357491653, 0.0 ], [ 79.913866191274707, 6.91822118330584, 0.0 ], [ 79.913877634112495, 6.9182479988267, 0.0 ], [ 79.913881468643098, 6.91824561320781, 0.0 ], [ 79.913923413209702, 6.91822884901618, 0.0 ], [ 79.913959896366407, 6.91822691861529, 0.0 ], [ 79.914063649589494, 6.91830853535635, 0.0 ], [ 79.9140740142211, 6.91831471097895, 0.0 ], [ 79.914110304466902, 6.91842109595385, 0.0 ], [ 79.9143379866982, 6.9185497423873, 0.0 ], [ 79.914485064847, 6.91860993334985, 0.0 ], [ 79.914544680579098, 6.91863433051508, 0.0 ], [ 79.914620589961203, 6.91867712462617, 0.0 ], [ 79.914619380943506, 6.91868818196568, 0.0 ], [ 79.914655285233707, 6.91874801600675, 0.0 ], [ 79.914663340245596, 6.91876143928967, 0.0 ], [ 79.914687858207301, 6.9187487983707, 0.0 ], [ 79.914884943635002, 6.91864327092363, 0.0 ], [ 79.914958307232794, 6.91860397969242, 0.0 ], [ 79.914942389240494, 6.91855005929019, 0.0 ], [ 79.914941237205696, 6.91848676081344, 0.0 ], [ 79.914942025737602, 6.91845059429534, 0.0 ], [ 79.914949194712904, 6.91838975318308, 0.0 ], [ 79.914958636847203, 6.91832231537009, 0.0 ], [ 79.914961484892501, 6.91831604794278, 0.0 ], [ 79.914968890717603, 6.91829975100571, 0.0 ], [ 79.914973172319407, 6.91829033134531, 0.0 ], [ 79.914979022209295, 6.91827980594843, 0.0 ], [ 79.914991146835305, 6.91825799366486, 0.0 ], [ 79.915015266397603, 6.91823000646422, 0.0 ], [ 79.915108909485397, 6.91818460320182, 0.0 ], [ 79.915152813250202, 6.91817419278793, 0.0 ], [ 79.915192614862406, 6.91815606736373, 0.0 ], [ 79.9152679138097, 6.91812177539699, 0.0 ], [ 79.915421071361706, 6.91803976927138, 0.0 ], [ 79.915494427455101, 6.91800454692254, 0.0 ], [ 79.915742922221398, 6.91790987138401, 0.0 ], [ 79.915846382755007, 6.91787045357574, 0.0 ], [ 79.9160987621852, 6.91775362057977, 0.0 ], [ 79.916111270888806, 6.91776253078468, 0.0 ], [ 79.916127413280805, 6.91777402911015, 0.0 ], [ 79.916144643412906, 6.91784494941605, 0.0 ], [ 79.916166041876593, 6.91793302310528, 0.0 ], [ 79.916003010575906, 6.91802065759892, 0.0 ], [ 79.915770708937501, 6.91816025896013, 0.0 ], [ 79.915662328274905, 6.91822539023085, 0.0 ], [ 79.915603261265105, 6.91826470744579, 0.0 ], [ 79.915632923650193, 6.91832326422457, 0.0 ], [ 79.915666486195605, 6.91841214207956, 0.0 ], [ 79.915711990613204, 6.91853264316688, 0.0 ], [ 79.915725342861606, 6.91856940944989, 0.0 ], [ 79.915731086655697, 6.91858098663885, 0.0 ], [ 79.915729804115003, 6.91858169413301, 0.0 ], [ 79.915734403124702, 6.91859435702981, 0.0 ], [ 79.915739001229795, 6.91860701992497, 0.0 ], [ 79.915674959589893, 6.91864470054728, 0.0 ], [ 79.915624325652004, 6.91867453868691, 0.0 ], [ 79.915389120951303, 6.91879410333914, 0.0 ], [ 79.915178542300893, 6.91890173782888, 0.0 ], [ 79.914951947446397, 6.91901755897204, 0.0 ], [ 79.914912113410907, 6.91903854978394, 0.0 ], [ 79.914751694917697, 6.9191230806931, 0.0 ], [ 79.914621517338603, 6.91919306675787, 0.0 ], [ 79.914527486762594, 6.91924493798869, 0.0 ], [ 79.914511877648494, 6.9192557088277, 0.0 ], [ 79.914496268533796, 6.91926647966609, 0.0 ], [ 79.914513028485104, 6.9193056627994, 0.0 ], [ 79.914535206391406, 6.91934898080301, 0.0 ], [ 79.914604545170903, 6.91948441314128, 0.0 ], [ 79.914640250256994, 6.91955482531086, 0.0 ], [ 79.914668210266797, 6.91960406558097, 0.0 ], [ 79.914753472281802, 6.91975563815733, 0.0 ], [ 79.914781854482598, 6.91980609355683, 0.0 ], [ 79.914789612765603, 6.91981849543659, 0.0 ], [ 79.914852195823798, 6.91993660962979, 0.0 ], [ 79.914889609354702, 6.92001299364565, 0.0 ], [ 79.914906149695, 6.92004407455162, 0.0 ], [ 79.915004249238294, 6.92022840857761, 0.0 ], [ 79.915004976068701, 6.92022977436339, 0.0 ], [ 79.9150153925209, 6.92022586347796, 0.0 ], [ 79.9150226706371, 6.92022313053568, 0.0 ], [ 79.9150265380283, 6.92022109309366, 0.0 ], [ 79.915047946789201, 6.92021705743404, 0.0 ], [ 79.915109520057499, 6.92020545020165, 0.0 ], [ 79.915134134881797, 6.92020080999279, 0.0 ], [ 79.915258723190306, 6.92014744503977, 0.0 ], [ 79.915408155475305, 6.92012474827423, 0.0 ], [ 79.915593918007801, 6.92013465469515, 0.0 ], [ 79.9157012065711, 6.92011570915042, 0.0 ], [ 79.9157432062797, 6.92013201228708, 0.0 ], [ 79.915785419385699, 6.92014839809054, 0.0 ], [ 79.915863895945904, 6.9201753357399, 0.0 ], [ 79.915886817496599, 6.92020982803461, 0.0 ], [ 79.915907711661404, 6.92030556228978, 0.0 ], [ 79.915907664492295, 6.92030812476792, 0.0 ], [ 79.915905588108402, 6.9204203954705, 0.0 ], [ 79.915851766531802, 6.92052747819045, 0.0 ], [ 79.915753091497507, 6.92071653422804, 0.0 ], [ 79.915742094599494, 6.92074565557841, 0.0 ], [ 79.915732693363694, 6.92077055167623, 0.0 ], [ 79.915720214448299, 6.92080359828194, 0.0 ], [ 79.915682509437801, 6.92082106562729, 0.0 ], [ 79.915710376185999, 6.92082249136708, 0.0 ], [ 79.915751080798898, 6.92082997962579, 0.0 ], [ 79.915799738880906, 6.92084254590928, 0.0 ], [ 79.915893407337606, 6.92088331398954, 0.0 ], [ 79.915987797884, 6.92092507981125, 0.0 ], [ 79.916061745157904, 6.92096337169809, 0.0 ], [ 79.916195541994497, 6.92103007393504, 0.0 ], [ 79.916339999849001, 6.92110574720663, 0.0 ], [ 79.916456069968902, 6.92116789622125, 0.0 ], [ 79.916495671956994, 6.92118469500509, 0.0 ], [ 79.916522806870205, 6.92119053197814, 0.0 ], [ 79.916546694814002, 6.92119057515861, 0.0 ], [ 79.916572223015393, 6.92118374921917, 0.0 ], [ 79.916591510155897, 6.92117609729399, 0.0 ], [ 79.916633649074001, 6.9211395542946, 0.0 ], [ 79.916637187159793, 6.92113648543189, 0.0 ], [ 79.916675977912206, 6.92110156216675, 0.0 ], [ 79.916678065139294, 6.92109970595527, 0.0 ], [ 79.9167766133654, 6.92118310137085, 0.0 ], [ 79.916912200882606, 6.92130042317769, 0.0 ], [ 79.916956625435503, 6.92148043178831, 0.0 ], [ 79.917057766482102, 6.92164468734152, 0.0 ], [ 79.917074746822905, 6.92165573505481, 0.0 ], [ 79.917146057392998, 6.92170213199659, 0.0 ], [ 79.917199394417196, 6.92177382461517, 0.0 ], [ 79.917195863019899, 6.92180370818671, 0.0 ], [ 79.917230600166803, 6.92177973491446, 0.0 ], [ 79.917330300100701, 6.92173777916757, 0.0 ], [ 79.917402098579203, 6.92171304274037, 0.0 ], [ 79.917457675841106, 6.92170229244561, 0.0 ], [ 79.917497862605202, 6.92169648757268, 0.0 ], [ 79.917541926720702, 6.92169765130039, 0.0 ], [ 79.917623802672694, 6.92170485296547, 0.0 ], [ 79.917736600717902, 6.92172522075075, 0.0 ], [ 79.917860426642605, 6.92175184664182, 0.0 ], [ 79.917962894089499, 6.92178069541434, 0.0 ], [ 79.918040032344706, 6.92180588247426, 0.0 ], [ 79.9180946609751, 6.92181936353828, 0.0 ], [ 79.918212062697805, 6.92184588732831, 0.0 ], [ 79.918264892097397, 6.92185357901175, 0.0 ], [ 79.918279179265696, 6.92185331543684, 0.0 ], [ 79.918327328898897, 6.92185242574282, 0.0 ], [ 79.918422417442102, 6.9218486611975, 0.0 ], [ 79.918486775049601, 6.92184611254099, 0.0 ], [ 79.918572547463597, 6.92185024491242, 0.0 ], [ 79.918652257070406, 6.92185454808388, 0.0 ], [ 79.918769665703607, 6.92187727582952, 0.0 ], [ 79.918896206955694, 6.92190354466975, 0.0 ], [ 79.919169999516797, 6.92196172756533, 0.0 ], [ 79.919190519833705, 6.92196618619433, 0.0 ], [ 79.919422626387004, 6.92201661788062, 0.0 ], [ 79.919492537743295, 6.92203528039361, 0.0 ], [ 79.9195475262798, 6.92204993743602, 0.0 ], [ 79.919642048937305, 6.92207750293004, 0.0 ], [ 79.9196529765116, 6.92208069010431, 0.0 ], [ 79.919724421892894, 6.9221017063264, 0.0 ], [ 79.919787999662404, 6.92212017654656, 0.0 ], [ 79.919847145145695, 6.92213782497669, 0.0 ], [ 79.919902133385193, 6.92215266192049, 0.0 ], [ 79.919983160734205, 6.92217894075473, 0.0 ], [ 79.920044204952205, 6.92219740547682, 0.0 ], [ 79.920061556123898, 6.92220307635176, 0.0 ], [ 79.920084266290601, 6.92221049931094, 0.0 ], [ 79.9201173570343, 6.92222538813281, 0.0 ], [ 79.920144378932903, 6.92224379249386, 0.0 ], [ 79.920201199732901, 6.92229615883505, 0.0 ], [ 79.920203365178807, 6.92229959787384, 0.0 ], [ 79.920227546190603, 6.92233789091208, 0.0 ], [ 79.920252733627393, 6.92237003524094, 0.0 ], [ 79.920293452693699, 6.9224198416704, 0.0 ], [ 79.920331658726695, 6.92245824946827, 0.0 ], [ 79.920373131190303, 6.92249168901584, 0.0 ], [ 79.920412172295997, 6.92251861559196, 0.0 ], [ 79.920470743897496, 6.92255299103392, 0.0 ], [ 79.920483173785698, 6.92255805353928, 0.0 ], [ 79.920546335016596, 6.92258377930363, 0.0 ], [ 79.920604654497197, 6.9226079374686, 0.0 ], [ 79.920656199992905, 6.92262521044402, 0.0 ], [ 79.920693907477201, 6.92263902247129, 0.0 ], [ 79.920732973542499, 6.9226521135622, 0.0 ], [ 79.920797819043599, 6.9226701338302, 0.0 ], [ 79.920875051551405, 6.92269342086308, 0.0 ], [ 79.920892919632195, 6.92269897690034, 0.0 ], [ 79.920972449691106, 6.92272370576519, 0.0 ], [ 79.921007765198397, 6.92273275454419, 0.0 ], [ 79.921073384738307, 6.92274956812809, 0.0 ], [ 79.921125755663297, 6.92276825674496, 0.0 ], [ 79.921135778616403, 6.92277183378969, 0.0 ], [ 79.921214718095598, 6.92280244804351, 0.0 ], [ 79.921257579194503, 6.92281852894894, 0.0 ], [ 79.921279018550294, 6.92283524769201, 0.0 ], [ 79.921286403549303, 6.92284100640072, 0.0 ], [ 79.921327262422594, 6.92286350458477, 0.0 ], [ 79.921384210876994, 6.92289534428103, 0.0 ], [ 79.921438522993995, 6.92292545487941, 0.0 ], [ 79.921445408392799, 6.92292927222624, 0.0 ], [ 79.921517186002404, 6.92297044392196, 0.0 ], [ 79.921519257788404, 6.92297163217781, 0.0 ], [ 79.921559387197604, 6.9229977468278, 0.0 ], [ 79.921600148452995, 6.92302422339543, 0.0 ], [ 79.921629612654101, 6.92304263207378, 0.0 ], [ 79.921655907945294, 6.92306311476701, 0.0 ], [ 79.921747535109901, 6.92313209078566, 0.0 ], [ 79.921861898338605, 6.92318862846855, 0.0 ], [ 79.921947722858505, 6.92321428266559, 0.0 ], [ 79.922081413550799, 6.92324029320409, 0.0 ], [ 79.922201604509993, 6.92325838107259, 0.0 ], [ 79.922274185871501, 6.92326930333893, 0.0 ], [ 79.922525188407505, 6.92332192775125, 0.0 ], [ 79.922765058732693, 6.92337597971532, 0.0 ], [ 79.922894685804906, 6.92340603637247, 0.0 ], [ 79.922956890380902, 6.92342046005434, 0.0 ], [ 79.922988283912801, 6.92342773932758, 0.0 ], [ 79.923109410438897, 6.92344642092131, 0.0 ], [ 79.923174541959696, 6.9234564661553, 0.0 ], [ 79.923191062932105, 6.92345841003762, 0.0 ], [ 79.923366511654507, 6.92347905353798, 0.0 ], [ 79.923624703907194, 6.9235088134513, 0.0 ], [ 79.923719011504204, 6.92350984881022, 0.0 ], [ 79.923724839563207, 6.9235099126097, 0.0 ], [ 79.923801961583806, 6.92351075889745, 0.0 ], [ 79.923914809838294, 6.92350363791069, 0.0 ], [ 79.924000708908693, 6.92348787756666, 0.0 ], [ 79.924003504025606, 6.92348685899634, 0.0 ], [ 79.924101394721902, 6.92345116573149, 0.0 ], [ 79.924172769113298, 6.92342023991313, 0.0 ], [ 79.924197202919203, 6.92340965274913, 0.0 ], [ 79.924277001867694, 6.92336440374352, 0.0 ], [ 79.924334722406996, 6.92331911516374, 0.0 ], [ 79.9243552062878, 6.92329554078875, 0.0 ], [ 79.924455135791803, 6.92318053263207, 0.0 ], [ 79.924584441467303, 6.92302813137207, 0.0 ], [ 79.924692361427304, 6.92289305285444, 0.0 ], [ 79.924746312981199, 6.92283221748013, 0.0 ], [ 79.924760815451407, 6.92281586434909, 0.0 ], [ 79.924822022563902, 6.92274417771295, 0.0 ], [ 79.924893453567407, 6.92267251118023, 0.0 ], [ 79.924980824935403, 6.92260057749007, 0.0 ], [ 79.925031647771405, 6.92255873511121, 0.0 ], [ 79.9251392026856, 6.92247573998232, 0.0 ], [ 79.925280547291393, 6.92237065091439, 0.0 ], [ 79.925325272297002, 6.92233737776201, 0.0 ], [ 79.925330381577595, 6.92233357650693, 0.0 ], [ 79.925556519332901, 6.92217375269838, 0.0 ], [ 79.925670087839293, 6.92210484061572, 0.0 ], [ 79.925727088576494, 6.92207025293321, 0.0 ], [ 79.925790162219101, 6.92203238563386, 0.0 ], [ 79.925805623780306, 6.92202310249433, 0.0 ], [ 79.925905804178399, 6.92197431250626, 0.0 ], [ 79.925915320673099, 6.92196967729226, 0.0 ], [ 79.925918648004995, 6.92196805654354, 0.0 ], [ 79.925973704336101, 6.92194500595678, 0.0 ], [ 79.926022877258106, 6.92192248918693, 0.0 ], [ 79.926078831563203, 6.92190378137002, 0.0 ], [ 79.926136231910306, 6.92188552824281, 0.0 ], [ 79.926208014835794, 6.92186983264302, 0.0 ], [ 79.9262693861575, 6.92185737362835, 0.0 ], [ 79.926307749846501, 6.92185549721017, 0.0 ], [ 79.926353651618399, 6.9218532526782, 0.0 ], [ 79.926366860007207, 6.92185260625364, 0.0 ], [ 79.926374628847796, 6.92185222680013, 0.0 ], [ 79.926444567697601, 6.92185623904121, 0.0 ], [ 79.926481419388296, 6.92186295364972, 0.0 ], [ 79.926505715816802, 6.92186737983667, 0.0 ], [ 79.926653219044795, 6.9219111365429, 0.0 ], [ 79.926756350023894, 6.92193724125928, 0.0 ], [ 79.926825169138894, 6.92195466018137, 0.0 ], [ 79.926832389312295, 6.92195648785514, 0.0 ], [ 79.926827864401204, 6.92205802411001, 0.0 ], [ 79.926822895340294, 6.92214278983561, 0.0 ], [ 79.926815637722598, 6.922266605804, 0.0 ], [ 79.926814380490697, 6.92227896429792, 0.0 ], [ 79.926788927316494, 6.92252914559119, 0.0 ], [ 79.926788646720297, 6.9225317257447, 0.0 ], [ 79.926768923799699, 6.92271320258885, 0.0 ], [ 79.926776454820896, 6.92271375496031, 0.0 ], [ 79.926785557370593, 6.92271442135867, 0.0 ], [ 79.926888179557807, 6.92274633841334, 0.0 ], [ 79.926895084282293, 6.92274848561935, 0.0 ], [ 79.927136853603898, 6.92276805621855, 0.0 ], [ 79.927256466393303, 6.92277663839267, 0.0 ], [ 79.927376232997702, 6.92278523075829, 0.0 ], [ 79.927473836143804, 6.92275431144381, 0.0 ], [ 79.927480315859, 6.92275225866692, 0.0 ], [ 79.927540530703396, 6.92274901057204, 0.0 ], [ 79.927562286415807, 6.92274783683858, 0.0 ], [ 79.927606878342004, 6.92274543071405, 0.0 ], [ 79.927864227585403, 6.92310933918289, 0.0 ], [ 79.927903911109894, 6.9231654537944, 0.0 ], [ 79.927906009633205, 6.9231653625951, 0.0 ], [ 79.927952009290806, 6.92319754462017, 0.0 ], [ 79.927953730494494, 6.92319947640091, 0.0 ], [ 79.927953453339697, 6.92319962691184, 0.0 ], [ 79.927966644708903, 6.92321004902337, 0.0 ], [ 79.927971965669599, 6.92322045618889, 0.0 ], [ 79.927977096512905, 6.92323547636632, 0.0 ], [ 79.927987647592701, 6.92325547763768, 0.0 ], [ 79.9280474457629, 6.92335027104561, 0.0 ], [ 79.928095129526895, 6.92333881188074, 0.0 ], [ 79.928173696615104, 6.92331993076924, 0.0 ], [ 79.928252263698596, 6.92330104964397, 0.0 ], [ 79.928428525949201, 6.92318404089501, 0.0 ], [ 79.928646066037103, 6.92312368296399, 0.0 ], [ 79.928915031406106, 6.92293168194651, 0.0 ], [ 79.928964360002098, 6.92289646893308, 0.0 ], [ 79.929005454779698, 6.92286814680341, 0.0 ], [ 79.929213653753195, 6.92272465744751, 0.0 ], [ 79.929236365197795, 6.92264677365716, 0.0 ], [ 79.929241222672999, 6.92263701578235, 0.0 ], [ 79.929251642110998, 6.92259235661615, 0.0 ], [ 79.929267639187302, 6.92252378974539, 0.0 ], [ 79.929286874117693, 6.92247788940765, 0.0 ], [ 79.929306530897193, 6.9224420285191, 0.0 ], [ 79.929309932454601, 6.92243582346025, 0.0 ], [ 79.929304347087907, 6.92234585765317, 0.0 ], [ 79.929290590342603, 6.9222424992923, 0.0 ], [ 79.929306949647, 6.92222855183271, 0.0 ], [ 79.9293109869202, 6.92222510488605, 0.0 ], [ 79.929377545286201, 6.92216827537028, 0.0 ], [ 79.929416114934597, 6.92213820263952, 0.0 ], [ 79.929417233078595, 6.92213733114991, 0.0 ], [ 79.929457175951896, 6.92210643349524, 0.0 ], [ 79.929465981470301, 6.92209962137635, 0.0 ], [ 79.929502169452107, 6.92207771315988, 0.0 ], [ 79.9295383574308, 6.92205580494024, 0.0 ], [ 79.929538538563804, 6.92205571393606, 0.0 ], [ 79.929539535043006, 6.92205507461517, 0.0 ], [ 79.929587275490604, 6.92202442502533, 0.0 ], [ 79.929634200455794, 6.92199439698879, 0.0 ], [ 79.929666001506007, 6.9219715776276, 0.0 ], [ 79.929715118089007, 6.92193034200378, 0.0 ], [ 79.9297800336074, 6.92185802826793, 0.0 ], [ 79.929843682993294, 6.92178634703284, 0.0 ], [ 79.929889831101804, 6.9217352491515, 0.0 ], [ 79.929912396203804, 6.92171602932689, 0.0 ], [ 79.929929262357305, 6.92169589513463, 0.0 ], [ 79.929966778454599, 6.92166950609434, 0.0 ], [ 79.929967857486602, 6.92166874756162, 0.0 ], [ 79.930011253155698, 6.92163889404489, 0.0 ], [ 79.930015988588096, 6.92163565901758, 0.0 ], [ 79.930060355978995, 6.92160534516593, 0.0 ], [ 79.930105460380901, 6.92158137213938, 0.0 ], [ 79.930151279634302, 6.92156246584603, 0.0 ], [ 79.930190576876598, 6.92154752562929, 0.0 ], [ 79.930225608434398, 6.92153981161766, 0.0 ], [ 79.930287242105294, 6.92153241619135, 0.0 ], [ 79.930334662418801, 6.92152955005533, 0.0 ], [ 79.930359909633594, 6.92152802432369, 0.0 ], [ 79.930392390437305, 6.92152943843153, 0.0 ], [ 79.930395639230497, 6.92151348102746, 0.0 ], [ 79.930399420208502, 6.92149490955212, 0.0 ], [ 79.9304102955019, 6.92143452668613, 0.0 ], [ 79.930422363583801, 6.92136438031422, 0.0 ], [ 79.930431504779705, 6.92131285486037, 0.0 ], [ 79.930443656995095, 6.92124677855179, 0.0 ], [ 79.930451842758501, 6.9212028197583, 0.0 ], [ 79.930455625017203, 6.9211825094599, 0.0 ], [ 79.930466318033595, 6.92112284964576, 0.0 ], [ 79.930472708658399, 6.92108950868221, 0.0 ], [ 79.930473716072399, 6.92108425150284, 0.0 ], [ 79.930484524140297, 6.92107075256335, 0.0 ], [ 79.930479700543003, 6.9210579537272, 0.0 ], [ 79.930479647422601, 6.92105780443566, 0.0 ], [ 79.930444899573899, 6.92095856094854, 0.0 ], [ 79.930415078925193, 6.92087339324617, 0.0 ], [ 79.930412664395206, 6.92086649604739, 0.0 ], [ 79.930410882057302, 6.9208582427316, 0.0 ], [ 79.930407369423094, 6.92084198304591, 0.0 ], [ 79.930408022784803, 6.92083077182159, 0.0 ], [ 79.930412651525302, 6.92082291239409, 0.0 ], [ 79.930439658531398, 6.92079908979357, 0.0 ], [ 79.930509507529493, 6.92076511478231, 0.0 ], [ 79.930489149923901, 6.92072206280485, 0.0 ], [ 79.930465224303106, 6.92068572287183, 0.0 ], [ 79.930421278704699, 6.92061897533321, 0.0 ], [ 79.930558950040407, 6.92056764496239, 0.0 ], [ 79.930648343510896, 6.92051349253854, 0.0 ], [ 79.930738929953705, 6.92045149173636, 0.0 ], [ 79.930758354867095, 6.92043597540741, 0.0 ], [ 79.930887799757002, 6.9203431589403, 0.0 ], [ 79.930894567198905, 6.92033854857034, 0.0 ], [ 79.930993721533696, 6.92027099833855, 0.0 ], [ 79.931078658988099, 6.92024302425457, 0.0 ], [ 79.931084295720296, 6.92022804222159, 0.0 ], [ 79.931100511805994, 6.92021721943133, 0.0 ], [ 79.931122047186904, 6.92021725769412, 0.0 ], [ 79.931283604937306, 6.92024458193854, 0.0 ], [ 79.931303729712099, 6.92024815049424, 0.0 ], [ 79.931344214797903, 6.92025309889301, 0.0 ], [ 79.931346295467606, 6.92025337295206, 0.0 ], [ 79.931398672338005, 6.92026124322265, 0.0 ], [ 79.931422648560897, 6.92026255172227, 0.0 ], [ 79.931441379137297, 6.92026195203177, 0.0 ], [ 79.931468537286193, 6.92025485598406, 0.0 ], [ 79.931471065639698, 6.92025423475074, 0.0 ], [ 79.931494427357407, 6.92024848287107, 0.0 ], [ 79.931558534117698, 6.92022463475478, 0.0 ], [ 79.9315872414371, 6.92021139362514, 0.0 ], [ 79.931697179216002, 6.92016140434502, 0.0 ], [ 79.931724799746405, 6.92014870381157, 0.0 ], [ 79.931785112773994, 6.92012059906847, 0.0 ], [ 79.931798319530799, 6.92011525051329, 0.0 ], [ 79.931823350334398, 6.92010511699201, 0.0 ], [ 79.931818366765896, 6.92009524937942, 0.0 ], [ 79.93179407641, 6.92006654232425, 0.0 ], [ 79.931737391825493, 6.91998777411313, 0.0 ], [ 79.931732002595695, 6.91997756127002, 0.0 ], [ 79.931700238078093, 6.91991736034764, 0.0 ], [ 79.931661275894101, 6.91984522353349, 0.0 ], [ 79.931626053224804, 6.91975897297927, 0.0 ], [ 79.931612535711594, 6.91972587061882, 0.0 ], [ 79.931596845553003, 6.91969537037691, 0.0 ], [ 79.931589935369502, 6.9196825606107, 0.0 ], [ 79.931570428667598, 6.91964640037683, 0.0 ], [ 79.931566182629496, 6.91963852969678, 0.0 ], [ 79.931559796861706, 6.91961627532707, 0.0 ], [ 79.931564993016096, 6.91959512568848, 0.0 ], [ 79.931578425807203, 6.91957154926727, 0.0 ], [ 79.931588174546505, 6.91955278220661, 0.0 ], [ 79.931593770289297, 6.91954200925895, 0.0 ], [ 79.931599506456806, 6.91952248727926, 0.0 ], [ 79.931600421754695, 6.91950032544503, 0.0 ], [ 79.931601019323196, 6.91948586885225, 0.0 ], [ 79.931601695764599, 6.91942959560928, 0.0 ], [ 79.931602187479797, 6.91938866673679, 0.0 ], [ 79.931597404126506, 6.91927942695705, 0.0 ], [ 79.931597069714698, 6.91927564941538, 0.0 ], [ 79.931587824062504, 6.91917126463487, 0.0 ], [ 79.931583614933501, 6.9191182071836, 0.0 ], [ 79.931580643062006, 6.9190807416727, 0.0 ], [ 79.931580343919904, 6.91907697504434, 0.0 ], [ 79.931578354419003, 6.91905189011822, 0.0 ], [ 79.931563818258994, 6.91898305278505, 0.0 ], [ 79.931538524202395, 6.91892804455726, 0.0 ], [ 79.931537228042401, 6.91892522559495, 0.0 ], [ 79.931522099948097, 6.91888396607352, 0.0 ], [ 79.931513741637303, 6.91885203208967, 0.0 ], [ 79.931508673817802, 6.91884172125581, 0.0 ], [ 79.931503734026805, 6.9188316692576, 0.0 ], [ 79.931480446413005, 6.91879934707524, 0.0 ], [ 79.931478075467098, 6.91879744851395, 0.0 ], [ 79.931516300672499, 6.91862040221277, 0.0 ], [ 79.931520549930696, 6.91858828716301, 0.0 ], [ 79.931535686909697, 6.91847389701869, 0.0 ], [ 79.931576091910699, 6.9181685387093, 0.0 ], [ 79.931581395895606, 6.91812845569013, 0.0 ], [ 79.931580645886299, 6.91808156576801, 0.0 ], [ 79.931579571058407, 6.91801430307845, 0.0 ], [ 79.931626557625904, 6.91802924109648, 0.0 ], [ 79.931686094570296, 6.91804816822265, 0.0 ], [ 79.931804760861894, 6.91807913786506, 0.0 ], [ 79.931824597844496, 6.9180506113114, 0.0 ], [ 79.931898784682005, 6.918058615149, 0.0 ], [ 79.932156490031403, 6.91807059764342, 0.0 ], [ 79.932212211403296, 6.91806499896721, 0.0 ], [ 79.932267933681104, 6.9180593993817, 0.0 ], [ 79.932763982620699, 6.91802522037528, 0.0 ], [ 79.933050738507305, 6.91799671655458, 0.0 ], [ 79.933128338412104, 6.91798078145697, 0.0 ], [ 79.933170732366307, 6.91797207654583, 0.0 ], [ 79.933333221385794, 6.91796022429335, 0.0 ], [ 79.9333957419461, 6.9179667677049, 0.0 ], [ 79.933531490531706, 6.91777044489261, 0.0 ], [ 79.933812531706295, 6.91736399581947, 0.0 ], [ 79.933861924482699, 6.91729256263072, 0.0 ], [ 79.933882899502507, 6.91725184540813, 0.0 ], [ 79.933995164106193, 6.91706630261203, 0.0 ], [ 79.934127822019803, 6.91684705558816, 0.0 ], [ 79.934160095310304, 6.91674737388967, 0.0 ], [ 79.9341833813465, 6.91667545048184, 0.0 ], [ 79.934262627404905, 6.91653922169881, 0.0 ], [ 79.934325639494602, 6.91640305460087, 0.0 ], [ 79.934368122605605, 6.91615952138629, 0.0 ], [ 79.934432855554206, 6.91610768449882, 0.0 ], [ 79.934459535613698, 6.91608631871708, 0.0 ], [ 79.934502286351304, 6.91606253813795, 0.0 ], [ 79.934534232563394, 6.91604476692019, 0.0 ], [ 79.9345434786418, 6.9160394392973, 0.0 ], [ 79.934579766417002, 6.91601853085665, 0.0 ], [ 79.934600216656605, 6.91590925244769, 0.0 ], [ 79.934602091133399, 6.91589923513177, 0.0 ], [ 79.934603935460402, 6.91588938142737, 0.0 ], [ 79.934686605241495, 6.91584766014158, 0.0 ], [ 79.934748472691794, 6.91580132306187, 0.0 ], [ 79.934779145122704, 6.91569497974361, 0.0 ], [ 79.934809817535495, 6.91558863732549, 0.0 ], [ 79.935055239833403, 6.91567506662679, 0.0 ], [ 79.935418434255396, 6.91576284049209, 0.0 ], [ 79.9356864123544, 6.91584180516546, 0.0 ], [ 79.935774258078098, 6.91587768355627, 0.0 ], [ 79.935926286303996, 6.91593550417696, 0.0 ], [ 79.935995086182601, 6.91604294191282, 0.0 ], [ 79.936058969807803, 6.9161438750025, 0.0 ], [ 79.936126426523003, 6.91627203250529, 0.0 ], [ 79.9361450812779, 6.9163091287608, 0.0 ], [ 79.936214743815597, 6.91644765619832, 0.0 ], [ 79.936236611255296, 6.91649114015059, 0.0 ], [ 79.936277581294107, 6.9165533328014, 0.0 ], [ 79.936306434411506, 6.91655980463558, 0.0 ], [ 79.936379002914293, 6.91658442005685, 0.0 ], [ 79.936379049937301, 6.91658443641589, 0.0 ], [ 79.936411603006803, 6.91659652007189, 0.0 ], [ 79.936460607004307, 6.91661785676713, 0.0 ], [ 79.9364736787916, 6.91662275451701, 0.0 ], [ 79.936492370472493, 6.91662975727528, 0.0 ], [ 79.936500173217297, 6.91663267993925, 0.0 ], [ 79.936509346799099, 6.91663611681398, 0.0 ], [ 79.9365205789002, 6.91664058000064, 0.0 ], [ 79.936554828578494, 6.91665419116678, 0.0 ], [ 79.936564925629895, 6.91665784216308, 0.0 ], [ 79.936602845198706, 6.91667154660688, 0.0 ], [ 79.936638570659795, 6.91668056238074, 0.0 ], [ 79.936692849868507, 6.91668707814591, 0.0 ], [ 79.936722077559594, 6.91668640632546, 0.0 ], [ 79.936795557960195, 6.916682466926, 0.0 ], [ 79.936892652036505, 6.91668010634801, 0.0 ], [ 79.937012898163104, 6.91668402483584, 0.0 ], [ 79.937026817548301, 6.91668547805952, 0.0 ], [ 79.937056956917104, 6.91668862456555, 0.0 ], [ 79.937134382442807, 6.91670467456871, 0.0 ], [ 79.937233862402195, 6.91673523287314, 0.0 ], [ 79.937333335886805, 6.91676895503503, 0.0 ], [ 79.9373970894801, 6.91679049758226, 0.0 ], [ 79.937470062635995, 6.91681712003952, 0.0 ], [ 79.937535005093807, 6.91683206381201, 0.0 ], [ 79.937585124780497, 6.9168370340589, 0.0 ], [ 79.937652619526006, 6.91684086123248, 0.0 ], [ 79.937705188087094, 6.91684203893521, 0.0 ], [ 79.937739668936402, 6.91683902532059, 0.0 ], [ 79.937786828171298, 6.91682952270615, 0.0 ], [ 79.937818869982607, 6.91682370259038, 0.0 ], [ 79.937862953544993, 6.91681374334025, 0.0 ], [ 79.937905871018501, 6.91679799498178, 0.0 ], [ 79.937955589645298, 6.91677384929247, 0.0 ], [ 79.9379937248424, 6.91675049699817, 0.0 ], [ 79.938057031148603, 6.91671733206035, 0.0 ], [ 79.938144788985497, 6.91667345168669, 0.0 ], [ 79.938191520491998, 6.91664993366771, 0.0 ], [ 79.938229460352503, 6.91663471814323, 0.0 ], [ 79.938253996896094, 6.91662608167737, 0.0 ], [ 79.938281338345305, 6.91661699713144, 0.0 ], [ 79.938287801648798, 6.91661546228429, 0.0 ], [ 79.938276367829701, 6.91665867774816, 0.0 ], [ 79.938278851240497, 6.91669995373691, 0.0 ], [ 79.938352389989504, 6.91678302340716, 0.0 ], [ 79.938396229801896, 6.91685640082157, 0.0 ], [ 79.938433131357598, 6.91697181346189, 0.0 ], [ 79.938423385555694, 6.91699730725031, 0.0 ], [ 79.938439538573405, 6.91704828886037, 0.0 ], [ 79.938443152757898, 6.91713849183157, 0.0 ], [ 79.938466833888995, 6.91721936505622, 0.0 ], [ 79.938496961618895, 6.91724094954138, 0.0 ], [ 79.938572008796001, 6.91722550002037, 0.0 ], [ 79.938574093108599, 6.91722575777712, 0.0 ], [ 79.9385797695994, 6.91723426478755, 0.0 ], [ 79.938613640815106, 6.91737076498209, 0.0 ], [ 79.938592956149193, 6.91739173285249, 0.0 ], [ 79.938588483855398, 6.9174736560541, 0.0 ], [ 79.938500782985201, 6.91751800046408, 0.0 ], [ 79.938471954567305, 6.91757393309354, 0.0 ], [ 79.938484769105301, 6.91763855089327, 0.0 ], [ 79.938510549122199, 6.91768166097904, 0.0 ], [ 79.938531864979097, 6.91779796577688, 0.0 ], [ 79.938520978713598, 6.9178564989028, 0.0 ], [ 79.938583024848697, 6.91809938756556, 0.0 ], [ 79.938596106096796, 6.91815285038978, 0.0 ], [ 79.938626625460401, 6.91838141394661, 0.0 ], [ 79.938681347358596, 6.91857529780708, 0.0 ], [ 79.938746699220502, 6.91862148591056, 0.0 ], [ 79.938765704158897, 6.91883070587291, 0.0 ], [ 79.938759724123599, 6.9188419321708, 0.0 ], [ 79.938822869132693, 6.91917813894763, 0.0 ], [ 79.938810957575498, 6.91929318172557, 0.0 ], [ 79.938877519091207, 6.91933437067458, 0.0 ], [ 79.938877978992195, 6.91934090994709, 0.0 ], [ 79.938895096967101, 6.91938351559041, 0.0 ], [ 79.938978181502094, 6.91947991494826, 0.0 ], [ 79.939035148293996, 6.91955894063454, 0.0 ], [ 79.939078637987095, 6.9195954963888, 0.0 ], [ 79.939126914280706, 6.91961257990286, 0.0 ], [ 79.939162262868606, 6.91961277231464, 0.0 ], [ 79.939202016131901, 6.91975940023707, 0.0 ], [ 79.939319034238693, 6.91998128997544, 0.0 ], [ 79.939174195177998, 6.92012778930451, 0.0 ], [ 79.9391120462695, 6.92024948650072, 0.0 ], [ 79.939061625889707, 6.92033121852018, 0.0 ], [ 79.9390142336335, 6.92032539326538, 0.0 ], [ 79.9389266072411, 6.92032667493299, 0.0 ], [ 79.938866672657696, 6.92043745654297, 0.0 ], [ 79.938850773513707, 6.92045181208511, 0.0 ], [ 79.9388910541592, 6.92050199433404, 0.0 ], [ 79.9389188706255, 6.9205320645313, 0.0 ], [ 79.938942099777705, 6.92054657214546, 0.0 ], [ 79.9390160486425, 6.92058522237185, 0.0 ], [ 79.939027296015496, 6.92059032934868, 0.0 ], [ 79.939030728091396, 6.92059188794694, 0.0 ], [ 79.939081417217693, 6.92061490564214, 0.0 ], [ 79.939198242480401, 6.92066131813844, 0.0 ], [ 79.939306036471905, 6.92069794726008, 0.0 ], [ 79.939387308598796, 6.92072106395097, 0.0 ], [ 79.939535392419003, 6.92076318475072, 0.0 ], [ 79.9396757888168, 6.92078413760043, 0.0 ], [ 79.939718627473994, 6.9207861000679, 0.0 ], [ 79.939782646148004, 6.92078903203827, 0.0 ], [ 79.939844168533995, 6.92079184929464, 0.0 ], [ 79.9399457751895, 6.92079663951893, 0.0 ], [ 79.939954997187698, 6.92080090560023, 0.0 ], [ 79.939962949052799, 6.92080706742027, 0.0 ], [ 79.939967914111804, 6.92081367700626, 0.0 ], [ 79.939994989755505, 6.92085342017095, 0.0 ], [ 79.940004276927397, 6.92087206357312, 0.0 ], [ 79.940020397824895, 6.92091522444233, 0.0 ], [ 79.940036848349806, 6.92097674079189, 0.0 ], [ 79.940067370370301, 6.92111477856941, 0.0 ], [ 79.940079667721506, 6.92122249451354, 0.0 ], [ 79.940079318092302, 6.92134912725372, 0.0 ], [ 79.940079168832099, 6.92140306774024, 0.0 ], [ 79.940081143501402, 6.92161773466682, 0.0 ], [ 79.940088681251595, 6.92172908356325, 0.0 ], [ 79.940090050870495, 6.92174931533437, 0.0 ], [ 79.940108836903093, 6.92187196062082, 0.0 ], [ 79.940142252907293, 6.92201090952138, 0.0 ], [ 79.940163563893293, 6.92207217580697, 0.0 ], [ 79.940179402862995, 6.92211771067918, 0.0 ], [ 79.940208785045996, 6.92220218005177, 0.0 ], [ 79.940254159335495, 6.92233310144974, 0.0 ], [ 79.940259920365506, 6.92234965892944, 0.0 ], [ 79.940260222325406, 6.92235083585946, 0.0 ], [ 79.940266372941807, 6.92237482043925, 0.0 ], [ 79.940267348886195, 6.9223786434177, 0.0 ], [ 79.940281219703905, 6.9224329756683, 0.0 ], [ 79.940318210362193, 6.92259688570132, 0.0 ], [ 79.940343753201105, 6.9226690634945, 0.0 ], [ 79.940345042541395, 6.9226727079869, 0.0 ], [ 79.940354868551907, 6.92281499631574, 0.0 ], [ 79.940358101548895, 6.92286180478174, 0.0 ], [ 79.9403827647252, 6.92303790110889, 0.0 ], [ 79.940429831734093, 6.92338954725411, 0.0 ], [ 79.940460091422594, 6.92357442351466, 0.0 ], [ 79.940480096611296, 6.92372419955444, 0.0 ], [ 79.940497995009693, 6.92388852903856, 0.0 ], [ 79.940502807451793, 6.92398185371003, 0.0 ], [ 79.940491169226306, 6.9241164726286, 0.0 ], [ 79.9404718363554, 6.92425297689408, 0.0 ], [ 79.940427787540003, 6.92460256396317, 0.0 ], [ 79.940416682408994, 6.9246913386061, 0.0 ], [ 79.9403866330169, 6.92490142898179, 0.0 ], [ 79.940341969398702, 6.92520695377584, 0.0 ], [ 79.940341528850595, 6.92520996859739, 0.0 ], [ 79.940329847514604, 6.92528987446726, 0.0 ], [ 79.940305269934896, 6.92546233781654, 0.0 ], [ 79.940323922872395, 6.9254684497379, 0.0 ], [ 79.940326964343498, 6.9254693484629, 0.0 ], [ 79.940328942248499, 6.9254699333592, 0.0 ], [ 79.940305151746102, 6.92546316768884, 0.0 ], [ 79.940293749814501, 6.92554317622456, 0.0 ], [ 79.940272435692194, 6.92577697177283, 0.0 ], [ 79.940262020482706, 6.92598772870458, 0.0 ], [ 79.940264723373303, 6.92625122422136, 0.0 ], [ 79.940277950648294, 6.92639610551226, 0.0 ], [ 79.940309915564995, 6.92648567927872, 0.0 ], [ 79.940356794013994, 6.92663613554253, 0.0 ], [ 79.940426219361797, 6.92682903878961, 0.0 ], [ 79.940478410096503, 6.92694315357193, 0.0 ], [ 79.940523716669105, 6.92706187232166, 0.0 ], [ 79.940527327611605, 6.92707133507536, 0.0 ], [ 79.940534073925093, 6.92708901281763, 0.0 ], [ 79.940558954407507, 6.92714177299232, 0.0 ], [ 79.940603289516702, 6.92719556202742, 0.0 ], [ 79.940637880184298, 6.9272328769972, 0.0 ], [ 79.9406942970502, 6.92729028428499, 0.0 ], [ 79.940699301043395, 6.92729537664668, 0.0 ], [ 79.940757593742305, 6.92733580765632, 0.0 ], [ 79.940802557161007, 6.92735756645187, 0.0 ], [ 79.940828294070599, 6.92737002130889, 0.0 ], [ 79.940903242972396, 6.92740668383323, 0.0 ], [ 79.941107349585096, 6.92752730476909, 0.0 ], [ 79.941199288079702, 6.92757644469891, 0.0 ], [ 79.941248737798801, 6.92760287534341, 0.0 ], [ 79.941398234365494, 6.9276986234829, 0.0 ], [ 79.9414515612402, 6.92773289785581, 0.0 ], [ 79.941527755432702, 6.92778185996775, 0.0 ], [ 79.941624732745098, 6.9278472250838, 0.0 ], [ 79.941729211583393, 6.92793051519053, 0.0 ], [ 79.941764967396495, 6.92796552455297, 0.0 ], [ 79.941783567393003, 6.92798431359965, 0.0 ], [ 79.941834045519201, 6.9280434482715, 0.0 ], [ 79.941896994423104, 6.92811191837667, 0.0 ], [ 79.941964158212798, 6.92820200690228, 0.0 ], [ 79.941997027115406, 6.92824085595547, 0.0 ], [ 79.942017313524701, 6.92821812042538, 0.0 ], [ 79.9420692875198, 6.9281598736618, 0.0 ], [ 79.942126706357001, 6.92807985994915, 0.0 ], [ 79.942148127309594, 6.92804228170767, 0.0 ], [ 79.942189156613907, 6.9279687487432, 0.0 ], [ 79.9422824778338, 6.92784910336019, 0.0 ], [ 79.9423293647707, 6.92778869285701, 0.0 ], [ 79.942366748427105, 6.92774392688396, 0.0 ], [ 79.942370533312101, 6.92773939340177, 0.0 ], [ 79.942374794756503, 6.92773451895802, 0.0 ], [ 79.942401451812799, 6.9277038211114, 0.0 ], [ 79.942505076623505, 6.92759088503299, 0.0 ], [ 79.942564899367198, 6.9275331185512, 0.0 ], [ 79.942613938638402, 6.92748419637707, 0.0 ], [ 79.942644705409407, 6.92743144257909, 0.0 ], [ 79.942677197669397, 6.92737616177729, 0.0 ], [ 79.942695526597404, 6.92734734908125, 0.0 ], [ 79.942702691543701, 6.92733795768652, 0.0 ], [ 79.942712484090293, 6.92732658160086, 0.0 ], [ 79.942718378890703, 6.927319086855, 0.0 ], [ 79.942729256479296, 6.92730816478576, 0.0 ], [ 79.942744116740201, 6.92729652632024, 0.0 ], [ 79.942753985953402, 6.9272930171449, 0.0 ], [ 79.942767383183494, 6.92729005669382, 0.0 ], [ 79.942787109381598, 6.927289999966, 0.0 ], [ 79.942810359194993, 6.92729248306218, 0.0 ], [ 79.942835772488905, 6.92730066567915, 0.0 ], [ 79.942884786906404, 6.92731738942212, 0.0 ], [ 79.9429423895985, 6.92733864935756, 0.0 ], [ 79.943051520342493, 6.92738803068539, 0.0 ], [ 79.943173747565794, 6.92745063576598, 0.0 ], [ 79.943283961138704, 6.9275022795128, 0.0 ], [ 79.943418705190595, 6.92754854086735, 0.0 ], [ 79.943549567079799, 6.92758982303704, 0.0 ], [ 79.943676180256901, 6.92762874583333, 0.0 ], [ 79.943909612344996, 6.92769389656991, 0.0 ], [ 79.944052160416504, 6.92772760266584, 0.0 ], [ 79.944089152117897, 6.92773752443561, 0.0 ], [ 79.944155357335006, 6.9277552728143, 0.0 ], [ 79.944335347697503, 6.92779998464593, 0.0 ], [ 79.944626146890599, 6.92786614061909, 0.0 ], [ 79.944734053625297, 6.92789128705495, 0.0 ], [ 79.944816810652696, 6.92791322375945, 0.0 ], [ 79.944879850646799, 6.92792997094982, 0.0 ], [ 79.944990498629096, 6.92793993019728, 0.0 ], [ 79.945066935559794, 6.92795389859965, 0.0 ], [ 79.945085470786907, 6.92795757325254, 0.0 ], [ 79.945182761886599, 6.92798052273716, 0.0 ], [ 79.945249487678197, 6.92799764977381, 0.0 ], [ 79.945341171516404, 6.92802255702069, 0.0 ], [ 79.945416238985999, 6.9280434855288, 0.0 ], [ 79.945536961203999, 6.92808791334932, 0.0 ], [ 79.945796652523697, 6.928194795838, 0.0 ], [ 79.945881199941596, 6.92822785750123, 0.0 ], [ 79.945988716317402, 6.92826882516712, 0.0 ], [ 79.946105284296607, 6.92830917747489, 0.0 ], [ 79.946165177779605, 6.92831425537182, 0.0 ], [ 79.946212880556502, 6.92830502516253, 0.0 ], [ 79.946267844887998, 6.92828287626891, 0.0 ], [ 79.946329068970101, 6.92825097444859, 0.0 ], [ 79.946429214246393, 6.92821335263381, 0.0 ], [ 79.946488157125103, 6.92819283917543, 0.0 ], [ 79.9465573482384, 6.92815905054849, 0.0 ], [ 79.946583179832302, 6.92814646720664, 0.0 ], [ 79.946670915590303, 6.92810372924563, 0.0 ], [ 79.946737699339906, 6.92807016244309, 0.0 ], [ 79.9468021464657, 6.92803776976025, 0.0 ], [ 79.946894343903494, 6.92799100125893, 0.0 ], [ 79.946906170208393, 6.92798498075317, 0.0 ], [ 79.946948865539994, 6.92796324529109, 0.0 ], [ 79.946983376505003, 6.92794296129458, 0.0 ], [ 79.947023505699306, 6.92791807463226, 0.0 ], [ 79.947063192411804, 6.92788749055635, 0.0 ], [ 79.947118194743297, 6.92784355062495, 0.0 ], [ 79.947150640776897, 6.92781394855646, 0.0 ], [ 79.947174214379004, 6.92778704368896, 0.0 ], [ 79.947212748285807, 6.92774298458619, 0.0 ], [ 79.947242577936507, 6.9277089472266, 0.0 ], [ 79.9472636111106, 6.9276859261025, 0.0 ], [ 79.947314078605103, 6.92754644832647, 0.0 ], [ 79.947324608588104, 6.92751483498331, 0.0 ], [ 79.947362542242701, 6.92740567128632, 0.0 ], [ 79.947465174000897, 6.92745448331475, 0.0 ], [ 79.947532441844302, 6.92747731665813, 0.0 ], [ 79.947705268856595, 6.92751521856547, 0.0 ], [ 79.947833337800304, 6.92760217815305, 0.0 ], [ 79.947957956420694, 6.92767572198994, 0.0 ], [ 79.948010177829801, 6.9276977116207, 0.0 ], [ 79.948163994092198, 6.92750827800771, 0.0 ], [ 79.948244787744301, 6.92739278244766, 0.0 ], [ 79.948315303565096, 6.92729197895047, 0.0 ], [ 79.948340498106603, 6.92723579611133, 0.0 ], [ 79.948421126050405, 6.92705599601077, 0.0 ], [ 79.948426401137596, 6.9270442330492, 0.0 ], [ 79.948439216519105, 6.9270117031473, 0.0 ], [ 79.948462120536405, 6.92695360115157, 0.0 ], [ 79.948471862191397, 6.92691737483311, 0.0 ], [ 79.948548257052394, 6.92663329439962, 0.0 ], [ 79.948570593778996, 6.92655023288941, 0.0 ], [ 79.948572221306804, 6.92649905638744, 0.0 ], [ 79.948583058732595, 6.92645919878194, 0.0 ], [ 79.948589157007802, 6.9264377086555, 0.0 ], [ 79.948607732243204, 6.92637225496287, 0.0 ], [ 79.948646987291397, 6.92627774101319, 0.0 ], [ 79.948829531731803, 6.92598637911351, 0.0 ], [ 79.948892821309798, 6.92588536216708, 0.0 ], [ 79.948905321517699, 6.92586541041992, 0.0 ], [ 79.948917302589805, 6.92584427232488, 0.0 ], [ 79.948923778341495, 6.92581489616559, 0.0 ], [ 79.948912520517894, 6.92578449448621, 0.0 ], [ 79.948903431213395, 6.92575590503875, 0.0 ], [ 79.948995554409507, 6.92562988750995, 0.0 ], [ 79.949048737061403, 6.92555713721465, 0.0 ], [ 79.949306190956804, 6.92524401765806, 0.0 ], [ 79.949330928978995, 6.92521393088789, 0.0 ], [ 79.949334556144393, 6.92520950647694, 0.0 ], [ 79.949571027414905, 6.92494953063779, 0.0 ], [ 79.949600371327904, 6.92491726995533, 0.0 ], [ 79.949603779276202, 6.92488440264207, 0.0 ], [ 79.949620526332296, 6.9247228958012, 0.0 ], [ 79.949564526944997, 6.92471619754762, 0.0 ], [ 79.949177101763098, 6.92464282364236, 0.0 ], [ 79.948774367259801, 6.92457936930209, 0.0 ], [ 79.948707443718007, 6.92455022706439, 0.0 ], [ 79.9486904718121, 6.92454832034036, 0.0 ], [ 79.948651386578703, 6.92452581657573, 0.0 ], [ 79.948443709932704, 6.92443538295945, 0.0 ], [ 79.948358898249197, 6.92439843316173, 0.0 ], [ 79.9482153569666, 6.92431191975591, 0.0 ], [ 79.9479639498159, 6.92410561065896, 0.0 ], [ 79.948441274491003, 6.92332925301724, 0.0 ], [ 79.948582796696897, 6.92302236184822, 0.0 ], [ 79.948658166813004, 6.92278211016573, 0.0 ], [ 79.948772459891998, 6.92226270758853, 0.0 ], [ 79.948835831308898, 6.9216168585132, 0.0 ], [ 79.948857265464198, 6.92137800397831, 0.0 ], [ 79.948860642154003, 6.92137865908911, 0.0 ], [ 79.948860567674004, 6.92137882081649, 0.0 ], [ 79.948937002656507, 6.92139342144715, 0.0 ], [ 79.948994073291303, 6.92140825874764, 0.0 ], [ 79.9490557577397, 6.92142364841238, 0.0 ], [ 79.949097538231996, 6.9214373749361, 0.0 ], [ 79.949190510499093, 6.9214643922257, 0.0 ], [ 79.949256796339796, 6.92148747490936, 0.0 ], [ 79.949291702942205, 6.92149947142922, 0.0 ], [ 79.949303490116904, 6.92150385935077, 0.0 ], [ 79.949352469968105, 6.92152209238979, 0.0 ], [ 79.949405814673398, 6.92154614720503, 0.0 ], [ 79.949488451179107, 6.92158490054276, 0.0 ], [ 79.949594863502, 6.92163626578736, 0.0 ], [ 79.949697023229803, 6.92168698975504, 0.0 ], [ 79.9498083044748, 6.92174885066744, 0.0 ], [ 79.949919042755496, 6.92180971777006, 0.0 ], [ 79.949998591010299, 6.92185578991806, 0.0 ], [ 79.950035921692304, 6.9218782380627, 0.0 ], [ 79.950082293315504, 6.9219061209563, 0.0 ], [ 79.950154878187305, 6.92194937787406, 0.0 ], [ 79.950223215123899, 6.9219898261018, 0.0 ], [ 79.950257653064796, 6.92201119407823, 0.0 ], [ 79.9502895592301, 6.92203099243453, 0.0 ], [ 79.950339280811207, 6.92205775445538, 0.0 ], [ 79.950359890492905, 6.9220693634779, 0.0 ], [ 79.950405004433705, 6.92209150501764, 0.0 ], [ 79.950474448432303, 6.92212028967628, 0.0 ], [ 79.9505449753173, 6.92215025260816, 0.0 ], [ 79.950582862532698, 6.92216541901991, 0.0 ], [ 79.950632145123393, 6.92218394995734, 0.0 ], [ 79.950683779083903, 6.92220321016411, 0.0 ], [ 79.950725554361597, 6.92222001092805, 0.0 ], [ 79.950770303250707, 6.92224396026133, 0.0 ], [ 79.950908083447104, 6.92231319120284, 0.0 ], [ 79.950951746370706, 6.9223372290591, 0.0 ], [ 79.951022536297799, 6.92237207431741, 0.0 ], [ 79.951113380900594, 6.92242603450832, 0.0 ], [ 79.951172682353103, 6.92245850881542, 0.0 ], [ 79.951196726842596, 6.9224732885682, 0.0 ], [ 79.951227459141506, 6.92249224028245, 0.0 ], [ 79.951262770598802, 6.92251399129547, 0.0 ], [ 79.951264452743601, 6.92251502684377, 0.0 ], [ 79.951286935259603, 6.92252887523919, 0.0 ], [ 79.951389705978301, 6.92259325380762, 0.0 ], [ 79.951415644279905, 6.92261120163872, 0.0 ], [ 79.951448458395802, 6.92262979616434, 0.0 ], [ 79.951479916486605, 6.92264766404824, 0.0 ], [ 79.951522779708398, 6.92266329113856, 0.0 ], [ 79.951556064637302, 6.92267130608643, 0.0 ], [ 79.951591610768702, 6.92267986749134, 0.0 ], [ 79.951636026113206, 6.92268699660363, 0.0 ], [ 79.951697375561807, 6.92268755601116, 0.0 ], [ 79.9517674251437, 6.92269025633964, 0.0 ], [ 79.951779627270398, 6.92269072689915, 0.0 ], [ 79.951780887656696, 6.92269077520022, 0.0 ], [ 79.951836622283906, 6.92269403663834, 0.0 ], [ 79.951912526989702, 6.92270103947431, 0.0 ], [ 79.951950344656296, 6.9227047228566, 0.0 ], [ 79.951998928127594, 6.92270905605018, 0.0 ], [ 79.952045247256095, 6.92271465304372, 0.0 ], [ 79.952110021559704, 6.92272254078534, 0.0 ], [ 79.952145750285695, 6.92272965660392, 0.0 ], [ 79.952194865029099, 6.92274122453479, 0.0 ], [ 79.952239719759802, 6.92275640380497, 0.0 ], [ 79.952324990410702, 6.92278964636819, 0.0 ], [ 79.952365315881707, 6.92280716696759, 0.0 ], [ 79.952426168846301, 6.9228331333689, 0.0 ], [ 79.952467577605404, 6.92285264695083, 0.0 ], [ 79.952500937719805, 6.92286898087816, 0.0 ], [ 79.952540352977806, 6.92289011680561, 0.0 ], [ 79.952616377657705, 6.92293283771484, 0.0 ], [ 79.9526820036602, 6.92297192458804, 0.0 ], [ 79.952773650580795, 6.92303302839508, 0.0 ], [ 79.952823001900299, 6.92306421936326, 0.0 ], [ 79.952860331782801, 6.92308779307609, 0.0 ], [ 79.952925127342695, 6.92313564950979, 0.0 ], [ 79.952975918931799, 6.92317118326069, 0.0 ], [ 79.953014600354095, 6.92319756241534, 0.0 ], [ 79.9530457814123, 6.92321922839561, 0.0 ], [ 79.9530931502334, 6.92324571391301, 0.0 ], [ 79.953142962214699, 6.92327166111801, 0.0 ], [ 79.953227225900093, 6.92331222605419, 0.0 ], [ 79.953256518094904, 6.92332683485686, 0.0 ], [ 79.953285991263499, 6.92334144397117, 0.0 ], [ 79.953315642898204, 6.92335750016034, 0.0 ], [ 79.953384345582194, 6.92339604883259, 0.0 ], [ 79.953424651369701, 6.92342550605505, 0.0 ], [ 79.953446698280004, 6.92344380965049, 0.0 ], [ 79.953478500280298, 6.92347216617266, 0.0 ], [ 79.953493848883795, 6.9234918154236, 0.0 ], [ 79.953506203149601, 6.92351625100605, 0.0 ], [ 79.953521144374605, 6.92356212040613, 0.0 ], [ 79.953532717405395, 6.92361965034994, 0.0 ], [ 79.9535332569248, 6.92362317777964, 0.0 ], [ 79.953541217364105, 6.92367518476621, 0.0 ], [ 79.953550620380696, 6.92378397897395, 0.0 ], [ 79.953558016054401, 6.92384963975676, 0.0 ], [ 79.953558226682404, 6.9238852658696, 0.0 ], [ 79.953550729132303, 6.9240339995945, 0.0 ], [ 79.953548539867398, 6.92414910425325, 0.0 ], [ 79.953548647660597, 6.92419133196902, 0.0 ], [ 79.953551510152593, 6.92421041526613, 0.0 ], [ 79.953555457569706, 6.92422950224922, 0.0 ], [ 79.953568171412002, 6.92425583733666, 0.0 ], [ 79.953593295516995, 6.92427378456305, 0.0 ], [ 79.953618425578199, 6.92428829572553, 0.0 ], [ 79.953708036347805, 6.92432362441623, 0.0 ], [ 79.953793673730203, 6.92435433645377, 0.0 ], [ 79.953952291600103, 6.9244093167529, 0.0 ], [ 79.954000129625598, 6.92442621817357, 0.0 ], [ 79.954014263488702, 6.92443098440143, 0.0 ], [ 79.954050234349793, 6.92444311356369, 0.0 ], [ 79.954087324779707, 6.92445562081934, 0.0 ], [ 79.954144696754994, 6.92447496657247, 0.0 ], [ 79.954121410026701, 6.92451522782556, 0.0 ], [ 79.954050829194898, 6.92463725816559, 0.0 ], [ 79.954022844803504, 6.92468564121701, 0.0 ], [ 79.953832289993997, 6.92508013989929, 0.0 ], [ 79.953685297982702, 6.92544581286224, 0.0 ], [ 79.953628175737506, 6.925753774217, 0.0 ], [ 79.953612588429706, 6.92604095138806, 0.0 ], [ 79.953651051788498, 6.92639010397306, 0.0 ], [ 79.953657121378995, 6.92660898960358, 0.0 ], [ 79.953652107757506, 6.92676649502246, 0.0 ], [ 79.953604716178205, 6.92717990002837, 0.0 ], [ 79.953603783636893, 6.92718803286389, 0.0 ], [ 79.953618938417307, 6.92718958001338, 0.0 ], [ 79.953618766252006, 6.92719911391277, 0.0 ], [ 79.953612743029794, 6.92722284041821, 0.0 ], [ 79.953600304809996, 6.92727183898307, 0.0 ], [ 79.953593155478103, 6.9273000005933, 0.0 ], [ 79.953541866730603, 6.92759269773411, 0.0 ], [ 79.953496100872599, 6.92790438600952, 0.0 ], [ 79.953312913941204, 6.92827191658853, 0.0 ], [ 79.953308398271503, 6.92828934140851, 0.0 ], [ 79.953170649601404, 6.9285689916718, 0.0 ], [ 79.953006508706594, 6.92873580074987, 0.0 ], [ 79.952822801963507, 6.92902128850727, 0.0 ], [ 79.952771356473207, 6.9293016641663, 0.0 ], [ 79.952731886569097, 6.92989391752168, 0.0 ], [ 79.952582315922299, 6.93004369967695, 0.0 ], [ 79.952310292489898, 6.93019691794485, 0.0 ], [ 79.952032978896895, 6.93033457140133, 0.0 ], [ 79.951797948695898, 6.9304521319545, 0.0 ], [ 79.951597929854699, 6.93054573051181, 0.0 ], [ 79.951395406645105, 6.93069529278623, 0.0 ], [ 79.951157226384595, 6.93080498071879, 0.0 ], [ 79.950525897888099, 6.93099239989612, 0.0 ], [ 79.950203654459997, 6.93110358594104, 0.0 ], [ 79.949930995668097, 6.93129355214129, 0.0 ], [ 79.949754199460401, 6.93148964386583, 0.0 ], [ 79.949292898851994, 6.93163755658579, 0.0 ], [ 79.949116077674603, 6.93189132238615, 0.0 ], [ 79.949094002694295, 6.93198343114736, 0.0 ], [ 79.949083146591207, 6.93202872855169, 0.0 ], [ 79.949072409890107, 6.93207352974198, 0.0 ], [ 79.949068783893907, 6.93208866021033, 0.0 ], [ 79.949001442699696, 6.93208826440101, 0.0 ], [ 79.948937997540298, 6.93250765346975, 0.0 ], [ 79.948809798650103, 6.9332658670147, 0.0 ], [ 79.948563178954203, 6.93403201658359, 0.0 ], [ 79.948361952555899, 6.93446249971832, 0.0 ], [ 79.947991629728406, 6.93473228395821, 0.0 ], [ 79.947984321376595, 6.93474294019398, 0.0 ], [ 79.947882831779097, 6.93489091906502, 0.0 ], [ 79.947801245712895, 6.93499604420248, 0.0 ], [ 79.947857295006898, 6.93518867388148, 0.0 ], [ 79.947911443097695, 6.93545901321795, 0.0 ], [ 79.947914827691307, 6.93547591100939, 0.0 ], [ 79.947920663043107, 6.93550504457106, 0.0 ], [ 79.947924408254593, 6.9355237424057, 0.0 ], [ 79.947921116110706, 6.9355445537992, 0.0 ], [ 79.9478858495373, 6.93576748303092, 0.0 ], [ 79.947872900548006, 6.93584933556883, 0.0 ], [ 79.947675844389295, 6.93594790328979, 0.0 ], [ 79.947421814308299, 6.93612436741622, 0.0 ], [ 79.947279991854998, 6.93627482467437, 0.0 ], [ 79.947259139015301, 6.93633055650615, 0.0 ], [ 79.947168723415999, 6.93669644447476, 0.0 ], [ 79.947132648070095, 6.93678968600836, 0.0 ], [ 79.947082294690503, 6.93683266188243, 0.0 ], [ 79.946960141304601, 6.93686115857086, 0.0 ], [ 79.946889508515497, 6.93685397492269, 0.0 ], [ 79.946852422026694, 6.93685020367667, 0.0 ], [ 79.946751804052596, 6.93688591480317, 0.0 ], [ 79.946625890427001, 6.93701129735205, 0.0 ], [ 79.946568292084706, 6.93709014748667, 0.0 ], [ 79.9465393726082, 6.93719775698696, 0.0 ], [ 79.946521222192601, 6.93730897328944, 0.0 ], [ 79.946538945298499, 6.93744178469179, 0.0 ], [ 79.9465474916407, 6.93750707673742, 0.0 ], [ 79.946596911089301, 6.93750659619637, 0.0 ], [ 79.9466241776164, 6.93750633100682, 0.0 ], [ 79.946732738787901, 6.93750527658396, 0.0 ], [ 79.946773810859099, 6.93750622910048, 0.0 ], [ 79.946931172528906, 6.93750987240238, 0.0 ], [ 79.947155750800604, 6.93751831338588, 0.0 ], [ 79.947155841289103, 6.93751831354399, 0.0 ], [ 79.947210387717305, 6.93752876225702, 0.0 ], [ 79.947264934150297, 6.93753921005984, 0.0 ], [ 79.947366671737697, 6.93755927808977, 0.0 ], [ 79.947469367281897, 6.93757953494725, 0.0 ], [ 79.947709689994099, 6.93764062743141, 0.0 ], [ 79.9480172944629, 6.93771434724061, 0.0 ], [ 79.948327763630502, 6.93778875364783, 0.0 ], [ 79.948381649778895, 6.93780166781488, 0.0 ], [ 79.948420360864105, 6.93781204445935, 0.0 ], [ 79.948631644032005, 6.93786856560148, 0.0 ], [ 79.948670610033304, 6.93787910000711, 0.0 ], [ 79.948998584063901, 6.93796776546617, 0.0 ], [ 79.949229503266594, 6.93802441192011, 0.0 ], [ 79.949338134475695, 6.93805073345242, 0.0 ], [ 79.949453278513403, 6.93807842265282, 0.0 ], [ 79.949561547326795, 6.93810501386959, 0.0 ], [ 79.949829219622302, 6.93816739630735, 0.0 ], [ 79.949844572066695, 6.93817097395289, 0.0 ], [ 79.950025846828197, 6.93820827259971, 0.0 ], [ 79.950080783852698, 6.93821796755272, 0.0 ], [ 79.9502074927249, 6.93824032730146, 0.0 ], [ 79.950229386994707, 6.93824265311733, 0.0 ], [ 79.950349443600501, 6.93825540376676, 0.0 ], [ 79.950388443707098, 6.93825836156785, 0.0 ], [ 79.950443583302103, 6.93861283555447, 0.0 ], [ 79.950442561240195, 6.93863852471626, 0.0 ], [ 79.950444825638201, 6.93866998224684, 0.0 ], [ 79.950447322961594, 6.93869655644461, 0.0 ], [ 79.950437719090601, 6.9388488054803, 0.0 ], [ 79.950441266539499, 6.93917774195537, 0.0 ], [ 79.950443410240794, 6.93937653399283, 0.0 ], [ 79.950378247461998, 6.93967427974234, 0.0 ], [ 79.950289893877198, 6.94011997744436, 0.0 ], [ 79.950264510348902, 6.94028934586392, 0.0 ], [ 79.950263518812307, 6.94029596128084, 0.0 ], [ 79.950262955755605, 6.94029971556096, 0.0 ], [ 79.9504050785131, 6.94039249544283, 0.0 ], [ 79.950920562898503, 6.94072901067878, 0.0 ], [ 79.951091783197, 6.94084078550922, 0.0 ], [ 79.951263003580607, 6.94095256028686, 0.0 ], [ 79.951317007132602, 6.94099237065463, 0.0 ], [ 79.951962411576702, 6.94146815141323, 0.0 ], [ 79.952500315585198, 6.94192365093497, 0.0 ], [ 79.952745264319105, 6.94218724495699, 0.0 ], [ 79.952888531549704, 6.94240879472528, 0.0 ], [ 79.952988420233396, 6.94257341846897, 0.0 ], [ 79.953025634317996, 6.94263475001553, 0.0 ], [ 79.953055647952098, 6.94268421552216, 0.0 ], [ 79.953107386667995, 6.94274081332324, 0.0 ], [ 79.953180090941103, 6.94282034620827, 0.0 ], [ 79.953252795239905, 6.94289987818052, 0.0 ], [ 79.953306769250304, 6.94292567637975, 0.0 ], [ 79.953503979325305, 6.94301993637115, 0.0 ], [ 79.953892799774906, 6.94315817670812, 0.0 ], [ 79.954203995306301, 6.94318862193087, 0.0 ], [ 79.9548086071066, 6.94314780129204, 0.0 ], [ 79.955341485109997, 6.94305302689853, 0.0 ], [ 79.956203857299101, 6.94279135039871, 0.0 ], [ 79.956503459158796, 6.94269019687368, 0.0 ], [ 79.956820728532904, 6.94258307772877, 0.0 ], [ 79.956972233293897, 6.94253223697744, 0.0 ], [ 79.957725070215801, 6.94227960222807, 0.0 ], [ 79.958382963695399, 6.94209659002668, 0.0 ], [ 79.9584275117884, 6.94208038709811, 0.0 ], [ 79.958805718183996, 6.94194283123727, 0.0 ], [ 79.959515773261899, 6.94168457854867, 0.0 ], [ 79.960078628409903, 6.94155994363412, 0.0 ], [ 79.960707242007999, 6.94148327027863, 0.0 ], [ 79.961790826531598, 6.94136550993978, 0.0 ], [ 79.962329315027404, 6.94128076575802, 0.0 ], [ 79.962451510660301, 6.94126021521441, 0.0 ], [ 79.962722336180704, 6.94121466805819, 0.0 ], [ 79.962916422260093, 6.94118202725293, 0.0 ], [ 79.9634373779176, 6.94105731632308, 0.0 ], [ 79.964066206219499, 6.94085503557292, 0.0 ], [ 79.964599244957398, 6.94066455209306, 0.0 ], [ 79.965479842657899, 6.94024139843704, 0.0 ], [ 79.966232188848906, 6.93984844866313, 0.0 ], [ 79.966564191218097, 6.93967504305542, 0.0 ], [ 79.967191806042095, 6.93933340359513, 0.0 ], [ 79.967648578231703, 6.93908476077524, 0.0 ], [ 79.968139826940103, 6.93882840883002, 0.0 ], [ 79.9685592706969, 6.93855997198427, 0.0 ], [ 79.968719855034195, 6.93842671280107, 0.0 ], [ 79.9687825143548, 6.93837471575872, 0.0 ], [ 79.968839655962498, 6.93832729648833, 0.0 ], [ 79.968846982388797, 6.93832121714143, 0.0 ], [ 79.968927251212406, 6.93824514772371, 0.0 ], [ 79.968992071155995, 6.93818371865725, 0.0 ], [ 79.969062034656901, 6.9381174154743, 0.0 ], [ 79.969212535152906, 6.937974788264, 0.0 ], [ 79.969218683872299, 6.93796896190056, 0.0 ], [ 79.969332166870998, 6.93787418063812, 0.0 ], [ 79.969404498304897, 6.93781376887932, 0.0 ], [ 79.969431924545205, 6.93780323328047, 0.0 ], [ 79.969600993991506, 6.93773828938642, 0.0 ], [ 79.969668033374703, 6.93771253777265, 0.0 ], [ 79.969997325813907, 6.9376592666285, 0.0 ], [ 79.970250217559894, 6.93764621958229, 0.0 ], [ 79.970446277961301, 6.93763610507097, 0.0 ], [ 79.970456005530096, 6.93763612159048, 0.0 ], [ 79.9705431156831, 6.9376362695135, 0.0 ], [ 79.970630225837994, 6.93763641742054, 0.0 ], [ 79.970967015110006, 6.93763698911512, 0.0 ], [ 79.971293986254594, 6.93768873255166, 0.0 ], [ 79.9714636786657, 6.93771558676655, 0.0 ], [ 79.971900442901202, 6.93784382967487, 0.0 ], [ 79.972235461321802, 6.93792025361645, 0.0 ], [ 79.973102971616001, 6.93814900645067, 0.0 ], [ 79.973531679119205, 6.938276506404, 0.0 ], [ 79.974173889228098, 6.93843791224343, 0.0 ], [ 79.974670413962002, 6.93859904582212, 0.0 ], [ 79.975828770725897, 6.93885938730102, 0.0 ], [ 79.9762030667261, 6.93892092244207, 0.0 ], [ 79.976652150810295, 6.93899475344592, 0.0 ], [ 79.977293716076801, 6.93904368372273, 0.0 ], [ 79.977906519821701, 6.93911170377326, 0.0 ], [ 79.977909461633999, 6.9391117087239, 0.0 ], [ 79.978490706235107, 6.93911268651623, 0.0 ], [ 79.978912134188604, 6.93908468556198, 0.0 ], [ 79.979885920125298, 6.93904994748277, 0.0 ], [ 79.979936918680707, 6.93904812786689, 0.0 ], [ 79.980866064052904, 6.93893484872707, 0.0 ], [ 79.9810276018314, 6.93890196213149, 0.0 ], [ 79.981565413146797, 6.93879247247211, 0.0 ], [ 79.982327132424899, 6.93861040863431, 0.0 ], [ 79.982360609835297, 6.93860240701292, 0.0 ], [ 79.982434725504504, 6.93857752439682, 0.0 ], [ 79.982524413251795, 6.93854741330809, 0.0 ], [ 79.983069694948995, 6.93836434675801, 0.0 ], [ 79.983106901492803, 6.9383444072666, 0.0 ], [ 79.9834435272939, 6.93816400520109, 0.0 ], [ 79.983723861459794, 6.93800122282306, 0.0 ], [ 79.9837886289735, 6.9379636144237, 0.0 ], [ 79.984085862135501, 6.93775357482245, 0.0 ], [ 79.984383111040998, 6.93753396369292, 0.0 ], [ 79.984445127705399, 6.9374616143761, 0.0 ], [ 79.9847189542525, 6.93714216067003, 0.0 ], [ 79.984739318107202, 6.93712043148497, 0.0 ], [ 79.984987584034002, 6.93685551282281, 0.0 ], [ 79.985103080481693, 6.93651119052776, 0.0 ], [ 79.985140866211097, 6.93639514417467, 0.0 ], [ 79.985208968331193, 6.93618599213228, 0.0 ], [ 79.985266908059401, 6.93589899371952, 0.0 ], [ 79.985334329229801, 6.93566942918238, 0.0 ], [ 79.985430272067404, 6.93556432058417, 0.0 ], [ 79.985631592190799, 6.93544024843766, 0.0 ], [ 79.985690459323294, 6.93542270755299, 0.0 ], [ 79.985823223151797, 6.9353831485967, 0.0 ], [ 79.986129679275905, 6.93538365883948, 0.0 ], [ 79.986214327687605, 6.93542310237703, 0.0 ], [ 79.986397621415705, 6.93550851235547, 0.0 ], [ 79.986615582688003, 6.93565683794507, 0.0 ], [ 79.986665468048301, 6.93569078549673, 0.0 ], [ 79.986738693728796, 6.93576739396103, 0.0 ], [ 79.986810879711598, 6.93584291560327, 0.0 ], [ 79.986885351115504, 6.93592082731809, 0.0 ], [ 79.987102677615397, 6.93624895638868, 0.0 ], [ 79.987303144416202, 6.93663686899279, 0.0 ], [ 79.987416382529403, 6.9368822509337, 0.0 ], [ 79.987618044023904, 6.93731924468955, 0.0 ], [ 79.987781668371298, 6.93769542857003, 0.0 ], [ 79.987839856829297, 6.93782920850892, 0.0 ], [ 79.988527143617702, 6.93917970004482, 0.0 ], [ 79.988753452369593, 6.93967246705982, 0.0 ], [ 79.9889493925739, 6.94009910740394, 0.0 ], [ 79.989114104569097, 6.94039365378947, 0.0 ], [ 79.989278815850099, 6.94068820013567, 0.0 ], [ 79.989629277878905, 6.94113136659625, 0.0 ], [ 79.989687624560204, 6.94119492090555, 0.0 ], [ 79.989720492732303, 6.94123072171041, 0.0 ], [ 79.9901462501673, 6.94169447381931, 0.0 ], [ 79.990784639278601, 6.94221948187139, 0.0 ], [ 79.991157627305896, 6.94252872745945, 0.0 ], [ 79.991300499044797, 6.9426211699655, 0.0 ], [ 79.991748843063206, 6.94291126246823, 0.0 ], [ 79.992047329911699, 6.94310439225075, 0.0 ], [ 79.992642780519304, 6.94353601982828, 0.0 ], [ 79.993319661646893, 6.94394619349175, 0.0 ], [ 79.993331632463494, 6.94395344716192, 0.0 ], [ 79.993869873768105, 6.94423425518032, 0.0 ], [ 79.994200147822099, 6.9443137509565, 0.0 ], [ 79.994666989663401, 6.9443360535035, 0.0 ], [ 79.995061712443999, 6.94432684342267, 0.0 ], [ 79.995241631014594, 6.94432264581591, 0.0 ], [ 79.995636835304595, 6.94422999024803, 0.0 ], [ 79.996305359924904, 6.94390810759123, 0.0 ], [ 79.996576248594195, 6.94378054107277, 0.0 ], [ 79.997247028980297, 6.94346465665742, 0.0 ], [ 79.997618545580096, 6.94327561830178, 0.0 ], [ 79.997990061907302, 6.94308657962074, 0.0 ], [ 79.998203132596203, 6.9429781629752, 0.0 ], [ 79.998756253042401, 6.94272614840383, 0.0 ], [ 79.998972259722606, 6.94262773073989, 0.0 ], [ 79.999297376551596, 6.94251441177245, 0.0 ], [ 79.999525646195195, 6.94243484831844, 0.0 ], [ 80.000136386985702, 6.94230665429864, 0.0 ], [ 80.000596173984405, 6.9422499874443, 0.0 ], [ 80.000890653785603, 6.94225764690302, 0.0 ], [ 80.001235246605901, 6.94236587077403, 0.0 ], [ 80.001423319012503, 6.94250086457626, 0.0 ], [ 80.001480190872698, 6.9425416853492, 0.0 ], [ 80.002372554452904, 6.94307231169437, 0.0 ], [ 80.003036389071696, 6.94342030265806, 0.0 ], [ 80.0035208321368, 6.94366033984141, 0.0 ], [ 80.004298483571802, 6.94395468531987, 0.0 ], [ 80.004647024669296, 6.94406419465966, 0.0 ], [ 80.005584786290896, 6.94432761151497, 0.0 ], [ 80.006703708475499, 6.94456867586924, 0.0 ], [ 80.007070517002504, 6.94465835245316, 0.0 ], [ 80.007762745730005, 6.94482758527281, 0.0 ], [ 80.008403023717506, 6.94494226513959, 0.0 ], [ 80.009162675518894, 6.94526647997573, 0.0 ], [ 80.0099858084739, 6.94569344848475, 0.0 ], [ 80.010375850747295, 6.94581886418807, 0.0 ], [ 80.0105623267646, 6.94587882369723, 0.0 ], [ 80.010718797208, 6.9459278349499, 0.0 ], [ 80.011022989373501, 6.94602311689741, 0.0 ], [ 80.011429694793406, 6.94622115208643, 0.0 ], [ 80.012069802191704, 6.94644348960997, 0.0 ], [ 80.012393634784203, 6.94658455612283, 0.0 ], [ 80.012467324792496, 6.94661665610703, 0.0 ], [ 80.012901065279195, 6.94690538031638, 0.0 ], [ 80.013122438210999, 6.94696554883056, 0.0 ], [ 80.013343907648704, 6.94696590543774, 0.0 ], [ 80.013499582621705, 6.94693625005809, 0.0 ], [ 80.013697263992299, 6.94684086959912, 0.0 ], [ 80.013843857002797, 6.94670459300418, 0.0 ], [ 80.0139338013215, 6.94662097778994, 0.0 ], [ 80.013967023597502, 6.9465900935042, 0.0 ], [ 80.0141289830825, 6.94637503051916, 0.0 ], [ 80.014176240148203, 6.94624160787219, 0.0 ], [ 80.014279308359306, 6.94595060773068, 0.0 ], [ 80.014363819718994, 6.94550813529295, 0.0 ], [ 80.014406306396396, 6.9451433501271, 0.0 ], [ 80.014377321706803, 6.94455714681801, 0.0 ], [ 80.0143003853088, 6.94401273464095, 0.0 ], [ 80.014187370336401, 6.9435699446607, 0.0 ], [ 80.014008600950206, 6.94307321763255, 0.0 ], [ 80.013890494816295, 6.9426903326911, 0.0 ], [ 80.013824010559105, 6.94247480101774, 0.0 ], [ 80.013699100546702, 6.94214311504045, 0.0 ], [ 80.0135558046412, 6.94176260748864, 0.0 ], [ 80.013478752791698, 6.94128996927542, 0.0 ], [ 80.013431638618897, 6.94081139855336, 0.0 ], [ 80.013480342326105, 6.94030307503226, 0.0 ], [ 80.013570915822001, 6.93981276258322, 0.0 ], [ 80.013643551446506, 6.93931045903363, 0.0 ], [ 80.013763878999697, 6.93892785608135, 0.0 ], [ 80.013889922741598, 6.93871273511399, 0.0 ], [ 80.014058124914897, 6.93833619052638, 0.0 ], [ 80.014370268254595, 6.93778044009255, 0.0 ], [ 80.014427700889698, 6.93767163804216, 0.0 ], [ 80.014556387108001, 6.93742784844503, 0.0 ], [ 80.014688395813494, 6.93722469987077, 0.0 ], [ 80.014928192388794, 6.9369918172799, 0.0 ], [ 80.014978231741495, 6.93694103483284, 0.0 ], [ 80.015245945001396, 6.93666934244046, 0.0 ], [ 80.015605748444301, 6.93625123514153, 0.0 ], [ 80.016247399346199, 6.93550461363461, 0.0 ], [ 80.016619374059701, 6.93496092010761, 0.0 ], [ 80.016653481780097, 6.93490820127639, 0.0 ], [ 80.0166875885877, 6.93485548244033, 0.0 ], [ 80.016742590536893, 6.93477046673929, 0.0 ], [ 80.016832392293907, 6.93463166266438, 0.0 ], [ 80.016918155397704, 6.93449910042357, 0.0 ], [ 80.017021399985197, 6.93433951750538, 0.0 ], [ 80.017213693456398, 6.93410818963802, 0.0 ], [ 80.0174059867376, 6.93387686076601, 0.0 ], [ 80.017483174537006, 6.93378400445572, 0.0 ], [ 80.0177473019628, 6.93330593006576, 0.0 ], [ 80.018048131852794, 6.93277205626414, 0.0 ], [ 80.018161478280703, 6.93257090389971, 0.0 ], [ 80.018305789395399, 6.9321584313715, 0.0 ], [ 80.018316216454593, 6.9321244737903, 0.0 ], [ 80.018414092298102, 6.93180571337454, 0.0 ], [ 80.018454520655794, 6.93160040888464, 0.0 ], [ 80.018462367302902, 6.93156056055604, 0.0 ], [ 80.018582831790297, 6.93108823774063, 0.0 ], [ 80.0185977294163, 6.93105002738911, 0.0 ], [ 80.018697024455406, 6.93079534108841, 0.0 ], [ 80.018781460673694, 6.93039473501266, 0.0 ], [ 80.018854117554397, 6.92989906781095, 0.0 ], [ 80.018968519193706, 6.92945000219919, 0.0 ], [ 80.018981429175199, 6.92928394762679, 0.0 ], [ 80.018994340047797, 6.92911789214912, 0.0 ], [ 80.019011295558798, 6.9288998002896, 0.0 ], [ 80.019054119487194, 6.92831969148065, 0.0 ], [ 80.019090318628102, 6.92776109941086, 0.0 ], [ 80.019090938352804, 6.92775153531078, 0.0 ], [ 80.019169359913704, 6.92736886324703, 0.0 ], [ 80.019179852815896, 6.92734342008429, 0.0 ], [ 80.019318814830896, 6.92700647074291, 0.0 ], [ 80.019457776627107, 6.92666952133484, 0.0 ], [ 80.019506146573306, 6.92636455720173, 0.0 ], [ 80.019517371537603, 6.92630843330126, 0.0 ], [ 80.019638883930099, 6.92570085385693, 0.0 ], [ 80.019675158124599, 6.92547362633228, 0.0 ], [ 80.019771363442302, 6.92519864341542, 0.0 ], [ 80.019849497887506, 6.92499540696026, 0.0 ], [ 80.019969501251495, 6.92481018091259, 0.0 ], [ 80.020119306721398, 6.92470275725044, 0.0 ], [ 80.020358808204193, 6.924649306713, 0.0 ], [ 80.020631318182495, 6.92463029058619, 0.0 ], [ 80.020777833367902, 6.92462006678418, 0.0 ], [ 80.021032874149597, 6.9246309468068, 0.0 ], [ 80.021651643352499, 6.92465734234179, 0.0 ], [ 80.021791897062997, 6.92467314057099, 0.0 ], [ 80.022244092670206, 6.92472407616597, 0.0 ], [ 80.022866431255196, 6.92481478113965, 0.0 ], [ 80.023387084934996, 6.92486345504965, 0.0 ], [ 80.024027503687606, 6.92487643209301, 0.0 ], [ 80.024500283758897, 6.92491904836656, 0.0 ], [ 80.024758520563097, 6.92495137292232, 0.0 ], [ 80.025613350702898, 6.92505837468746, 0.0 ], [ 80.026247774882094, 6.92507731998401, 0.0 ], [ 80.026696699322997, 6.92506606585669, 0.0 ], [ 80.026924229974895, 6.92501259398074, 0.0 ], [ 80.027457195072699, 6.92484595949979, 0.0 ], [ 80.027828213052302, 6.92473411988776, 0.0 ], [ 80.027887441168403, 6.92471626657881, 0.0 ], [ 80.028198510374807, 6.92458797085678, 0.0 ], [ 80.028439366728705, 6.92448863234046, 0.0 ], [ 80.028840623972798, 6.92433973282978, 0.0 ], [ 80.029104094240495, 6.92426837250078, 0.0 ], [ 80.029576809576, 6.92415218901617, 0.0 ], [ 80.030044300368004, 6.92395284419732, 0.0 ], [ 80.030354743598494, 6.92376737049548, 0.0 ], [ 80.030853088942095, 6.92346963427673, 0.0 ], [ 80.031537160170004, 6.92299920973428, 0.0 ], [ 80.031608064117293, 6.92295045079957, 0.0 ], [ 80.031670081748402, 6.92289214175647, 0.0 ], [ 80.032141550641299, 6.92244886324997, 0.0 ], [ 80.032555020305594, 6.92214446800785, 0.0 ], [ 80.033220276756694, 6.92179828543928, 0.0 ], [ 80.033609307083196, 6.92159584274283, 0.0 ], [ 80.034352062127795, 6.92123214662127, 0.0 ], [ 80.035112903978401, 6.92078474141887, 0.0 ], [ 80.035841633690794, 6.92049377748, 0.0 ], [ 80.035993302544995, 6.92043321921182, 0.0 ], [ 80.036693934323296, 6.92021300364275, 0.0 ], [ 80.037723973238499, 6.91985573083413, 0.0 ], [ 80.038406703100904, 6.91959959699025, 0.0 ], [ 80.038897780539699, 6.91942092132849, 0.0 ], [ 80.039110134307293, 6.91937882222376, 0.0 ], [ 80.039167204954396, 6.91936750809037, 0.0 ], [ 80.0395144019827, 6.9193381397375, 0.0 ], [ 80.039849822270199, 6.9191831465248, 0.0 ], [ 80.040281202899394, 6.91890269603489, 0.0 ], [ 80.040682739658706, 6.91856836816046, 0.0 ], [ 80.040701904676197, 6.91853514858621, 0.0 ], [ 80.040844778912799, 6.91828750055775, 0.0 ], [ 80.041042739609296, 6.91800070678224, 0.0 ], [ 80.041128777691398, 6.91790749417326, 0.0 ], [ 80.041522371298797, 6.91748107987566, 0.0 ], [ 80.041900084291697, 6.91706895763089, 0.0 ], [ 80.042171361732301, 6.91684301837518, 0.0 ], [ 80.042265660782505, 6.91676447883609, 0.0 ], [ 80.042673234529602, 6.91639427041268, 0.0 ], [ 80.042937435760507, 6.91619375353181, 0.0 ], [ 80.043399030942794, 6.91584342432317, 0.0 ], [ 80.043428269714397, 6.91582123386603, 0.0 ], [ 80.043787757246307, 6.9155825374595, 0.0 ], [ 80.044410791047895, 6.91521864041996, 0.0 ], [ 80.045022571141004, 6.91484762772227, 0.0 ], [ 80.044969948642205, 6.91478122292118, 0.0 ], [ 80.044608982604103, 6.91432571431376, 0.0 ], [ 80.044227145649501, 6.91402302042481, 0.0 ], [ 80.043948209026397, 6.91409760340682, 0.0 ], [ 80.043617632039798, 6.91395477142771, 0.0 ], [ 80.043474694231506, 6.91363028959631, 0.0 ], [ 80.043455500232895, 6.91345713979589, 0.0 ], [ 80.043327372255703, 6.91320796487807, 0.0 ], [ 80.043260169448601, 6.9132723171862, 0.0 ], [ 80.043035940533798, 6.91320996487346, 0.0 ], [ 80.042942554220105, 6.91307627164161, 0.0 ], [ 80.042827317135604, 6.91290284731263, 0.0 ], [ 80.042693558507395, 6.91283678753377, 0.0 ], [ 80.042614903739405, 6.91291992505333, 0.0 ], [ 80.0425458507369, 6.91298585141463, 0.0 ], [ 80.042406299943707, 6.91303189048109, 0.0 ], [ 80.042239357412797, 6.9130725051887, 0.0 ], [ 80.042225510191201, 6.91303097792344, 0.0 ], [ 80.042201915692999, 6.9129578773526, 0.0 ], [ 80.042182773011504, 6.91287312064531, 0.0 ], [ 80.042165883966206, 6.91279388242471, 0.0 ], [ 80.042161843767502, 6.91271475443806, 0.0 ], [ 80.042158328894203, 6.91264702079432, 0.0 ], [ 80.042158894556906, 6.91263697546374, 0.0 ], [ 80.042161283756201, 6.91259453461906, 0.0 ], [ 80.042162701637594, 6.91256935257536, 0.0 ], [ 80.042179531587394, 6.91252567708734, 0.0 ], [ 80.042183597116306, 6.91251512986861, 0.0 ], [ 80.042329840536297, 6.91244419002083, 0.0 ], [ 80.042298110540699, 6.91238451495512, 0.0 ], [ 80.042228536131205, 6.91232339895663, 0.0 ], [ 80.042191924336194, 6.91231185856042, 0.0 ], [ 80.0421136325715, 6.91231460885213, 0.0 ], [ 80.042049626734595, 6.91236834099509, 0.0 ], [ 80.041971231890898, 6.91243784183345, 0.0 ], [ 80.041836837661904, 6.91249290134252, 0.0 ], [ 80.041739113056394, 6.91252146050018, 0.0 ], [ 80.0415761159732, 6.91249465216447, 0.0 ], [ 80.0415408891825, 6.91251613068271, 0.0 ], [ 80.041524288041998, 6.91256921791402, 0.0 ], [ 80.041535658852794, 6.91264747013888, 0.0 ], [ 80.041553341341, 6.91270504560861, 0.0 ], [ 80.0414014818044, 6.91269308768541, 0.0 ], [ 80.041109589768197, 6.91271743884519, 0.0 ], [ 80.040193577147093, 6.91317310855346, 0.0 ], [ 80.039543876131901, 6.91317333529619, 0.0 ], [ 80.039214192536306, 6.91322031797737, 0.0 ], [ 80.038886350289104, 6.91308933822652, 0.0 ], [ 80.038584316546107, 6.91313573755146, 0.0 ], [ 80.038234206709802, 6.91300603222687, 0.0 ], [ 80.037981944865095, 6.91299470427185, 0.0 ], [ 80.037981582137903, 6.91300045382135, 0.0 ], [ 80.037989824837496, 6.91305327377084, 0.0 ], [ 80.0379728187052, 6.91304990349334, 0.0 ], [ 80.037962874398403, 6.91304400955875, 0.0 ], [ 80.037951031635302, 6.91303757193997, 0.0 ], [ 80.037936652199207, 6.91303194330624, 0.0 ], [ 80.0379209173677, 6.91302567778835, 0.0 ], [ 80.037905270912006, 6.9130207714915, 0.0 ], [ 80.037889624598407, 6.91301577386535, 0.0 ], [ 80.037874702094598, 6.91301140943041, 0.0 ], [ 80.037860411178997, 6.91300704778299, 0.0 ], [ 80.037845942164296, 6.9130014190078, 0.0 ], [ 80.037832198159407, 6.91299506795836, 0.0 ], [ 80.0378190865721, 6.91298935086282, 0.0 ], [ 80.037814926646604, 6.91298720405669, 0.0 ], [ 80.037806609508905, 6.91298291135282, 0.0 ], [ 80.037292643176897, 6.91288899362728, 0.0 ], [ 80.037219142200996, 6.91294498178898, 0.0 ], [ 80.037182130089505, 6.91295878555221, 0.0 ], [ 80.037115439471705, 6.91298366006216, 0.0 ], [ 80.036988011963302, 6.91300503938828, 0.0 ], [ 80.036927129797704, 6.91301525418364, 0.0 ], [ 80.036925675527797, 6.91294726878107, 0.0 ], [ 80.037050414385106, 6.91265891250725, 0.0 ], [ 80.037048552144995, 6.91242086461151, 0.0 ], [ 80.036866758890397, 6.91225963171175, 0.0 ], [ 80.036681616691098, 6.91213459510596, 0.0 ], [ 80.0365029676354, 6.90973777841646, 0.0 ], [ 80.036949962326503, 6.90962955933787, 0.0 ], [ 80.036889191485898, 6.90928488514031, 0.0 ], [ 80.036800486601095, 6.90862201886263, 0.0 ], [ 80.036758107327302, 6.90857697399368, 0.0 ], [ 80.036174049377706, 6.90804184572166, 0.0 ], [ 80.035829823078501, 6.90810152838928, 0.0 ], [ 80.034977513386906, 6.90823504090214, 0.0 ], [ 80.034947707684594, 6.90804043304021, 0.0 ], [ 80.034944582459602, 6.9080200238351, 0.0 ], [ 80.034912639668903, 6.90784681075793, 0.0 ], [ 80.034893244493404, 6.90774964542048, 0.0 ], [ 80.034879688884502, 6.90768173433819, 0.0 ], [ 80.034873550859203, 6.90765587778008, 0.0 ], [ 80.0348560465237, 6.90758213991307, 0.0 ], [ 80.034818967605602, 6.90745322696467, 0.0 ], [ 80.034784800401297, 6.9073185738617, 0.0 ], [ 80.034781645569197, 6.90730613826367, 0.0 ], [ 80.034748359008404, 6.90718238451945, 0.0 ], [ 80.034720383884206, 6.90713414550562, 0.0 ], [ 80.034679659319906, 6.90708018898756, 0.0 ], [ 80.034627806291795, 6.90702549175009, 0.0 ], [ 80.034521141348705, 6.90695678288345, 0.0 ], [ 80.034490959152095, 6.90693652868856, 0.0 ], [ 80.034333672080805, 6.90683098242802, 0.0 ], [ 80.034224314543906, 6.90674825438233, 0.0 ], [ 80.034180576622703, 6.90671480508408, 0.0 ], [ 80.034140386001994, 6.90668406862276, 0.0 ], [ 80.034135822872003, 6.90668057835633, 0.0 ], [ 80.034129253373806, 6.90667555407477, 0.0 ], [ 80.034149485619096, 6.90665068622719, 0.0 ], [ 80.034216920661706, 6.90662023761954, 0.0 ], [ 80.034404551717998, 6.90653767987799, 0.0 ], [ 80.034471728679407, 6.90647598998653, 0.0 ], [ 80.034479185426505, 6.90640580034766, 0.0 ], [ 80.034516781025602, 6.9059743086018, 0.0 ], [ 80.034719291712605, 6.90523614200554, 0.0 ], [ 80.034745218270203, 6.9049119653086, 0.0 ], [ 80.034815069023594, 6.90471008586619, 0.0 ], [ 80.034813185400495, 6.90400166197132, 0.0 ], [ 80.034819063277894, 6.90396445951809, 0.0 ], [ 80.034850091820104, 6.90396929938051, 0.0 ], [ 80.034888301202002, 6.9039555355676, 0.0 ], [ 80.034939359282902, 6.90393715746183, 0.0 ], [ 80.035054801660095, 6.90388895970863, 0.0 ], [ 80.035177932761599, 6.90384231019323, 0.0 ], [ 80.035420927204001, 6.90375560970215, 0.0 ], [ 80.035591582371396, 6.90369555791345, 0.0 ], [ 80.035616229274297, 6.90368688196724, 0.0 ], [ 80.035655771687402, 6.9036729646282, 0.0 ], [ 80.035725837477599, 6.90365299825842, 0.0 ], [ 80.0357448475403, 6.90364760320295, 0.0 ], [ 80.035764409789607, 6.90364205799496, 0.0 ], [ 80.035779427731299, 6.90363780061104, 0.0 ], [ 80.035878203632606, 6.90360069900376, 0.0 ], [ 80.035934886569905, 6.90358146324861, 0.0 ], [ 80.035953900081395, 6.90357501112396, 0.0 ], [ 80.035977558784296, 6.9035669828732, 0.0 ], [ 80.035999425859302, 6.90355956311092, 0.0 ], [ 80.036084393524206, 6.90352907538841, 0.0 ], [ 80.0361055360774, 6.90352148901875, 0.0 ], [ 80.036164560114898, 6.90350031906554, 0.0 ], [ 80.036246211940593, 6.90347829263732, 0.0 ], [ 80.036286817041798, 6.9034722465605, 0.0 ], [ 80.036309927510302, 6.90346880649906, 0.0 ], [ 80.036327124793203, 6.90346539704655, 0.0 ], [ 80.036359076933607, 6.90345757967664, 0.0 ], [ 80.036381261231099, 6.90345214340353, 0.0 ], [ 80.0363991653022, 6.90333918451121, 0.0 ], [ 80.036435950918403, 6.90319112669287, 0.0 ], [ 80.036474721254194, 6.90304686798046, 0.0 ], [ 80.036440945029895, 6.90304766737592, 0.0 ], [ 80.036417352254006, 6.9030482266681, 0.0 ], [ 80.036433313233303, 6.90302519311246, 0.0 ], [ 80.036446342050297, 6.9029675223122, 0.0 ], [ 80.036464604166994, 6.9028762586829, 0.0 ], [ 80.036475248998997, 6.9028230683473, 0.0 ], [ 80.036480097346896, 6.9027920601661, 0.0 ], [ 80.036496726829, 6.90268583683578, 0.0 ], [ 80.036503736098098, 6.90263316893887, 0.0 ], [ 80.036509361077705, 6.90259091040467, 0.0 ], [ 80.036511905580298, 6.90258386031404, 0.0 ], [ 80.036513416554399, 6.9025827649011, 0.0 ], [ 80.036516495644406, 6.90256301095642, 0.0 ], [ 80.036480740911202, 6.90246165711411, 0.0 ], [ 80.036009504710606, 6.90150659167502, 0.0 ], [ 80.036002615445796, 6.90150764799415, 0.0 ], [ 80.035955213677298, 6.90149952751392, 0.0 ], [ 80.035937835443093, 6.90145931214619, 0.0 ], [ 80.035937813805702, 6.90145926147472, 0.0 ], [ 80.035937000610204, 6.90140030234812, 0.0 ], [ 80.035954496983194, 6.90132084612052, 0.0 ], [ 80.0359614709825, 6.90125828389791, 0.0 ], [ 80.035964909519805, 6.90119996524788, 0.0 ], [ 80.035962179158602, 6.90115194544804, 0.0 ], [ 80.035945842408694, 6.90112569690191, 0.0 ], [ 80.035894828994898, 6.90111322861536, 0.0 ], [ 80.035830399572703, 6.90111647521703, 0.0 ], [ 80.035755215235298, 6.90112963284869, 0.0 ], [ 80.035776784586403, 6.90094289032963, 0.0 ], [ 80.035549300827498, 6.90089676226758, 0.0 ], [ 80.035027388258101, 6.9008987184503, 0.0 ], [ 80.034687547728396, 6.90088791160256, 0.0 ], [ 80.034216205598, 6.90082542294016, 0.0 ], [ 80.034263991291596, 6.90068400695538, 0.0 ], [ 80.034362400555807, 6.90049561175706, 0.0 ], [ 80.034391116137002, 6.90037958358359, 0.0 ], [ 80.034478796416906, 6.90011637772351, 0.0 ], [ 80.034452066295799, 6.89979528937014, 0.0 ], [ 80.034463706506202, 6.89971307700082, 0.0 ], [ 80.034493803884203, 6.89936154146942, 0.0 ], [ 80.034616033442404, 6.89890220730404, 0.0 ], [ 80.034855884080002, 6.89828727296285, 0.0 ], [ 80.035026357803901, 6.89786210461148, 0.0 ], [ 80.035027381708503, 6.89785942962854, 0.0 ], [ 80.0350540677195, 6.89778971740629, 0.0 ], [ 80.035079346684995, 6.89770954989118, 0.0 ], [ 80.035100035347995, 6.89761373175638, 0.0 ], [ 80.0351154966813, 6.89751275309639, 0.0 ], [ 80.035115849464603, 6.89751049031198, 0.0 ], [ 80.035120024434804, 6.89747087084763, 0.0 ], [ 80.035138454528806, 6.89729597905592, 0.0 ], [ 80.035142574378398, 6.89725689029851, 0.0 ], [ 80.035152998483099, 6.89715301293025, 0.0 ], [ 80.035157371428795, 6.89710943135767, 0.0 ], [ 80.0351644914346, 6.89701115067223, 0.0 ], [ 80.035169615990398, 6.89697299846618, 0.0 ], [ 80.035178863685005, 6.89690411004368, 0.0 ], [ 80.035195291297896, 6.89681362034139, 0.0 ], [ 80.035196771821703, 6.89679427173582, 0.0 ], [ 80.035201848565805, 6.89672808867424, 0.0 ], [ 80.035199124103201, 6.89667572849121, 0.0 ], [ 80.035208718286299, 6.89661443538229, 0.0 ], [ 80.035220327710704, 6.89654021465702, 0.0 ], [ 80.035231170348794, 6.89649185423016, 0.0 ], [ 80.035234219690693, 6.8964784218411, 0.0 ], [ 80.035234905719804, 6.8964754027183, 0.0 ], [ 80.035236544603904, 6.8964589515682, 0.0 ], [ 80.035238798382693, 6.89643634796584, 0.0 ], [ 80.035240420709599, 6.89642007040556, 0.0 ], [ 80.035237207671003, 6.89641250138308, 0.0 ], [ 80.035229512244499, 6.89639437373215, 0.0 ], [ 80.035208990841795, 6.89638267707064, 0.0 ], [ 80.035183754085196, 6.89637757409614, 0.0 ], [ 80.0351521361397, 6.89636396399404, 0.0 ], [ 80.035115439921299, 6.89632266788061, 0.0 ], [ 80.035038152148402, 6.89621277487551, 0.0 ], [ 80.035015358749106, 6.89617663285861, 0.0 ], [ 80.035002589647604, 6.896156384098, 0.0 ], [ 80.034926660729795, 6.89610541036312, 0.0 ], [ 80.034872268653004, 6.89606889463417, 0.0 ], [ 80.034854623950906, 6.89605704870606, 0.0 ], [ 80.034767846296305, 6.8960019365351, 0.0 ], [ 80.034752514331501, 6.89599067562804, 0.0 ], [ 80.034723920992704, 6.89596967707018, 0.0 ], [ 80.034723426105799, 6.8959673162145, 0.0 ], [ 80.034712874425097, 6.89591703268479, 0.0 ], [ 80.034687271428695, 6.89568206841923, 0.0 ], [ 80.034679162752596, 6.89560854047334, 0.0 ], [ 80.034674155637802, 6.89556304902859, 0.0 ], [ 80.034664346122895, 6.89542829995815, 0.0 ], [ 80.034660610302893, 6.89537698351542, 0.0 ], [ 80.034658829664096, 6.89535251722824, 0.0 ], [ 80.034639279442203, 6.89512371215364, 0.0 ], [ 80.034634840449897, 6.8950678227411, 0.0 ], [ 80.034633653023803, 6.89505288995607, 0.0 ], [ 80.034626374094898, 6.89496132174571, 0.0 ], [ 80.034619311702599, 6.8948724801788, 0.0 ], [ 80.034616775011301, 6.89484195335203, 0.0 ], [ 80.034613024174803, 6.89479680204714, 0.0 ], [ 80.034604423776102, 6.89469329480752, 0.0 ], [ 80.034600481975303, 6.89464584732054, 0.0 ], [ 80.0345959763618, 6.89451761797652, 0.0 ], [ 80.034593397390594, 6.8944886780388, 0.0 ], [ 80.034581120581095, 6.89435383470749, 0.0 ], [ 80.034580172588207, 6.89434668605971, 0.0 ], [ 80.034559120092098, 6.89418787104742, 0.0 ], [ 80.034556804916505, 6.89416734102438, 0.0 ], [ 80.034544929519996, 6.89406179775483, 0.0 ], [ 80.034533676141905, 6.89398798731708, 0.0 ], [ 80.034515640651804, 6.89386969000752, 0.0 ], [ 80.034511189000895, 6.89383648634417, 0.0 ], [ 80.034510900102902, 6.89383432655145, 0.0 ], [ 80.034507164443099, 6.89380908861554, 0.0 ], [ 80.034498535353407, 6.893750792818, 0.0 ], [ 80.0344959467254, 6.89373329883423, 0.0 ], [ 80.034492812967798, 6.89368699647539, 0.0 ], [ 80.034490461971103, 6.89365226970516, 0.0 ], [ 80.034492978118607, 6.89348950899962, 0.0 ], [ 80.034493801819806, 6.8934741841823, 0.0 ], [ 80.0345037867081, 6.89328851149047, 0.0 ], [ 80.034504564347003, 6.89326789675129, 0.0 ], [ 80.0345084109087, 6.89316599218289, 0.0 ], [ 80.034511080875603, 6.89313642832925, 0.0 ], [ 80.034515595243704, 6.89308742601126, 0.0 ], [ 80.034519916225605, 6.89304059177905, 0.0 ], [ 80.034535659696402, 6.89292451080614, 0.0 ], [ 80.034536961367294, 6.89290787557114, 0.0 ], [ 80.034548028353996, 6.89276700913113, 0.0 ], [ 80.034550084029902, 6.8927274975952, 0.0 ], [ 80.034554189619996, 6.8926486870123, 0.0 ], [ 80.034558661733499, 6.89256284737502, 0.0 ], [ 80.034559953229405, 6.89254693461779, 0.0 ], [ 80.034574563092306, 6.89236674341305, 0.0 ], [ 80.034577481003595, 6.89233075526076, 0.0 ], [ 80.034587929193904, 6.89218863275666, 0.0 ], [ 80.034589306511506, 6.89216989616591, 0.0 ], [ 80.034594747365603, 6.89209588740147, 0.0 ], [ 80.034596338205901, 6.8920742503148, 0.0 ], [ 80.034497931863299, 6.89191891225459, 0.0 ], [ 80.034471085678504, 6.89169854421995, 0.0 ], [ 80.034507387068402, 6.89144539942577, 0.0 ], [ 80.034548880734206, 6.89126642639035, 0.0 ], [ 80.034551797670105, 6.89125782428823, 0.0 ], [ 80.034587029509197, 6.89108961563496, 0.0 ], [ 80.034590508285703, 6.89097105604275, 0.0 ], [ 80.034580836838998, 6.89073992518814, 0.0 ], [ 80.034591101308393, 6.89072872121768, 0.0 ], [ 80.034671925053402, 6.89065533134921, 0.0 ], [ 80.0347457600582, 6.89059585603437, 0.0 ], [ 80.034768082633605, 6.89057849114736, 0.0 ], [ 80.034833814682699, 6.89052736029787, 0.0 ], [ 80.034843517285907, 6.89051904452114, 0.0 ], [ 80.034914178925803, 6.89045849000312, 0.0 ], [ 80.034934848888398, 6.89043148777888, 0.0 ], [ 80.034967563778096, 6.89038875314913, 0.0 ], [ 80.034971842288599, 6.89038316520616, 0.0 ], [ 80.035012113816194, 6.89032029293958, 0.0 ], [ 80.0350288478908, 6.89026470764985, 0.0 ], [ 80.035052289413201, 6.89026325020693, 0.0 ], [ 80.035193541205103, 6.89025447300269, 0.0 ], [ 80.035288526329197, 6.89024324039108, 0.0 ], [ 80.035296013247006, 6.89024235499063, 0.0 ], [ 80.035315804302599, 6.89024001475127, 0.0 ], [ 80.035472826148094, 6.89021665741232, 0.0 ], [ 80.035491189519703, 6.89021249379559, 0.0 ], [ 80.035650685092506, 6.8901763315565, 0.0 ], [ 80.035809127285404, 6.89011228603824, 0.0 ], [ 80.035900148804103, 6.89008153980865, 0.0 ], [ 80.035936501642396, 6.89006926039524, 0.0 ], [ 80.036054010340095, 6.89000610261651, 0.0 ], [ 80.036072248536797, 6.88999629988964, 0.0 ], [ 80.0360764123498, 6.88999406290146, 0.0 ], [ 80.036012097083997, 6.88991071181256, 0.0 ], [ 80.035983222765196, 6.88987329177281, 0.0 ], [ 80.035976026624894, 6.88986522015182, 0.0 ], [ 80.035882962775503, 6.88976082875643, 0.0 ], [ 80.035812993854506, 6.88966143294573, 0.0 ], [ 80.035798469232503, 6.88964020400231, 0.0 ], [ 80.035752237627406, 6.8895726329211, 0.0 ], [ 80.035697257065095, 6.88949360682102, 0.0 ], [ 80.035666077155994, 6.88941199438932, 0.0 ], [ 80.035635749340898, 6.8893060608081, 0.0 ], [ 80.035610246112199, 6.8892437764385, 0.0 ], [ 80.035585361243406, 6.88918300492978, 0.0 ], [ 80.035550041833204, 6.88908682858361, 0.0 ], [ 80.035532436461807, 6.88904454305511, 0.0 ], [ 80.035511730100296, 6.88899480713831, 0.0 ], [ 80.035482453514405, 6.88890708041139, 0.0 ], [ 80.035480028135694, 6.88889981192056, 0.0 ], [ 80.035464145890103, 6.88886371231168, 0.0 ], [ 80.035442249768494, 6.88881394018688, 0.0 ], [ 80.0354284620323, 6.88877792972853, 0.0 ], [ 80.035417881568193, 6.88871588189436, 0.0 ], [ 80.035417617634096, 6.888652764959, 0.0 ], [ 80.035419258715095, 6.88858648610855, 0.0 ], [ 80.035428357591201, 6.88854155907979, 0.0 ], [ 80.035433026923499, 6.8885185079898, 0.0 ], [ 80.035463143778102, 6.88846827848361, 0.0 ], [ 80.035504856221806, 6.88841019908811, 0.0 ], [ 80.035561136175303, 6.88835151110557, 0.0 ], [ 80.0356182034825, 6.88831544320171, 0.0 ], [ 80.035639207588503, 6.88830216884186, 0.0 ], [ 80.035714146909996, 6.88826132526026, 0.0 ], [ 80.035725237525398, 6.88825528127291, 0.0 ], [ 80.035789998938299, 6.88821188729544, 0.0 ], [ 80.035849240015395, 6.88816911863181, 0.0 ], [ 80.035884155164297, 6.88811763057906, 0.0 ], [ 80.035892545268098, 6.88807519635377, 0.0 ], [ 80.035960377680397, 6.88807839579093, 0.0 ], [ 80.036133109803302, 6.88808897090546, 0.0 ], [ 80.036309831118402, 6.88804361442425, 0.0 ], [ 80.036428388766495, 6.88800968071239, 0.0 ], [ 80.036538173147207, 6.88799221874146, 0.0 ], [ 80.036675344264097, 6.88797190644368, 0.0 ], [ 80.036872006183103, 6.88792743783564, 0.0 ], [ 80.036999042636793, 6.88785211697823, 0.0 ], [ 80.037161638865697, 6.88767233803196, 0.0 ], [ 80.037179207273198, 6.88755101323259, 0.0 ], [ 80.037187863716696, 6.88738792096754, 0.0 ], [ 80.037207390238606, 6.88725307344124, 0.0 ], [ 80.037227006767907, 6.8870653455908, 0.0 ], [ 80.037254712702094, 6.88692701578597, 0.0 ], [ 80.037265367257902, 6.88687414999168, 0.0 ], [ 80.037297788536307, 6.88666717600887, 0.0 ], [ 80.037319401237298, 6.88657455920247, 0.0 ], [ 80.037426213349704, 6.88649430498004, 0.0 ], [ 80.037522878744099, 6.88642058090264, 0.0 ], [ 80.037599996645895, 6.88645793163478, 0.0 ], [ 80.037685824547495, 6.88651322164326, 0.0 ], [ 80.037767764681604, 6.88649061364173, 0.0 ], [ 80.037791328097796, 6.88638919333828, 0.0 ], [ 80.037811629655195, 6.88624742221994, 0.0 ], [ 80.0378336683996, 6.88615012383424, 0.0 ], [ 80.0378605348413, 6.88592202246329, 0.0 ], [ 80.037899955065498, 6.88565673244778, 0.0 ], [ 80.038004865492496, 6.88532336953864, 0.0 ], [ 80.038089960498496, 6.88506549162151, 0.0 ], [ 80.038114110538899, 6.8848250583871, 0.0 ], [ 80.038126014030098, 6.88475374690073, 0.0 ], [ 80.038261748283304, 6.88476970938509, 0.0 ], [ 80.038439883170099, 6.88478418106318, 0.0 ], [ 80.038513160565699, 6.88479189075095, 0.0 ], [ 80.038627435934501, 6.88479297043943, 0.0 ], [ 80.038732311257604, 6.88478761723869, 0.0 ], [ 80.038747967582395, 6.88478556162036, 0.0 ], [ 80.038816743733804, 6.88477852415407, 0.0 ], [ 80.038967601244806, 6.88476091149198, 0.0 ], [ 80.0389757468742, 6.88475996102973, 0.0 ], [ 80.039077373696301, 6.88474890506842, 0.0 ], [ 80.039391122344995, 6.88471502732222, 0.0 ], [ 80.039441796822601, 6.88471157795388, 0.0 ], [ 80.039482969877994, 6.88470874781507, 0.0 ], [ 80.039604179519202, 6.88469879526422, 0.0 ], [ 80.039619159581306, 6.88469756505833, 0.0 ], [ 80.039684940866906, 6.88469694301901, 0.0 ], [ 80.039794061649403, 6.88469620689016, 0.0 ], [ 80.039910177693102, 6.88469592730628, 0.0 ], [ 80.040023068997698, 6.8846956553873, 0.0 ], [ 80.040048221862094, 6.88469555758263, 0.0 ], [ 80.040072317591694, 6.88458769243024, 0.0 ], [ 80.040110758235897, 6.88439933952688, 0.0 ], [ 80.040161519434704, 6.88409193222525, 0.0 ], [ 80.040238701015099, 6.88373627866487, 0.0 ], [ 80.040346300401794, 6.88347793024492, 0.0 ], [ 80.040367786740106, 6.88324485505307, 0.0 ], [ 80.040439633538597, 6.8830076390321, 0.0 ], [ 80.040457109670299, 6.88294900545561, 0.0 ], [ 80.040554896194095, 6.88247563754962, 0.0 ], [ 80.040522172377706, 6.88245614493539, 0.0 ], [ 80.040467450284893, 6.88238543976086, 0.0 ], [ 80.040458426273204, 6.88236633084014, 0.0 ], [ 80.040436426304595, 6.88231974261006, 0.0 ], [ 80.040420879907899, 6.88224991153495, 0.0 ], [ 80.040418289840801, 6.88216979104779, 0.0 ], [ 80.040420000077106, 6.88215970225539, 0.0 ], [ 80.040434816881998, 6.88207233838585, 0.0 ], [ 80.040456628254304, 6.88200934485328, 0.0 ], [ 80.040497863186701, 6.88190804283291, 0.0 ], [ 80.0404981646344, 6.88190735877983, 0.0 ], [ 80.040536361073606, 6.88182084107971, 0.0 ], [ 80.040473739763598, 6.88162525866068, 0.0 ], [ 80.040322915108803, 6.88164862750756, 0.0 ], [ 80.040291088434699, 6.88169052304671, 0.0 ], [ 80.040265999806095, 6.88170775560225, 0.0 ], [ 80.040215139670295, 6.88171446010442, 0.0 ], [ 80.0402016457098, 6.8817148923655, 0.0 ], [ 80.040199123904998, 6.88171497348372, 0.0 ], [ 80.0401204928542, 6.88171747930311, 0.0 ], [ 80.040016515741797, 6.88172753726475, 0.0 ], [ 80.039871112232404, 6.88172885062448, 0.0 ], [ 80.039837724590598, 6.8817291708609, 0.0 ], [ 80.039799179488298, 6.88172955368442, 0.0 ], [ 80.039684451724099, 6.88172892487566, 0.0 ], [ 80.039656857651806, 6.88172681435768, 0.0 ], [ 80.039619132797597, 6.88172394132401, 0.0 ], [ 80.039493553911001, 6.88166045042988, 0.0 ], [ 80.0394914529099, 6.88165931236036, 0.0 ], [ 80.0394264321625, 6.88162409928524, 0.0 ], [ 80.039416528346095, 6.88161873629643, 0.0 ], [ 80.039326896418103, 6.88158509937529, 0.0 ], [ 80.039309101152895, 6.88157842210581, 0.0 ], [ 80.039153180425103, 6.88153451200974, 0.0 ], [ 80.039120532220394, 6.881525323348, 0.0 ], [ 80.039048177401895, 6.88150640343969, 0.0 ], [ 80.039039875558103, 6.88150542671324, 0.0 ], [ 80.038976440672201, 6.88149796833902, 0.0 ], [ 80.038885433412801, 6.88148725374565, 0.0 ], [ 80.038796500663494, 6.88147901455136, 0.0 ], [ 80.038783205625194, 6.88147778145277, 0.0 ], [ 80.038775776559604, 6.88147644888924, 0.0 ], [ 80.038647432738998, 6.88145342952711, 0.0 ], [ 80.038442205827394, 6.88140609653894, 0.0 ], [ 80.038401505229999, 6.88139671455833, 0.0 ], [ 80.038320370998505, 6.88137968082758, 0.0 ], [ 80.038264369922999, 6.88137401972346, 0.0 ], [ 80.038253154872294, 6.88137288567046, 0.0 ], [ 80.038189722412696, 6.88137676648179, 0.0 ], [ 80.038164098270897, 6.88138803005103, 0.0 ], [ 80.038143169429603, 6.8814067148029, 0.0 ], [ 80.038109819543706, 6.88144410466813, 0.0 ], [ 80.038102744403403, 6.88145204661866, 0.0 ], [ 80.038044513154702, 6.88148667899922, 0.0 ], [ 80.0380167879688, 6.88149156074401, 0.0 ], [ 80.037875138874995, 6.88176370729259, 0.0 ], [ 80.037659719787996, 6.8817254658225, 0.0 ], [ 80.037479566479007, 6.88163617239795, 0.0 ], [ 80.037089809813907, 6.88162536029412, 0.0 ], [ 80.036759806687897, 6.88164344692398, 0.0 ], [ 80.036224319829302, 6.88168025255575, 0.0 ], [ 80.035988100464706, 6.88169752796441, 0.0 ], [ 80.035707234827896, 6.8817730482079, 0.0 ], [ 80.035784850260995, 6.88159452323327, 0.0 ], [ 80.035813447040994, 6.88131863153487, 0.0 ], [ 80.035823075334804, 6.88115730860023, 0.0 ], [ 80.035834913859702, 6.88090795144195, 0.0 ], [ 80.035813636603905, 6.88078070067335, 0.0 ], [ 80.035803466963301, 6.88075249226759, 0.0 ], [ 80.0357706005708, 6.88065007954289, 0.0 ], [ 80.035733355632203, 6.88051221530209, 0.0 ], [ 80.035721262375304, 6.88045950691878, 0.0 ], [ 80.035701810361701, 6.88037472067919, 0.0 ], [ 80.0356786456382, 6.88025921227087, 0.0 ], [ 80.035665789910198, 6.88020575037163, 0.0 ], [ 80.035651765519006, 6.88014740462473, 0.0 ], [ 80.035641357926195, 6.88009060169994, 0.0 ], [ 80.035555641244002, 6.879878061896, 0.0 ], [ 80.035499962474105, 6.87989985759237, 0.0 ], [ 80.035366316408798, 6.87996312977536, 0.0 ], [ 80.0352628970399, 6.88002219696325, 0.0 ], [ 80.035136668125602, 6.88008683693695, 0.0 ], [ 80.035071938004094, 6.88011078875178, 0.0 ], [ 80.034958758568493, 6.88015816689608, 0.0 ], [ 80.034955505521395, 6.88015952817429, 0.0 ], [ 80.034946107451603, 6.88016532431064, 0.0 ], [ 80.034900078910397, 6.88019371419714, 0.0 ], [ 80.034881083061194, 6.88021155722707, 0.0 ], [ 80.034849336319496, 6.88024137896566, 0.0 ], [ 80.034813521990301, 6.88028961032021, 0.0 ], [ 80.034799465392098, 6.88031038714983, 0.0 ], [ 80.034769426584901, 6.88036839243075, 0.0 ], [ 80.034758912581196, 6.88040587079266, 0.0 ], [ 80.034747317686097, 6.88044720861917, 0.0 ], [ 80.034703959512299, 6.88057563600398, 0.0 ], [ 80.034698687278393, 6.880591360848, 0.0 ], [ 80.034692029224502, 6.88061619927135, 0.0 ], [ 80.034669565106398, 6.88070000725739, 0.0 ], [ 80.034619759186896, 6.88090193821475, 0.0 ], [ 80.034603690603205, 6.88099478050916, 0.0 ], [ 80.034601857272605, 6.88100948526577, 0.0 ], [ 80.034588426499099, 6.88111726621442, 0.0 ], [ 80.034586937651099, 6.88112921445178, 0.0 ], [ 80.034582251213394, 6.88116682481979, 0.0 ], [ 80.034578309973298, 6.88125769566592, 0.0 ], [ 80.034564009756096, 6.88131880158148, 0.0 ], [ 80.034552388483903, 6.88134446421198, 0.0 ], [ 80.034509609343104, 6.88139123793134, 0.0 ], [ 80.034460235426593, 6.88143140040481, 0.0 ], [ 80.034393606421006, 6.88145444581459, 0.0 ], [ 80.0341874044435, 6.88150748832233, 0.0 ], [ 80.034168583431295, 6.88151233030476, 0.0 ], [ 80.034149763204098, 6.88151666681284, 0.0 ], [ 80.0340758526483, 6.88153369757284, 0.0 ], [ 80.034037612092703, 6.88154250980776, 0.0 ], [ 80.034031412831197, 6.88151428673844, 0.0 ], [ 80.034026470448097, 6.88149239716567, 0.0 ], [ 80.034011628130301, 6.88143649159167, 0.0 ], [ 80.034003694300097, 6.88141821346484, 0.0 ], [ 80.033992327722402, 6.88139640344238, 0.0 ], [ 80.033957822877397, 6.8813581906162, 0.0 ], [ 80.033900279853697, 6.88129914432138, 0.0 ], [ 80.033887964052496, 6.88128904102944, 0.0 ], [ 80.033835670023095, 6.8812461409931, 0.0 ], [ 80.033806300609598, 6.88122204692259, 0.0 ], [ 80.033779243328098, 6.88120237278799, 0.0 ], [ 80.033751712466795, 6.88118235611106, 0.0 ], [ 80.033647398213603, 6.8811183533353, 0.0 ], [ 80.033568741816296, 6.88107907816409, 0.0 ], [ 80.033447136598994, 6.88102168296849, 0.0 ], [ 80.033402471446195, 6.88100060249098, 0.0 ], [ 80.033330329821993, 6.88096469939709, 0.0 ], [ 80.033296459589096, 6.88094784314428, 0.0 ], [ 80.033209742550696, 6.88112138193769, 0.0 ], [ 80.033147886285903, 6.88128116050952, 0.0 ], [ 80.033112629345595, 6.88137225031452, 0.0 ], [ 80.033075634043001, 6.881481515512, 0.0 ], [ 80.033057770646394, 6.88156406368294, 0.0 ], [ 80.033055584308201, 6.88157417068256, 0.0 ], [ 80.033051817307395, 6.88162787896949, 0.0 ], [ 80.033051050209906, 6.88163881736994, 0.0 ], [ 80.033038223504093, 6.88174133916169, 0.0 ], [ 80.033018942609402, 6.88180505868228, 0.0 ], [ 80.033017850944503, 6.88180885392309, 0.0 ], [ 80.032976819211001, 6.88191292064004, 0.0 ], [ 80.032971886680201, 6.88192543138299, 0.0 ], [ 80.032943683686995, 6.88196870373958, 0.0 ], [ 80.032937331292203, 6.88197845612727, 0.0 ], [ 80.032934889541494, 6.88198116778872, 0.0 ], [ 80.032918388230996, 6.88199949656567, 0.0 ], [ 80.032892032021607, 6.88201654498053, 0.0 ], [ 80.032828219152094, 6.88203227012417, 0.0 ], [ 80.0327846895146, 6.88203789831117, 0.0 ], [ 80.032756997070507, 6.88204147405888, 0.0 ], [ 80.032667835500206, 6.88206638219453, 0.0 ], [ 80.032604365392203, 6.88209440561134, 0.0 ], [ 80.032529147546896, 6.88211300747521, 0.0 ], [ 80.032354373063896, 6.8821499906476, 0.0 ], [ 80.032251907266996, 6.88217722995407, 0.0 ], [ 80.0320863507242, 6.8822230067067, 0.0 ], [ 80.031994379770396, 6.88224844565225, 0.0 ], [ 80.031958293032403, 6.8822563739956, 0.0 ], [ 80.031910847160901, 6.88226679846436, 0.0 ], [ 80.031886491553706, 6.88227214896625, 0.0 ], [ 80.031832201980706, 6.88227315045929, 0.0 ], [ 80.031759763835296, 6.88227943433912, 0.0 ], [ 80.031757817345607, 6.88227960402008, 0.0 ], [ 80.031744153014102, 6.88228078991743, 0.0 ], [ 80.031692301747199, 6.88228477739957, 0.0 ], [ 80.031673363981, 6.88230238074401, 0.0 ], [ 80.0316627348476, 6.88232994465365, 0.0 ], [ 80.031658431918103, 6.88233439499073, 0.0 ], [ 80.031643793977096, 6.88234953733672, 0.0 ], [ 80.031584256572998, 6.88235052791649, 0.0 ], [ 80.031569146020402, 6.88235077656441, 0.0 ], [ 80.031321228609499, 6.8823515668572, 0.0 ], [ 80.031222335034002, 6.88235144805945, 0.0 ], [ 80.031066347772395, 6.88235125926475, 0.0 ], [ 80.031041375281603, 6.88235126284911, 0.0 ], [ 80.030852113680993, 6.88235127893656, 0.0 ], [ 80.030792193281997, 6.88235128499923, 0.0 ], [ 80.030635580666996, 6.88234597704833, 0.0 ], [ 80.030584035944898, 6.88234486312216, 0.0 ], [ 80.030364964099405, 6.88234012863761, 0.0 ], [ 80.030317730263604, 6.88234222515552, 0.0 ], [ 80.030227063024398, 6.88234624416085, 0.0 ], [ 80.030202062354107, 6.88234923076969, 0.0 ], [ 80.030169729621804, 6.88235309571739, 0.0 ], [ 80.030137471096893, 6.88235695173616, 0.0 ], [ 80.030130683836305, 6.882357758586, 0.0 ], [ 80.0300871825836, 6.88236199040724, 0.0 ], [ 80.029957391913001, 6.88237461733254, 0.0 ], [ 80.029954129612406, 6.88237493505762, 0.0 ], [ 80.029887457340607, 6.88237568913295, 0.0 ], [ 80.029855867497901, 6.88237604764298, 0.0 ], [ 80.029777526595595, 6.88236311940849, 0.0 ], [ 80.029691562916298, 6.88234893320839, 0.0 ], [ 80.029669436312005, 6.88234528257939, 0.0 ], [ 80.029535960697103, 6.88229868629019, 0.0 ], [ 80.029459189897096, 6.88226881757626, 0.0 ], [ 80.029360614283206, 6.88223782879487, 0.0 ], [ 80.029355118921004, 6.88223815749619, 0.0 ], [ 80.029288495904296, 6.8822421469635, 0.0 ], [ 80.029254925091294, 6.88224737442459, 0.0 ], [ 80.029210302173396, 6.88225432258139, 0.0 ], [ 80.029192075041195, 6.88225775737423, 0.0 ], [ 80.029060423163898, 6.88228257130553, 0.0 ], [ 80.028902683153902, 6.88230393722566, 0.0 ], [ 80.0288976156112, 6.88230378372221, 0.0 ], [ 80.028830031174607, 6.88230174300602, 0.0 ], [ 80.028728442801196, 6.88228856396186, 0.0 ], [ 80.028718029086207, 6.88228533579751, 0.0 ], [ 80.028654556521801, 6.8822656614318, 0.0 ], [ 80.028543399059203, 6.88223799853226, 0.0 ], [ 80.028500257839497, 6.88222726096129, 0.0 ], [ 80.028427706270406, 6.88221873710948, 0.0 ], [ 80.0283311036643, 6.88219959775002, 0.0 ], [ 80.028234304390907, 6.88219049430205, 0.0 ], [ 80.028216125333202, 6.88218576378175, 0.0 ], [ 80.028170909130196, 6.8821705921262, 0.0 ], [ 80.028153736232895, 6.88216469217772, 0.0 ], [ 80.028139710344405, 6.88215987320573, 0.0 ], [ 80.028014450915407, 6.88212459516603, 0.0 ], [ 80.028003778991803, 6.88212159083625, 0.0 ], [ 80.027911504581894, 6.88211195185687, 0.0 ], [ 80.027680003058506, 6.8820886225699, 0.0 ], [ 80.027654672919695, 6.88208649863028, 0.0 ], [ 80.027589072776806, 6.88208098492358, 0.0 ], [ 80.027482601917399, 6.8820720370891, 0.0 ], [ 80.0274743677423, 6.88207178185838, 0.0 ], [ 80.027371950383198, 6.8820686085372, 0.0 ], [ 80.027293879039703, 6.88206044390273, 0.0 ], [ 80.027251386688803, 6.88205600712766, 0.0 ], [ 80.027248103710605, 6.88205566470175, 0.0 ], [ 80.027154729832304, 6.88205479505149, 0.0 ], [ 80.027114022754802, 6.8820462548761, 0.0 ], [ 80.027056591453899, 6.88203420533863, 0.0 ], [ 80.027005416138394, 6.88201106687081, 0.0 ], [ 80.026981367416894, 6.88199900271046, 0.0 ], [ 80.026945547632295, 6.88198324434271, 0.0 ], [ 80.026879466937302, 6.88195417235123, 0.0 ], [ 80.026784366889203, 6.88190130392927, 0.0 ], [ 80.026762036046193, 6.88188888346523, 0.0 ], [ 80.026647505788802, 6.88182025248299, 0.0 ], [ 80.026597768826903, 6.88180308425873, 0.0 ], [ 80.026538610638099, 6.8817931343301, 0.0 ], [ 80.026477023410393, 6.88177432077711, 0.0 ], [ 80.026453499888802, 6.88176373766801, 0.0 ], [ 80.026347102915096, 6.88171587092954, 0.0 ], [ 80.026301345217306, 6.88169528453413, 0.0 ], [ 80.026314740972694, 6.88163463149289, 0.0 ], [ 80.026330125573395, 6.88157506485686, 0.0 ], [ 80.026318488775701, 6.88155271171709, 0.0 ], [ 80.026276628260206, 6.88153257270428, 0.0 ], [ 80.026196537927206, 6.88148497325213, 0.0 ], [ 80.026049538488394, 6.8814081539075, 0.0 ], [ 80.025966891481801, 6.88137538095958, 0.0 ], [ 80.025787679575004, 6.88129968562432, 0.0 ], [ 80.025774268581202, 6.88131241355336, 0.0 ], [ 80.0257704473362, 6.88131489966085, 0.0 ], [ 80.025755408868903, 6.88133034320068, 0.0 ], [ 80.025746083545101, 6.88132489223718, 0.0 ], [ 80.025739558646904, 6.88132457455447, 0.0 ], [ 80.025662512909093, 6.88132082942738, 0.0 ], [ 80.025602907812996, 6.88130744255303, 0.0 ], [ 80.025586711122401, 6.88130048065707, 0.0 ], [ 80.025553720079699, 6.88128629731105, 0.0 ], [ 80.025511524141606, 6.88124933782097, 0.0 ], [ 80.025459451167805, 6.88122176698696, 0.0 ], [ 80.025430860086999, 6.88121281256386, 0.0 ], [ 80.025412153572205, 6.88120695352029, 0.0 ], [ 80.025311909575905, 6.88120218357893, 0.0 ], [ 80.025152297975694, 6.88120564126503, 0.0 ], [ 80.025131815184295, 6.88120564165113, 0.0 ], [ 80.025069961461398, 6.88120564307177, 0.0 ], [ 80.025038745970093, 6.88120564377787, 0.0 ], [ 80.024889191939096, 6.88119884764629, 0.0 ], [ 80.024849113211104, 6.88119702682768, 0.0 ], [ 80.024749814077296, 6.88119440855163, 0.0 ], [ 80.024736019213293, 6.88119404507117, 0.0 ], [ 80.024708793286706, 6.88118867085441, 0.0 ], [ 80.024531328171804, 6.88115366076786, 0.0 ], [ 80.024518918216401, 6.88115121155317, 0.0 ], [ 80.024353762713005, 6.88111861519486, 0.0 ], [ 80.024217279463102, 6.88109168285143, 0.0 ], [ 80.024144321315603, 6.88107379607523, 0.0 ], [ 80.024121135808699, 6.88106811259799, 0.0 ], [ 80.024052226427202, 6.88104575977341, 0.0 ], [ 80.024025535287905, 6.88104381254946, 0.0 ], [ 80.023891281652496, 6.88103402180205, 0.0 ], [ 80.023841250245198, 6.8810315929639, 0.0 ], [ 80.023819628089896, 6.88103002173087, 0.0 ], [ 80.023800996170195, 6.88102565203794, 0.0 ], [ 80.0237851731018, 6.88101875396972, 0.0 ], [ 80.023716825945201, 6.88098356259237, 0.0 ], [ 80.023653876859399, 6.8809609767533, 0.0 ], [ 80.023644935289596, 6.88095776888635, 0.0 ], [ 80.023533494756407, 6.88093851302367, 0.0 ], [ 80.023465929317396, 6.88092403007994, 0.0 ], [ 80.023454021281793, 6.88092289188139, 0.0 ], [ 80.0233523945234, 6.88091318127352, 0.0 ], [ 80.023300778322195, 6.88091108083991, 0.0 ], [ 80.023244125446595, 6.88090877534578, 0.0 ], [ 80.0232136982074, 6.88090753745447, 0.0 ], [ 80.023168718287195, 6.8809074123815, 0.0 ], [ 80.022985509686293, 6.88090690686776, 0.0 ], [ 80.022983556259703, 6.88090688932343, 0.0 ], [ 80.022934479907093, 6.88090645937588, 0.0 ], [ 80.022753523290902, 6.88090484600187, 0.0 ], [ 80.0227380514998, 6.88090470859733, 0.0 ], [ 80.022711993168002, 6.88090484387264, 0.0 ], [ 80.022695439793694, 6.88090492991997, 0.0 ], [ 80.022572562998505, 6.88090556822103, 0.0 ], [ 80.022524608428299, 6.88090581908782, 0.0 ], [ 80.022485500617705, 6.88090513443339, 0.0 ], [ 80.0224677888244, 6.88090482530031, 0.0 ], [ 80.022426375290095, 6.88089114570634, 0.0 ], [ 80.022395442876203, 6.88088092870954, 0.0 ], [ 80.022354740691398, 6.88096173940597, 0.0 ], [ 80.022346158047, 6.88097878176396, 0.0 ], [ 80.022298310162697, 6.8810816990443, 0.0 ], [ 80.022284694728896, 6.88111097605211, 0.0 ], [ 80.022261672711807, 6.88119376868174, 0.0 ], [ 80.022237522970002, 6.88130314435952, 0.0 ], [ 80.022224712500105, 6.88140081888548, 0.0 ], [ 80.022220424634099, 6.88143351327229, 0.0 ], [ 80.0222036376381, 6.8815615244005, 0.0 ], [ 80.022182935982798, 6.88170417723241, 0.0 ], [ 80.022169976745701, 6.88179347639353, 0.0 ], [ 80.022163571669296, 6.8818376170008, 0.0 ], [ 80.022159651537706, 6.88197207307734, 0.0 ], [ 80.022158597208204, 6.88200833076787, 0.0 ], [ 80.022153755521401, 6.88215282251844, 0.0 ], [ 80.022152688270893, 6.88218465480922, 0.0 ], [ 80.022150526123696, 6.88224921002915, 0.0 ], [ 80.022144804339504, 6.88237403756489, 0.0 ], [ 80.022140779547698, 6.88246187236752, 0.0 ], [ 80.022136564054804, 6.88251404251057, 0.0 ], [ 80.022134384355894, 6.88254100006572, 0.0 ], [ 80.022129614255405, 6.88260002351684, 0.0 ], [ 80.022123553122, 6.88265553464948, 0.0 ], [ 80.022119341992095, 6.88269405068714, 0.0 ], [ 80.022111894480702, 6.88276230859394, 0.0 ], [ 80.022105239563402, 6.88281395404261, 0.0 ], [ 80.022101137599805, 6.8828457905882, 0.0 ], [ 80.022097555011001, 6.88287360315486, 0.0 ], [ 80.0220890863596, 6.88293932394451, 0.0 ], [ 80.022087993697994, 6.88300099178246, 0.0 ], [ 80.022089213406304, 6.88307545291943, 0.0 ], [ 80.022090748423693, 6.88316911621224, 0.0 ], [ 80.022090882183505, 6.88317723293316, 0.0 ], [ 80.022116360455101, 6.8832287943289, 0.0 ], [ 80.022117578948695, 6.88323125851194, 0.0 ], [ 80.022156567405005, 6.88329389471459, 0.0 ], [ 80.022184324288006, 6.88332577607961, 0.0 ], [ 80.022216718011293, 6.88336298262522, 0.0 ], [ 80.022224571186499, 6.88337303575496, 0.0 ], [ 80.022285073171702, 6.88345053189035, 0.0 ], [ 80.022330202207002, 6.88351968833542, 0.0 ], [ 80.022341125668703, 6.88353643320266, 0.0 ], [ 80.022405273716302, 6.88359521990027, 0.0 ], [ 80.022477497753599, 6.88363928011618, 0.0 ], [ 80.022547956593499, 6.88365521549443, 0.0 ], [ 80.022620604080799, 6.88366030336248, 0.0 ], [ 80.022645207381302, 6.88366549363138, 0.0 ], [ 80.022694049480194, 6.88367579130465, 0.0 ], [ 80.022707616290603, 6.88367908967411, 0.0 ], [ 80.022723625129103, 6.88368298055598, 0.0 ], [ 80.022743689544896, 6.8836970288931, 0.0 ], [ 80.022759303471403, 6.88372182893309, 0.0 ], [ 80.022769401368706, 6.88376750202974, 0.0 ], [ 80.0227759236829, 6.88379699886236, 0.0 ], [ 80.022805513654504, 6.88390980495497, 0.0 ], [ 80.022805505093899, 6.88391523041673, 0.0 ], [ 80.022813157801806, 6.88394282107175, 0.0 ], [ 80.022871991074595, 6.88415477859484, 0.0 ], [ 80.022893173413607, 6.88421211403587, 0.0 ], [ 80.022921093994995, 6.88428768969132, 0.0 ], [ 80.022954519415705, 6.88437816785394, 0.0 ], [ 80.022978917398703, 6.8844590440718, 0.0 ], [ 80.023011135492695, 6.88456579675599, 0.0 ], [ 80.023084409116194, 6.88480499481983, 0.0 ], [ 80.0230938582893, 6.88484380004789, 0.0 ], [ 80.023118660374294, 6.88494556950037, 0.0 ], [ 80.023122754373105, 6.88497669376463, 0.0 ], [ 80.023128583803697, 6.8850209992428, 0.0 ], [ 80.023135647912795, 6.8850747225787, 0.0 ], [ 80.023154144330704, 6.8853371638791, 0.0 ], [ 80.023159009431893, 6.88552245062303, 0.0 ], [ 80.023159424296793, 6.88558582263695, 0.0 ], [ 80.023159446898106, 6.88558927598759, 0.0 ], [ 80.023149764127197, 6.88564749416663, 0.0 ], [ 80.023112547675694, 6.88572321133165, 0.0 ], [ 80.023063226778902, 6.88578570652447, 0.0 ], [ 80.023027397229498, 6.88584316100339, 0.0 ], [ 80.023010365226099, 6.88588384331059, 0.0 ], [ 80.023005418102997, 6.88589566214564, 0.0 ], [ 80.023005874805804, 6.88595027931425, 0.0 ], [ 80.0230327964194, 6.88597663619908, 0.0 ], [ 80.023046163978407, 6.88598526116412, 0.0 ], [ 80.023079436898897, 6.88600673066005, 0.0 ], [ 80.023082135025604, 6.88601074705065, 0.0 ], [ 80.023018426591307, 6.88624079711322, 0.0 ], [ 80.023017448537402, 6.88624191774089, 0.0 ], [ 80.022987337709196, 6.88628708257675, 0.0 ], [ 80.022942324046994, 6.88632636621643, 0.0 ], [ 80.022921557292094, 6.88634448802717, 0.0 ], [ 80.022905414906703, 6.88635636245781, 0.0 ], [ 80.022882061888495, 6.88637354339124, 0.0 ], [ 80.022813462655094, 6.8864982202669, 0.0 ], [ 80.022769135306802, 6.88658877118224, 0.0 ], [ 80.022750919811699, 6.8866259829211, 0.0 ], [ 80.022750644658103, 6.88662661455508, 0.0 ], [ 80.022716560372103, 6.88670355553295, 0.0 ], [ 80.022713417634805, 6.88671065071536, 0.0 ], [ 80.022702803713301, 6.88672818538994, 0.0 ], [ 80.022670982815697, 6.88678075056204, 0.0 ], [ 80.022667362286597, 6.88678673276834, 0.0 ], [ 80.022627507449698, 6.88685257315912, 0.0 ], [ 80.022565441770496, 6.88694911835038, 0.0 ], [ 80.022549866159906, 6.88697334836859, 0.0 ], [ 80.022540479386194, 6.88698671911352, 0.0 ], [ 80.022498447004097, 6.88704660069283, 0.0 ], [ 80.022494826375805, 6.88705321586914, 0.0 ], [ 80.022473618913295, 6.88709197365475, 0.0 ], [ 80.022463268811293, 6.88711088590421, 0.0 ], [ 80.0224237822503, 6.8871743857601, 0.0 ], [ 80.022388769470297, 6.88722845234422, 0.0 ], [ 80.022376398195505, 6.88724324437203, 0.0 ], [ 80.0223308428466, 6.88729771750582, 0.0 ], [ 80.022244328247197, 6.88736675941499, 0.0 ], [ 80.022240610216301, 6.88736973394205, 0.0 ], [ 80.022161664486504, 6.88745641694852, 0.0 ], [ 80.022124610380899, 6.88750133836285, 0.0 ], [ 80.022038011765105, 6.88760632656912, 0.0 ], [ 80.022009655959806, 6.88764183403634, 0.0 ], [ 80.021897307013106, 6.88778252277469, 0.0 ], [ 80.021896764792601, 6.88778324712362, 0.0 ], [ 80.021852151888297, 6.88784303503386, 0.0 ], [ 80.021831483932402, 6.88788272771782, 0.0 ], [ 80.021818844283203, 6.88790700393477, 0.0 ], [ 80.021787577984199, 6.88799611317658, 0.0 ], [ 80.021772776880894, 6.88811187030588, 0.0 ], [ 80.021772284909403, 6.88811572161493, 0.0 ], [ 80.021756612375697, 6.8882384020784, 0.0 ], [ 80.021743420739298, 6.88834110353633, 0.0 ], [ 80.021725899171997, 6.88843547909658, 0.0 ], [ 80.021712269248198, 6.88847144654259, 0.0 ], [ 80.021675892507801, 6.88856742629361, 0.0 ], [ 80.021645659049994, 6.88865390850588, 0.0 ], [ 80.021638242384299, 6.88867046076034, 0.0 ], [ 80.021627837437194, 6.88869368433902, 0.0 ], [ 80.021604162746598, 6.88874652812392, 0.0 ], [ 80.021571947199803, 6.88880416628904, 0.0 ], [ 80.021550627470901, 6.88884229267396, 0.0 ], [ 80.021510096562395, 6.88889830181124, 0.0 ], [ 80.021470221252301, 6.88895340683001, 0.0 ], [ 80.021452342016303, 6.88897811331248, 0.0 ], [ 80.021401764717794, 6.88904800753004, 0.0 ], [ 80.021388966966001, 6.88906466069032, 0.0 ], [ 80.021359695158097, 6.88909628563391, 0.0 ], [ 80.021325864356598, 6.88913283422131, 0.0 ], [ 80.021236771834893, 6.88922908779512, 0.0 ], [ 80.021226828152606, 6.8892398298872, 0.0 ], [ 80.021126997925705, 6.88934768692233, 0.0 ], [ 80.021118851550497, 6.88935648862925, 0.0 ], [ 80.021112807404606, 6.88936049392474, 0.0 ], [ 80.020961986342002, 6.88946042689176, 0.0 ], [ 80.020811165216401, 6.88956036161243, 0.0 ], [ 80.020778835411704, 6.88959006015547, 0.0 ], [ 80.020679685757202, 6.88968114169144, 0.0 ], [ 80.020640472897597, 6.88971835175253, 0.0 ], [ 80.020630027429306, 6.88972826474713, 0.0 ], [ 80.020583567292604, 6.88975558898133, 0.0 ], [ 80.020560730993296, 6.88977770776846, 0.0 ], [ 80.020519549341799, 6.88982856609284, 0.0 ], [ 80.020494187602296, 6.88985988880945, 0.0 ], [ 80.020470576394203, 6.88989195758345, 0.0 ], [ 80.020461272093598, 6.88990459596547, 0.0 ], [ 80.020454036516298, 6.8900169830972, 0.0 ], [ 80.020457025866094, 6.89012902380384, 0.0 ], [ 80.020455756356995, 6.89018788725147, 0.0 ], [ 80.0204317091912, 6.89033863208308, 0.0 ], [ 80.020383325991702, 6.89064194333179, 0.0 ], [ 80.020350384749804, 6.89084845334109, 0.0 ], [ 80.020336496242294, 6.89091501364165, 0.0 ], [ 80.020326770721198, 6.89096162745726, 0.0 ], [ 80.020291501594798, 6.89100696474054, 0.0 ], [ 80.020264451062303, 6.89106190002712, 0.0 ], [ 80.020265363524302, 6.89111416683795, 0.0 ], [ 80.020313567097702, 6.89141418123358, 0.0 ], [ 80.0203412739058, 6.89162970669355, 0.0 ], [ 80.020351226250099, 6.89169518979067, 0.0 ], [ 80.020356050180894, 6.89172693642862, 0.0 ], [ 80.020360695654006, 6.8918216182423, 0.0 ], [ 80.020366020221601, 6.89194397103026, 0.0 ], [ 80.020371685218606, 6.89213812141601, 0.0 ], [ 80.020373567235495, 6.89226372313184, 0.0 ], [ 80.020371421671598, 6.89230441076397, 0.0 ], [ 80.020311685215702, 6.89243027844499, 0.0 ], [ 80.0202984798578, 6.89245111666507, 0.0 ], [ 80.020270412796606, 6.8924954082709, 0.0 ], [ 80.020249946490694, 6.8925064076589, 0.0 ], [ 80.020237181717405, 6.89251072873014, 0.0 ], [ 80.020177366565406, 6.89251497440234, 0.0 ], [ 80.020161615903405, 6.89251928983954, 0.0 ], [ 80.020138141529799, 6.89252829150342, 0.0 ], [ 80.020125219214407, 6.89253324800629, 0.0 ], [ 80.020103935174404, 6.89254695882768, 0.0 ], [ 80.020095685156704, 6.89255716373227, 0.0 ], [ 80.020081527460107, 6.89258399738967, 0.0 ], [ 80.020065348932803, 6.89268581959664, 0.0 ], [ 80.020038939314105, 6.89273362770543, 0.0 ], [ 80.019989192908696, 6.89277840760962, 0.0 ], [ 80.019926860626001, 6.8928339344173, 0.0 ], [ 80.019892110337807, 6.89285780388682, 0.0 ], [ 80.019795598303304, 6.89295454717494, 0.0 ], [ 80.019710375447602, 6.89310274629782, 0.0 ], [ 80.019658042519794, 6.89319402375917, 0.0 ], [ 80.019590308243195, 6.89333402916791, 0.0 ], [ 80.019524667637199, 6.89338454114963, 0.0 ], [ 80.019410451394904, 6.89348662658838, 0.0 ], [ 80.019238650923398, 6.89369794027365, 0.0 ], [ 80.019035820548098, 6.89397867778864, 0.0 ], [ 80.018940624825603, 6.89412713217848, 0.0 ], [ 80.018819531528393, 6.89421846862549, 0.0 ], [ 80.018660493489406, 6.89430306607179, 0.0 ], [ 80.018477883410995, 6.89434927069936, 0.0 ], [ 80.018317473147206, 6.89436298572614, 0.0 ], [ 80.018199812682894, 6.89436718087728, 0.0 ], [ 80.018015244171806, 6.89449439709357, 0.0 ], [ 80.017950477907206, 6.89457468246032, 0.0 ], [ 80.0179431127154, 6.89459228725215, 0.0 ], [ 80.017915303831799, 6.89457586720968, 0.0 ], [ 80.017899765793899, 6.89455965745458, 0.0 ], [ 80.017882369248795, 6.89451785372352, 0.0 ], [ 80.017872274735495, 6.89449360393518, 0.0 ], [ 80.017862241311803, 6.89443038040228, 0.0 ], [ 80.017859546648197, 6.89440769495709, 0.0 ], [ 80.017845366211105, 6.89428829768984, 0.0 ], [ 80.0178173321397, 6.89417056935113, 0.0 ], [ 80.017756383469703, 6.89391461292927, 0.0 ], [ 80.017731823172596, 6.89381158588848, 0.0 ], [ 80.017724295542806, 6.89378000946685, 0.0 ], [ 80.017708899725093, 6.893656215639, 0.0 ], [ 80.017705984597498, 6.89363277027785, 0.0 ], [ 80.017680876844693, 6.89343081259437, 0.0 ], [ 80.017678428225096, 6.89332058130124, 0.0 ], [ 80.017685603701096, 6.893273203056, 0.0 ], [ 80.017694339165601, 6.89321553336943, 0.0 ], [ 80.0177064891123, 6.89317397822255, 0.0 ], [ 80.017337038790203, 6.89305544873942, 0.0 ], [ 80.016913072630302, 6.89293628523008, 0.0 ], [ 80.0164257685895, 6.89276602934588, 0.0 ], [ 80.016177121700693, 6.89266243494335, 0.0 ], [ 80.015994414419495, 6.89237829189136, 0.0 ], [ 80.015594556135497, 6.8923653293719, 0.0 ], [ 80.01518952859, 6.89239665990863, 0.0 ], [ 80.014940326391596, 6.89223598724159, 0.0 ], [ 80.014626401710103, 6.89206587944534, 0.0 ], [ 80.014527193344094, 6.89182332959262, 0.0 ], [ 80.014286759824699, 6.89144371882245, 0.0 ], [ 80.014011796388999, 6.89080809398555, 0.0 ], [ 80.013892132911096, 6.89053360787698, 0.0 ], [ 80.013621967923697, 6.89035803905378, 0.0 ], [ 80.013480911933598, 6.88979572686725, 0.0 ], [ 80.013550819124703, 6.88946535998924, 0.0 ], [ 80.013454513963694, 6.88926437097123, 0.0 ], [ 80.013266507777601, 6.88909480626681, 0.0 ], [ 80.012871678840696, 6.88866101389339, 0.0 ], [ 80.0127380727249, 6.88837505036532, 0.0 ], [ 80.012613550669798, 6.8881085308151, 0.0 ], [ 80.012431835128993, 6.88784645098911, 0.0 ], [ 80.012325873732607, 6.88765845302134, 0.0 ], [ 80.012236050197103, 6.88767922818521, 0.0 ], [ 80.012081734706797, 6.88762996781218, 0.0 ], [ 80.011906032783003, 6.88754145343036, 0.0 ], [ 80.011802032124606, 6.88762589080171, 0.0 ], [ 80.011689424136804, 6.88761592582336, 0.0 ], [ 80.011496145306495, 6.88751005515916, 0.0 ], [ 80.011446210576096, 6.88725107045286, 0.0 ], [ 80.011384961174699, 6.88710339356614, 0.0 ], [ 80.011383561192304, 6.88707023633568, 0.0 ], [ 80.011278635701501, 6.88684257430906, 0.0 ], [ 80.010710463609101, 6.88677545400454, 0.0 ], [ 80.010549831130106, 6.88670371804488, 0.0 ], [ 80.010458632918599, 6.88651270154001, 0.0 ], [ 80.010251435406403, 6.88655563844009, 0.0 ], [ 80.010021970513904, 6.88607274474167, 0.0 ], [ 80.009747829529005, 6.88545241304265, 0.0 ], [ 80.009491218862394, 6.88484724820472, 0.0 ], [ 80.009260802925795, 6.8842706813071, 0.0 ], [ 80.009176102480296, 6.88408391596911, 0.0 ], [ 80.009158623958797, 6.88404537621212, 0.0 ], [ 80.008991701779095, 6.88367731201469, 0.0 ], [ 80.008919356178097, 6.88365350384052, 0.0 ], [ 80.008823416444898, 6.88362389142824, 0.0 ], [ 80.0087720296047, 6.88333885574271, 0.0 ], [ 80.008624077594405, 6.88308187290244, 0.0 ], [ 80.008562355805296, 6.8828123509901, 0.0 ], [ 80.008472200254204, 6.88256234039039, 0.0 ], [ 80.008426255502002, 6.88229394697788, 0.0 ], [ 80.008507128904597, 6.88208957321995, 0.0 ], [ 80.008520445864306, 6.88195998582773, 0.0 ], [ 80.008323444673096, 6.8818880779021, 0.0 ], [ 80.008090244123693, 6.88186762105476, 0.0 ], [ 80.007979107672497, 6.8818133841772, 0.0 ], [ 80.007902607914005, 6.88166056629851, 0.0 ], [ 80.007784693895502, 6.88142737063255, 0.0 ], [ 80.007714209606704, 6.88140597149848, 0.0 ], [ 80.007643117244598, 6.88133118759068, 0.0 ], [ 80.007586939278298, 6.88123181144048, 0.0 ], [ 80.007619679844694, 6.88102167460815, 0.0 ], [ 80.007578096388798, 6.88071525571792, 0.0 ], [ 80.007461834664895, 6.88036860730756, 0.0 ], [ 80.007459862944899, 6.88017191774836, 0.0 ], [ 80.007461407690698, 6.8801560073647, 0.0 ], [ 80.007330593478798, 6.87972390901457, 0.0 ], [ 80.007263388820505, 6.87973992816192, 0.0 ], [ 80.007178542487594, 6.87969022027009, 0.0 ], [ 80.006884919871197, 6.87906932455559, 0.0 ], [ 80.006903227147504, 6.87906665483041, 0.0 ], [ 80.006717807545002, 6.87870218189119, 0.0 ], [ 80.006549490801007, 6.87823864678297, 0.0 ], [ 80.006352646327699, 6.8775038724927, 0.0 ], [ 80.006254637671105, 6.87697225336142, 0.0 ], [ 80.006062285127996, 6.87702827454325, 0.0 ], [ 80.005880751966203, 6.87650884487695, 0.0 ], [ 80.005669876379798, 6.87608468325073, 0.0 ], [ 80.005589975264897, 6.87571237917973, 0.0 ], [ 80.0056137782245, 6.87529254236247, 0.0 ], [ 80.005608823124803, 6.87531194757143, 0.0 ], [ 80.005518987235007, 6.87518124204941, 0.0 ], [ 80.005446424898196, 6.87497456454206, 0.0 ], [ 80.005375568406905, 6.87472955079134, 0.0 ], [ 80.005382870171999, 6.87417997832325, 0.0 ], [ 80.005418610133304, 6.87357415347402, 0.0 ], [ 80.005444468199897, 6.87311694035554, 0.0 ], [ 80.005458055413996, 6.87268790718487, 0.0 ], [ 80.005407274269601, 6.87246143923047, 0.0 ], [ 80.005329653458901, 6.87220492529428, 0.0 ], [ 80.005252438920905, 6.87205677645499, 0.0 ], [ 80.005252813304594, 6.87197101053884, 0.0 ], [ 80.005203296200804, 6.87179959490745, 0.0 ], [ 80.005215865094598, 6.87149212468692, 0.0 ], [ 80.005226499460903, 6.87123579260384, 0.0 ], [ 80.005187038959505, 6.87105371857763, 0.0 ], [ 80.005148488519197, 6.87089363900737, 0.0 ], [ 80.005081341171902, 6.87057792758116, 0.0 ], [ 80.005056978171794, 6.87050900133698, 0.0 ], [ 80.005122423787796, 6.8703367806329, 0.0 ], [ 80.005154135901194, 6.87008311291322, 0.0 ], [ 80.005191158663806, 6.86991329693355, 0.0 ], [ 80.005120868094593, 6.86983849424267, 0.0 ], [ 80.005075253556498, 6.86971192629359, 0.0 ], [ 80.005098049285095, 6.86961759259412, 0.0 ], [ 80.005084037783405, 6.86946558400783, 0.0 ], [ 80.005085608893395, 6.86916382353475, 0.0 ], [ 80.005084505628005, 6.86918088482061, 0.0 ], [ 80.005083398658897, 6.86919799854657, 0.0 ], [ 80.005039746785798, 6.86886303382359, 0.0 ], [ 80.005025418610302, 6.8686835257976, 0.0 ], [ 80.005015238309397, 6.86855597771817, 0.0 ], [ 80.005036785614806, 6.86845195846662, 0.0 ], [ 80.005023652509706, 6.86815180828472, 0.0 ], [ 80.004958914451805, 6.86753032107441, 0.0 ], [ 80.004952314490893, 6.86700904429142, 0.0 ], [ 80.006018385851306, 6.86697411979745, 0.0 ], [ 80.006007841208699, 6.86679111660428, 0.0 ], [ 80.006025820918197, 6.86668301972832, 0.0 ], [ 80.006066061528998, 6.8665495738066, 0.0 ], [ 80.006050839753101, 6.86643147870696, 0.0 ], [ 80.006130839478701, 6.86631255189435, 0.0 ], [ 80.006239874358499, 6.86613599998562, 0.0 ], [ 80.006238112298007, 6.86594953498205, 0.0 ], [ 80.006235229964304, 6.86593700658391, 0.0 ], [ 80.006174580476596, 6.86571002007439, 0.0 ], [ 80.006103905693095, 6.86553232221643, 0.0 ], [ 80.006030937493307, 6.86533936879852, 0.0 ], [ 80.006042789134696, 6.86517672082887, 0.0 ], [ 80.006069784947798, 6.86501727741095, 0.0 ], [ 80.006096163225095, 6.86484630932148, 0.0 ], [ 80.006081348974902, 6.86480616877392, 0.0 ], [ 80.006113885876701, 6.86477194389799, 0.0 ], [ 80.006121804177894, 6.86476361407071, 0.0 ], [ 80.006124863486406, 6.86476229698174, 0.0 ], [ 80.006123980988093, 6.86475858002884, 0.0 ], [ 80.006122001133306, 6.86475197587313, 0.0 ], [ 80.006119029534901, 6.86474319903636, 0.0 ], [ 80.006117046915605, 6.8647383138425, 0.0 ], [ 80.006115514350796, 6.86473487525644, 0.0 ], [ 80.006114522461601, 6.86473279299949, 0.0 ], [ 80.006111275215204, 6.8647266398336, 0.0 ], [ 80.006106943422495, 6.86471976062663, 0.0 ], [ 80.006099269982599, 6.8647091686544, 0.0 ], [ 80.006091324389502, 6.86469902746221, 0.0 ], [ 80.0060859063029, 6.86469250911151, 0.0 ], [ 80.0060785009467, 6.864683997329, 0.0 ], [ 80.006068385239502, 6.86467303973561, 0.0 ], [ 80.006062332191405, 6.86466697158197, 0.0 ], [ 80.006062165984801, 6.86466680402998, 0.0 ], [ 80.006056611562599, 6.86466123491533, 0.0 ], [ 80.006054293683604, 6.86465890999934, 0.0 ], [ 80.006046073027093, 6.86465102987682, 0.0 ], [ 80.006036496831797, 6.86464215290895, 0.0 ], [ 80.005999094921094, 6.86460782290679, 0.0 ], [ 80.005990996504906, 6.86460044573911, 0.0 ], [ 80.005961602250494, 6.86457367270084, 0.0 ], [ 80.005936214447104, 6.86455129710326, 0.0 ], [ 80.0059325100259, 6.86454812630008, 0.0 ], [ 80.0059395683666, 6.8645361301964, 0.0 ], [ 80.005926766284901, 6.86452526232558, 0.0 ], [ 80.005897351045704, 6.86450029050279, 0.0 ], [ 80.005896965241703, 6.86449996164261, 0.0 ], [ 80.005888942822807, 6.86449315065186, 0.0 ], [ 80.005875327570294, 6.86448159153573, 0.0 ], [ 80.005859206412893, 6.86446760682941, 0.0 ], [ 80.0058197514564, 6.86443338202603, 0.0 ], [ 80.005786875799203, 6.86440486090797, 0.0 ], [ 80.0057397907959, 6.86437132733837, 0.0 ], [ 80.005695308678, 6.86435136249908, 0.0 ], [ 80.005676395479796, 6.86434466149958, 0.0 ], [ 80.005629155891398, 6.86432792398753, 0.0 ], [ 80.005606602202207, 6.86431993401294, 0.0 ], [ 80.005581887043704, 6.86431700161144, 0.0 ], [ 80.005533963770702, 6.86431131645905, 0.0 ], [ 80.005419605043201, 6.86431448282823, 0.0 ], [ 80.005412535831596, 6.86431467853402, 0.0 ], [ 80.005407382084002, 6.86431482125636, 0.0 ], [ 80.005396362398699, 6.86430788879201, 0.0 ], [ 80.005383839922601, 6.86430263218625, 0.0 ], [ 80.005377952290701, 6.86429217238285, 0.0 ], [ 80.005374068040794, 6.86428774529321, 0.0 ], [ 80.0053523655519, 6.86426301009486, 0.0 ], [ 80.005321670146003, 6.86422172635152, 0.0 ], [ 80.0052984036585, 6.86417430750846, 0.0 ], [ 80.005293993344694, 6.86416001247246, 0.0 ], [ 80.005293234670006, 6.86412546916868, 0.0 ], [ 80.0052969057257, 6.86409934154387, 0.0 ], [ 80.005298828658496, 6.86408565620487, 0.0 ], [ 80.005306211033897, 6.86403311708724, 0.0 ], [ 80.005306597274199, 6.86403036428825, 0.0 ], [ 80.005299231703901, 6.86394825621914, 0.0 ], [ 80.005298597978694, 6.86394119396624, 0.0 ], [ 80.005293800806399, 6.86392216821296, 0.0 ], [ 80.005292393838999, 6.86391658857952, 0.0 ], [ 80.005232612602896, 6.86384641361485, 0.0 ], [ 80.005213125451206, 6.86381183928979, 0.0 ], [ 80.005210143808796, 6.86380369449925, 0.0 ], [ 80.005206999127395, 6.86379510094198, 0.0 ], [ 80.005206117336897, 6.8637870155913, 0.0 ], [ 80.005204235141306, 6.86376977769242, 0.0 ], [ 80.005207695034798, 6.8637056543407, 0.0 ], [ 80.005207798530193, 6.86370374926705, 0.0 ], [ 80.005207833167901, 6.86370302773683, 0.0 ], [ 80.005210297920797, 6.86365739003333, 0.0 ], [ 80.005211405626497, 6.86363754639277, 0.0 ], [ 80.005212577603103, 6.86361655808384, 0.0 ], [ 80.005218543720503, 6.86350969428882, 0.0 ], [ 80.005219707314396, 6.86348885426207, 0.0 ], [ 80.005220992634406, 6.86345703239928, 0.0 ], [ 80.005227528745294, 6.86329508755427, 0.0 ], [ 80.005225517314997, 6.86328956120343, 0.0 ], [ 80.005216048360097, 6.86326355170271, 0.0 ], [ 80.005213661303102, 6.86325699571924, 0.0 ], [ 80.005202397106103, 6.86322605339857, 0.0 ], [ 80.005190759082197, 6.86320532842306, 0.0 ], [ 80.005153468894406, 6.86315734357736, 0.0 ], [ 80.005153136690893, 6.86315687916647, 0.0 ], [ 80.005139613819594, 6.86313798858094, 0.0 ], [ 80.005125214400707, 6.8631178731447, 0.0 ], [ 80.005096412119102, 6.86310169965152, 0.0 ], [ 80.005043497207296, 6.86307198702893, 0.0 ], [ 80.005018935447694, 6.86300361026414, 0.0 ], [ 80.005006478475195, 6.86296893421127, 0.0 ], [ 80.004979518923506, 6.86294394188133, 0.0 ], [ 80.004919854145697, 6.86288863012271, 0.0 ], [ 80.004895087177403, 6.86286567043698, 0.0 ], [ 80.004886603571606, 6.86285817417979, 0.0 ], [ 80.004821274398694, 6.8628004462047, 0.0 ], [ 80.004737423921, 6.86278710936036, 0.0 ], [ 80.004666706584501, 6.86282171850987, 0.0 ], [ 80.004550433558293, 6.86288510059205, 0.0 ], [ 80.0045099517545, 6.86291836674202, 0.0 ], [ 80.004482124361999, 6.8629412336635, 0.0 ], [ 80.004272276391404, 6.86296268813451, 0.0 ], [ 80.004066997703006, 6.8629564800393, 0.0 ], [ 80.004018199878203, 6.86295068302606, 0.0 ], [ 80.003888793617406, 6.86293530503559, 0.0 ], [ 80.003718651388198, 6.862908807923, 0.0 ], [ 80.003713003174198, 6.86290981247972, 0.0 ], [ 80.003656452253196, 6.8629198696875, 0.0 ], [ 80.003596202523994, 6.86293058464271, 0.0 ], [ 80.003441680527601, 6.86292454758265, 0.0 ], [ 80.003260217266302, 6.86292766771437, 0.0 ], [ 80.003225346027506, 6.86292826798165, 0.0 ], [ 80.003005493556898, 6.86292655715433, 0.0 ], [ 80.002757837541793, 6.86288528597991, 0.0 ], [ 80.002673029611699, 6.86285084763965, 0.0 ], [ 80.002655666939702, 6.86284379728265, 0.0 ], [ 80.002577490818794, 6.86284021605054, 0.0 ], [ 80.002512453521206, 6.86283723652936, 0.0 ], [ 80.002373271754493, 6.86279984847583, 0.0 ], [ 80.002172663493894, 6.86270749180206, 0.0 ], [ 80.002166508485402, 6.86270465882177, 0.0 ], [ 80.001907757821698, 6.86258605659546, 0.0 ], [ 80.001849692139899, 6.86255427817939, 0.0 ], [ 80.001778138525594, 6.86251511834605, 0.0 ], [ 80.001744034946, 6.86249645486506, 0.0 ], [ 80.001698130215601, 6.86247133230768, 0.0 ], [ 80.001666484644701, 6.86245560344126, 0.0 ], [ 80.001582776899795, 6.86241399786843, 0.0 ], [ 80.001492295546299, 6.86236158649489, 0.0 ], [ 80.0014317459176, 6.86231889885895, 0.0 ], [ 80.001337984642205, 6.8622800448907, 0.0 ], [ 80.001259232546502, 6.86224835957879, 0.0 ], [ 80.001206508518294, 6.86223398825091, 0.0 ], [ 80.001175216743803, 6.86222552732214, 0.0 ], [ 80.001093900779395, 6.86221273650425, 0.0 ], [ 80.001033280969693, 6.8622134523369, 0.0 ], [ 80.000980357273704, 6.8622106540586, 0.0 ], [ 80.000959097466705, 6.86220944417541, 0.0 ], [ 80.000861557125305, 6.86221417029299, 0.0 ], [ 80.000813421867903, 6.8622149958028, 0.0 ], [ 80.000775579516599, 6.86221613183012, 0.0 ], [ 80.000750539179407, 6.86221688345556, 0.0 ], [ 80.000732445132897, 6.86221622122682, 0.0 ], [ 80.000716255354106, 6.86221570946831, 0.0 ], [ 80.000715956800093, 6.8622156999431, 0.0 ], [ 80.000699332761698, 6.86221517391812, 0.0 ], [ 80.000687028554097, 6.86221488184332, 0.0 ], [ 80.000636996681806, 6.86221362541554, 0.0 ], [ 80.000590762504203, 6.8621975735855, 0.0 ], [ 80.000585184200006, 6.86219563762328, 0.0 ], [ 80.000516530998595, 6.86212879441593, 0.0 ], [ 80.000488254998302, 6.8620973036589, 0.0 ], [ 80.000425134564296, 6.86202700976045, 0.0 ], [ 80.000379084810703, 6.86198927810259, 0.0 ], [ 80.000378691764496, 6.86198895555655, 0.0 ], [ 80.000328138158693, 6.86197467716921, 0.0 ], [ 80.000287002889905, 6.86195659359262, 0.0 ], [ 80.000275699687506, 6.8619516245791, 0.0 ], [ 80.000268111943996, 6.86194688492472, 0.0 ], [ 80.000257605701805, 6.86194032030881, 0.0 ], [ 80.000217241081202, 6.86191510531237, 0.0 ], [ 80.000157567721104, 6.86187782812736, 0.0 ], [ 80.000157272174604, 6.86187763775826, 0.0 ], [ 80.000156347576393, 6.8618770412708, 0.0 ], [ 80.000093713430999, 6.86183668305628, 0.0 ], [ 80.000066825943094, 6.86181935766905, 0.0 ], [ 80.000055400186596, 6.8618068289892, 0.0 ], [ 79.999960795215003, 6.8617030813849, 0.0 ], [ 79.999921392065701, 6.86166857231559, 0.0 ], [ 79.999889936768199, 6.86164102430447, 0.0 ], [ 79.999874423243, 6.86162743827509, 0.0 ], [ 79.999803267157901, 6.86159552451323, 0.0 ], [ 79.999797937505406, 6.86159313320753, 0.0 ], [ 79.9997530251851, 6.8615793657527, 0.0 ], [ 79.9996905955757, 6.86156022676619, 0.0 ], [ 79.999565389003806, 6.86149735915681, 0.0 ], [ 79.999548939479894, 6.86149077676495, 0.0 ], [ 79.999460777697905, 6.86145550419061, 0.0 ], [ 79.999376525839807, 6.86142440739388, 0.0 ], [ 79.999198464630894, 6.86135868710453, 0.0 ], [ 79.999043940130093, 6.86129830555916, 0.0 ], [ 79.9988629815563, 6.86124791640132, 0.0 ], [ 79.998853212843997, 6.8612440665833, 0.0 ], [ 79.998832399624305, 6.8612358666416, 0.0 ], [ 79.998784860784099, 6.86121713688786, 0.0 ], [ 79.998734946926106, 6.86120345166174, 0.0 ], [ 79.998682668190597, 6.8611891196811, 0.0 ], [ 79.998589477963606, 6.86119005368974, 0.0 ], [ 79.9985174461208, 6.86119834634631, 0.0 ], [ 79.998449140320602, 6.86119588455753, 0.0 ], [ 79.998381101884704, 6.86119704015951, 0.0 ], [ 79.998333067210794, 6.8611917176551, 0.0 ], [ 79.998302931975104, 6.8611965516845, 0.0 ], [ 79.998267000117494, 6.86120408903501, 0.0 ], [ 79.998235065804096, 6.86120250002602, 0.0 ], [ 79.998182174846704, 6.86117908479616, 0.0 ], [ 79.998172283391696, 6.86117449600044, 0.0 ], [ 79.998163889984397, 6.8611706022838, 0.0 ], [ 79.998139797363805, 6.86115942475154, 0.0 ], [ 79.998109217121495, 6.86114523822801, 0.0 ], [ 79.998039199931696, 6.86111802903314, 0.0 ], [ 79.997984439020399, 6.86109674928105, 0.0 ], [ 79.997944915362794, 6.86108809485483, 0.0 ], [ 79.997908645431295, 6.8610815254611, 0.0 ], [ 79.997866407524697, 6.86107286662426, 0.0 ], [ 79.997817655290902, 6.86106483018101, 0.0 ], [ 79.997764920075994, 6.86105751066186, 0.0 ], [ 79.997726655585097, 6.86105346989412, 0.0 ], [ 79.997693636445206, 6.86105079399973, 0.0 ], [ 79.997666603919399, 6.86103818116349, 0.0 ], [ 79.997638327983495, 6.86101182274006, 0.0 ], [ 79.997621255090195, 6.86099524650143, 0.0 ], [ 79.997607348676496, 6.86097876673089, 0.0 ], [ 79.997567853717399, 6.86095302306105, 0.0 ], [ 79.997554992775804, 6.86094682530861, 0.0 ], [ 79.9975473319016, 6.86094313260872, 0.0 ], [ 79.997541546031499, 6.86093977752204, 0.0 ], [ 79.997513433026299, 6.8609295238988, 0.0 ], [ 79.997495974409006, 6.86092315591711, 0.0 ], [ 79.997413852321998, 6.86090502817628, 0.0 ], [ 79.997395393627798, 6.86090554074948, 0.0 ], [ 79.997365991615595, 6.86090458876598, 0.0 ], [ 79.997327955864904, 6.86089954643999, 0.0 ], [ 79.997319709915999, 6.86089845338518, 0.0 ], [ 79.997309366296605, 6.86089708293862, 0.0 ], [ 79.997233748135102, 6.86088529542029, 0.0 ], [ 79.997179342163903, 6.8608805818631, 0.0 ], [ 79.997114608087102, 6.86087497440968, 0.0 ], [ 79.997001636255604, 6.86085543922384, 0.0 ], [ 79.996926556426601, 6.8608469982264, 0.0 ], [ 79.9969115800682, 6.86084810419585, 0.0 ], [ 79.996887013084901, 6.86084991887961, 0.0 ], [ 79.996871450376304, 6.86085106820292, 0.0 ], [ 79.996828006558204, 6.86085459920625, 0.0 ], [ 79.996813629045803, 6.86085576672983, 0.0 ], [ 79.996779626033501, 6.86084612651722, 0.0 ], [ 79.996771586203096, 6.86084458076324, 0.0 ], [ 79.996771556356705, 6.86084457438504, 0.0 ], [ 79.996720835518403, 6.8608348183857, 0.0 ], [ 79.996689308260002, 6.86083441811176, 0.0 ], [ 79.996639047582406, 6.86083378122174, 0.0 ], [ 79.996577062419306, 6.86082690499314, 0.0 ], [ 79.996553835282995, 6.86082432903322, 0.0 ], [ 79.996462550693096, 6.8608207445271, 0.0 ], [ 79.996385114416, 6.86081483239566, 0.0 ], [ 79.996371104813207, 6.86081230939117, 0.0 ], [ 79.996317729214894, 6.86080269642556, 0.0 ], [ 79.996244373743806, 6.8607910019545, 0.0 ], [ 79.996226895268407, 6.86078851218754, 0.0 ], [ 79.9961480399637, 6.86077728167687, 0.0 ], [ 79.996116155717999, 6.86077164613258, 0.0 ], [ 79.9960773077906, 6.86076477943877, 0.0 ], [ 79.995998878666896, 6.86075741794151, 0.0 ], [ 79.995983378493605, 6.86075739272849, 0.0 ], [ 79.995940522306, 6.86075732301481, 0.0 ], [ 79.995863276538699, 6.8607444466452, 0.0 ], [ 79.995796530479794, 6.86072987019305, 0.0 ], [ 79.995737018572399, 6.86071711398546, 0.0 ], [ 79.995691145268907, 6.86069635663251, 0.0 ], [ 79.995658001495002, 6.86068135830494, 0.0 ], [ 79.995624968433901, 6.86065338429498, 0.0 ], [ 79.995584223956499, 6.86061888177162, 0.0 ], [ 79.995431402405103, 6.8604894712382, 0.0 ], [ 79.995303504503894, 6.86035760553475, 0.0 ], [ 79.995295412570798, 6.86035972637025, 0.0 ], [ 79.995263044836605, 6.86036821061502, 0.0 ], [ 79.995174759182007, 6.86035712465182, 0.0 ], [ 79.995080126726506, 6.86035434916366, 0.0 ], [ 79.995037162727698, 6.86035606145682, 0.0 ], [ 79.994997336607099, 6.86035765045423, 0.0 ], [ 79.994840495487793, 6.86033144237528, 0.0 ], [ 79.994692288215901, 6.86030148305414, 0.0 ], [ 79.994679501965607, 6.86029889869909, 0.0 ], [ 79.994528424660402, 6.86030066627637, 0.0 ], [ 79.994448877431495, 6.86030159822078, 0.0 ], [ 79.994427943736497, 6.86029689641233, 0.0 ], [ 79.994343422112095, 6.86027791517731, 0.0 ], [ 79.994029307174799, 6.86021356367999, 0.0 ], [ 79.993935351340994, 6.86018375136866, 0.0 ], [ 79.993838933839697, 6.86016659439639, 0.0 ], [ 79.993823659374598, 6.86015635156293, 0.0 ], [ 79.993829390587806, 6.86013719190998, 0.0 ], [ 79.993814127087504, 6.86012134280131, 0.0 ], [ 79.993560653790894, 6.86004225946654, 0.0 ], [ 79.993549533533496, 6.8600378105438, 0.0 ], [ 79.993539936317802, 6.86002871811687, 0.0 ], [ 79.993524926882003, 6.86005009248466, 0.0 ], [ 79.993508580732694, 6.86007337081021, 0.0 ], [ 79.993478887943994, 6.86010480983164, 0.0 ], [ 79.993460998135205, 6.86012374980203, 0.0 ], [ 79.993411287452702, 6.86014871615137, 0.0 ], [ 79.993380257847093, 6.86014833546645, 0.0 ], [ 79.993351845633597, 6.8601479861783, 0.0 ], [ 79.993269077143694, 6.86013808529478, 0.0 ], [ 79.993169389132504, 6.86012860889917, 0.0 ], [ 79.993083157026405, 6.8601266062979, 0.0 ], [ 79.993073127346605, 6.86012637200193, 0.0 ], [ 79.992988372286902, 6.86011465934658, 0.0 ], [ 79.992906183898796, 6.86008142994158, 0.0 ], [ 79.992839003562295, 6.86005536853325, 0.0 ], [ 79.9928524698134, 6.86000891255751, 0.0 ], [ 79.992860629937496, 6.85998334310799, 0.0 ], [ 79.992880977056899, 6.85991957763829, 0.0 ], [ 79.992772930775999, 6.85989808101134, 0.0 ], [ 79.992669493345602, 6.85987047198889, 0.0 ], [ 79.992660702008806, 6.85986874047671, 0.0 ], [ 79.992526226232798, 6.85975760757094, 0.0 ], [ 79.992515380852197, 6.85974829335671, 0.0 ], [ 79.992328103454895, 6.85956170660095, 0.0 ], [ 79.992028011828907, 6.85936538028913, 0.0 ], [ 79.9920248740017, 6.85936437145324, 0.0 ], [ 79.991930435341601, 6.85933401815997, 0.0 ], [ 79.991832858869202, 6.85930265601234, 0.0 ], [ 79.991551571232193, 6.85922057659071, 0.0 ], [ 79.991542787790493, 6.85922287527193, 0.0 ], [ 79.991430789137794, 6.85917637869954, 0.0 ], [ 79.991305522352803, 6.85912437346653, 0.0 ], [ 79.991169566108894, 6.85908113902409, 0.0 ], [ 79.991067336164704, 6.859053377036, 0.0 ], [ 79.990906851337996, 6.85904217397452, 0.0 ], [ 79.990856695693196, 6.85906207468026, 0.0 ], [ 79.9907760992036, 6.85905308209276, 0.0 ], [ 79.990639829203502, 6.85900647056128, 0.0 ], [ 79.990515134647794, 6.85896367756737, 0.0 ], [ 79.990403372474702, 6.85892370706077, 0.0 ], [ 79.990400207646005, 6.85892261678911, 0.0 ], [ 79.990273830175198, 6.85885838958642, 0.0 ], [ 79.990236713966596, 6.85881637204495, 0.0 ], [ 79.9902067240414, 6.85878729680891, 0.0 ], [ 79.990178304227896, 6.85879385120258, 0.0 ], [ 79.990140441103705, 6.85882109722052, 0.0 ], [ 79.990112590533897, 6.85881155797379, 0.0 ], [ 79.990099021469106, 6.85880749288439, 0.0 ], [ 79.990086184888796, 6.85880364782091, 0.0 ], [ 79.9900838662533, 6.85880295499094, 0.0 ], [ 79.9900714628251, 6.85879924536856, 0.0 ], [ 79.990025053956103, 6.8587853715262, 0.0 ], [ 79.989927810825606, 6.85875117929184, 0.0 ], [ 79.9898493629386, 6.85872359619021, 0.0 ], [ 79.989631354434806, 6.85864737310199, 0.0 ], [ 79.989557632550301, 6.85861013228326, 0.0 ], [ 79.989483910676697, 6.85857289235866, 0.0 ], [ 79.989400693002807, 6.85850674638696, 0.0 ], [ 79.989278211677501, 6.85843863710563, 0.0 ], [ 79.989164683787905, 6.85837271356306, 0.0 ], [ 79.989030122514507, 6.85833315839019, 0.0 ], [ 79.988899955381598, 6.85828989215791, 0.0 ], [ 79.988889872968599, 6.85828654077782, 0.0 ], [ 79.988780442054903, 6.85824197930777, 0.0 ], [ 79.988729568753996, 6.85822126287501, 0.0 ], [ 79.988665001007902, 6.8582017799499, 0.0 ], [ 79.988568965527804, 6.85817280238779, 0.0 ], [ 79.988446081819106, 6.85813001096796, 0.0 ], [ 79.988244214459499, 6.85808464837548, 0.0 ], [ 79.988141026565302, 6.85805925153196, 0.0 ], [ 79.988037837781107, 6.85803385376176, 0.0 ], [ 79.987972536593404, 6.85802027422942, 0.0 ], [ 79.987863798996003, 6.85801249817269, 0.0 ], [ 79.987791132514701, 6.85802133165795, 0.0 ], [ 79.987757901394403, 6.85803827585557, 0.0 ], [ 79.987725541221906, 6.85803946510702, 0.0 ], [ 79.987689588992694, 6.85804078680215, 0.0 ], [ 79.987630112873504, 6.85803472108062, 0.0 ], [ 79.987570635853501, 6.85802865444616, 0.0 ], [ 79.987553002576107, 6.85801973046043, 0.0 ], [ 79.987518294690403, 6.85800216552822, 0.0 ], [ 79.987427709576593, 6.85796986006428, 0.0 ], [ 79.987395772725307, 6.8579584693054, 0.0 ], [ 79.987327235904402, 6.85794122581636, 0.0 ], [ 79.987321251684307, 6.85793972036598, 0.0 ], [ 79.987307236235907, 6.85793589861372, 0.0 ], [ 79.987297468725103, 6.85793307941274, 0.0 ], [ 79.987283545444697, 6.85792987811966, 0.0 ], [ 79.987266176390193, 6.85792588447248, 0.0 ], [ 79.987258850803499, 6.85792415437304, 0.0 ], [ 79.987253876803194, 6.85792288025966, 0.0 ], [ 79.987225395858104, 6.8579110783179, 0.0 ], [ 79.987177477562, 6.85789146795416, 0.0 ], [ 79.987159599048496, 6.85788368198957, 0.0 ], [ 79.987118077503496, 6.8578655994528, 0.0 ], [ 79.987066621938595, 6.85785131827489, 0.0 ], [ 79.987018685470105, 6.85784165450065, 0.0 ], [ 79.9869938218784, 6.85783139660682, 0.0 ], [ 79.986962798907996, 6.85782600966565, 0.0 ], [ 79.986954833881398, 6.85782579944085, 0.0 ], [ 79.986926338377799, 6.85782504545612, 0.0 ], [ 79.986877576502707, 6.85782324719361, 0.0 ], [ 79.986846473013898, 6.85781071752559, 0.0 ], [ 79.986835306374203, 6.85779825230098, 0.0 ], [ 79.986679267903895, 6.85776247345025, 0.0 ], [ 79.986510702398206, 6.85833017501852, 0.0 ], [ 79.986319827981305, 6.85835337829125, 0.0 ], [ 79.986088100277001, 6.85837627187815, 0.0 ], [ 79.985889604645607, 6.85840527849176, 0.0 ], [ 79.985709441505193, 6.85849374272453, 0.0 ], [ 79.985569633200399, 6.85859725029407, 0.0 ], [ 79.985453744400502, 6.85881049500175, 0.0 ], [ 79.985438620415906, 6.85891537356239, 0.0 ], [ 79.985396144994596, 6.85898627727665, 0.0 ], [ 79.985303725144504, 6.85911838797627, 0.0 ], [ 79.985263739203702, 6.85920539665794, 0.0 ], [ 79.985252935786605, 6.85931273552846, 0.0 ], [ 79.985301974360397, 6.85946984019302, 0.0 ], [ 79.985341746027203, 6.85967494467021, 0.0 ], [ 79.985422420839001, 6.85992643350614, 0.0 ], [ 79.985470573405294, 6.86008539853042, 0.0 ], [ 79.985530212929106, 6.8602381884492, 0.0 ], [ 79.9854883303165, 6.86047172142594, 0.0 ], [ 79.985374041486494, 6.86074687469011, 0.0 ], [ 79.985351930340798, 6.86090799532154, 0.0 ], [ 79.985326820820205, 6.86107569929024, 0.0 ], [ 79.985368652427098, 6.8612749223775, 0.0 ], [ 79.985368817422795, 6.86137830881149, 0.0 ], [ 79.985335241632399, 6.86147560200402, 0.0 ], [ 79.985242246526099, 6.86170863830146, 0.0 ], [ 79.984990253222193, 6.86191299295134, 0.0 ], [ 79.984860964699607, 6.86212789985667, 0.0 ], [ 79.984684325762302, 6.86229191938252, 0.0 ], [ 79.984528178482094, 6.86249424094688, 0.0 ], [ 79.984444727211894, 6.86258976258234, 0.0 ], [ 79.984345503534101, 6.8627771080075, 0.0 ], [ 79.984251699198197, 6.86295737040881, 0.0 ], [ 79.984196676478902, 6.86319489355362, 0.0 ], [ 79.984199224427101, 6.86323637790167, 0.0 ], [ 79.984218178216196, 6.86338459493398, 0.0 ], [ 79.984205046940602, 6.86338494036471, 0.0 ], [ 79.9841161446098, 6.86338727021651, 0.0 ], [ 79.984022489795606, 6.86339932994523, 0.0 ], [ 79.983942123225603, 6.86340967909121, 0.0 ], [ 79.983824397259298, 6.86341964186262, 0.0 ], [ 79.983804625602801, 6.8634213145813, 0.0 ], [ 79.983746126836294, 6.86342626355076, 0.0 ], [ 79.983725858446803, 6.86342794991295, 0.0 ], [ 79.983558831767297, 6.8634328270746, 0.0 ], [ 79.983523365490498, 6.86343331098474, 0.0 ], [ 79.983102220694903, 6.86331235174253, 0.0 ], [ 79.982831277346406, 6.86323929135321, 0.0 ], [ 79.982786930621799, 6.86322958331385, 0.0 ], [ 79.982673545446602, 6.86320476151429, 0.0 ], [ 79.982582243599197, 6.86317552377137, 0.0 ], [ 79.982540708482901, 6.8631622233041, 0.0 ], [ 79.982540440817303, 6.86316213786266, 0.0 ], [ 79.982529558153502, 6.86317432073654, 0.0 ], [ 79.9825014325545, 6.86322043373679, 0.0 ], [ 79.982499530116201, 6.86322355292244, 0.0 ], [ 79.9824707723171, 6.86327007358933, 0.0 ], [ 79.982465718799503, 6.86327908952171, 0.0 ], [ 79.982456473827099, 6.86329558470402, 0.0 ], [ 79.982455696154602, 6.86329697142239, 0.0 ], [ 79.982445000188406, 6.86331605574925, 0.0 ], [ 79.982442405454606, 6.86332036195757, 0.0 ], [ 79.982390719420195, 6.86340614918468, 0.0 ], [ 79.982339033366102, 6.86349193640379, 0.0 ], [ 79.982240219857701, 6.86366484398029, 0.0 ], [ 79.982164739971495, 6.86378805616738, 0.0 ], [ 79.982133815193805, 6.86383186050206, 0.0 ], [ 79.982100720653193, 6.86387466657825, 0.0 ], [ 79.9820864038129, 6.86388721267974, 0.0 ], [ 79.982075665188603, 6.86389490261892, 0.0 ], [ 79.982067383175803, 6.86390083426675, 0.0 ], [ 79.982043750681399, 6.86391137470813, 0.0 ], [ 79.982029719515197, 6.8639158735612, 0.0 ], [ 79.982008178302905, 6.86392072076442, 0.0 ], [ 79.981978223041494, 6.86392546270011, 0.0 ], [ 79.981934702786205, 6.86392638526543, 0.0 ], [ 79.981860333763805, 6.86392526739291, 0.0 ], [ 79.981846761417202, 6.8639253362338, 0.0 ], [ 79.981769139135693, 6.86392407460857, 0.0 ], [ 79.9816609306244, 6.86392231558953, 0.0 ], [ 79.981548818352195, 6.86391931307814, 0.0 ], [ 79.981538521791805, 6.86391903739969, 0.0 ], [ 79.981396209008096, 6.86391590974298, 0.0 ], [ 79.981175005725106, 6.8639108382335, 0.0 ], [ 79.981053054391097, 6.86390448807853, 0.0 ], [ 79.9809319146419, 6.86390030941014, 0.0 ], [ 79.980872564835806, 6.86389903454629, 0.0 ], [ 79.980837810599894, 6.86389842078573, 0.0 ], [ 79.980804710206598, 6.86389783689355, 0.0 ], [ 79.980666558274805, 6.86389588962521, 0.0 ], [ 79.980594993711193, 6.86389441451564, 0.0 ], [ 79.980443911476598, 6.86389219977326, 0.0 ], [ 79.980365463908299, 6.86389104958179, 0.0 ], [ 79.980236006122894, 6.86389107520047, 0.0 ], [ 79.980219526009193, 6.86389107858396, 0.0 ], [ 79.980054041711597, 6.86389387822071, 0.0 ], [ 79.979967361937895, 6.86389644698716, 0.0 ], [ 79.979956473892898, 6.86389603917813, 0.0 ], [ 79.979744897511097, 6.86388812018334, 0.0 ], [ 79.979634795791299, 6.86388395952556, 0.0 ], [ 79.979576078885898, 6.86388295592042, 0.0 ], [ 79.979456380332195, 6.86388266749775, 0.0 ], [ 79.979401461126798, 6.86388248580472, 0.0 ], [ 79.979222776808498, 6.86387965784793, 0.0 ], [ 79.979062819817202, 6.86387803466236, 0.0 ], [ 79.978938873314306, 6.86387565839734, 0.0 ], [ 79.978901597381807, 6.86387514429089, 0.0 ], [ 79.978848580875194, 6.86387388061384, 0.0 ], [ 79.978657325505296, 6.86386804755658, 0.0 ], [ 79.978516019084907, 6.86386537555443, 0.0 ], [ 79.978490910226995, 6.86386490155262, 0.0 ], [ 79.978463261806198, 6.8638643781121, 0.0 ], [ 79.978421963969197, 6.86386457343252, 0.0 ], [ 79.978251366674399, 6.86386538094656, 0.0 ], [ 79.978074242223897, 6.86386526154172, 0.0 ], [ 79.978075144937606, 6.8638778861974, 0.0 ], [ 79.978092281436602, 6.86411756473977, 0.0 ], [ 79.9781047558468, 6.86429203368056, 0.0 ], [ 79.978109169493493, 6.86435376878783, 0.0 ], [ 79.978109730919797, 6.86436162483193, 0.0 ], [ 79.978118196603603, 6.8644800343323, 0.0 ], [ 79.978064684617706, 6.86458384753481, 0.0 ], [ 79.978044306959006, 6.86462338031849, 0.0 ], [ 79.978036427389, 6.86470157287309, 0.0 ], [ 79.9780352976573, 6.86471278624704, 0.0 ], [ 79.978034167020795, 6.86472399961947, 0.0 ], [ 79.978034164261302, 6.864724026742, 0.0 ], [ 79.978032560742193, 6.86473994226515, 0.0 ], [ 79.978032283821804, 6.86474269520656, 0.0 ], [ 79.978029157893104, 6.86479262831375, 0.0 ], [ 79.978019317107197, 6.86494988049095, 0.0 ], [ 79.978016785212105, 6.86500710093028, 0.0 ], [ 79.978006623727694, 6.86523677383663, 0.0 ], [ 79.9780058667031, 6.86525344399822, 0.0 ], [ 79.978003525130902, 6.86530503858918, 0.0 ], [ 79.977978576765395, 6.86559139067927, 0.0 ], [ 79.977975207207294, 6.86563006471966, 0.0 ], [ 79.9779527803842, 6.86594895183809, 0.0 ], [ 79.977921644899396, 6.86606455101663, 0.0 ], [ 79.977896754467295, 6.86612455181394, 0.0 ], [ 79.9778767024129, 6.86614347665158, 0.0 ], [ 79.977855341826498, 6.86616363630503, 0.0 ], [ 79.977820440044894, 6.86618793922149, 0.0 ], [ 79.977808964332098, 6.8661959298382, 0.0 ], [ 79.977781723933603, 6.8662002257028, 0.0 ], [ 79.9777315128363, 6.86619842400462, 0.0 ], [ 79.977625799795703, 6.86616650915483, 0.0 ], [ 79.977612807638593, 6.8661631499681, 0.0 ], [ 79.977566654096407, 6.86615121941999, 0.0 ], [ 79.977523657572902, 6.8661418124289, 0.0 ], [ 79.977499090527303, 6.8661272539632, 0.0 ], [ 79.977367028760099, 6.86610750235134, 0.0 ], [ 79.977274399570902, 6.86609667795921, 0.0 ], [ 79.977216510594104, 6.86608735824274, 0.0 ], [ 79.977021351252802, 6.86603494881724, 0.0 ], [ 79.976861169313494, 6.86600402806765, 0.0 ], [ 79.976787996788204, 6.86599061374607, 0.0 ], [ 79.976747204698199, 6.86598313096466, 0.0 ], [ 79.976697362639499, 6.8659770798631, 0.0 ], [ 79.976636393448899, 6.86597073892328, 0.0 ], [ 79.976579948342604, 6.86596313959181, 0.0 ], [ 79.976468970204706, 6.86594179528904, 0.0 ], [ 79.976355184917907, 6.86592243650256, 0.0 ], [ 79.976330181597106, 6.86591830762636, 0.0 ], [ 79.9762783008197, 6.86590973839761, 0.0 ], [ 79.976166494683298, 6.86589716374312, 0.0 ], [ 79.976096654838997, 6.86589270682726, 0.0 ], [ 79.976058593062305, 6.86589079955011, 0.0 ], [ 79.976020528572107, 6.86588889226543, 0.0 ], [ 79.976014508818295, 6.86588859105138, 0.0 ], [ 79.975879794109602, 6.86588637680839, 0.0 ], [ 79.975746062993593, 6.86589166933529, 0.0 ], [ 79.975643874830894, 6.86590917378143, 0.0 ], [ 79.975642779697793, 6.8659093989157, 0.0 ], [ 79.975545942716494, 6.86593853624068, 0.0 ], [ 79.975431058362403, 6.86598021137858, 0.0 ], [ 79.975324775213707, 6.86601936718776, 0.0 ], [ 79.975187985760599, 6.86606751616352, 0.0 ], [ 79.975072476800605, 6.86610448632559, 0.0 ], [ 79.974967646661497, 6.8661398475883, 0.0 ], [ 79.974878946855299, 6.86617177347332, 0.0 ], [ 79.974875124663797, 6.86617314966061, 0.0 ], [ 79.9748289753108, 6.86619120425128, 0.0 ], [ 79.974754984604601, 6.86622014992705, 0.0 ], [ 79.974673960242598, 6.86624913084788, 0.0 ], [ 79.974577995448001, 6.86628468769154, 0.0 ], [ 79.974503844028206, 6.86631557987735, 0.0 ], [ 79.974503394722205, 6.86631320460083, 0.0 ], [ 79.974257535819604, 6.86634989500623, 0.0 ], [ 79.974246625163104, 6.86635216175522, 0.0 ], [ 79.974017700872196, 6.86636924849368, 0.0 ], [ 79.972975418506195, 6.86644704034829, 0.0 ], [ 79.973006008175901, 6.8662675880819, 0.0 ], [ 79.973027103871203, 6.86615088654814, 0.0 ], [ 79.973044093423397, 6.86605434259729, 0.0 ], [ 79.973058415035098, 6.86595660239089, 0.0 ], [ 79.973065327802104, 6.86590942912278, 0.0 ], [ 79.973068531606998, 6.86588728070512, 0.0 ], [ 79.973085568455602, 6.86576306720209, 0.0 ], [ 79.973091700846496, 6.8657204879533, 0.0 ], [ 79.973096620963801, 6.8656864779278, 0.0 ], [ 79.973104333880002, 6.86563315990506, 0.0 ], [ 79.973110559775193, 6.86558877233972, 0.0 ], [ 79.973113530828599, 6.86556406002142, 0.0 ], [ 79.973114755765593, 6.86555387314038, 0.0 ], [ 79.972918484007707, 6.86552759629715, 0.0 ], [ 79.972663462470393, 6.86549345440916, 0.0 ], [ 79.972547735785398, 6.86547795981569, 0.0 ], [ 79.972507390920697, 6.86547255808288, 0.0 ], [ 79.972404355124098, 6.86545876299653, 0.0 ], [ 79.972389058224607, 6.86545671999426, 0.0 ], [ 79.972366882661305, 6.86546156568131, 0.0 ], [ 79.972343977969103, 6.86547066005384, 0.0 ], [ 79.972334418089403, 6.86547402857696, 0.0 ], [ 79.972138807165095, 6.86554295953766, 0.0 ], [ 79.972085609495394, 6.86556170553197, 0.0 ], [ 79.972028573383994, 6.86558180414672, 0.0 ], [ 79.972011464882698, 6.86558692958809, 0.0 ], [ 79.971987222554802, 6.86558871818413, 0.0 ], [ 79.971984646384001, 6.86558891460219, 0.0 ], [ 79.971945228865096, 6.86559161090623, 0.0 ], [ 79.971846788094695, 6.8655984200946, 0.0 ], [ 79.971762718331902, 6.86560423521158, 0.0 ], [ 79.971670457599799, 6.86560748390746, 0.0 ], [ 79.971576418918303, 6.86561079470586, 0.0 ], [ 79.971482873483097, 6.86560647818026, 0.0 ], [ 79.971417646671398, 6.86560338469085, 0.0 ], [ 79.9713327920376, 6.86559655086777, 0.0 ], [ 79.971148701307598, 6.86558041758662, 0.0 ], [ 79.970995905340303, 6.86556958137547, 0.0 ], [ 79.970982155666306, 6.86556856361833, 0.0 ], [ 79.970810444884094, 6.86556149336359, 0.0 ], [ 79.970656471690603, 6.86555183057415, 0.0 ], [ 79.970550897945202, 6.86554460100458, 0.0 ], [ 79.970490113889497, 6.86553590769283, 0.0 ], [ 79.970448055343297, 6.86552842226212, 0.0 ], [ 79.970424262321004, 6.86552666421779, 0.0 ], [ 79.970356659290999, 6.86553776309033, 0.0 ], [ 79.970253841893197, 6.86555929187708, 0.0 ], [ 79.970124218808493, 6.86559669010817, 0.0 ], [ 79.970020476389394, 6.86563024361895, 0.0 ], [ 79.969923600015207, 6.86567086169204, 0.0 ], [ 79.969808414262602, 6.86573070915615, 0.0 ], [ 79.9697504535348, 6.86576415877589, 0.0 ], [ 79.969741050136307, 6.86577022665059, 0.0 ], [ 79.969664498746496, 6.86581962462747, 0.0 ], [ 79.969606707218006, 6.86586003802901, 0.0 ], [ 79.969501348169302, 6.86594015591448, 0.0 ], [ 79.969254294584204, 6.86613442190956, 0.0 ], [ 79.969079272151404, 6.86626695936824, 0.0 ], [ 79.968877694570295, 6.86642657907747, 0.0 ], [ 79.968844330070695, 6.86645219411239, 0.0 ], [ 79.968791902983497, 6.86649244372582, 0.0 ], [ 79.9687531219531, 6.86647284690984, 0.0 ], [ 79.968721657083606, 6.86646058672273, 0.0 ], [ 79.968719040351303, 6.86645961749503, 0.0 ], [ 79.968657911545705, 6.86643696920346, 0.0 ], [ 79.968592896916405, 6.86641479721842, 0.0 ], [ 79.968482671592199, 6.86637599972163, 0.0 ], [ 79.968423266906996, 6.86635410753611, 0.0 ], [ 79.968388463772797, 6.8663363258682, 0.0 ], [ 79.968299431708203, 6.86628454397198, 0.0 ], [ 79.968220730625703, 6.86622391797351, 0.0 ], [ 79.968165283429201, 6.86618537913321, 0.0 ], [ 79.968145091238497, 6.86617134481847, 0.0 ], [ 79.968133719847501, 6.86616890862626, 0.0 ], [ 79.968126368643794, 6.86616733461821, 0.0 ], [ 79.968113834429204, 6.86616716790358, 0.0 ], [ 79.968112309920699, 6.86616662821758, 0.0 ], [ 79.968106803724098, 6.86616707466844, 0.0 ], [ 79.968009657683695, 6.86616578147727, 0.0 ], [ 79.967888779810593, 6.86616774779717, 0.0 ], [ 79.967801125346, 6.86616926917853, 0.0 ], [ 79.967746366073598, 6.86617022030154, 0.0 ], [ 79.967717349562506, 6.86616865404961, 0.0 ], [ 79.967571674447896, 6.86616079282867, 0.0 ], [ 79.967534884281207, 6.86615922158855, 0.0 ], [ 79.967428371385694, 6.86615467350628, 0.0 ], [ 79.9673904576224, 6.86615732223206, 0.0 ], [ 79.967375887115793, 6.8661596486545, 0.0 ], [ 79.967357786095405, 6.86616260208286, 0.0 ], [ 79.967309727314102, 6.86617273883106, 0.0 ], [ 79.967187804424995, 6.8662036387263, 0.0 ], [ 79.967161193051197, 6.86621046599165, 0.0 ], [ 79.967099371320401, 6.86622636658849, 0.0 ], [ 79.967077558807503, 6.86623103178642, 0.0 ], [ 79.967073033522595, 6.86623138584077, 0.0 ], [ 79.967060727342997, 6.86623226930007, 0.0 ], [ 79.967044351745997, 6.86623251292441, 0.0 ], [ 79.967025266026695, 6.86622976799769, 0.0 ], [ 79.966865013065799, 6.8661884451542, 0.0 ], [ 79.966702591953407, 6.86614467716443, 0.0 ], [ 79.966668102603606, 6.86613186377638, 0.0 ], [ 79.966617789043397, 6.86611692764096, 0.0 ], [ 79.966585033656102, 6.86610331602429, 0.0 ], [ 79.966560448490796, 6.86609542754535, 0.0 ], [ 79.966515951796595, 6.86608091898257, 0.0 ], [ 79.966452990314195, 6.86617317205467, 0.0 ], [ 79.966277220879206, 6.86634255289213, 0.0 ], [ 79.966255245612103, 6.86636373000546, 0.0 ], [ 79.966212426959402, 6.86640499292159, 0.0 ], [ 79.966196184443504, 6.86642015842149, 0.0 ], [ 79.966190340435006, 6.86642561554736, 0.0 ], [ 79.966142617067305, 6.86654334761992, 0.0 ], [ 79.9660561114041, 6.86660005334173, 0.0 ], [ 79.965923618901201, 6.86667055948987, 0.0 ], [ 79.965732770658207, 6.86672864490917, 0.0 ], [ 79.965579221985394, 6.86678026386167, 0.0 ], [ 79.965203449746596, 6.86683924790535, 0.0 ], [ 79.964596639043904, 6.86665307595835, 0.0 ], [ 79.9642692760888, 6.86644148495024, 0.0 ], [ 79.964094889549798, 6.86631201692045, 0.0 ], [ 79.963851074671993, 6.86621839527237, 0.0 ], [ 79.963643437323597, 6.8662026749348, 0.0 ], [ 79.963609212200694, 6.86619309803745, 0.0 ], [ 79.963534808152104, 6.86617584750016, 0.0 ], [ 79.963504152670694, 6.86616711487333, 0.0 ], [ 79.963439033646395, 6.86615335051631, 0.0 ], [ 79.963360713543295, 6.86613413835866, 0.0 ], [ 79.963306358214197, 6.8661178215015, 0.0 ], [ 79.963281950404607, 6.86611049469071, 0.0 ], [ 79.963202285780397, 6.86608386550927, 0.0 ], [ 79.963113853172601, 6.86605351408205, 0.0 ], [ 79.963026780794905, 6.86602081393917, 0.0 ], [ 79.963023163489794, 6.86601927150851, 0.0 ], [ 79.962947761358194, 6.86598722321177, 0.0 ], [ 79.962928324064904, 6.86597896170201, 0.0 ], [ 79.962799222693505, 6.86592096207791, 0.0 ], [ 79.962776599409295, 6.86591290945925, 0.0 ], [ 79.962681043624002, 6.86587889547774, 0.0 ], [ 79.962617019750695, 6.86585961704813, 0.0 ], [ 79.962470211859994, 6.86583920341691, 0.0 ], [ 79.962439379614906, 6.86583495542647, 0.0 ], [ 79.962432742080296, 6.86583404082775, 0.0 ], [ 79.962429089537096, 6.86583353729786, 0.0 ], [ 79.962423179255595, 6.86583272249523, 0.0 ], [ 79.962326027750194, 6.86581933673767, 0.0 ], [ 79.962139135590803, 6.86580428034574, 0.0 ], [ 79.9620646492166, 6.86579827993, 0.0 ], [ 79.962043964840007, 6.86579661355838, 0.0 ], [ 79.962018494409705, 6.86579063399911, 0.0 ], [ 79.961990424753793, 6.86578404418664, 0.0 ], [ 79.961978216994297, 6.86577867038529, 0.0 ], [ 79.961955164826705, 6.865768521892, 0.0 ], [ 79.961944498215303, 6.86577624130002, 0.0 ], [ 79.961910415783194, 6.86580090786318, 0.0 ], [ 79.961859516638299, 6.86584155440653, 0.0 ], [ 79.961751323878602, 6.86592795366675, 0.0 ], [ 79.961746886594199, 6.86593029713439, 0.0 ], [ 79.961656421236, 6.86597806778863, 0.0 ], [ 79.961591772567701, 6.86600644127816, 0.0 ], [ 79.961541256318299, 6.86602462093875, 0.0 ], [ 79.9614948248377, 6.8660349407041, 0.0 ], [ 79.961341773998399, 6.86606831801516, 0.0 ], [ 79.961303763614296, 6.86607512556677, 0.0 ], [ 79.961270723861205, 6.86608411263157, 0.0 ], [ 79.960984359270796, 6.86614294246348, 0.0 ], [ 79.960637433374799, 6.86616812291031, 0.0 ], [ 79.960449379472706, 6.86619556284394, 0.0 ], [ 79.960426579403602, 6.86620048647032, 0.0 ], [ 79.960348009625505, 6.86621745359509, 0.0 ], [ 79.960284191305306, 6.86623687639831, 0.0 ], [ 79.960211487913497, 6.86626713486577, 0.0 ], [ 79.960074918255799, 6.86634439512902, 0.0 ], [ 79.959992469678298, 6.86639165915716, 0.0 ], [ 79.959919692420598, 6.86643337860646, 0.0 ], [ 79.959698870384202, 6.86657569046194, 0.0 ], [ 79.959634313851794, 6.86660352128104, 0.0 ], [ 79.959574813831097, 6.8666224295952, 0.0 ], [ 79.959578233915906, 6.86663244257172, 0.0 ], [ 79.959579850048797, 6.86666624556282, 0.0 ], [ 79.959586141873899, 6.8667287378941, 0.0 ], [ 79.959603928706201, 6.86678746830877, 0.0 ], [ 79.959591778283894, 6.86690388481063, 0.0 ], [ 79.959535707838796, 6.86701100961913, 0.0 ], [ 79.959487102645198, 6.867111692724, 0.0 ], [ 79.959465206294894, 6.86711613497791, 0.0 ], [ 79.959279467647406, 6.86702460387283, 0.0 ], [ 79.959234345507497, 6.86700295195081, 0.0 ], [ 79.959225107370798, 6.8669985190233, 0.0 ], [ 79.959205696345094, 6.86698920488305, 0.0 ], [ 79.959184988962704, 6.86697926822811, 0.0 ], [ 79.959166422436198, 6.86699942719577, 0.0 ], [ 79.959147237852093, 6.86702547980434, 0.0 ], [ 79.959025331638401, 6.86723445179991, 0.0 ], [ 79.959016816162503, 6.86725135638376, 0.0 ], [ 79.958992273786507, 6.86730008162925, 0.0 ], [ 79.958961854086894, 6.8673604759237, 0.0 ], [ 79.958879060370194, 6.8675508882667, 0.0 ], [ 79.958711420861206, 6.86796924318777, 0.0 ], [ 79.958646156244001, 6.86812914761323, 0.0 ], [ 79.9585936000544, 6.86827090495713, 0.0 ], [ 79.958593204661298, 6.86827197218153, 0.0 ], [ 79.958587087447697, 6.86828847303645, 0.0 ], [ 79.958579441388594, 6.86830909548875, 0.0 ], [ 79.958564952149999, 6.86835436559932, 0.0 ], [ 79.958564876650499, 6.86835460237949, 0.0 ], [ 79.9584531222946, 6.86870376927277, 0.0 ], [ 79.958435786843495, 6.86875793036108, 0.0 ], [ 79.958396726114103, 6.86887997129583, 0.0 ], [ 79.958309193679597, 6.86915345900885, 0.0 ], [ 79.958244323243207, 6.8693652100074, 0.0 ], [ 79.958244060327701, 6.86936605230349, 0.0 ], [ 79.958173817600994, 6.86959141909082, 0.0 ], [ 79.958169772351894, 6.86960892084271, 0.0 ], [ 79.958164792809001, 6.8696304665366, 0.0 ], [ 79.958151249434493, 6.86966751695372, 0.0 ], [ 79.958124762993606, 6.86975934177345, 0.0 ], [ 79.958060693373895, 6.86997832795253, 0.0 ], [ 79.958053532172798, 6.86999262249233, 0.0 ], [ 79.958044443587497, 6.87001076215466, 0.0 ], [ 79.958040707558794, 6.87002626336527, 0.0 ], [ 79.958036971529694, 6.87004176457581, 0.0 ], [ 79.958026963053001, 6.87007457112995, 0.0 ], [ 79.958031435224598, 6.87007566746465, 0.0 ], [ 79.957974498421393, 6.8702477008593, 0.0 ], [ 79.957971027004604, 6.870258191263, 0.0 ], [ 79.957968458445805, 6.87026662065404, 0.0 ], [ 79.957938995019703, 6.87038133192334, 0.0 ], [ 79.957913716834895, 6.87047974521445, 0.0 ], [ 79.957898608537803, 6.8705398563038, 0.0 ], [ 79.957883500236093, 6.87059996739207, 0.0 ], [ 79.957873600806494, 6.87063935693996, 0.0 ], [ 79.957840749680201, 6.87077006009277, 0.0 ], [ 79.957805695367895, 6.87091666854548, 0.0 ], [ 79.957798282991305, 6.87094766925183, 0.0 ], [ 79.957771482515, 6.87109233142509, 0.0 ], [ 79.957740204618105, 6.87126115788952, 0.0 ], [ 79.957735933067596, 6.87128504855412, 0.0 ], [ 79.957722631531993, 6.87135943331733, 0.0 ], [ 79.957709783997103, 6.87143128248284, 0.0 ], [ 79.957707923318097, 6.87144266992124, 0.0 ], [ 79.957670057886801, 6.87167435007833, 0.0 ], [ 79.957667848420201, 6.87169181698015, 0.0 ], [ 79.957648427847801, 6.87185560451058, 0.0 ], [ 79.957644665827104, 6.87188733212316, 0.0 ], [ 79.957643022585899, 6.87190118848736, 0.0 ], [ 79.957618381259607, 6.87213172567624, 0.0 ], [ 79.957615112847293, 6.87216738030936, 0.0 ], [ 79.9576051969416, 6.87227556654115, 0.0 ], [ 79.957594140348107, 6.87231278032068, 0.0 ], [ 79.957593664859203, 6.8723209944607, 0.0 ], [ 79.957590516449201, 6.87237534249786, 0.0 ], [ 79.957590549261496, 6.87237573046972, 0.0 ], [ 79.957592400404195, 6.87270137128711, 0.0 ], [ 79.957592682813598, 6.87275098972247, 0.0 ], [ 79.957592705109505, 6.87275487886477, 0.0 ], [ 79.957596165025606, 6.87290019494962, 0.0 ], [ 79.957619150184797, 6.87305639520468, 0.0 ], [ 79.957635558566693, 6.87314336611913, 0.0 ], [ 79.957664032939803, 6.87329429594388, 0.0 ], [ 79.957688280601403, 6.87342281798966, 0.0 ], [ 79.957709684480093, 6.87349853884378, 0.0 ], [ 79.957723526087904, 6.87354742994535, 0.0 ], [ 79.957628122894207, 6.87355478192218, 0.0 ], [ 79.957470821623005, 6.87360979863942, 0.0 ], [ 79.957371938660501, 6.87369906445713, 0.0 ], [ 79.957321991516295, 6.87386779380505, 0.0 ], [ 79.957268642889204, 6.87398393439987, 0.0 ], [ 79.957250309796294, 6.87406145453391, 0.0 ], [ 79.9572381393792, 6.8741129134752, 0.0 ], [ 79.957222042729498, 6.87418205971908, 0.0 ], [ 79.957199770935603, 6.87417783050134, 0.0 ], [ 79.9570311467576, 6.87411053838245, 0.0 ], [ 79.956973473473099, 6.87408078087473, 0.0 ], [ 79.9569492541101, 6.87406364943893, 0.0 ], [ 79.956936369802094, 6.87405490426127, 0.0 ], [ 79.956900906101595, 6.87403083349118, 0.0 ], [ 79.956879127142898, 6.87401831600515, 0.0 ], [ 79.956873608059993, 6.87401514355525, 0.0 ], [ 79.956854886966795, 6.87401122331708, 0.0 ], [ 79.956750592019304, 6.87400091831664, 0.0 ], [ 79.956704450413, 6.87399523219275, 0.0 ], [ 79.956681386470507, 6.87399076197492, 0.0 ], [ 79.956650086652601, 6.87398826696869, 0.0 ], [ 79.956637182752402, 6.87398673481129, 0.0 ], [ 79.956544250255604, 6.87397569780078, 0.0 ], [ 79.956406292219398, 6.87396397784043, 0.0 ], [ 79.956366717397003, 6.87396148040143, 0.0 ], [ 79.956250146952797, 6.87395412558057, 0.0 ], [ 79.956070562085003, 6.87394730750772, 0.0 ], [ 79.956008318123907, 6.87394438148193, 0.0 ], [ 79.955989666014801, 6.87394350497467, 0.0 ], [ 79.9558948702051, 6.87393904926697, 0.0 ], [ 79.955804407857002, 6.87393534424527, 0.0 ], [ 79.955786577028704, 6.87393461381464, 0.0 ], [ 79.955767234595697, 6.87393583935972, 0.0 ], [ 79.955585063192004, 6.87394737981863, 0.0 ], [ 79.955547786092893, 6.87394722549932, 0.0 ], [ 79.955518644565799, 6.87395187755291, 0.0 ], [ 79.955469148446994, 6.87395495751695, 0.0 ], [ 79.955434762847503, 6.87395752084171, 0.0 ], [ 79.955398479568004, 6.87395872456249, 0.0 ], [ 79.955173525908506, 6.87397148275648, 0.0 ], [ 79.955030960338703, 6.87397956803263, 0.0 ], [ 79.954946595137699, 6.87398435319354, 0.0 ], [ 79.954913384646005, 6.8739875514584, 0.0 ], [ 79.954884705592605, 6.87398632675836, 0.0 ], [ 79.954665930925898, 6.87398730774442, 0.0 ], [ 79.954575104264705, 6.87398027971759, 0.0 ], [ 79.954554268014704, 6.87397837219886, 0.0 ], [ 79.954550883849606, 6.87397856532193, 0.0 ], [ 79.954550949847203, 6.87397806810769, 0.0 ], [ 79.954526798793395, 6.87397495227052, 0.0 ], [ 79.954497011942607, 6.87396972803732, 0.0 ], [ 79.954428389668394, 6.87395769338344, 0.0 ], [ 79.954409863736302, 6.87395552850118, 0.0 ], [ 79.954334945884298, 6.87394677262326, 0.0 ], [ 79.954263904697896, 6.87395659721419, 0.0 ], [ 79.954207785329103, 6.8739698834948, 0.0 ], [ 79.954157832763798, 6.87397585608, 0.0 ], [ 79.954072194634605, 6.87398849396125, 0.0 ], [ 79.954071669736905, 6.87398857082382, 0.0 ], [ 79.954068672872395, 6.87397925661193, 0.0 ], [ 79.954066052188296, 6.87397111312187, 0.0 ], [ 79.954063659623699, 6.87395132351891, 0.0 ], [ 79.954051126738094, 6.87384767432863, 0.0 ], [ 79.953990043098699, 6.87372193366737, 0.0 ], [ 79.953965534155202, 6.87368386772924, 0.0 ], [ 79.953860738852697, 6.87352110960034, 0.0 ], [ 79.953559229362298, 6.87345240625555, 0.0 ], [ 79.953177701570198, 6.87345831258812, 0.0 ], [ 79.953133586696893, 6.87345635233617, 0.0 ], [ 79.953089472730795, 6.87345439117753, 0.0 ], [ 79.952864973408296, 6.87334742160682, 0.0 ], [ 79.952733005604799, 6.87329402585005, 0.0 ], [ 79.952521388356502, 6.87321131350061, 0.0 ], [ 79.952253421027095, 6.87312569555932, 0.0 ], [ 79.9521223038995, 6.873131079766, 0.0 ], [ 79.951953662242104, 6.87319173739271, 0.0 ], [ 79.951773640262701, 6.87324722485882, 0.0 ], [ 79.951600285666601, 6.8733188660704, 0.0 ], [ 79.951411358379701, 6.8733300641822, 0.0 ], [ 79.951331262510706, 6.87335816986143, 0.0 ], [ 79.951251166633597, 6.87338627552608, 0.0 ], [ 79.951103401891302, 6.87340888529831, 0.0 ], [ 79.951060137930895, 6.87335530557915, 0.0 ], [ 79.950990791103607, 6.87334750371818, 0.0 ], [ 79.950874960267697, 6.87332912179286, 0.0 ], [ 79.950731592084395, 6.87330963170331, 0.0 ], [ 79.950732180923794, 6.87330553293508, 0.0 ], [ 79.950488007871698, 6.87318774273446, 0.0 ], [ 79.950377716784004, 6.87314956849542, 0.0 ], [ 79.9502782275908, 6.87311513287154, 0.0 ], [ 79.950108662972994, 6.87306890542683, 0.0 ], [ 79.949823908954698, 6.87302799223556, 0.0 ], [ 79.949760866981705, 6.87301893425814, 0.0 ], [ 79.949505034142007, 6.87299932293574, 0.0 ], [ 79.9494949918207, 6.8730000380244, 0.0 ], [ 79.949378437369504, 6.87300833835281, 0.0 ], [ 79.949350226030106, 6.87301034676222, 0.0 ], [ 79.949349719298993, 6.87301038296065, 0.0 ], [ 79.949347585599895, 6.87301053480376, 0.0 ], [ 79.949346006757906, 6.87301055016197, 0.0 ], [ 79.949345258503598, 6.87301055791216, 0.0 ], [ 79.949065639632707, 6.87301332748986, 0.0 ], [ 79.949044392667503, 6.87301353764174, 0.0 ], [ 79.948890894793394, 6.87299048584209, 0.0 ], [ 79.948701510653805, 6.87300019554833, 0.0 ], [ 79.948544778456906, 6.8730152061564, 0.0 ], [ 79.948535004206306, 6.87301681687632, 0.0 ], [ 79.948328659183105, 6.87305118260756, 0.0 ], [ 79.948122477922297, 6.87314667450743, 0.0 ], [ 79.947916302660303, 6.87323918235857, 0.0 ], [ 79.947882258955204, 6.87324916403989, 0.0 ], [ 79.947859920705497, 6.87323221267012, 0.0 ], [ 79.947856212476594, 6.8732335463243, 0.0 ], [ 79.947761554300499, 6.87318695394355, 0.0 ], [ 79.947753478918798, 6.87318297853831, 0.0 ], [ 79.947703730997702, 6.87310690455986, 0.0 ], [ 79.947684883149506, 6.87310521178022, 0.0 ], [ 79.947638870339006, 6.87310107849589, 0.0 ], [ 79.947470586804798, 6.87315169542925, 0.0 ], [ 79.947417674380603, 6.8731897795442, 0.0 ], [ 79.947326458882799, 6.87325543243205, 0.0 ], [ 79.947254715478195, 6.87325232427047, 0.0 ], [ 79.947177651450303, 6.87333359688447, 0.0 ], [ 79.947126175709201, 6.87338788454205, 0.0 ], [ 79.947074699956303, 6.87344217219258, 0.0 ], [ 79.947051834834596, 6.87348020068777, 0.0 ], [ 79.947004651229506, 6.8735585157318, 0.0 ], [ 79.947010980285199, 6.87358500164821, 0.0 ], [ 79.946963280037806, 6.8736888847074, 0.0 ], [ 79.946870030479801, 6.87379052955883, 0.0 ], [ 79.946707054331995, 6.8737058626614, 0.0 ], [ 79.946608166348696, 6.87362645726002, 0.0 ], [ 79.946539737365697, 6.87370087889332, 0.0 ], [ 79.946403710887907, 6.87380483939311, 0.0 ], [ 79.946398918890495, 6.87381078001707, 0.0 ], [ 79.946299588079299, 6.87373527554078, 0.0 ], [ 79.946228201232998, 6.87366536694042, 0.0 ], [ 79.946093378729103, 6.8738142805126, 0.0 ], [ 79.945975345627005, 6.87384400585949, 0.0 ], [ 79.945808008246502, 6.87387057128099, 0.0 ], [ 79.945691681452601, 6.87401233359457, 0.0 ], [ 79.945622474486399, 6.87442463276726, 0.0 ], [ 79.945657309393496, 6.87494471578177, 0.0 ], [ 79.945662600742594, 6.8750232121112, 0.0 ], [ 79.945663301545295, 6.87503385520791, 0.0 ], [ 79.945673972956897, 6.87519603016146, 0.0 ], [ 79.945674290605794, 6.87522098745562, 0.0 ], [ 79.945674967572998, 6.87530056085421, 0.0 ], [ 79.9456755850821, 6.87536123574625, 0.0 ], [ 79.945705979225394, 6.87557360164285, 0.0 ], [ 79.945732160915099, 6.87576245025485, 0.0 ], [ 79.945754728054297, 6.87583671673115, 0.0 ], [ 79.945795223862305, 6.87596998999034, 0.0 ], [ 79.945851500078703, 6.87617914556153, 0.0 ], [ 79.945875063011897, 6.8762609288171, 0.0 ], [ 79.945902864179402, 6.87635817723385, 0.0 ], [ 79.945908251529104, 6.87637464808413, 0.0 ], [ 79.945921636021097, 6.87641515457778, 0.0 ], [ 79.946000865653602, 6.87665493915244, 0.0 ], [ 79.946050571601205, 6.87679165450595, 0.0 ], [ 79.946044534550595, 6.8768267968731, 0.0 ], [ 79.946043265899206, 6.87683418313445, 0.0 ], [ 79.946024979257004, 6.87694062718851, 0.0 ], [ 79.946032192440498, 6.87695501695586, 0.0 ], [ 79.946246034675099, 6.8773982796597, 0.0 ], [ 79.946249550717397, 6.87740551959682, 0.0 ], [ 79.946253410917805, 6.87741464545011, 0.0 ], [ 79.946256938624202, 6.87742298404672, 0.0 ], [ 79.946258922329704, 6.87742741821357, 0.0 ], [ 79.946317933877097, 6.87757045760038, 0.0 ], [ 79.9464338920084, 6.8778515341984, 0.0 ], [ 79.946475169472194, 6.87799700594401, 0.0 ], [ 79.946480444780804, 6.87801705644311, 0.0 ], [ 79.946508157002995, 6.8781223894095, 0.0 ], [ 79.946647285853402, 6.87844978102829, 0.0 ], [ 79.946690694418606, 6.87859614622273, 0.0 ], [ 79.946800651538496, 6.87896690474589, 0.0 ], [ 79.946804571775601, 6.87901078206569, 0.0 ], [ 79.946713500508295, 6.87903691646674, 0.0 ], [ 79.946517132920903, 6.87903767731212, 0.0 ], [ 79.946458473012498, 6.87905154864255, 0.0 ], [ 79.946441744476502, 6.87909018088037, 0.0 ], [ 79.946397668884501, 6.87919196502029, 0.0 ], [ 79.946391419332201, 6.87925828215108, 0.0 ], [ 79.9463733665945, 6.87944984628596, 0.0 ], [ 79.946372895623597, 6.87945377344332, 0.0 ], [ 79.946348603136997, 6.87979923118362, 0.0 ], [ 79.946345267164006, 6.87984666852553, 0.0 ], [ 79.946577462372503, 6.87994652209471, 0.0 ], [ 79.946784823794303, 6.88005810195922, 0.0 ], [ 79.946922014031003, 6.88014952778709, 0.0 ], [ 79.946989972039205, 6.88019481550018, 0.0 ], [ 79.947015237718006, 6.88020069791097, 0.0 ], [ 79.947016791615894, 6.88022497284872, 0.0 ], [ 79.947046951041003, 6.88046817255815, 0.0 ], [ 79.947087358927703, 6.88059302633394, 0.0 ], [ 79.947095643167401, 6.88061591771136, 0.0 ], [ 79.947200664623495, 6.88078582370801, 0.0 ], [ 79.947152680334597, 6.88096007606995, 0.0 ], [ 79.946942039884206, 6.88117247619645, 0.0 ], [ 79.946941746777796, 6.88117297301467, 0.0 ], [ 79.946892403782101, 6.88125630266321, 0.0 ], [ 79.946892006570707, 6.88126829658364, 0.0 ], [ 79.946886005700605, 6.88144934464454, 0.0 ], [ 79.946887492203501, 6.88163489699707, 0.0 ], [ 79.946889523432901, 6.88188868257278, 0.0 ], [ 79.946646652494707, 6.88186028175295, 0.0 ], [ 79.946429773229696, 6.88183189426403, 0.0 ] ] ] } }
]
}
