{
"type": "FeatureCollection",
"name": "kaduwela_boundary_utm44n",
"crs": { "type": "name", "properties": { "name": "urn:ogc:def:crs:EPSG::32644" } },
"features": [
{ "type": "Feature", "properties": { "id": "kmc_boundry.1", "Name": "Korathota", "description": "<html xmlns:fo=\"http://www.w3.org/1999/XSL/Format\" xmlns:msxsl=\"urn:schemas-microsoft-com:xslt\">\n\n<head>\n\n<META http-equiv=\"Content-Type\" content=\"text/html\">\n\n<meta http-equiv=\"content-type\" content=\"text/html; charset=UTF-8\">\n\n</head>\n\n<body style=\"margin:0px 0px 0px 0px;overflow:auto;background:#FFFFFF;\">\n\n<table style=\"font-family:Arial,Verdana,Times;font-size:12px;text-align:left;width:100%;border-collapse:collapse;padding:3px 3px 3px 3px\">\n\n<tr style=\"text-align:center;font-weight:bold;background:#9CBCE2\">\n\n<td>Korathota</td>\n\n</tr>\n\n<tr>\n\n<td>\n\n<table style=\"font-family:Arial,Verdana,Times;font-size:12px;text-align:left;width:100%;border-spacing:0px; padding:3px 3px 3px 3px\">\n\n<tr>\n\n<td>FID</td>\n\n<td>29</td>\n\n</tr>\n\n<tr bgcolor=\"#D4E4F3\">\n\n<td>OBJECTID_1</td>\n\n<td>13990</td>\n\n</tr>\n\n<tr>\n\n<td>GND_N</td>\n\n<td>Korathota</td>\n\n</tr>\n\n<tr bgcolor=\"#D4E4F3\">\n\n<td>CM_Index</td>\n\n<td></td>\n\n</tr>\n\n<tr>\n\n<td>GND_NO</td>\n\n<td>488</td>\n\n</tr>\n\n<tr bgcolor=\"#D4E4F3\">\n\n<td>GND_C</td>\n\n<td>080</td>\n\n</tr>\n\n<tr>\n\n<td>PROVINCE_N</td>\n\n<td>WESTERN</td>\n\n</tr>\n\n<tr bgcolor=\"#D4E4F3\">\n\n<td>PROVINCE_C</td>\n\n<td>1</td>\n\n</tr>\n\n<tr>\n\n<td>DISTRICT_N</td>\n\n<td>COLOMBO</td>\n\n</tr>\n\n<tr bgcolor=\"#D4E4F3\">\n\n<td>DISTRICT_C</td>\n\n<td>1</td>\n\n</tr>\n\n<tr>\n\n<td>DSD_N</td>\n\n<td>KADUWELA</td>\n\n</tr>\n\n<tr bgcolor=\"#D4E4F3\">\n\n<td>DSD_C</td>\n\n<td>09</td>\n\n</tr>\n\n<tr>\n\n<td>MC_UC_PC_N</td>\n\n<td></td>\n\n</tr>\n\n<tr bgcolor=\"#D4E4F3\">\n\n<td>GN_Officer</td>\n\n<td>P.S.Wasundara</td>\n\n</tr>\n\n<tr>\n\n<td>GN_Offic_1</td>\n\n<td>724883004</td>\n\n</tr>\n\n<tr bgcolor=\"#D4E4F3\">\n\n<td>ADMIN_CODE</td>\n\n<td>1109080</td>\n\n</tr>\n\n<tr>\n\n<td>Dispute</td>\n\n<td></td>\n\n</tr>\n\n<tr bgcolor=\"#D4E4F3\">\n\n<td>GND_NO_Cen</td>\n\n<td>488</td>\n\n</tr>\n\n<tr>\n\n<td>GND_NAME_C</td>\n\n<td>Korathota</td>\n\n</tr>\n\n<tr bgcolor=\"#D4E4F3\">\n\n<td>GND_NO_Gaz</td>\n\n<td>488</td>\n\n</tr>\n\n<tr>\n\n<td>GND_NAME_G</td>\n\n<td>කොරතොට</td>\n\n</tr>\n\n<tr bgcolor=\"#D4E4F3\">\n\n<td>YEAR_CREAT</td>\n\n<td>2017</td>\n\n</tr>\n\n<tr>\n\n<td>DATA_SOURC</td>\n\n<td>Satellite Images</td>\n\n</tr>\n\n<tr bgcolor=\"#D4E4F3\">\n\n<td>MTD_CREATI</td>\n\n<td>Extracted on google with Interactive Participation of Grama Niladharies</td>\n\n</tr>\n\n<tr>\n\n<td>Shape_Leng</td>\n\n<td>14997.171921</td>\n\n</tr>\n\n<tr bgcolor=\"#D4E4F3\">\n\n<td>Refarance</td>\n\n<td></td>\n\n</tr>\n\n<tr>\n\n<td>Ext_SqKm</td>\n\n<td>5.100892</td>\n\n</tr>\n\n<tr bgcolor=\"#D4E4F3\">\n\n<td>New_Admin_</td>\n\n<td>0</td>\n\n</tr>\n\n<tr>\n\n<td>New_GND_Co</td>\n\n<td></td>\n\n</tr>\n\n<tr bgcolor=\"#D4E4F3\">\n\n<td>New_DSD_Co</td>\n\n<td></td>\n\n</tr>\n\n<tr>\n\n<td>MTD_REVISI</td>\n\n<td></td>\n\n</tr>\n\n<tr bgcolor=\"#D4E4F3\">\n\n<td>YEAR_REVIS</td>\n\n<td></td>\n\n</tr>\n\n<tr>\n\n<td>Pop_2020</td>\n\n<td>9694</td>\n\n</tr>\n\n</table>\n\n</td>\n\n</tr>\n\n</table>\n\n</body>\n\n</html>", "timestamp": null, "begin": null, "end": null, "altitudeMode": null, "tessellate": -1, "extrude": 0, "visibility": -1, "drawOrder": null, "icon": null }, "geometry": { "type": "Polygon", "coordinates": [ [ [ 383596.643553636851721, 760814.071796918986365, 0.0 ], [ 383573.050594975997228, 760811.034668532316573, 0.0 ], [ 383514.068718283611815, 760791.830630636191927, 0.0 ], [ 383450.254661533748731, 760777.636827835580334, 0.0 ], [ 383416.655738658388145, 760846.671991710085422, 0.0 ], [ 383414.064387460472062, 760846.065151343937032, 0.0 ], [ 383404.360834002378397, 760845.376556197763421, 0.0 ], [ 383402.866749135660939, 760845.270580604672432, 0.0 ], [ 383398.207962056621909, 760845.432719237520359, 0.0 ], [ 383393.54917496140115, 760845.594857872929424, 0.0 ], [ 383394.147790032322519, 760842.945224432973191, 0.0 ], [ 383383.398406073334627, 760838.651297812117264, 0.0 ], [ 383375.788921603700146, 760835.995503468438983, 0.0 ], [ 383370.939409786777105, 760834.508133662166074, 0.0 ], [ 383345.841999164200388, 760826.731764651020057, 0.0 ], [ 383342.522309904976282, 760825.663577292230912, 0.0 ], [ 383341.022269655019045, 760824.794490615022369, 0.0 ], [ 383340.693067966029048, 760824.405139505397528, 0.0 ], [ 383334.195522125810385, 760826.048876349581406, 0.0 ], [ 383309.223338557523675, 760822.674674704205245, 0.0 ], [ 383289.341093661030754, 760821.184933626325801, 0.0 ], [ 383288.898051625001244, 760821.505462584435008, 0.0 ], [ 383265.385120786959305, 760818.3654214234557, 0.0 ], [ 383228.277957548794802, 760813.409978556446731, 0.0 ], [ 383174.390659864759073, 760805.402224814519286, 0.0 ], [ 383171.812981784460135, 760802.179115838254802, 0.0 ], [ 383148.398350717267022, 760801.660189132322557, 0.0 ], [ 383141.638862351130228, 760803.078003630856983, 0.0 ], [ 383129.814705851196777, 760805.557927020010538, 0.0 ], [ 383124.832290679449216, 760805.706720125279389, 0.0 ], [ 383111.789354000240564, 760806.096223006141372, 0.0 ], [ 383093.934733344067354, 760808.07408823852893, 0.0 ], [ 383085.606069977628067, 760806.588344270014204, 0.0 ], [ 383078.395481862360612, 760801.782886834349483, 0.0 ], [ 383075.435991834849119, 760805.821685891365632, 0.0 ], [ 383061.238757987623103, 760798.343546311021782, 0.0 ], [ 383047.041624064033385, 760790.865506528294645, 0.0 ], [ 383042.93279310525395, 760783.736365216667764, 0.0 ], [ 383023.168125058873557, 760776.0622758413665, 0.0 ], [ 383011.107419690408278, 760774.893799049546942, 0.0 ], [ 383001.322812985279597, 760769.562172840116546, 0.0 ], [ 382983.426972364075482, 760760.35548295150511, 0.0 ], [ 382975.105601410265081, 760758.430642240098678, 0.0 ], [ 382958.099274767679162, 760758.702426317962818, 0.0 ], [ 382937.721924913756084, 760753.530512901139446, 0.0 ], [ 382929.742944175726734, 760747.913411782123148, 0.0 ], [ 382928.094233469921164, 760737.618591205100529, 0.0 ], [ 382915.860878167208284, 760732.404280640650541, 0.0 ], [ 382904.346881866222247, 760730.044538144720718, 0.0 ], [ 382876.500989439839032, 760734.151254767319188, 0.0 ], [ 382846.02496483392315, 760738.744082633871585, 0.0 ], [ 382841.136167400924023, 760734.703252511448227, 0.0 ], [ 382832.460337885655463, 760727.121955245966092, 0.0 ], [ 382832.559895040350966, 760715.744580507162027, 0.0 ], [ 382823.930808123317547, 760707.850837366073392, 0.0 ], [ 382808.642502118193079, 760700.508972585899755, 0.0 ], [ 382805.376364908297546, 760698.940481455763802, 0.0 ], [ 382791.911860937892925, 760688.061625576461665, 0.0 ], [ 382791.269993521156721, 760687.796690153307281, 0.0 ], [ 382780.200592273671646, 760687.15742024127394, 0.0 ], [ 382769.405356655246578, 760681.025560073903762, 0.0 ], [ 382762.948707979288884, 760675.844040311989374, 0.0 ], [ 382753.316942335863132, 760668.971016682684422, 0.0 ], [ 382747.727179059584159, 760664.852032804396003, 0.0 ], [ 382743.913594827870838, 760662.04199983831495, 0.0 ], [ 382737.507649314007722, 760657.321643893141299, 0.0 ], [ 382730.23395527957473, 760652.473024759558029, 0.0 ], [ 382725.2685179898981, 760649.163051901967265, 0.0 ], [ 382706.712346502172295, 760649.178521733032539, 0.0 ], [ 382700.91113629611209, 760646.560670913895592, 0.0 ], [ 382691.395747631031554, 760642.2668643144425, 0.0 ], [ 382690.056985814648215, 760642.292583815287799, 0.0 ], [ 382687.460403610195499, 760640.335374155663885, 0.0 ], [ 382680.176411945081782, 760634.845015888335183, 0.0 ], [ 382661.585508385964204, 760628.784481405164115, 0.0 ], [ 382661.089448130107485, 760629.038851326447912, 0.0 ], [ 382656.260566926328465, 760627.20405519916676, 0.0 ], [ 382644.444128527014982, 760617.753979481291026, 0.0 ], [ 382644.251803507097065, 760617.600206820876338, 0.0 ], [ 382642.979146152269095, 760616.386297260178253, 0.0 ], [ 382642.756101042439695, 760616.173553315922618, 0.0 ], [ 382631.398604554124177, 760605.340799610828981, 0.0 ], [ 382623.16961213608738, 760604.277504721656442, 0.0 ], [ 382604.070661023783032, 760608.763139328570105, 0.0 ], [ 382601.208654300833587, 760608.113035315996967, 0.0 ], [ 382599.478647969663143, 760604.202596026938409, 0.0 ], [ 382592.636386087862775, 760588.736959560425021, 0.0 ], [ 382577.70995364128612, 760550.078248022473417, 0.0 ], [ 382563.257477460429072, 760537.248126137186773, 0.0 ], [ 382560.616845613811165, 760534.520024417899549, 0.0 ], [ 382558.117144645540975, 760531.931422862689942, 0.0 ], [ 382553.381306102441158, 760527.027230089064687, 0.0 ], [ 382553.124047049379442, 760526.766813716269098, 0.0 ], [ 382545.133245209348388, 760518.961048474651761, 0.0 ], [ 382538.19126968056662, 760511.116202512872405, 0.0 ], [ 382531.629000690707471, 760502.841283727553673, 0.0 ], [ 382522.706126686534844, 760494.181361775263213, 0.0 ], [ 382522.1770156029379, 760493.667934027849697, 0.0 ], [ 382514.585616079159081, 760486.503225772175938, 0.0 ], [ 382508.05440945038572, 760480.517734953435138, 0.0 ], [ 382500.532989099854603, 760473.772891667555086, 0.0 ], [ 382493.302674225065857, 760469.117403707234189, 0.0 ], [ 382483.573176802950911, 760465.122922703390941, 0.0 ], [ 382465.876693927741144, 760460.218186236452311, 0.0 ], [ 382464.415360497019719, 760459.813167704967782, 0.0 ], [ 382455.953940684092231, 760457.929780179285444, 0.0 ], [ 382452.716892169322819, 760457.209268233156763, 0.0 ], [ 382438.579549826739822, 760455.316335383220576, 0.0 ], [ 382429.340351206774358, 760452.431355022476055, 0.0 ], [ 382416.921321966976393, 760448.038227592944168, 0.0 ], [ 382409.181801733269822, 760445.032575721619651, 0.0 ], [ 382403.321272328263149, 760440.846333080204204, 0.0 ], [ 382400.6008887377684, 760438.608148976229131, 0.0 ], [ 382392.749438234837726, 760431.413568706368096, 0.0 ], [ 382382.373877146397717, 760422.453297515399754, 0.0 ], [ 382378.132098020752892, 760418.790071039344184, 0.0 ], [ 382376.816987480211537, 760417.654361930559389, 0.0 ], [ 382371.845138109230902, 760411.74842231022194, 0.0 ], [ 382371.045089097635355, 760410.798727250425145, 0.0 ], [ 382370.733966873842292, 760410.37507571966853, 0.0 ], [ 382363.932295385398902, 760401.114407391520217, 0.0 ], [ 382363.734303295903374, 760400.814172964543104, 0.0 ], [ 382363.585333968570922, 760400.588197560515255, 0.0 ], [ 382357.744517121347599, 760391.730982006411068, 0.0 ], [ 382357.738414310151711, 760391.721787096816115, 0.0 ], [ 382356.979061076766811, 760390.570222123176791, 0.0 ], [ 382354.413871420430951, 760387.757905050762929, 0.0 ], [ 382352.04783527739346, 760385.16384180856403, 0.0 ], [ 382351.82550946372794, 760384.992787315277383, 0.0 ], [ 382349.449433415429667, 760383.164142512134276, 0.0 ], [ 382349.256911039236002, 760383.015968523337506, 0.0 ], [ 382349.214106103230733, 760382.983096522162668, 0.0 ], [ 382348.63643896317808, 760382.538474628818221, 0.0 ], [ 382347.998064808198251, 760382.047192454570904, 0.0 ], [ 382347.351189686218277, 760381.549415832501836, 0.0 ], [ 382347.127263657399453, 760381.377062399755232, 0.0 ], [ 382343.026439027336892, 760377.689875705749728, 0.0 ], [ 382335.73800920881331, 760377.253387470613234, 0.0 ], [ 382330.609356820234098, 760377.465732194366865, 0.0 ], [ 382319.743346691248007, 760380.130161132663488, 0.0 ], [ 382311.83201532473322, 760382.148266757954843, 0.0 ], [ 382307.959827574610244, 760373.308926654513925, 0.0 ], [ 382307.95644189149607, 760366.061191586661153, 0.0 ], [ 382308.735028942115605, 760362.158677265397273, 0.0 ], [ 382309.625127799110487, 760357.697446776903234, 0.0 ], [ 382312.660751936025918, 760352.053701523691416, 0.0 ], [ 382313.52449139545206, 760350.447888645692728, 0.0 ], [ 382319.654592956998385, 760344.869681625277735, 0.0 ], [ 382322.439188638876658, 760338.178108662832528, 0.0 ], [ 382322.435803059488535, 760330.93027368420735, 0.0 ], [ 382323.547085442056414, 760323.124353694613092, 0.0 ], [ 382322.529615672421642, 760321.802850607549772, 0.0 ], [ 382317.968558191438206, 760315.87912288971711, 0.0 ], [ 382310.718280167726334, 760310.864830316393636, 0.0 ], [ 382304.584011667117011, 760307.522509501082823, 0.0 ], [ 382297.332431485585403, 760299.720495682093315, 0.0 ], [ 382283.942255810368806, 760279.098368659499101, 0.0 ], [ 382272.226395646808669, 760262.378009881475009, 0.0 ], [ 382269.433827044500504, 760251.786291201482527, 0.0 ], [ 382272.215458888618741, 760238.962011503870599, 0.0 ], [ 382277.226887146069203, 760225.579026096267626, 0.0 ], [ 382279.220310457691085, 760222.386271576397121, 0.0 ], [ 382285.58360057673417, 760212.194478393299505, 0.0 ], [ 382292.82534616056364, 760199.368015904910862, 0.0 ], [ 382301.17919557885034, 760179.850661869393662, 0.0 ], [ 382306.883082213811576, 760166.524439611588605, 0.0 ], [ 382308.46608862670837, 760164.151877386379056, 0.0 ], [ 382313.630216147575993, 760156.411848253803328, 0.0 ], [ 382311.289397356624249, 760153.439264917047694, 0.0 ], [ 382307.158042729832232, 760148.172476128791459, 0.0 ], [ 382297.674705091747455, 760136.299794424674474, 0.0 ], [ 382292.613072713953443, 760129.95360268803779, 0.0 ], [ 382282.619611129630357, 760117.121492455829866, 0.0 ], [ 382281.735230216349009, 760116.059263964532875, 0.0 ], [ 382281.251676554675214, 760115.478331158636138, 0.0 ], [ 382273.866830699320417, 760106.608138462645002, 0.0 ], [ 382268.124888656311668, 760099.672607668791898, 0.0 ], [ 382266.382179886451922, 760097.675307542667724, 0.0 ], [ 382262.21306264353916, 760092.89691728935577, 0.0 ], [ 382257.171777564275544, 760087.090684420196339, 0.0 ], [ 382252.988462270179298, 760082.523149449261837, 0.0 ], [ 382251.548278314468917, 760080.950704634189606, 0.0 ], [ 382246.508734836650547, 760075.448496918310411, 0.0 ], [ 382239.178072601964232, 760067.855967745301314, 0.0 ], [ 382236.876060650625732, 760069.62841177766677, 0.0 ], [ 382233.105859636329114, 760071.515713617554866, 0.0 ], [ 382227.622729896218516, 760073.947783007984981, 0.0 ], [ 382223.883752647729125, 760074.189470571931452, 0.0 ], [ 382220.097165729443077, 760079.309993636910804, 0.0 ], [ 382217.968984948995057, 760082.310257862089202, 0.0 ], [ 382214.16209281841293, 760086.980799902463332, 0.0 ], [ 382206.17749309563078, 760094.382828892790712, 0.0 ], [ 382196.953481962671503, 760102.185239480808377, 0.0 ], [ 382190.477242723572999, 760107.077074624598026, 0.0 ], [ 382190.45315279380884, 760107.086083684582263, 0.0 ], [ 382185.627265322895255, 760112.092120229150169, 0.0 ], [ 382179.564677932532504, 760118.380922466749325, 0.0 ], [ 382172.949989956454374, 760114.746895993012004, 0.0 ], [ 382161.04118458594894, 760103.179671712452546, 0.0 ], [ 382145.129987274296582, 760091.25770296389237, 0.0 ], [ 382142.378200989565812, 760091.352365241153166, 0.0 ], [ 382133.58951382158557, 760093.010766940424219, 0.0 ], [ 382125.289640261384193, 760097.093950678128749, 0.0 ], [ 382118.954679295769893, 760099.230290109291673, 0.0 ], [ 382112.010733882314526, 760101.082783028599806, 0.0 ], [ 382105.283802353660576, 760098.153937279595993, 0.0 ], [ 382081.515165997669101, 760114.385492396657355, 0.0 ], [ 382070.61654932500096, 760129.226474489667453, 0.0 ], [ 382057.405244516266976, 760142.246179893496446, 0.0 ], [ 382034.578447822888847, 760154.343901240383275, 0.0 ], [ 382020.575334664608818, 760169.716604960733093, 0.0 ], [ 382018.186640577798244, 760172.338883265620098, 0.0 ], [ 382006.288403174316045, 760183.189703341457061, 0.0 ], [ 381992.009468896838371, 760194.306271099252626, 0.0 ], [ 381985.92950308509171, 760202.773752897046506, 0.0 ], [ 381972.711182000231929, 760219.180139605770819, 0.0 ], [ 381969.738410369493067, 760222.616692981333472, 0.0 ], [ 381959.657705980818719, 760234.270269531290978, 0.0 ], [ 381953.940483902872074, 760240.87943389872089, 0.0 ], [ 381927.501741688931361, 760269.195402843994088, 0.0 ], [ 381919.834785863466095, 760277.928162217373028, 0.0 ], [ 381908.731190878315829, 760291.423769669607282, 0.0 ], [ 381903.539502237457782, 760297.949809119571, 0.0 ], [ 381897.363531029899605, 760305.713207749766298, 0.0 ], [ 381884.146198718808591, 760324.235681468388066, 0.0 ], [ 381875.952148743381258, 760337.201058970065787, 0.0 ], [ 381861.680233941180632, 760363.130625875433907, 0.0 ], [ 381853.225108399288729, 760383.502525855205022, 0.0 ], [ 381852.053584740264341, 760387.764637510757893, 0.0 ], [ 381851.417221275914926, 760390.079872229136527, 0.0 ], [ 381848.207757770316675, 760401.756734290509485, 0.0 ], [ 381840.281209623208269, 760421.070344818406738, 0.0 ], [ 381832.741197567083873, 760436.167899418738671, 0.0 ], [ 381830.503135801816825, 760440.649356254725717, 0.0 ], [ 381820.195249408832751, 760458.641501111211255, 0.0 ], [ 381814.947081867314409, 760468.606332259136252, 0.0 ], [ 381812.531012962863315, 760473.193746630684473, 0.0 ], [ 381793.49676951917354, 760497.009354993817396, 0.0 ], [ 381782.920145816286094, 760506.008011369383894, 0.0 ], [ 381765.729518561856821, 760512.629036534694023, 0.0 ], [ 381735.313179360586219, 760520.049748536315747, 0.0 ], [ 381709.912901617819443, 760527.001930380705744, 0.0 ], [ 381701.743168092798442, 760527.175306387944147, 0.0 ], [ 381686.96800525195431, 760527.488835398922674, 0.0 ], [ 381672.683608707273379, 760526.701902360655367, 0.0 ], [ 381671.59494034742238, 760526.203532204497606, 0.0 ], [ 381666.395032724132761, 760523.911419128649868, 0.0 ], [ 381654.943956299568526, 760518.863796787103638, 0.0 ], [ 381623.869605490355752, 760505.166345944628119, 0.0 ], [ 381610.309758088609669, 760498.229067763662897, 0.0 ], [ 381597.93098799692234, 760492.285396213643253, 0.0 ], [ 381597.915646285226103, 760491.332234864588827, 0.0 ], [ 381597.893613285385072, 760489.966276888735592, 0.0 ], [ 381597.871991223888472, 760488.62391299509909, 0.0 ], [ 381597.730520241428167, 760479.839112541521899, 0.0 ], [ 381597.426775307394564, 760460.968037423095666, 0.0 ], [ 381593.873120067757554, 760387.097637707949616, 0.0 ], [ 381593.798781735415105, 760386.120909644872881, 0.0 ], [ 381590.617416413500905, 760344.305451084394008, 0.0 ], [ 381590.269463847507723, 760339.73152444139123, 0.0 ], [ 381589.544890141347423, 760330.207875803229399, 0.0 ], [ 381589.498617389705032, 760329.600045034079812, 0.0 ], [ 381589.457072305260226, 760329.053897077566944, 0.0 ], [ 381589.425429947848897, 760328.304693806683645, 0.0 ], [ 381588.32481048774207, 760302.220842482987791, 0.0 ], [ 381588.312262990511954, 760301.898626594804227, 0.0 ], [ 381587.677779267192818, 760286.834881242597476, 0.0 ], [ 381584.928834358113818, 760279.102043447317556, 0.0 ], [ 381582.179889477672987, 760271.369205624912865, 0.0 ], [ 381577.98739840707276, 760259.57602820370812, 0.0 ], [ 381577.687477126601152, 760258.732373197446577, 0.0 ], [ 381560.446325442346279, 760260.78672911087051, 0.0 ], [ 381526.102680207870435, 760264.879080262966454, 0.0 ], [ 381497.947982039651833, 760266.940233341883868, 0.0 ], [ 381487.275039471220225, 760267.721629903302528, 0.0 ], [ 381487.188363487017341, 760267.727968859835528, 0.0 ], [ 381484.343751713226084, 760267.936247263103724, 0.0 ], [ 381481.65329717611894, 760268.133156407857314, 0.0 ], [ 381478.236843841033988, 760268.383291810052469, 0.0 ], [ 381477.725885427091271, 760268.420721437199973, 0.0 ], [ 381475.491410794784315, 760268.597622411791235, 0.0 ], [ 381473.650925885536708, 760268.743346887989901, 0.0 ], [ 381454.065453297516797, 760270.60684462368954, 0.0 ], [ 381453.132268610759638, 760270.368538451264612, 0.0 ], [ 381446.417647808091715, 760270.900346355629154, 0.0 ], [ 381438.572843280388042, 760271.521660552127287, 0.0 ], [ 381437.010280549176969, 760271.645360537921079, 0.0 ], [ 381432.153239829116501, 760272.030036325450055, 0.0 ], [ 381428.285174555145204, 760274.802670396282338, 0.0 ], [ 381425.967306967359036, 760281.372758414712735, 0.0 ], [ 381428.006769236118998, 760284.064452175050974, 0.0 ], [ 381428.001473416341469, 760284.070653144735843, 0.0 ], [ 381422.389568660000805, 760290.561199468560517, 0.0 ], [ 381420.113832449249458, 760298.290386483073235, 0.0 ], [ 381418.666755971615203, 760304.0096742475871, 0.0 ], [ 381416.190506113576703, 760310.749195215990767, 0.0 ], [ 381415.244166591437533, 760317.877906928420998, 0.0 ], [ 381416.415435465867631, 760321.416500721476041, 0.0 ], [ 381424.90920428634854, 760324.266340452246368, 0.0 ], [ 381424.979298270191066, 760324.289901981828734, 0.0 ], [ 381425.014795205672272, 760324.301782513852231, 0.0 ], [ 381429.686509045306593, 760330.398119887337089, 0.0 ], [ 381429.499747613037471, 760337.446496152319014, 0.0 ], [ 381425.024658330716193, 760345.416652323910967, 0.0 ], [ 381422.494184114737436, 760347.36696122540161, 0.0 ], [ 381419.897749658674002, 760349.368088617338799, 0.0 ], [ 381419.79316001071129, 760350.620033583021723, 0.0 ], [ 381419.380766846938059, 760355.556827892898582, 0.0 ], [ 381418.120896661304869, 760357.106040498241782, 0.0 ], [ 381414.964276857674122, 760360.987573201884516, 0.0 ], [ 381415.237685895292088, 760368.425639926455915, 0.0 ], [ 381415.487896016740706, 760369.00538228766527, 0.0 ], [ 381416.18890282540815, 760371.524443258880638, 0.0 ], [ 381418.371588138514198, 760378.191804932663217, 0.0 ], [ 381416.567333485989366, 760389.549890895024873, 0.0 ], [ 381413.292422639031429, 760398.739190531894565, 0.0 ], [ 381412.987547031836584, 760399.060954887419939, 0.0 ], [ 381412.915025743190199, 760400.047749239369296, 0.0 ], [ 381410.484889088198543, 760401.702483104309067, 0.0 ], [ 381407.786475106375292, 760404.550352716352791, 0.0 ], [ 381406.209070866811089, 760405.861571517190896, 0.0 ], [ 381398.532316859869752, 760412.242809744784608, 0.0 ], [ 381397.20649134775158, 760420.701376125216484, 0.0 ], [ 381399.399733040831052, 760428.778390710707754, 0.0 ], [ 381402.274813264608383, 760441.14404565654695, 0.0 ], [ 381400.278657497779932, 760448.333233407349326, 0.0 ], [ 381398.704117346031126, 760449.78301728470251, 0.0 ], [ 381395.74890650936868, 760452.504037787788548, 0.0 ], [ 381392.793695664964616, 760455.225058302166872, 0.0 ], [ 381392.568083294085227, 760464.282965128892101, 0.0 ], [ 381394.393283625890035, 760467.158014336018823, 0.0 ], [ 381398.951231910614297, 760474.337541649583727, 0.0 ], [ 381400.036854605539702, 760482.653715713415295, 0.0 ], [ 381400.205416945449542, 760483.944623596034944, 0.0 ], [ 381399.747995030134916, 760487.083775389008224, 0.0 ], [ 381398.570956345763989, 760495.162664448376745, 0.0 ], [ 381392.517167221405543, 760505.093083181767724, 0.0 ], [ 381389.92156670242548, 760513.372286623110995, 0.0 ], [ 381384.258084617729764, 760524.162314423243515, 0.0 ], [ 381384.01847134064883, 760524.651307717082091, 0.0 ], [ 381381.19375251227757, 760530.418428045930341, 0.0 ], [ 381379.413882952125277, 760534.052177890436724, 0.0 ], [ 381375.04950210097013, 760544.021797810913995, 0.0 ], [ 381372.334661536326166, 760553.650729535380378, 0.0 ], [ 381369.968093505129218, 760559.550403657485731, 0.0 ], [ 381368.932729321473744, 760561.442728264490142, 0.0 ], [ 381367.502498287358321, 760564.056662281043828, 0.0 ], [ 381366.072367183922324, 760566.670496279839426, 0.0 ], [ 381362.406603684125002, 760573.8304717768915, 0.0 ], [ 381357.472526902682148, 760583.940324140945449, 0.0 ], [ 381354.385742407350335, 760589.430434389621951, 0.0 ], [ 381351.639005187433213, 760594.770422156318091, 0.0 ], [ 381343.827597831608728, 760609.310544300475158, 0.0 ], [ 381336.965260860626586, 760622.140637991367839, 0.0 ], [ 381330.030562328989618, 760634.801306730834767, 0.0 ], [ 381328.694327037839685, 760637.240839265519753, 0.0 ], [ 381322.570988175750244, 760648.311014872626401, 0.0 ], [ 381314.488999196677469, 760661.251652178005315, 0.0 ], [ 381306.506621563283261, 760673.412432303419337, 0.0 ], [ 381300.250942821148783, 760679.193953462759964, 0.0 ], [ 381296.342509406618774, 760680.515459753689356, 0.0 ], [ 381296.317299095913768, 760683.903149452875368, 0.0 ], [ 381296.285979564359877, 760688.123639915254898, 0.0 ], [ 381295.150762433127966, 760697.551882645813748, 0.0 ], [ 381288.267094509967137, 760707.522680917289108, 0.0 ], [ 381280.521785265067592, 760713.534842661465518, 0.0 ], [ 381273.208738627843559, 760724.825521541759372, 0.0 ], [ 381266.285286098252982, 760735.236231919610873, 0.0 ], [ 381265.006187613646034, 760736.286575006903149, 0.0 ], [ 381257.392798072774895, 760746.687610372551717, 0.0 ], [ 381248.391151701333001, 760759.668668824248016, 0.0 ], [ 381245.118111085845158, 760764.727271554991603, 0.0 ], [ 381241.008178322692402, 760771.079351712716743, 0.0 ], [ 381233.245658936735708, 760783.050076264305972, 0.0 ], [ 381222.135109325812664, 760797.281817621784285, 0.0 ], [ 381212.600502422021236, 760807.717343403375708, 0.0 ], [ 381211.12341678654775, 760809.334041741094552, 0.0 ], [ 381201.366508495993912, 760816.656726801302284, 0.0 ], [ 381199.660221349971835, 760817.937313862494193, 0.0 ], [ 381195.946824454236776, 760821.791215014294721, 0.0 ], [ 381188.548210114415269, 760829.469711304875091, 0.0 ], [ 381178.925399602157995, 760839.851691723801196, 0.0 ], [ 381174.349738230055664, 760846.542207983322442, 0.0 ], [ 381168.290675337659195, 760845.61526576266624, 0.0 ], [ 381166.856614656513557, 760844.954996428568847, 0.0 ], [ 381166.841915050754324, 760844.948204949381761, 0.0 ], [ 381159.701010784716345, 760841.66024127334822, 0.0 ], [ 381152.681818294164259, 760839.743987914989702, 0.0 ], [ 381146.178371090558358, 760838.406253073131666, 0.0 ], [ 381142.983239180641249, 760837.749006370198913, 0.0 ], [ 381136.050102357345168, 760848.829560122219846, 0.0 ], [ 381135.384815190569498, 760850.864377595135011, 0.0 ], [ 381135.130340803530999, 760851.642607802059501, 0.0 ], [ 381133.254777926253155, 760857.378793318406679, 0.0 ], [ 381132.689662604301702, 760867.746542670880444, 0.0 ], [ 381133.67943119595293, 760869.904056550003588, 0.0 ], [ 381134.378974430263042, 760871.428959576529451, 0.0 ], [ 381136.068186235846952, 760875.111276544514112, 0.0 ], [ 381137.141228859196417, 760878.967439438099973, 0.0 ], [ 381137.483095991308801, 760887.415530341793783, 0.0 ], [ 381137.484359753434546, 760890.118973976466805, 0.0 ], [ 381136.740866693726275, 760891.458896593074314, 0.0 ], [ 381135.796191868954338, 760893.161125394399278, 0.0 ], [ 381133.769432209897786, 760895.189681002520956, 0.0 ], [ 381130.053024897701107, 760896.881008462514728, 0.0 ], [ 381124.308536205848213, 760897.559629869181663, 0.0 ], [ 381117.887953643978108, 760897.900549320271239, 0.0 ], [ 381110.11544140172191, 760897.904182723723352, 0.0 ], [ 381102.681047001329716, 760897.907658067066222, 0.0 ], [ 381098.287913951382507, 760897.90971171669662, 0.0 ], [ 381093.218687079264782, 760897.574163379380479, 0.0 ], [ 381090.174184136965778, 760897.271160422591493, 0.0 ], [ 381089.839249812648632, 760897.237825117772445, 0.0 ], [ 381089.632899926509708, 760897.237921579158865, 0.0 ], [ 381084.770280858618207, 760897.240194697631523, 0.0 ], [ 381080.039229830435943, 760897.242406312492676, 0.0 ], [ 381077.337682059209328, 760901.298885677475482, 0.0 ], [ 381077.338155955658294, 760902.312639587908052, 0.0 ], [ 381076.3267717587878, 760907.382082995842211, 0.0 ], [ 381076.667059311235789, 760912.450894532958046, 0.0 ], [ 381077.683756694197655, 760918.533243966870941, 0.0 ], [ 381078.78852689138148, 760921.181385119911283, 0.0 ], [ 381079.375242107431404, 760922.587669703760184, 0.0 ], [ 381079.41285275539849, 760922.62994186358992, 0.0 ], [ 381079.632954627915751, 760923.81745093408972, 0.0 ], [ 381080.547773825237527, 760923.905501812580042, 0.0 ], [ 381082.080107361427508, 760925.627767584752291, 0.0 ], [ 381084.582476881856564, 760927.074946485343389, 0.0 ], [ 381088.502585768117569, 760929.34196360304486, 0.0 ], [ 381092.897356668254361, 760933.057207499979995, 0.0 ], [ 381095.26535184669774, 760938.125071040005423, 0.0 ], [ 381095.268511484144256, 760944.883730294182897, 0.0 ], [ 381095.269459997012746, 760946.912637751200236, 0.0 ], [ 381095.271671160706319, 760951.642389547312632, 0.0 ], [ 381095.454480604093987, 760952.826716811046936, 0.0 ], [ 381096.627450506261084, 760960.428024658351205, 0.0 ], [ 381095.277516604110133, 760964.145854179514572, 0.0 ], [ 381092.237419120036066, 760966.85071975691244, 0.0 ], [ 381087.845291984966025, 760969.218299392028712, 0.0 ], [ 381083.452890790125821, 760970.572025065892376, 0.0 ], [ 381077.370700014638714, 760971.926640724064782, 0.0 ], [ 381072.302047030883841, 760972.60494645847939, 0.0 ], [ 381068.246831833210308, 760972.606842331239022, 0.0 ], [ 381063.51593873242382, 760972.946972139528953, 0.0 ], [ 381058.785045626456849, 760973.287101950845681, 0.0 ], [ 381055.06774833163945, 760973.288839844753966, 0.0 ], [ 381049.32294338545762, 760973.291525627952069, 0.0 ], [ 381046.619499880995136, 760973.292789528844878, 0.0 ], [ 381043.578770348336548, 760974.645883320248686, 0.0 ], [ 381040.538414840004407, 760977.012831073021516, 0.0 ], [ 381039.188006972195581, 760979.716906802961603, 0.0 ], [ 381038.17678102478385, 760985.124368334887549, 0.0 ], [ 381037.163559154083487, 760986.476514248293824, 0.0 ], [ 381035.474343463196419, 760987.491158127784729, 0.0 ], [ 381032.433771910844371, 760989.182169936597347, 0.0 ], [ 381029.903423050418496, 760989.68953019019682, 0.0 ], [ 381029.054808495624457, 760989.859685769421048, 0.0 ], [ 381028.342181539628655, 760989.860018941340968, 0.0 ], [ 381024.999593193992041, 760989.861581686651334, 0.0 ], [ 381024.150919888634235, 760989.69221963128075, 0.0 ], [ 381023.468521761999, 760989.556071762461215, 0.0 ], [ 381021.864864045288414, 760989.456045949831605, 0.0 ], [ 381021.604338246921543, 760989.693410222535022, 0.0 ], [ 381018.655709763930645, 760992.379637716687284, 0.0 ], [ 381016.990497730439529, 761001.968091287068091, 0.0 ], [ 381008.996367927116808, 761010.159843295114115, 0.0 ], [ 380998.403091823332943, 761019.042643328430131, 0.0 ], [ 380989.148553746752441, 761026.135251480503939, 0.0 ], [ 380976.345262459362857, 761033.839371073408984, 0.0 ], [ 380967.300489988410845, 761040.112080101971515, 0.0 ], [ 380956.726007577730343, 761046.42549473978579, 0.0 ], [ 380945.980554880283307, 761050.789462063927203, 0.0 ], [ 380938.655503278598189, 761057.571243605925702, 0.0 ], [ 380932.950897059286945, 761065.9318845665548, 0.0 ], [ 380929.289646506775171, 761070.125780113507062, 0.0 ], [ 380927.275314110622276, 761072.432962843682617, 0.0 ], [ 380918.989834566018544, 761078.015484490664676, 0.0 ], [ 380917.1546786603285, 761077.371898808283731, 0.0 ], [ 380916.076944425236434, 761082.726604703231715, 0.0 ], [ 380910.99219386477489, 761107.990858035976999, 0.0 ], [ 380877.156937366176862, 761276.104531072662212, 0.0 ], [ 380727.956656264781486, 761538.64621156535577, 0.0 ], [ 380672.967600386531558, 761636.965724352165125, 0.0 ], [ 380604.265777808730491, 761739.35677656182088, 0.0 ], [ 380600.656300543807447, 761739.459341334062628, 0.0 ], [ 380472.613326882245019, 761743.094298810348846, 0.0 ], [ 380307.697695612208918, 761851.020173248834908, 0.0 ], [ 380195.56377598294057, 761938.43981738446746, 0.0 ], [ 380084.368493729096372, 762053.764083583489992, 0.0 ], [ 380057.447847841889597, 762112.140769274556078, 0.0 ], [ 380036.63662017165916, 762157.269299972918816, 0.0 ], [ 380024.287950581754558, 762184.04740660765674, 0.0 ], [ 379974.325423989386763, 762277.093805112875998, 0.0 ], [ 379929.538147734187078, 762322.75024466693867, 0.0 ], [ 379860.053524976945482, 762405.50178867042996, 0.0 ], [ 379734.792524323915131, 762502.835750580532476, 0.0 ], [ 379638.679657780448906, 762642.810763793066144, 0.0 ], [ 379606.370179671503138, 762816.711788214626722, 0.0 ], [ 379538.921942073735408, 762974.040499180788174, 0.0 ], [ 379466.899434272199869, 763113.696137182414532, 0.0 ], [ 379464.495052277110517, 763122.304485547239892, 0.0 ], [ 379441.852429038845003, 763172.638047715881839, 0.0 ], [ 379436.895894237735774, 763183.656311242724769, 0.0 ], [ 379434.070422721153591, 763189.937219478772022, 0.0 ], [ 379423.339654306648299, 763185.542613653815351, 0.0 ], [ 379422.345019334112294, 763187.08780697081238, 0.0 ], [ 379415.057090530754067, 763198.410290667670779, 0.0 ], [ 379402.007243957952596, 763195.426531811477616, 0.0 ], [ 379401.068085820297711, 763195.245216076378711, 0.0 ], [ 379400.079586922714952, 763195.804444646229967, 0.0 ], [ 379389.090433720790315, 763197.492890981142409, 0.0 ], [ 379385.394193038751837, 763198.060787435388193, 0.0 ], [ 379365.40004361019237, 763200.449588179937564, 0.0 ], [ 379352.145203835738357, 763204.624796767602675, 0.0 ], [ 379339.367146044154651, 763201.971430599805899, 0.0 ], [ 379328.301304789958522, 763201.941028020693921, 0.0 ], [ 379326.940131812705658, 763201.937267343746498, 0.0 ], [ 379315.195136182941496, 763206.771608755690977, 0.0 ], [ 379303.450240440666676, 763211.605950192548335, 0.0 ], [ 379293.37527855951339, 763217.159334859461524, 0.0 ], [ 379279.874836633622181, 763230.372477045399137, 0.0 ], [ 379259.987853427533992, 763248.097525824676268, 0.0 ], [ 379255.380231495306361, 763253.140269681578502, 0.0 ], [ 379235.596365427831188, 763274.792522652074695, 0.0 ], [ 379230.438265987089835, 763280.665724412887357, 0.0 ], [ 379213.733222279639449, 763299.686768954270519, 0.0 ], [ 379198.064869199180976, 763316.450072535895742, 0.0 ], [ 379182.916807799483649, 763334.102917676325887, 0.0 ], [ 379162.34041162073845, 763357.840641086106189, 0.0 ], [ 379165.203573735198006, 763359.873007427435368, 0.0 ], [ 379171.488949175807647, 763364.334682021988556, 0.0 ], [ 379182.983045252971351, 763370.668661158531904, 0.0 ], [ 379491.399084972101264, 763540.62552291539032, 0.0 ], [ 379477.207997578254435, 763560.622651639627293, 0.0 ], [ 379465.132133858045563, 763573.661168881342746, 0.0 ], [ 379454.896429998625536, 763581.59475579590071, 0.0 ], [ 379440.95002379413927, 763587.612746744882315, 0.0 ], [ 379428.227324681472965, 763592.145122352871113, 0.0 ], [ 379409.705454120121431, 763600.785027406061999, 0.0 ], [ 379390.531118281884119, 763616.834849434089847, 0.0 ], [ 379369.093189016159158, 763617.243311112863012, 0.0 ], [ 379294.357253643102013, 763626.218516068067402, 0.0 ], [ 379184.470384595158976, 763713.141204390325584, 0.0 ], [ 379129.131942736450583, 763748.929040225339122, 0.0 ], [ 379053.198972262616735, 763742.322074159630574, 0.0 ], [ 379033.035794078081381, 763777.805976795265451, 0.0 ], [ 379030.134477514890023, 763783.096262250212021, 0.0 ], [ 379011.827465052541811, 763816.477701841853559, 0.0 ], [ 379001.067771153990179, 763836.522616696427576, 0.0 ], [ 378983.602259500534274, 763864.159048365079798, 0.0 ], [ 378979.4099742207909, 763878.863869073335081, 0.0 ], [ 378967.06594985636184, 763901.010421550017782, 0.0 ], [ 378956.803864484187216, 763915.576425532228313, 0.0 ], [ 378956.180561188142747, 763915.888042981969193, 0.0 ], [ 378944.263211482320912, 763928.401019471115433, 0.0 ], [ 378933.872696751030162, 763942.199269316857681, 0.0 ], [ 378925.363142903894186, 763950.064867201144807, 0.0 ], [ 378925.964673731126823, 763953.847672381438315, 0.0 ], [ 378925.893802516453434, 763962.392444660421461, 0.0 ], [ 378926.374683360860217, 763972.609554526861757, 0.0 ], [ 378926.852731597609818, 763984.672520495252684, 0.0 ], [ 378913.444582872150932, 763992.161009536590427, 0.0 ], [ 378889.828461115830578, 764001.276799035957083, 0.0 ], [ 378860.11735605931608, 764015.816142595256679, 0.0 ], [ 378827.158493278315291, 764029.842635295935906, 0.0 ], [ 378785.270626329293009, 764055.460226368741132, 0.0 ], [ 378748.689581012295093, 764081.082625715760514, 0.0 ], [ 378715.456950664171018, 764114.846091316547245, 0.0 ], [ 378695.812034885515459, 764146.035697856452316, 0.0 ], [ 378689.567499020369723, 764167.666716113453731, 0.0 ], [ 378667.406133893411607, 764238.977734791580588, 0.0 ], [ 378653.796037767082453, 764275.00674287264701, 0.0 ], [ 378608.595501604489982, 764321.770702734938823, 0.0 ], [ 378608.436517172027379, 764321.93513778259512, 0.0 ], [ 378606.688588036049623, 764323.743522990145721, 0.0 ], [ 378608.102870763395913, 764327.200325579382479, 0.0 ], [ 378608.821722858177964, 764328.957564419833943, 0.0 ], [ 378609.012696080957539, 764329.424362216377631, 0.0 ], [ 378609.27128705533687, 764329.750762087875046, 0.0 ], [ 378613.222250790218823, 764337.023853379418142, 0.0 ], [ 378616.822663954109885, 764343.370632551144809, 0.0 ], [ 378619.364287139265798, 764348.13079143082723, 0.0 ], [ 378623.355103511712514, 764352.981647700886242, 0.0 ], [ 378625.427317307447083, 764356.629295175429434, 0.0 ], [ 378626.572387955326121, 764358.644771534600295, 0.0 ], [ 378627.622670384356752, 764360.849546793964691, 0.0 ], [ 378637.067306060402188, 764380.675031916354783, 0.0 ], [ 378638.91418192681158, 764384.551929925684817, 0.0 ], [ 378639.070098095922731, 764384.879277784028091, 0.0 ], [ 378645.422342503792606, 764392.91765632701572, 0.0 ], [ 378651.445030708273407, 764400.028613155591302, 0.0 ], [ 378652.409533137630206, 764401.167485563550144, 0.0 ], [ 378655.775781486649066, 764403.42406030872371, 0.0 ], [ 378668.497420128958765, 764411.952328449464403, 0.0 ], [ 378678.235547306307126, 764419.989116511424072, 0.0 ], [ 378680.209818070405163, 764421.366057136794552, 0.0 ], [ 378686.180834448838141, 764425.530348276020959, 0.0 ], [ 378689.454817563120741, 764427.813659821869805, 0.0 ], [ 378700.460948597174138, 764432.252419333555736, 0.0 ], [ 378711.105182295199484, 764434.5954540069215, 0.0 ], [ 378713.277683029416949, 764435.073718101717532, 0.0 ], [ 378713.428862177941483, 764435.106939072720706, 0.0 ], [ 378713.472656158381142, 764435.116616166546009, 0.0 ], [ 378713.776925508340355, 764435.207551302504726, 0.0 ], [ 378714.062268744106404, 764435.233211066108197, 0.0 ], [ 378714.066467915603425, 764435.233608998707496, 0.0 ], [ 378714.314018674194813, 764435.255887331324629, 0.0 ], [ 378714.435094620566815, 764435.266827814048156, 0.0 ], [ 378716.262831055792049, 764435.431229535257444, 0.0 ], [ 378720.556876964867115, 764435.817619101842865, 0.0 ], [ 378721.955298807006329, 764435.943431811290793, 0.0 ], [ 378722.829787709983066, 764435.94302108627744, 0.0 ], [ 378727.064165533112828, 764435.941032310482115, 0.0 ], [ 378730.037847688246984, 764435.939635649789125, 0.0 ], [ 378737.561531438492239, 764435.93610197363887, 0.0 ], [ 378744.150180459662806, 764436.442984510213137, 0.0 ], [ 378747.054808027576655, 764437.141451560193673, 0.0 ], [ 378749.959435580880381, 764437.839918607147411, 0.0 ], [ 378751.097706764936447, 764438.362957760458812, 0.0 ], [ 378770.998902659979649, 764447.507603600504808, 0.0 ], [ 378788.938343099551275, 764455.527342075482011, 0.0 ], [ 378828.642692442808766, 764463.886673244531266, 0.0 ], [ 378861.679389737546444, 764473.608707896550186, 0.0 ], [ 378862.487793816020712, 764473.819677222403698, 0.0 ], [ 378896.853015758795664, 764482.787869120715186, 0.0 ], [ 378902.444452186406124, 764484.247090230579488, 0.0 ], [ 378937.969920942443423, 764492.848325088154525, 0.0 ], [ 378950.37341348011978, 764496.436232194304466, 0.0 ], [ 378951.622862594434991, 764500.588043688680045, 0.0 ], [ 378951.989846859534737, 764501.807277168729343, 0.0 ], [ 379021.20152331283316, 764537.734591807471588, 0.0 ], [ 379052.762205483391881, 764548.163446762016974, 0.0 ], [ 379091.256681017810479, 764564.057224671705626, 0.0 ], [ 379097.397389906225726, 764566.592627550475299, 0.0 ], [ 379167.685886817576829, 764587.165735929040238, 0.0 ], [ 379441.17854356096359, 764667.215493489638902, 0.0 ], [ 379448.246406749763992, 764668.856075847987086, 0.0 ], [ 379454.74574528663652, 764670.364757219562307, 0.0 ], [ 379459.059773481392767, 764671.366188044310547, 0.0 ], [ 379461.079080865718424, 764672.207435917225666, 0.0 ], [ 379465.565875109634362, 764674.076675936463289, 0.0 ], [ 379474.452081025519874, 764682.4888681108132, 0.0 ], [ 379479.481569506926462, 764690.157552224001847, 0.0 ], [ 379484.752600848616567, 764701.02065117075108, 0.0 ], [ 379486.124308078782633, 764703.656469856156036, 0.0 ], [ 379494.489521312294528, 764696.069971158984117, 0.0 ], [ 379494.692885483964346, 764695.885520144132897, 0.0 ], [ 379494.664821762067731, 764695.735469578066841, 0.0 ], [ 379492.317621404188685, 764683.249788593617268, 0.0 ], [ 379492.174995983019471, 764673.546599455061369, 0.0 ], [ 379492.166528315632604, 764672.972642074921168, 0.0 ], [ 379492.15258521202486, 764672.022578119649552, 0.0 ], [ 379492.25410587748047, 764671.480361385154538, 0.0 ], [ 379492.697485633427277, 764669.111725178197958, 0.0 ], [ 379493.01281777449185, 764667.427083926042542, 0.0 ], [ 379494.097133439732715, 764661.634073699475266, 0.0 ], [ 379495.047474449849688, 764659.018059021327645, 0.0 ], [ 379496.097961765539367, 764656.126463853521273, 0.0 ], [ 379496.238346275873482, 764655.740091212675907, 0.0 ], [ 379496.253123627975583, 764655.699494074680842, 0.0 ], [ 379496.538186017016415, 764654.914849651511759, 0.0 ], [ 379497.831300723832101, 764651.355101871769875, 0.0 ], [ 379498.741846971097402, 764649.793751143151894, 0.0 ], [ 379499.652393222553656, 764648.23240041686222, 0.0 ], [ 379501.00128024618607, 764645.919225316494703, 0.0 ], [ 379505.313463306054473, 764638.524585212115198, 0.0 ], [ 379509.212731487874407, 764633.865178443607874, 0.0 ], [ 379512.427949106844608, 764630.023195675807074, 0.0 ], [ 379522.200879821903072, 764620.430920536629856, 0.0 ], [ 379531.513156217872165, 764613.252678795834072, 0.0 ], [ 379532.8944220575504, 764612.187886976986192, 0.0 ], [ 379543.188338090199977, 764604.534898760030046, 0.0 ], [ 379552.743030934478156, 764597.94210186006967, 0.0 ], [ 379556.85342105984455, 764594.289252947084606, 0.0 ], [ 379559.868233492656145, 764591.610083609819412, 0.0 ], [ 379566.514019878697582, 764585.848352902452461, 0.0 ], [ 379575.437980801740196, 764577.586355861276388, 0.0 ], [ 379576.761752428486943, 764576.078698113444261, 0.0 ], [ 379583.771606598224025, 764568.094633404980414, 0.0 ], [ 379592.303531608195044, 764555.723613554146141, 0.0 ], [ 379598.966418904135935, 764544.013312366208993, 0.0 ], [ 379600.265214204846416, 764541.479014460113831, 0.0 ], [ 379601.908010911312886, 764538.273317155544646, 0.0 ], [ 379604.849602886009961, 764532.533221990102902, 0.0 ], [ 379607.950000948272645, 764527.526275085401721, 0.0 ], [ 379612.392056752927601, 764520.352721347939223, 0.0 ], [ 379616.778185057104565, 764513.091815033229068, 0.0 ], [ 379618.276058018906042, 764510.612310408730991, 0.0 ], [ 379629.805724721867591, 764494.55077448755037, 0.0 ], [ 379633.481994604284409, 764489.567151542985812, 0.0 ], [ 379636.150150228175335, 764485.950072031584568, 0.0 ], [ 379645.49145829374902, 764472.468741070479155, 0.0 ], [ 379647.525932776392438, 764469.629971245885827, 0.0 ], [ 379651.549022962222807, 764464.016537669929676, 0.0 ], [ 379653.73416232020827, 764460.967647857614793, 0.0 ], [ 379659.308008774707559, 764451.801944212289527, 0.0 ], [ 379659.749061436101329, 764451.076712265959941, 0.0 ], [ 379660.332469693443272, 764450.117370016407222, 0.0 ], [ 379660.915778031863738, 764449.158127789269201, 0.0 ], [ 379661.226562819327228, 764448.647105276701041, 0.0 ], [ 379671.741624751593918, 764449.720106068416499, 0.0 ], [ 379674.485892833967227, 764450.000149149214849, 0.0 ], [ 379675.400915464793798, 764450.093496719491668, 0.0 ], [ 379683.85227728029713, 764450.955817921669222, 0.0 ], [ 379684.554038834059611, 764451.022272177622654, 0.0 ], [ 379691.365394908178132, 764451.667016419582069, 0.0 ], [ 379696.77962662873324, 764452.179548972169869, 0.0 ], [ 379699.694850717787631, 764452.454013081733137, 0.0 ], [ 379712.736474166216794, 764453.681689469027333, 0.0 ], [ 379722.744808227580506, 764455.286699667340145, 0.0 ], [ 379733.973631158703938, 764458.560633078217506, 0.0 ], [ 379742.973242415813729, 764462.365285449894145, 0.0 ], [ 379747.06952361454023, 764464.22081250930205, 0.0 ], [ 379753.843027153227013, 764467.289088649908081, 0.0 ], [ 379765.040681942773517, 764472.530860886909068, 0.0 ], [ 379765.492772048397455, 764472.742497332859784, 0.0 ], [ 379776.912711899145506, 764478.705590697354637, 0.0 ], [ 379783.792737469309941, 764482.301489129546098, 0.0 ], [ 379797.375078488956206, 764488.316153958323412, 0.0 ], [ 379801.812028549495153, 764490.280994410044514, 0.0 ], [ 379806.751937970577274, 764492.41825686825905, 0.0 ], [ 379816.952165581402369, 764497.302183882216923, 0.0 ], [ 379818.641837009170558, 764498.111194452969357, 0.0 ], [ 379824.042277599801309, 764501.616209829575382, 0.0 ], [ 379829.832542750402354, 764505.374180875020102, 0.0 ], [ 379832.432964024250396, 764507.822367240209132, 0.0 ], [ 379835.484017782553565, 764511.210214695893228, 0.0 ], [ 379837.164746211259626, 764513.838689558440819, 0.0 ], [ 379838.56557335308753, 764516.107482880353928, 0.0 ], [ 379839.736522580729797, 764519.156295619672164, 0.0 ], [ 379840.986977410211693, 764520.555269880685955, 0.0 ], [ 379842.234396806685254, 764521.025870017474517, 0.0 ], [ 379845.486586622835603, 764522.252745391335338, 0.0 ], [ 379854.705912135657854, 764525.137716273893602, 0.0 ], [ 379859.925035682506859, 764526.384862581617199, 0.0 ], [ 379862.334724774118513, 764526.963690460659564, 0.0 ], [ 379864.544679603655823, 764527.79245175095275, 0.0 ], [ 379865.894850634795148, 764528.851561304647475, 0.0 ], [ 379866.112168257124722, 764529.639468695735559, 0.0 ], [ 379866.275306742172688, 764530.231049011461437, 0.0 ], [ 379866.176026037661359, 764531.710837865713984, 0.0 ], [ 379865.886955586262047, 764533.5404313163599, 0.0 ], [ 379862.884133428218774, 764547.058573715155944, 0.0 ], [ 379862.915157945011742, 764549.467876608832739, 0.0 ], [ 379863.255611022352241, 764550.607441115542315, 0.0 ], [ 379863.906045572890434, 764551.867130932980217, 0.0 ], [ 379864.666274787450675, 764552.746361149125732, 0.0 ], [ 379865.806482580373995, 764553.775576563784853, 0.0 ], [ 379866.916500374441966, 764554.384907686966471, 0.0 ], [ 379868.286384796025231, 764554.844152995035984, 0.0 ], [ 379879.731431283755228, 764557.429950209450908, 0.0 ], [ 379898.402296827698592, 764561.64835747377947, 0.0 ], [ 379898.771038132545073, 764561.926117053022608, 0.0 ], [ 379899.662337997404393, 764562.597535909269936, 0.0 ], [ 379900.633008995675482, 764563.886868057772517, 0.0 ], [ 379901.103518397605512, 764565.426074789837003, 0.0 ], [ 379900.814551451068837, 764567.475914900423959, 0.0 ], [ 379889.467114662285894, 764602.630146387731656, 0.0 ], [ 379889.443754370789975, 764602.702639836003073, 0.0 ], [ 379887.821176372875925, 764608.085800622589886, 0.0 ], [ 379877.894552911049686, 764641.018802097067237, 0.0 ], [ 379877.326805480348412, 764641.902455226634629, 0.0 ], [ 379877.189239366678521, 764642.116568100755103, 0.0 ], [ 379874.258092422503978, 764646.679142297012731, 0.0 ], [ 379877.043198706698604, 764650.467017650837079, 0.0 ], [ 379879.960457527195103, 764654.43468741804827, 0.0 ], [ 379898.960453011852223, 764685.698099241824821, 0.0 ], [ 379900.131011919234879, 764687.277167320018634, 0.0 ], [ 379900.975942244520411, 764687.776649473467842, 0.0 ], [ 379901.820972546876874, 764688.276131579885259, 0.0 ], [ 379903.840633875923231, 764688.595105326152407, 0.0 ], [ 379907.080037391511723, 764688.993386686081067, 0.0 ], [ 379908.251815818715841, 764689.125104166800156, 0.0 ], [ 379937.544276970031206, 764692.41844197222963, 0.0 ], [ 379940.523880912282038, 764692.896826036507264, 0.0 ], [ 379943.263699999137316, 764694.135139005607925, 0.0 ], [ 379945.644050523871556, 764695.893695092294365, 0.0 ], [ 379946.514397848281078, 764697.506396065582521, 0.0 ], [ 379946.884730702498928, 764698.192556090187281, 0.0 ], [ 379948.205804869590793, 764701.371166549855843, 0.0 ], [ 379948.860238289227709, 764703.694297180161811, 0.0 ], [ 379949.17729055165546, 764704.819875974324532, 0.0 ], [ 379950.403691020037513, 764708.856823337147944, 0.0 ], [ 379956.786922321887687, 764729.870641481131315, 0.0 ], [ 379960.540541007183492, 764742.481727480539121, 0.0 ], [ 379973.659882423700765, 764786.558601597789675, 0.0 ], [ 379979.068304172658827, 764807.261052610469051, 0.0 ], [ 379980.689830421062652, 764813.683337191236205, 0.0 ], [ 379980.763048907509074, 764813.973132687504403, 0.0 ], [ 379980.856800772598945, 764814.344498804537579, 0.0 ], [ 379984.834943859255873, 764830.10031829867512, 0.0 ], [ 379985.497516872012056, 764832.724272238090634, 0.0 ], [ 379995.421185147599317, 764834.999557486618869, 0.0 ], [ 380002.643617638968863, 764837.297506900853477, 0.0 ], [ 380004.155227845825721, 764839.161145628895611, 0.0 ], [ 380007.6158806666499, 764845.52278028614819, 0.0 ], [ 380008.886965341109317, 764848.484766397159547, 0.0 ], [ 380009.31003853038419, 764848.220031566102989, 0.0 ], [ 380013.940241902833804, 764846.355906072305515, 0.0 ], [ 380017.97076194017427, 764846.133265418349765, 0.0 ], [ 380029.455012266989797, 764855.131090901675634, 0.0 ], [ 380030.601754490169697, 764855.811287349439226, 0.0 ], [ 380034.638302347389981, 764867.564646958140656, 0.0 ], [ 380059.82726562517928, 764881.731079855351709, 0.0 ], [ 380076.093039942730684, 764888.349032941856422, 0.0 ], [ 380082.686105215339921, 764891.031484825769439, 0.0 ], [ 380091.084087844472378, 764895.743897150736302, 0.0 ], [ 380090.9532943344675, 764896.966762791620567, 0.0 ], [ 380094.935436102445237, 764903.573292592773214, 0.0 ], [ 380095.828816585126333, 764905.055414070142433, 0.0 ], [ 380098.534601779654622, 764903.651581773883663, 0.0 ], [ 380120.283829587511718, 764891.934192952583544, 0.0 ], [ 380128.379819174937438, 764887.571442848769948, 0.0 ], [ 380126.607447668153327, 764881.613717440515757, 0.0 ], [ 380126.464192705112509, 764874.615378013579175, 0.0 ], [ 380126.542194088280667, 764870.616408892092295, 0.0 ], [ 380127.31894320686115, 764863.887671784963459, 0.0 ], [ 380128.345188859442715, 764856.42899401881732, 0.0 ], [ 380128.658287016558461, 764855.735314682824537, 0.0 ], [ 380129.472442109894473, 764853.931568409432657, 0.0 ], [ 380129.943138120812364, 764852.888999410439283, 0.0 ], [ 380130.586834606481716, 764851.723778770305216, 0.0 ], [ 380131.920976647292264, 764849.309035917394795, 0.0 ], [ 380134.578875929291826, 764846.208536769030616, 0.0 ], [ 380144.914003514568321, 764841.164899204391986, 0.0 ], [ 380149.762283701216802, 764840.002801520517096, 0.0 ], [ 380154.155373590241652, 764837.988723948947154, 0.0 ], [ 380162.466470669955015, 764834.178239471511915, 0.0 ], [ 380179.368099239247385, 764825.07259855652228, 0.0 ], [ 380187.46430011553457, 764821.159739984897897, 0.0 ], [ 380214.896509337588213, 764810.629294587415643, 0.0 ], [ 380226.31788342440268, 764806.244987392099574, 0.0 ], [ 380254.17373761307681, 764793.263736552326009, 0.0 ], [ 380255.558063970587682, 764794.245748234097846, 0.0 ], [ 380257.344527037581429, 764795.513001872343011, 0.0 ], [ 380259.266145225730725, 764803.350001904065721, 0.0 ], [ 380261.652641805761959, 764813.082524638390169, 0.0 ], [ 380243.661471494880971, 764822.812925866688602, 0.0 ], [ 380218.029759779805318, 764838.306523880688474, 0.0 ], [ 380206.07125267299125, 764845.53509549703449, 0.0 ], [ 380199.554880591866095, 764849.897102870047092, 0.0 ], [ 380202.847023298963904, 764856.36399046657607, 0.0 ], [ 380206.577735214726999, 764866.182360836886801, 0.0 ], [ 380211.635867926059291, 764879.49416178453248, 0.0 ], [ 380213.120417769649066, 764883.555881012929603, 0.0 ], [ 380213.7579644357902, 764884.834471902810037, 0.0 ], [ 380213.616435625066515, 764884.913019422907382, 0.0 ], [ 380214.127769405837171, 764886.311940520186909, 0.0 ], [ 380214.639003215415869, 764887.710861665313132, 0.0 ], [ 380207.572579989559017, 764891.893171232775785, 0.0 ], [ 380201.98558938188944, 764895.204996050801128, 0.0 ], [ 380176.028115521825384, 764908.483984646969475, 0.0 ], [ 380152.788560457935091, 764920.437716677435674, 0.0 ], [ 380127.781460398051422, 764933.300659983768128, 0.0 ], [ 380123.385520176321734, 764935.631562535185367, 0.0 ], [ 380105.682317766302731, 764945.018213765928522, 0.0 ], [ 380091.316747827280778, 764952.789087056764401, 0.0 ], [ 380080.940466455591377, 764958.547971819876693, 0.0 ], [ 380079.218544889939949, 764959.742792263743468, 0.0 ], [ 380077.496623331797309, 764960.937612708774395, 0.0 ], [ 380079.358307449147105, 764965.265690467203967, 0.0 ], [ 380081.819660721928813, 764970.049576031276956, 0.0 ], [ 380089.515029702219181, 764985.006239914684556, 0.0 ], [ 380093.477826380229089, 764992.782395633286797, 0.0 ], [ 380096.579531898139976, 764998.219621998490766, 0.0 ], [ 380106.038311364245601, 765014.956825778703205, 0.0 ], [ 380109.186968670692295, 765020.528297506156377, 0.0 ], [ 380110.047304198204074, 765021.897561745368876, 0.0 ], [ 380116.991855795262381, 765034.941140975803137, 0.0 ], [ 380121.14491684245877, 765043.377147334394976, 0.0 ], [ 380122.980286333011463, 765046.809453980415128, 0.0 ], [ 380133.86572242382681, 765067.165710779256187, 0.0 ], [ 380133.946373808896169, 765067.316536366124637, 0.0 ], [ 380135.096290922316257, 765066.881500961375423, 0.0 ], [ 380135.89975350064924, 765066.577496746089309, 0.0 ], [ 380136.326543814095203, 765066.351250819745474, 0.0 ], [ 380138.690959160565399, 765065.899648395017721, 0.0 ], [ 380145.491202390228864, 765064.600765362149104, 0.0 ], [ 380148.209700201638043, 765064.081512829870917, 0.0 ], [ 380161.961882282164879, 765058.149782199529, 0.0 ], [ 380178.466789220750798, 765055.60263842321001, 0.0 ], [ 380198.994012770126574, 765056.651133416453376, 0.0 ], [ 380210.843446438084356, 765054.529375630198047, 0.0 ], [ 380215.488064490898978, 765056.321358208428137, 0.0 ], [ 380220.156281086732633, 765058.122427481925115, 0.0 ], [ 380228.833871198585257, 765061.0810315113049, 0.0 ], [ 380231.375146283069625, 765064.888915110845119, 0.0 ], [ 380233.707855825428851, 765075.46855789469555, 0.0 ], [ 380233.703290144156199, 765075.75189147144556, 0.0 ], [ 380233.502175634203013, 765088.165681708487682, 0.0 ], [ 380227.582482198544312, 765100.018896476482041, 0.0 ], [ 380216.727650658460334, 765120.946835731971078, 0.0 ], [ 380215.519958351913374, 765124.169423721730709, 0.0 ], [ 380214.487503763870336, 765126.924442471587099, 0.0 ], [ 380213.117055112670641, 765130.581401882809587, 0.0 ], [ 380208.95547523588175, 765132.522189056267962, 0.0 ], [ 380212.034800543100573, 765132.672804654575884, 0.0 ], [ 380216.534095725859515, 765133.490491123171523, 0.0 ], [ 380221.9134409102262, 765134.867628378211521, 0.0 ], [ 380232.273041148786433, 765139.351571919280104, 0.0 ], [ 380242.712673743139021, 765143.945651113404892, 0.0 ], [ 380250.892675220500678, 765148.160784504725598, 0.0 ], [ 380265.692543771408964, 765155.502048359368928, 0.0 ], [ 380281.672591591021046, 765163.832517683738843, 0.0 ], [ 380294.512699869344942, 765170.67482358997222, 0.0 ], [ 380298.892507982032839, 765172.522216852754354, 0.0 ], [ 380301.892081883037463, 765173.160751762567088, 0.0 ], [ 380304.53144214960048, 765173.159510923665948, 0.0 ], [ 380307.350301607046276, 765172.398369618342258, 0.0 ], [ 380309.479385894024745, 765171.547474403865635, 0.0 ], [ 380314.126055674336385, 765167.496469953330234, 0.0 ], [ 380314.516201217018533, 765167.156268842052668, 0.0 ], [ 380318.793345099373255, 765163.285194627358578, 0.0 ], [ 380319.023492612934206, 765163.079436209984124, 0.0 ], [ 380329.932974862400442, 765172.275280090863816, 0.0 ], [ 380344.943423466815148, 765185.212889551883563, 0.0 ], [ 380349.897177854960319, 765205.104444550350308, 0.0 ], [ 380361.11348991014529, 765223.239979424281046, 0.0 ], [ 380362.992407260462642, 765224.457201134064235, 0.0 ], [ 380370.883100156672299, 765229.569152735755779, 0.0 ], [ 380376.79428991995519, 765237.482456989702769, 0.0 ], [ 380376.411636874952819, 765240.787436796701513, 0.0 ], [ 380380.24365807918366, 765238.128078502370045, 0.0 ], [ 380391.248799124732614, 765233.464132177527063, 0.0 ], [ 380399.175484430918004, 765230.711070982506499, 0.0 ], [ 380405.313432125956751, 765229.508475612150505, 0.0 ], [ 380409.752150366548449, 765228.856546031543985, 0.0 ], [ 380414.621026277192868, 765228.974127840949222, 0.0 ], [ 380423.669199283467606, 765229.749784878455102, 0.0 ], [ 380436.137224747333676, 765231.973383020842448, 0.0 ], [ 380449.82527865213342, 765234.886140492279083, 0.0 ], [ 380461.154022133268882, 765238.050046640564688, 0.0 ], [ 380469.683256350806914, 765240.81546580826398, 0.0 ], [ 380475.722487769089639, 765242.292268019868061, 0.0 ], [ 380488.700708789750934, 765245.19536150037311, 0.0 ], [ 380494.539687829790637, 765246.032512763165869, 0.0 ], [ 380496.118189994012937, 765245.999778341269121, 0.0 ], [ 380501.437949161161669, 765245.889303278527223, 0.0 ], [ 380511.943196869571693, 765245.449169386760332, 0.0 ], [ 380519.05333400843665, 765245.151197748375125, 0.0 ], [ 380528.531242256111, 765245.586534972535446, 0.0 ], [ 380537.339322355983313, 765246.04228225897532, 0.0 ], [ 380550.317345559829846, 765248.525677346508019, 0.0 ], [ 380564.305306977999862, 765251.398303151596338, 0.0 ], [ 380594.570865686284378, 765257.762527866172604, 0.0 ], [ 380596.8392453782144, 765258.250342890387401, 0.0 ], [ 380622.49702212709235, 765263.768039464717731, 0.0 ], [ 380630.226111060997937, 765265.813908848329447, 0.0 ], [ 380636.305393300601281, 765267.420660502742976, 0.0 ], [ 380646.755982595903333, 765270.44471293897368, 0.0 ], [ 380647.964154200220946, 765270.794360022060573, 0.0 ], [ 380655.863324009929784, 765273.100086394581012, 0.0 ], [ 380662.892573170713149, 765275.126289594918489, 0.0 ], [ 380669.431898858223576, 765277.06274493644014, 0.0 ], [ 380675.511190318851732, 765278.689391685882583, 0.0 ], [ 380684.470375574717764, 765281.574579043779522, 0.0 ], [ 380691.219692502229009, 765283.600813819211908, 0.0 ], [ 380693.138220278662629, 765284.223460647743195, 0.0 ], [ 380695.64929489674978, 765285.038482178817503, 0.0 ], [ 380699.309178042516578, 765286.676364026614465, 0.0 ], [ 380702.299407021317165, 765288.704466260271147, 0.0 ], [ 380708.59059833799256, 765294.480107926996425, 0.0 ], [ 380708.830718711251393, 765294.859802988939919, 0.0 ], [ 380711.512057145708241, 765299.087617455050349, 0.0 ], [ 380714.303049128968269, 765302.63534512964543, 0.0 ], [ 380718.814540672465228, 765308.131991340662353, 0.0 ], [ 380723.0455077663064, 765312.368974703014828, 0.0 ], [ 380727.636128924670629, 765316.055822195368819, 0.0 ], [ 380731.956477201019879, 765319.023171137319878, 0.0 ], [ 380738.43658692430472, 765322.809205862693489, 0.0 ], [ 380739.811215473106131, 765323.365824441076256, 0.0 ], [ 380746.7962524110917, 765326.194353681989014, 0.0 ], [ 380753.245938169420697, 765328.850776401348412, 0.0 ], [ 380758.945448536425829, 765330.747636010171846, 0.0 ], [ 380763.115151432983112, 765332.265307034249417, 0.0 ], [ 380767.434780319046695, 765333.702926932834089, 0.0 ], [ 380774.60397159983404, 765335.679076039232314, 0.0 ], [ 380783.143103118869476, 765338.234440406668, 0.0 ], [ 380785.118710944778286, 765338.844263395993039, 0.0 ], [ 380793.912055496941321, 765341.55846966477111, 0.0 ], [ 380797.816275245102588, 765342.550092991325073, 0.0 ], [ 380805.07068290875759, 765344.392634323914535, 0.0 ], [ 380810.861744427587837, 765346.44581287051551, 0.0 ], [ 380811.970060526509769, 765346.838796325610019, 0.0 ], [ 380820.699626541696489, 765350.203874744824134, 0.0 ], [ 380825.439308471977711, 765351.971117075765505, 0.0 ], [ 380827.812299981364049, 765353.814254183671437, 0.0 ], [ 380828.629700374905951, 765354.449115833733231, 0.0 ], [ 380833.149769508338068, 765356.92638933705166, 0.0 ], [ 380839.449890888936352, 765360.432476188056171, 0.0 ], [ 380845.458293378178496, 765363.748046405264176, 0.0 ], [ 380846.220006372313946, 765364.168386237346567, 0.0 ], [ 380854.160913393599913, 765368.702552057337016, 0.0 ], [ 380854.39011935662711, 765368.83341252792161, 0.0 ], [ 380858.830495931091718, 765371.710726463701576, 0.0 ], [ 380863.340774298703764, 765374.62789784220513, 0.0 ], [ 380866.600837583013345, 765376.65587281587068, 0.0 ], [ 380869.511293892806862, 765378.913956445408985, 0.0 ], [ 380879.652310949633829, 765386.517343223560601, 0.0 ], [ 380892.302269929496106, 765392.739784530247562, 0.0 ], [ 380901.791292650275864, 765395.554738668375649, 0.0 ], [ 380916.569045461947098, 765398.3970984070329, 0.0 ], [ 380929.853249967156444, 765400.366872192826122, 0.0 ], [ 380937.875363666680641, 765401.556310343323275, 0.0 ], [ 380965.62134080636315, 765407.311863538343459, 0.0 ], [ 380992.13769133068854, 765413.228055985760875, 0.0 ], [ 381006.467462966567837, 765416.518817396136001, 0.0 ], [ 381013.343937560217455, 765418.097999797784723, 0.0 ], [ 381016.814370507723652, 765418.894974060822278, 0.0 ], [ 381030.202079876558855, 765420.930182997020893, 0.0 ], [ 381037.400848115270492, 765422.02453133428935, 0.0 ], [ 381039.226704289379995, 765422.235321338172071, 0.0 ], [ 381058.616852751409169, 765424.473857374978252, 0.0 ], [ 381087.15144652465824, 765427.699652364710346, 0.0 ], [ 381097.571560804964975, 765427.790528704412282, 0.0 ], [ 381098.215507180662826, 765427.796124435495585, 0.0 ], [ 381106.736774366465397, 765427.870398019091226, 0.0 ], [ 381119.2033655171399, 765427.054831567686051, 0.0 ], [ 381128.690233522909693, 765425.290796858840622, 0.0 ], [ 381128.998805326409638, 765425.177479195175692, 0.0 ], [ 381139.805614840995986, 765421.206558957812376, 0.0 ], [ 381147.6838860824937, 765417.76938685879577, 0.0 ], [ 381150.380878054886125, 765416.592703658854589, 0.0 ], [ 381159.18637829774525, 765411.569780135527253, 0.0 ], [ 381165.55247108777985, 765406.548003851436079, 0.0 ], [ 381167.809794764092658, 765403.936375611228868, 0.0 ], [ 381178.822029000963084, 765391.195486610406078, 0.0 ], [ 381193.070629619061947, 765374.312880332116038, 0.0 ], [ 381204.960706131707411, 765359.350917708827183, 0.0 ], [ 381210.906492868904024, 765352.6111562930746, 0.0 ], [ 381212.504752783570439, 765350.799444113275968, 0.0 ], [ 381219.249480440339539, 765342.858098517288454, 0.0 ], [ 381227.123833742341958, 765334.916421759990044, 0.0 ], [ 381236.759343788377009, 765326.941224876674823, 0.0 ], [ 381242.364201356249396, 765322.302214330527931, 0.0 ], [ 381254.226993094256613, 765313.098968029837124, 0.0 ], [ 381269.817626950272825, 765301.444463402382098, 0.0 ], [ 381274.750893837248441, 765297.754438618430868, 0.0 ], [ 381275.314458758744877, 765297.332875859457999, 0.0 ], [ 381300.260065185953863, 765279.60544556460809, 0.0 ], [ 381312.790826180251315, 765271.957808237988502, 0.0 ], [ 381319.08009397785645, 765268.119381930795498, 0.0 ], [ 381326.039527811517473, 765263.916828847723082, 0.0 ], [ 381327.745529069157783, 765262.886576558928937, 0.0 ], [ 381338.802095755469054, 765257.467092016828246, 0.0 ], [ 381339.852398596704006, 765256.952223028056324, 0.0 ], [ 381340.219624771911185, 765256.772194017306902, 0.0 ], [ 381346.296944103669375, 765254.209857795736752, 0.0 ], [ 381351.724349667434581, 765251.708012560382485, 0.0 ], [ 381357.901970317354426, 765249.625612718053162, 0.0 ], [ 381364.239475592621602, 765247.593125586747192, 0.0 ], [ 381372.166726113879122, 765245.839823070797138, 0.0 ], [ 381378.944425259076525, 765244.44697369763162, 0.0 ], [ 381383.182694011717103, 765244.229933185619302, 0.0 ], [ 381388.253740493499208, 765243.970311367418617, 0.0 ], [ 381389.712950983317569, 765243.895543272956274, 0.0 ], [ 381390.571221914258786, 765243.851650294964202, 0.0 ], [ 381398.299645558116026, 765244.277812288841233, 0.0 ], [ 381402.373001191881485, 765245.011018672026694, 0.0 ], [ 381405.058576308190823, 765245.494338361662813, 0.0 ], [ 381421.366873741091695, 765250.295503299217671, 0.0 ], [ 381432.768150110379793, 765253.15604698099196, 0.0 ], [ 381440.376200051046908, 765255.064805605099536, 0.0 ], [ 381441.174400372197852, 765255.265081597375683, 0.0 ], [ 381440.699795881635509, 765266.492579143377952, 0.0 ], [ 381440.171932405035477, 765275.865951861254871, 0.0 ], [ 381439.400958897662349, 765289.557490620529279, 0.0 ], [ 381439.26513468293706, 765290.924222703906707, 0.0 ], [ 381436.515315258700866, 765318.591899273218587, 0.0 ], [ 381436.484956836444326, 765318.87724428193178, 0.0 ], [ 381434.351114721794147, 765338.947175668785349, 0.0 ], [ 381435.183340442250483, 765339.006369865615852, 0.0 ], [ 381436.189229737559799, 765339.077779417159036, 0.0 ], [ 381447.535721790511161, 765342.581092161592096, 0.0 ], [ 381448.299147224752232, 765342.816775872022845, 0.0 ], [ 381475.016647412499879, 765344.920298690325581, 0.0 ], [ 381488.2345691366354, 765345.839358530356549, 0.0 ], [ 381501.46948713605525, 765346.759510097559541, 0.0 ], [ 381512.245750096160918, 765343.316577480640262, 0.0 ], [ 381512.961168801411986, 765343.087996488669887, 0.0 ], [ 381519.613376890949439, 765342.713858493370935, 0.0 ], [ 381522.016829464584589, 765342.578660867293365, 0.0 ], [ 381526.94310240924824, 765342.301511113066226, 0.0 ], [ 381555.467867818835657, 765382.472939471830614, 0.0 ], [ 381559.866412920586299, 765388.66736626799684, 0.0 ], [ 381560.09825161146, 765388.656759792007506, 0.0 ], [ 381565.188683221349493, 765392.203504078323022, 0.0 ], [ 381565.379337165039033, 765392.416662634001113, 0.0 ], [ 381565.348752452875488, 765392.433372961473651, 0.0 ], [ 381566.808838211582042, 765393.582407134235837, 0.0 ], [ 381567.399335379188415, 765394.731750265462324, 0.0 ], [ 381567.969977297936566, 765396.391178863472305, 0.0 ], [ 381569.140731849067379, 765398.599991761730053, 0.0 ], [ 381575.771343950706068, 765409.065931190969422, 0.0 ], [ 381581.036963086400647, 765407.787064890260808, 0.0 ], [ 381589.712963987141848, 765405.679895564680919, 0.0 ], [ 381598.388964848709293, 765403.572726259706542, 0.0 ], [ 381617.834634081809781, 765390.591732116066851, 0.0 ], [ 381641.855132900003809, 765383.864067555055954, 0.0 ], [ 381671.524706407799385, 765362.568484750110656, 0.0 ], [ 381676.966147032624576, 765358.662874050438404, 0.0 ], [ 381681.499567630409729, 765355.521204893826507, 0.0 ], [ 381704.467299457988702, 765339.604468597914092, 0.0 ], [ 381706.957241447642446, 765330.987590785953216, 0.0 ], [ 381707.491503601602744, 765329.907501890207641, 0.0 ], [ 381708.631602887006011, 765324.967165830428712, 0.0 ], [ 381710.382009964087047, 765317.382085227873176, 0.0 ], [ 381712.495807079831138, 765312.302325099823065, 0.0 ], [ 381714.658714292396326, 765308.332472250564024, 0.0 ], [ 381715.033000255119987, 765307.645563089521602, 0.0 ], [ 381714.393478018580936, 765297.699880041531287, 0.0 ], [ 381712.847780623938888, 765286.275482404045761, 0.0 ], [ 381714.651814991491847, 765284.729309569345787, 0.0 ], [ 381715.097027073148638, 765284.347193013527431, 0.0 ], [ 381722.436780317162629, 765278.047271571471356, 0.0 ], [ 381726.690778121352196, 765274.712681012810208, 0.0 ], [ 381726.814102697651833, 765274.616046490613371, 0.0 ], [ 381731.219620626536198, 765271.189906932413578, 0.0 ], [ 381732.19082932069432, 765270.434533687192015, 0.0 ], [ 381736.183715413149912, 765268.003246512147598, 0.0 ], [ 381740.176601501938421, 765265.571959349908866, 0.0 ], [ 381740.196591884247027, 765265.561852401588112, 0.0 ], [ 381740.306531799142249, 765265.49091793212574, 0.0 ], [ 381745.573652281600516, 765262.090267027379014, 0.0 ], [ 381750.750827027717605, 765258.758541699382477, 0.0 ], [ 381754.258784090867266, 765256.227606849744916, 0.0 ], [ 381759.675317614455707, 765251.656170197064057, 0.0 ], [ 381766.82971089030616, 765243.644652114599012, 0.0 ], [ 381773.844371178303845, 765235.703382752137259, 0.0 ], [ 381778.930472565116361, 765230.042266384582035, 0.0 ], [ 381781.418865700426977, 765227.911613856558688, 0.0 ], [ 381783.277365064132027, 765225.681281777448021, 0.0 ], [ 381787.415882552857511, 765222.754246763186529, 0.0 ], [ 381787.534914054675028, 765222.670111228711903, 0.0 ], [ 381792.322193019324914, 765219.358564566704445, 0.0 ], [ 381792.844597271410748, 765218.999706093571149, 0.0 ], [ 381797.739126095257234, 765215.637021444854327, 0.0 ], [ 381802.716664347564802, 765212.975227469112724, 0.0 ], [ 381807.774446434050333, 765210.873459688737057, 0.0 ], [ 381812.112610426032916, 765209.211823384044692, 0.0 ], [ 381815.981264774105512, 765208.350213471683674, 0.0 ], [ 381822.789218002930284, 765207.51721437193919, 0.0 ], [ 381828.027889880992007, 765207.188530701445416, 0.0 ], [ 381830.817029530997388, 765207.013561595580541, 0.0 ], [ 381834.406126696849242, 765207.161837751395069, 0.0 ], [ 381834.761110323714092, 765205.396699764067307, 0.0 ], [ 381835.174243837478571, 765203.342404701863416, 0.0 ], [ 381836.360814549145289, 765196.663469769759104, 0.0 ], [ 381837.676746064913459, 765188.904736420256086, 0.0 ], [ 381838.673923598311376, 765183.20555247773882, 0.0 ], [ 381840.000164269760717, 765175.896804950665683, 0.0 ], [ 381840.893660579924472, 765171.034466412733309, 0.0 ], [ 381841.306503796600737, 765168.787918222718872, 0.0 ], [ 381842.473117116955109, 765162.188973286887631, 0.0 ], [ 381843.170913279696833, 765158.501041387906298, 0.0 ], [ 381843.280913101800252, 765157.919530980405398, 0.0 ], [ 381844.471720505040139, 765156.424334385315888, 0.0 ], [ 381843.935585990257096, 765155.010430092574097, 0.0 ], [ 381843.929679673805367, 765154.993936877814122, 0.0 ], [ 381840.065763398306444, 765144.029718267731369, 0.0 ], [ 381836.749745212611742, 765134.620564071228728, 0.0 ], [ 381836.481252183206379, 765133.858575494494289, 0.0 ], [ 381836.282271689677145, 765132.946490706177428, 0.0 ], [ 381835.890122101816814, 765131.149611764238216, 0.0 ], [ 381835.959522293414921, 765129.909880400053225, 0.0 ], [ 381836.468989287677687, 765129.039752293028869, 0.0 ], [ 381839.447023619781248, 765126.39909370301757, 0.0 ], [ 381847.156074921716936, 765122.625285928836092, 0.0 ], [ 381844.896088543231599, 765117.870304137701169, 0.0 ], [ 381842.243546975136269, 765113.858326351619326, 0.0 ], [ 381837.371466536773369, 765106.489307984011248, 0.0 ], [ 381852.569786906242371, 765100.779749307199381, 0.0 ], [ 381862.433263167506084, 765094.77017204859294, 0.0 ], [ 381872.426599658792838, 765087.892544770846143, 0.0 ], [ 381874.568969859392382, 765086.172155574662611, 0.0 ], [ 381888.848057752707973, 765075.877743751974776, 0.0 ], [ 381889.594635762739927, 765075.366317027714103, 0.0 ], [ 381900.53325283783488, 765067.87299518706277, 0.0 ], [ 381909.910908452060539, 765064.758942947722971, 0.0 ], [ 381910.529978429258335, 765063.101054841186851, 0.0 ], [ 381912.318978898460045, 765061.900405534892343, 0.0 ], [ 381914.698399790271651, 765061.899287073174492, 0.0 ], [ 381932.555459083290771, 765064.880266617867164, 0.0 ], [ 381934.779901311616413, 765065.269826055155136, 0.0 ], [ 381939.254265761235729, 765065.806891784071922, 0.0 ], [ 381939.484223851410206, 765065.836676422855817, 0.0 ], [ 381945.273219099850394, 765066.693846235284582, 0.0 ], [ 381947.922640029748436, 765066.832566825556569, 0.0 ], [ 381949.992003421182744, 765066.761611113790423, 0.0 ], [ 381952.990902083110996, 765065.970293469261378, 0.0 ], [ 381953.27010159130441, 765065.900979046709836, 0.0 ], [ 381955.849872491904534, 765065.25922210898716, 0.0 ], [ 381962.927004170196597, 765062.606539479689673, 0.0 ], [ 381966.095541919406969, 765061.135407346882857, 0.0 ], [ 381978.229979355237447, 765055.581052363151684, 0.0 ], [ 381981.278574478928931, 765054.169962056330405, 0.0 ], [ 381987.935487443348393, 765051.04759127215948, 0.0 ], [ 381989.39335330837639, 765050.452950397506356, 0.0 ], [ 381992.156451586110052, 765049.326325183850713, 0.0 ], [ 381991.603373737540096, 765048.236550153465942, 0.0 ], [ 381988.912438744853716, 765045.068585482425988, 0.0 ], [ 381982.629878713516518, 765036.373653054470196, 0.0 ], [ 381982.031893890351057, 765035.245808382052928, 0.0 ], [ 381978.507325400481932, 765028.5975816588616, 0.0 ], [ 381974.184531451202929, 765020.631450566113926, 0.0 ], [ 381970.2714038217091, 765011.103906404110603, 0.0 ], [ 381968.769649931811728, 765007.44730133691337, 0.0 ], [ 381967.028489789518062, 765004.078938745427877, 0.0 ], [ 381966.261811193893664, 765002.664343066862784, 0.0 ], [ 381964.097560189198703, 764998.671131267561577, 0.0 ], [ 381963.626466132467613, 764997.8019640307175, 0.0 ], [ 381962.91538302792469, 764995.342996083665639, 0.0 ], [ 381963.484244727005716, 764993.00329740520101, 0.0 ], [ 381964.962558149883989, 764990.393236894975416, 0.0 ], [ 381966.035020693845581, 764988.315837701549754, 0.0 ], [ 381966.650610363692977, 764987.123338186880574, 0.0 ], [ 381967.27954200853128, 764984.963467560941353, 0.0 ], [ 381967.375166693294886, 764982.512918316642754, 0.0 ], [ 381967.437600003147963, 764980.914377561304718, 0.0 ], [ 381967.49836013559252, 764974.692361527937464, 0.0 ], [ 381967.542521930823568, 764970.166940867085941, 0.0 ], [ 381966.986879585077986, 764958.090037893969566, 0.0 ], [ 381966.948992500256281, 764957.672457215492614, 0.0 ], [ 381965.90152272908017, 764946.133454682072625, 0.0 ], [ 381965.423281796392985, 764940.268205297878012, 0.0 ], [ 381965.085616950527765, 764936.126570829888806, 0.0 ], [ 381965.051629479101393, 764935.710188025957905, 0.0 ], [ 381964.825580883421935, 764932.937168387346901, 0.0 ], [ 381963.202399491914548, 764925.329780715052038, 0.0 ], [ 381960.394026370020583, 764919.25407782534603, 0.0 ], [ 381960.250115006929263, 764918.942721162457019, 0.0 ], [ 381958.568381313350983, 764914.384619735763408, 0.0 ], [ 381957.636949067469686, 764910.855915363063104, 0.0 ], [ 381957.074450551590417, 764909.717156597878784, 0.0 ], [ 381956.526162024994846, 764908.606984203215688, 0.0 ], [ 381953.945112520363182, 764905.039064797339961, 0.0 ], [ 381953.682677938428242, 764904.829739044304006, 0.0 ], [ 381957.862155465700198, 764885.24513515655417, 0.0 ], [ 381958.323673648701515, 764881.693281625513919, 0.0 ], [ 381959.96772702614544, 764869.041984210605733, 0.0 ], [ 381964.356185611279216, 764835.270031079300679, 0.0 ], [ 381964.932261834968813, 764830.836937953601591, 0.0 ], [ 381964.837748115882277, 764825.652742611593567, 0.0 ], [ 381964.702285689243581, 764818.216114063165151, 0.0 ], [ 381969.897493045020383, 764819.856073551578447, 0.0 ], [ 381976.480368756921962, 764821.93397433613427, 0.0 ], [ 381989.599373733799439, 764825.328682848485187, 0.0 ], [ 381991.784057614859194, 764822.169723964063451, 0.0 ], [ 381999.982870840467513, 764823.036259682150558, 0.0 ], [ 382028.459437296143733, 764824.297168510733172, 0.0 ], [ 382034.614642685337458, 764823.664329289807938, 0.0 ], [ 382040.769947980472352, 764823.031390051357448, 0.0 ], [ 382095.569383544498123, 764819.129381992039271, 0.0 ], [ 382127.245662491186522, 764815.906777246738784, 0.0 ], [ 382135.815640300686937, 764814.125682368990965, 0.0 ], [ 382140.497543876699638, 764813.152718426194042, 0.0 ], [ 382158.447841551795136, 764811.802010017912835, 0.0 ], [ 382165.357293136708904, 764812.5099902828224, 0.0 ], [ 382180.307337432925124, 764790.769951272057369, 0.0 ], [ 382211.258552359533496, 764745.761352260713466, 0.0 ], [ 382216.698211046284996, 764737.851119915256277, 0.0 ], [ 382219.005631356558297, 764733.344031846500002, 0.0 ], [ 382231.363669897778891, 764712.801721057505347, 0.0 ], [ 382245.966608676069882, 764688.527863374212757, 0.0 ], [ 382249.507763823959976, 764677.498582327621989, 0.0 ], [ 382252.062802330125123, 764669.540617568301968, 0.0 ], [ 382260.784892358351499, 764654.458887845277786, 0.0 ], [ 382267.713324125681538, 764639.387998502352275, 0.0 ], [ 382272.346938843315002, 764612.451274366350845, 0.0 ], [ 382279.486400573630817, 764606.703917858074419, 0.0 ], [ 382282.428971269866452, 764604.335011510644108, 0.0 ], [ 382287.14658259798307, 764601.69513703440316, 0.0 ], [ 382290.671897579974029, 764599.722360511426814, 0.0 ], [ 382291.692171386792324, 764599.131024971255101, 0.0 ], [ 382295.696406306582503, 764596.81030807713978, 0.0 ], [ 382297.928883322165348, 764584.722899924265221, 0.0 ], [ 382298.133512891537976, 764583.614873357233591, 0.0 ], [ 382298.334851748775691, 764582.524943931610323, 0.0 ], [ 382307.458653909619898, 764577.89158423198387, 0.0 ], [ 382314.282878385158256, 764572.753027995699085, 0.0 ], [ 382317.645531761168968, 764560.98761064989958, 0.0 ], [ 382321.008185243641492, 764549.222293330472894, 0.0 ], [ 382348.146140664059203, 764558.717632041429169, 0.0 ], [ 382388.296983818989247, 764568.332527070655487, 0.0 ], [ 382417.925241475983057, 764576.996997162699699, 0.0 ], [ 382427.640129829349462, 764580.942172275739722, 0.0 ], [ 382444.4519225959084, 764587.29752608644776, 0.0 ], [ 382452.0801387821557, 764599.159354683593847, 0.0 ], [ 382459.163550319848582, 764610.303213916602544, 0.0 ], [ 382466.648478129936848, 764624.456251937313937, 0.0 ], [ 382468.718799132970162, 764628.55318188900128, 0.0 ], [ 382476.450005614897236, 764643.852225063019432, 0.0 ], [ 382478.876871341315564, 764648.654615701525472, 0.0 ], [ 382483.418991788174026, 764655.520809975452721, 0.0 ], [ 382486.608547986485064, 764656.229238707222976, 0.0 ], [ 382494.632664446078707, 764658.93290990870446, 0.0 ], [ 382494.637864021991845, 764658.934707026113756, 0.0 ], [ 382498.237611451942939, 764660.262692174990661, 0.0 ], [ 382503.657294500328135, 764662.609674043953419, 0.0 ], [ 382505.102795438375324, 764663.147963736904785, 0.0 ], [ 382507.169753746129572, 764663.917605075635947, 0.0 ], [ 382508.032594552903902, 764664.238821416045539, 0.0 ], [ 382509.047025015228428, 764664.616552761173807, 0.0 ], [ 382510.289153112156782, 764665.107249606400728, 0.0 ], [ 382514.076733920141123, 764666.603705450543202, 0.0 ], [ 382515.193250536220148, 764667.0048831126187, 0.0 ], [ 382519.386337000469211, 764668.510746098589152, 0.0 ], [ 382523.335839422536083, 764669.498749611666426, 0.0 ], [ 382529.334710695664398, 764670.205758475000039, 0.0 ], [ 382532.563885934418067, 764670.124260841868818, 0.0 ], [ 382540.681695639970712, 764669.670556529308669, 0.0 ], [ 382551.408949054486584, 764669.38558489724528, 0.0 ], [ 382564.695802509027999, 764669.789142817957327, 0.0 ], [ 382566.234101719397586, 764669.946381650865078, 0.0 ], [ 382569.56495041504968, 764670.28683351026848, 0.0 ], [ 382578.1235907075461, 764672.042284180643037, 0.0 ], [ 382589.122587780817412, 764675.39639879995957, 0.0 ], [ 382600.121649153647013, 764679.100328165572137, 0.0 ], [ 382607.171043900132645, 764681.466439309180714, 0.0 ], [ 382615.240353035565931, 764684.391934931627475, 0.0 ], [ 382622.41947311750846, 764686.028162792674266, 0.0 ], [ 382627.958376255119219, 764686.565329065080732, 0.0 ], [ 382635.416750355390832, 764686.971825122367591, 0.0 ], [ 382641.225290426053107, 764687.089066929998808, 0.0 ], [ 382645.034301904961467, 764686.747360148350708, 0.0 ], [ 382650.242533876793459, 764685.685071300016716, 0.0 ], [ 382653.781365631788503, 764685.033666908857413, 0.0 ], [ 382658.649657026166096, 764683.921649929601699, 0.0 ], [ 382663.387679482810199, 764682.169849979924038, 0.0 ], [ 382668.875082267913967, 764679.48792439699173, 0.0 ], [ 382673.082839355862234, 764676.896578115527518, 0.0 ], [ 382680.069306698278524, 764673.214091785252094, 0.0 ], [ 382689.754756841051858, 764668.340827172040008, 0.0 ], [ 382694.912272892543115, 764665.729039618512616, 0.0 ], [ 382699.100457501248457, 764664.037383496761322, 0.0 ], [ 382701.809345913992729, 764663.076444565784186, 0.0 ], [ 382704.828035227430519, 764662.065272293635644, 0.0 ], [ 382705.541780825704336, 764661.89397860923782, 0.0 ], [ 382704.289132697682362, 764666.674902853672393, 0.0 ], [ 382704.573707660892978, 764671.237957787699997, 0.0 ], [ 382712.719430472003296, 764680.404397354344837, 0.0 ], [ 382717.581353291985579, 764688.506539227324538, 0.0 ], [ 382721.687045324593782, 764701.258004038478248, 0.0 ], [ 382720.616531948267948, 764704.079120006412268, 0.0 ], [ 382722.413841123518068, 764709.711903430987149, 0.0 ], [ 382722.835424949938897, 764719.684276408399455, 0.0 ], [ 382725.471882034151349, 764728.62016092473641, 0.0 ], [ 382728.805987687723245, 764730.999214565614238, 0.0 ], [ 382737.094056651927531, 764729.272540046134964, 0.0 ], [ 382737.324413667316549, 764729.3005249715643, 0.0 ], [ 382737.953701700491365, 764730.239700473146513, 0.0 ], [ 382741.729770441539586, 764745.323451841482893, 0.0 ], [ 382739.449518018867821, 764747.646857575979084, 0.0 ], [ 382738.975590990972705, 764756.705773802590556, 0.0 ], [ 382729.296563939016778, 764761.630323286866769, 0.0 ], [ 382726.125146520556882, 764767.821605817996897, 0.0 ], [ 382727.556953962834086, 764774.962893515010364, 0.0 ], [ 382730.415994511276949, 764779.722990385722369, 0.0 ], [ 382732.799854959826916, 764792.576939161866903, 0.0 ], [ 382731.611487516318448, 764799.051320739556104, 0.0 ], [ 382738.526817432488315, 764825.890933098853566, 0.0 ], [ 382739.985338880040217, 764831.798808557214215, 0.0 ], [ 382743.413778170826845, 764857.062343514058739, 0.0 ], [ 382749.507763130241074, 764878.485560827306472, 0.0 ], [ 382756.739793696440756, 764883.576221371884458, 0.0 ], [ 382758.891240931348875, 764906.703876501997001, 0.0 ], [ 382758.233285433729179, 764907.946583082317375, 0.0 ], [ 382765.293032013054471, 764945.103613417944871, 0.0 ], [ 382764.005326722399332, 764957.826219677692279, 0.0 ], [ 382771.369765217474196, 764962.363852286711335, 0.0 ], [ 382771.422192282392643, 764963.086751545895822, 0.0 ], [ 382773.324041358311661, 764967.793211003649049, 0.0 ], [ 382782.527699447819032, 764978.431092874379829, 0.0 ], [ 382788.841361828381196, 764987.154499655356631, 0.0 ], [ 382793.655483679845929, 764991.18555443326477, 0.0 ], [ 382798.993665104964748, 764993.062487581162713, 0.0 ], [ 382802.89931913674809, 764993.075048370752484, 0.0 ], [ 382807.32775696425233, 765009.277119362144731, 0.0 ], [ 382820.311613061523531, 765033.781445339205675, 0.0 ], [ 382804.344736758270301, 765050.014797515585087, 0.0 ], [ 382797.508036440296564, 765063.485530264908448, 0.0 ], [ 382791.957343852438498, 765072.534635613323189, 0.0 ], [ 382786.719622989417985, 765071.902252312982455, 0.0 ], [ 382777.038259150285739, 765072.065564468386583, 0.0 ], [ 382770.443532225559466, 765084.328877887455747, 0.0 ], [ 382768.690407575748395, 765085.920014587580226, 0.0 ], [ 382773.153324081446044, 765091.458467056392692, 0.0 ], [ 382776.234133305668365, 765094.776310282875784, 0.0 ], [ 382778.804258476593532, 765096.374612495303154, 0.0 ], [ 382786.984265709703322, 765100.629729773383588, 0.0 ], [ 382788.228226728388108, 765101.191607995773666, 0.0 ], [ 382788.607814853021409, 765101.36308774119243, 0.0 ], [ 382794.214039309357759, 765103.895534807466902, 0.0 ], [ 382807.133290024241433, 765108.998317118617706, 0.0 ], [ 382819.052276859874837, 765113.0216326599475, 0.0 ], [ 382828.037579250172712, 765115.557489955797791, 0.0 ], [ 382844.409461436793208, 765120.178066106629558, 0.0 ], [ 382859.926752187078819, 765122.460113778128289, 0.0 ], [ 382864.660395417769905, 765122.666537691489793, 0.0 ], [ 382871.734416089486331, 765122.974936297978275, 0.0 ], [ 382878.53259829164017, 765123.27126754168421, 0.0 ], [ 382889.760098678758368, 765123.775865339674056, 0.0 ], [ 382890.780070750508457, 765124.245271362364292, 0.0 ], [ 382891.660175627912395, 765124.924592000432312, 0.0 ], [ 382892.21038455463713, 765125.65415551699698, 0.0 ], [ 382895.211715965066105, 765130.041675153654069, 0.0 ], [ 382896.242432883358561, 765132.100688776583411, 0.0 ], [ 382898.034238114021719, 765136.868784393300302, 0.0 ], [ 382899.866987634275574, 765143.666266238316894, 0.0 ], [ 382903.273330314201303, 765158.9208473355975, 0.0 ], [ 382904.658591477142181, 765170.827394597115926, 0.0 ], [ 382904.651177221152466, 765184.828586317016743, 0.0 ], [ 382904.647982525406405, 765190.792534545762464, 0.0 ], [ 382904.919077556813136, 765214.526623610290699, 0.0 ], [ 382905.779356550890952, 765226.836019529378973, 0.0 ], [ 382905.935670239035971, 765229.07260101439897, 0.0 ], [ 382908.041531773167662, 765242.628207469475456, 0.0 ], [ 382911.767844415619038, 765257.982813422218896, 0.0 ], [ 382914.137549963896163, 765264.751449571922421, 0.0 ], [ 382915.898786499223206, 765269.782095382222906, 0.0 ], [ 382919.165978891775012, 765279.114184729987755, 0.0 ], [ 382924.211551418527961, 765293.578287031850778, 0.0 ], [ 382924.852155572210904, 765295.407539977692068, 0.0 ], [ 382924.885808526654728, 765295.537592459353618, 0.0 ], [ 382925.571287904342171, 765298.18792420940008, 0.0 ], [ 382925.680060071521439, 765298.610370105016045, 0.0 ], [ 382927.226006883312948, 765304.614179947879165, 0.0 ], [ 382931.353419910359662, 765322.727724587195553, 0.0 ], [ 382934.193377983290702, 765330.701745636994019, 0.0 ], [ 382934.336732410185505, 765331.104380090720952, 0.0 ], [ 382935.457457480020821, 765346.834019718924537, 0.0 ], [ 382935.82620142417727, 765352.008585259085521, 0.0 ], [ 382938.594581473967992, 765371.47253982105758, 0.0 ], [ 382943.881574994302355, 765410.340580822317861, 0.0 ], [ 382947.270460433326662, 765430.77390706166625, 0.0 ], [ 382949.517700083437376, 765447.32891542383004, 0.0 ], [ 382951.535752968979068, 765465.493539279093966, 0.0 ], [ 382952.090471184405033, 765475.810763949761167, 0.0 ], [ 382950.837779887602665, 765490.697725206729956, 0.0 ], [ 382948.73539484385401, 765505.795034956652671, 0.0 ], [ 382943.954749600903597, 765544.457861783099361, 0.0 ], [ 382942.749662533577066, 765554.275936064077541, 0.0 ], [ 382939.481391466339119, 765577.511911116773263, 0.0 ], [ 382934.621974988549482, 765611.303162621916272, 0.0 ], [ 382934.574043556931429, 765611.636603915598243, 0.0 ], [ 382933.303111642133445, 765620.474248208221979, 0.0 ], [ 382930.630138237902429, 765639.548657571547665, 0.0 ], [ 382932.692551236075815, 765640.219823587569408, 0.0 ], [ 382933.028815660218243, 765640.318441333016381, 0.0 ], [ 382933.247492542199325, 765640.382622799719684, 0.0 ], [ 382930.617284567793831, 765639.640441252384335, 0.0 ], [ 382929.377250567311421, 765648.489368300419301, 0.0 ], [ 382927.079976394306868, 765674.344148653559387, 0.0 ], [ 382925.981210529978853, 765697.648986497079022, 0.0 ], [ 382926.3448309188243, 765726.781616024672985, 0.0 ], [ 382927.842002607882023, 765742.797108630766161, 0.0 ], [ 382931.395793138770387, 765752.692924689734355, 0.0 ], [ 382936.612344483262859, 765769.316518657142296, 0.0 ], [ 382944.330492150096688, 765790.627692841691896, 0.0 ], [ 382950.125011275114957, 765803.231894092168659, 0.0 ], [ 382955.160056018852629, 765816.346828217152506, 0.0 ], [ 382955.561350167961791, 765817.392184590804391, 0.0 ], [ 382956.311086467816494, 765819.345055799232796, 0.0 ], [ 382959.073055627057329, 765825.17233572981786, 0.0 ], [ 382963.984751936164685, 765831.108577324193902, 0.0 ], [ 382967.815755618852563, 765835.225770840188488, 0.0 ], [ 382974.063213151530363, 765841.559086913359351, 0.0 ], [ 382974.617342446465045, 765842.120889188139699, 0.0 ], [ 382981.067866825207602, 765846.57676721108146, 0.0 ], [ 382986.041081285104156, 765848.971442884067073, 0.0 ], [ 382988.887732328963466, 765850.34216899680905, 0.0 ], [ 382997.177610132261179, 765854.377283788402565, 0.0 ], [ 383019.758357256709132, 765867.663417410454713, 0.0 ], [ 383029.928423809062224, 765873.0739118270576, 0.0 ], [ 383035.398459595220629, 765875.984027860569768, 0.0 ], [ 383051.939391255029477, 765886.533570798812434, 0.0 ], [ 383057.839729809435084, 765890.309973033959977, 0.0 ], [ 383066.270213011594024, 765895.704689825186506, 0.0 ], [ 383077.000986416591331, 765902.907882954226807, 0.0 ], [ 383088.56498853827361, 765912.091101075988263, 0.0 ], [ 383092.524140758381691, 765915.953095979522914, 0.0 ], [ 383094.583814088837244, 765918.025921144755557, 0.0 ], [ 383100.175521975965239, 765924.551698139868677, 0.0 ], [ 383107.14737764839083, 765932.106574542121962, 0.0 ], [ 383114.590243066020776, 765942.050646661198698, 0.0 ], [ 383118.231373039307073, 765946.337887448142283, 0.0 ], [ 383120.467142080480698, 765943.819149128976278, 0.0 ], [ 383126.19520747003844, 765937.366326132440008, 0.0 ], [ 383132.519493976898957, 765928.505509653128684, 0.0 ], [ 383134.876960750843864, 765924.345414294977672, 0.0 ], [ 383139.392027781868819, 765916.20517381792888, 0.0 ], [ 383149.673282446456142, 765902.95366555522196, 0.0 ], [ 383154.838773111172486, 765896.262865646975115, 0.0 ], [ 383158.958134234650061, 765891.304135832935572, 0.0 ], [ 383159.375196138746105, 765890.801961976336315, 0.0 ], [ 383159.844827407854609, 765890.261972598615102, 0.0 ], [ 383162.782510165940039, 765886.861319090123288, 0.0 ], [ 383174.203834773041308, 765874.349094336736016, 0.0 ], [ 383180.799212752724998, 765867.947451105574146, 0.0 ], [ 383186.205342354660388, 765862.526328562176786, 0.0 ], [ 383189.591667426400818, 765856.686058914172463, 0.0 ], [ 383193.16801445663441, 765850.565968089271337, 0.0 ], [ 383195.18602067080792, 765847.375796249252744, 0.0 ], [ 383195.975338560179807, 765846.33567839465104, 0.0 ], [ 383197.054482170264237, 765845.075477801379748, 0.0 ], [ 383197.703933038923424, 765844.245374563266523, 0.0 ], [ 383198.903070873697288, 765843.035105318878777, 0.0 ], [ 383200.542063663539011, 765841.74464861524757, 0.0 ], [ 383201.631614102749154, 765841.354231021599844, 0.0 ], [ 383203.111097549670376, 765841.023615324287675, 0.0 ], [ 383205.290560595807619, 765841.012492266134359, 0.0 ], [ 383207.859960268484429, 765841.28131741262041, 0.0 ], [ 383210.669797618174925, 765842.179775848984718, 0.0 ], [ 383216.089339992438909, 765844.016777129028924, 0.0 ], [ 383222.458885627565905, 765846.353209473309107, 0.0 ], [ 383234.528497942141257, 765851.78620381874498, 0.0 ], [ 383248.048342976369895, 765858.678059710538946, 0.0 ], [ 383260.238143427006435, 765864.360936362063512, 0.0 ], [ 383275.136899860401172, 765869.442684523877688, 0.0 ], [ 383289.605502478254493, 765873.974869101890363, 0.0 ], [ 383303.604097375529818, 765878.247238195035607, 0.0 ], [ 383329.411162979493383, 765885.393248218926601, 0.0 ], [ 383345.169054887723178, 765889.084930697805248, 0.0 ], [ 383349.258568870369345, 765890.172840433893725, 0.0 ], [ 383356.577698563458398, 765892.118920677807182, 0.0 ], [ 383376.475148283410817, 765897.018259959877469, 0.0 ], [ 383408.62071132712299, 765904.261362192686647, 0.0 ], [ 383420.549095839494839, 765907.015175670618191, 0.0 ], [ 383429.697994620539248, 765909.420282485429198, 0.0 ], [ 383436.667157665011473, 765911.256454093265347, 0.0 ], [ 383448.894678264972754, 765912.330436577089131, 0.0 ], [ 383457.343333883502055, 765913.85608752979897, 0.0 ], [ 383459.392122825141996, 765914.257825136533938, 0.0 ], [ 383470.147080335766077, 765916.771349423215725, 0.0 ], [ 383477.523563116788864, 765918.648619197891094, 0.0 ], [ 383487.659474192885682, 765921.379981654812582, 0.0 ], [ 383495.958528532006312, 765923.675515055307187, 0.0 ], [ 383509.307567557145376, 765928.558040009695105, 0.0 ], [ 383538.026088085549418, 765940.31175325519871, 0.0 ], [ 383547.375516081636306, 765943.946465193643235, 0.0 ], [ 383559.264632686215919, 765948.449669626308605, 0.0 ], [ 383572.153671978798229, 765952.882620456744917, 0.0 ], [ 383578.772313079447486, 765953.429371456499211, 0.0 ], [ 383584.040540686692111, 765952.397143553593196, 0.0 ], [ 383590.107899914612062, 765949.934788588085212, 0.0 ], [ 383596.864482515316922, 765946.392572816810571, 0.0 ], [ 383607.919913055258803, 765942.208390254760161, 0.0 ], [ 383614.427249424159527, 765939.925884356140159, 0.0 ], [ 383622.063617953273933, 765936.173105958849192, 0.0 ], [ 383624.914563802303746, 765934.775505178258754, 0.0 ], [ 383634.597664525732398, 765930.028706087730825, 0.0 ], [ 383641.968109760899097, 765926.301046822336502, 0.0 ], [ 383649.080679327540565, 765922.703777141403407, 0.0 ], [ 383659.255749500065576, 765917.510255691828206, 0.0 ], [ 383660.560916026937775, 765916.841704574879259, 0.0 ], [ 383665.272829034540337, 765914.428075973293744, 0.0 ], [ 383669.080839301343076, 765912.176933175767772, 0.0 ], [ 383673.508458039548714, 765909.415523328003474, 0.0 ], [ 383677.885792600107379, 765906.024290938861668, 0.0 ], [ 383683.952017798961606, 765901.152625091723166, 0.0 ], [ 383687.529599646455608, 765897.871742239571176, 0.0 ], [ 383690.127562155830674, 765894.891247148974799, 0.0 ], [ 383694.374227510124911, 765890.010440048761666, 0.0 ], [ 383697.661649720103014, 765886.239813395193778, 0.0 ], [ 383699.979882982035633, 765883.689345005201176, 0.0 ], [ 383705.521665032138117, 765868.255705134011805, 0.0 ], [ 383706.677336380118504, 765864.757815300137736, 0.0 ], [ 383710.841734002460726, 765852.678904679254629, 0.0 ], [ 383722.193089307867922, 765858.050650350051001, 0.0 ], [ 383729.630852791015059, 765860.558737221057527, 0.0 ], [ 383748.735138085205108, 765864.707032494712621, 0.0 ], [ 383762.906286501791328, 765874.290322253131308, 0.0 ], [ 383776.692931030702312, 765882.391154868993908, 0.0 ], [ 383782.468058355618268, 765884.80964599060826, 0.0 ], [ 383799.416241596569307, 765863.827393429353833, 0.0 ], [ 383808.314547871239483, 765851.037928999285214, 0.0 ], [ 383816.080896499275696, 765839.875400096527301, 0.0 ], [ 383818.85079319239594, 765833.657415164285339, 0.0 ], [ 383827.715061801602133, 765813.758203645935282, 0.0 ], [ 383828.29500739305513, 765812.456348684965633, 0.0 ], [ 383829.702969177509658, 765808.856565307592973, 0.0 ], [ 383832.219328315928578, 765802.426951493718661, 0.0 ], [ 383833.286781336879358, 765798.419228030834347, 0.0 ], [ 383841.657845337351318, 765766.991364990011789, 0.0 ], [ 383844.105422808381263, 765757.802257698494941, 0.0 ], [ 383844.272718951571733, 765752.143561174860224, 0.0 ], [ 383845.460353654285427, 765747.734079351997934, 0.0 ], [ 383846.128871440072544, 765745.356545495335013, 0.0 ], [ 383848.165166112652514, 765738.115156046114862, 0.0 ], [ 383852.479189837991726, 765727.655680830124766, 0.0 ], [ 383872.576598398038186, 765695.396803560899571, 0.0 ], [ 383879.544532669067848, 765684.212456881650724, 0.0 ], [ 383880.920756884268485, 765682.003448919625953, 0.0 ], [ 383882.239333513949532, 765679.663400101359002, 0.0 ], [ 383882.947631342685781, 765676.413860628148541, 0.0 ], [ 383881.696356760978233, 765673.055269870441407, 0.0 ], [ 383880.68511756072985, 765669.896517340326682, 0.0 ], [ 383890.832670921110548, 765655.940951679600403, 0.0 ], [ 383896.690848318394274, 765647.884363374207169, 0.0 ], [ 383925.059495876368601, 765613.201588462223299, 0.0 ], [ 383927.785361634683795, 765609.86902011022903, 0.0 ], [ 383928.185033363697585, 765609.378951791790314, 0.0 ], [ 383954.248411610140465, 765580.577125938958488, 0.0 ], [ 383957.482639503607061, 765577.003077524830587, 0.0 ], [ 383957.851139315753244, 765573.368292248458602, 0.0 ], [ 383959.661993445944972, 765555.507304309867322, 0.0 ], [ 383953.473164209572133, 765554.780393598019145, 0.0 ], [ 383910.649858842487447, 765546.762499628006481, 0.0 ], [ 383866.137482911814004, 765539.845131049747579, 0.0 ], [ 383858.736183428030927, 765536.639396163052879, 0.0 ], [ 383856.860544550640043, 765536.432729063672014, 0.0 ], [ 383852.536635113880038, 765533.95416873076465, 0.0 ], [ 383829.56896745308768, 765524.006203934084624, 0.0 ], [ 383820.189347173669375, 765519.941609385772608, 0.0 ], [ 383804.308744041831233, 765510.411408075364307, 0.0 ], [ 383776.481041192135308, 765487.662455254117958, 0.0 ], [ 383829.029268302605487, 765401.708229402196594, 0.0 ], [ 383844.590589312429074, 765367.742406246135943, 0.0 ], [ 383852.85926604073029, 765341.160710044903681, 0.0 ], [ 383865.360188572783954, 765283.705365234869532, 0.0 ], [ 383872.204026877821889, 765212.28199375839904, 0.0 ], [ 383874.513841134263203, 765185.867959966650233, 0.0 ], [ 383874.887083587236702, 765185.939566959743388, 0.0 ], [ 383874.878894009569194, 765185.95746643806342, 0.0 ], [ 383883.327579617209267, 765187.553103700862266, 0.0 ], [ 383889.636802574968897, 765189.179639474139549, 0.0 ], [ 383896.45592908677645, 765190.866120809339918, 0.0 ], [ 383901.075508948939387, 765192.373580196639523, 0.0 ], [ 383911.354390799941029, 765195.338022350915708, 0.0 ], [ 383918.683791956107598, 765197.87395615153946, 0.0 ], [ 383922.543468344258144, 765199.191819164901972, 0.0 ], [ 383923.846876559138764, 765199.674088411964476, 0.0 ], [ 383929.262995146331377, 765201.678051870432682, 0.0 ], [ 383935.162797700322699, 765204.324630858493038, 0.0 ], [ 383944.302569165010937, 765208.589190897997469, 0.0 ], [ 383956.072350748523604, 765214.242374815512449, 0.0 ], [ 383967.372114306665026, 765219.825696752406657, 0.0 ], [ 383979.682408802909777, 765226.638143060030416, 0.0 ], [ 383991.932466340833344, 765233.34084440569859, 0.0 ], [ 384000.732801447913516, 765238.415365838329308, 0.0 ], [ 384004.862854733713903, 765240.888219302752987, 0.0 ], [ 384009.993145037500653, 765243.959756063530222, 0.0 ], [ 384018.023422754486091, 765248.724715173942968, 0.0 ], [ 384025.583669803861994, 765253.180170920211822, 0.0 ], [ 384029.393845418991987, 765255.534303754684515, 0.0 ], [ 384032.923908175202087, 765257.715510569280013, 0.0 ], [ 384038.424049331282731, 765260.662303773453459, 0.0 ], [ 384040.703993196133524, 765261.940819088602439, 0.0 ], [ 384045.693919351906516, 765264.377876785816625, 0.0 ], [ 384053.373630495683756, 765267.543491424177773, 0.0 ], [ 384061.173273434164003, 765270.83911785541568, 0.0 ], [ 384065.363033321336843, 765272.506739859818481, 0.0 ], [ 384070.812658789567649, 765274.543579104472883, 0.0 ], [ 384076.522258326644078, 765276.660476504126564, 0.0 ], [ 384081.14199758641189, 765278.50785232509952, 0.0 ], [ 384086.092027433100156, 765281.144879799103364, 0.0 ], [ 384101.331885146501008, 765288.765749743324704, 0.0 ], [ 384106.161949017667212, 765291.41283111507073, 0.0 ], [ 384113.991838206711691, 765295.24821116507519, 0.0 ], [ 384124.04217604995938, 765301.192131469491869, 0.0 ], [ 384130.602153751882724, 765304.768172084935941, 0.0 ], [ 384133.262369010481052, 765306.396422925288789, 0.0 ], [ 384136.662519492616411, 765308.484313400345854, 0.0 ], [ 384140.569291123305447, 765310.88059020799119, 0.0 ], [ 384140.755399272660725, 765310.994674789952114, 0.0 ], [ 384143.242808528244495, 765312.520331965410151, 0.0 ], [ 384154.613363800919615, 765319.613250240799971, 0.0 ], [ 384157.483592202421278, 765321.591316744801588, 0.0 ], [ 384161.113667609752156, 765323.639208792475984, 0.0 ], [ 384164.593742066819686, 765325.607090942678042, 0.0 ], [ 384169.333390649640933, 765327.324441911885515, 0.0 ], [ 384173.012903737369925, 765328.202496664249338, 0.0 ], [ 384176.942383837944362, 765329.140419211005792, 0.0 ], [ 384181.85144885617774, 765329.917820265167393, 0.0 ], [ 384188.629913063894492, 765329.96472066140268, 0.0 ], [ 384196.370152349234559, 765330.246211350779049, 0.0 ], [ 384197.718445644946769, 765330.295265211956576, 0.0 ], [ 384197.857713949284516, 765330.300298476824537, 0.0 ], [ 384204.016470818081871, 765330.64731696806848, 0.0 ], [ 384212.404674615652766, 765331.403086935635656, 0.0 ], [ 384216.583939601143356, 765331.801123968092725, 0.0 ], [ 384221.952846151776612, 765332.268384542316198, 0.0 ], [ 384227.071879784751218, 765332.875928338151425, 0.0 ], [ 384234.230531508801505, 765333.732252001296729, 0.0 ], [ 384238.179831417102832, 765334.510304265073501, 0.0 ], [ 384243.609199274331331, 765335.777340835891664, 0.0 ], [ 384248.5687703123549, 765337.444700475200079, 0.0 ], [ 384257.998182642855681, 765341.099371830117889, 0.0 ], [ 384262.457898205320816, 765343.026702972711064, 0.0 ], [ 384269.187695278087631, 765345.882839274476282, 0.0 ], [ 384273.767584928893484, 765348.030260048690252, 0.0 ], [ 384277.457427865883801, 765349.828084927634336, 0.0 ], [ 384281.817455882730428, 765352.155365110491402, 0.0 ], [ 384290.227611371083185, 765356.860258890199475, 0.0 ], [ 384297.487960333412047, 765361.165891070733778, 0.0 ], [ 384307.628646596567705, 765367.899474677979015, 0.0 ], [ 384313.088927147211507, 765371.336065970710479, 0.0 ], [ 384317.219138338055927, 765373.933388098841533, 0.0 ], [ 384324.389865319943056, 765379.208825110341422, 0.0 ], [ 384330.01033232168993, 765383.125223637209274, 0.0 ], [ 384334.290552535967436, 765386.032399369520135, 0.0 ], [ 384337.74093152070418, 765388.420292419148609, 0.0 ], [ 384342.981021400308236, 765391.337114269146696, 0.0 ], [ 384348.490916978800669, 765394.19382389204111, 0.0 ], [ 384357.810836570570245, 765398.658348116907291, 0.0 ], [ 384361.050800207769498, 765400.266430806368589, 0.0 ], [ 384364.31075894634705, 765401.87450408609584, 0.0 ], [ 384367.590787999331951, 765403.642528799828142, 0.0 ], [ 384375.190925254311878, 765407.887915469356813, 0.0 ], [ 384379.651361189375166, 765411.135023136623204, 0.0 ], [ 384382.091713446308859, 765413.153381553129293, 0.0 ], [ 384385.612323077511974, 765416.28086053498555, 0.0 ], [ 384387.312927088642027, 765418.449630115530454, 0.0 ], [ 384388.683861063153017, 765421.148325141868554, 0.0 ], [ 384390.345838259556331, 765426.216203755466267, 0.0 ], [ 384391.638512671983335, 765432.574140523793176, 0.0 ], [ 384391.698981273046229, 765432.964016715879552, 0.0 ], [ 384392.591166891506873, 765438.712191015016288, 0.0 ], [ 384393.656563474156428, 765450.73864813731052, 0.0 ], [ 384394.489673821721226, 765457.996580915991217, 0.0 ], [ 384394.521618922124617, 765461.935502411448397, 0.0 ], [ 384393.729449522448704, 765478.381952199386433, 0.0 ], [ 384393.515588997222949, 765491.108939740108326, 0.0 ], [ 384393.537779954669531, 765495.777787283994257, 0.0 ], [ 384393.858693687710911, 765497.887020386988297, 0.0 ], [ 384394.299478165456094, 765499.996397063834593, 0.0 ], [ 384395.710601182188839, 765502.905021753627807, 0.0 ], [ 384398.490851460490376, 765504.883229929255322, 0.0 ], [ 384401.270923058094922, 765506.481531108962372, 0.0 ], [ 384411.180325430759694, 765510.365819151047617, 0.0 ], [ 384420.649595783208497, 765513.740638828719966, 0.0 ], [ 384438.188145253341645, 765519.780910228961147, 0.0 ], [ 384443.477724357799161, 765521.637967440881766, 0.0 ], [ 384445.040488190483302, 765522.16150416189339, 0.0 ], [ 384449.017741592717357, 765523.493807121063583, 0.0 ], [ 384453.118784215592314, 765524.867641677032225, 0.0 ], [ 384459.462331376038492, 765526.992637460818514, 0.0 ], [ 384456.899255566997454, 765531.449752871529199, 0.0 ], [ 384449.130712505371775, 765544.959102742723189, 0.0 ], [ 384446.050586274126545, 765550.315341508947313, 0.0 ], [ 384425.092858404561412, 765593.979120309930295, 0.0 ], [ 384408.941250738163944, 765634.445221045403741, 0.0 ], [ 384402.705004784278572, 765668.5086231068708, 0.0 ], [ 384401.052751688810531, 765700.263932943693362, 0.0 ], [ 384405.38745252211811, 765738.858352561597712, 0.0 ], [ 384406.111363506526686, 765763.057792428298853, 0.0 ], [ 384405.595785633777268, 765780.473474984290078, 0.0 ], [ 384400.460359110264108, 765826.192808449850418, 0.0 ], [ 384400.359307149250526, 765827.092236000462435, 0.0 ], [ 384402.034076084790286, 765827.259606845327653, 0.0 ], [ 384402.017376300645992, 765828.313756849383935, 0.0 ], [ 384401.357673066959251, 765830.938525291043334, 0.0 ], [ 384399.995357587293256, 765836.359040556824766, 0.0 ], [ 384399.212315469747409, 765839.47444704012014, 0.0 ], [ 384393.616922009619884, 765871.848761615809053, 0.0 ], [ 384388.636366426071618, 765906.321473748423159, 0.0 ], [ 384368.486345496785361, 765947.001808239845559, 0.0 ], [ 384367.991673920769244, 765948.929469605674967, 0.0 ], [ 384352.840551562781911, 765979.882331090513617, 0.0 ], [ 384334.745979664148763, 765998.365428508492187, 0.0 ], [ 384314.518609015271068, 766029.974920248379931, 0.0 ], [ 384308.90298272378277, 766060.986979850451462, 0.0 ], [ 384304.686548313649837, 766126.478648950578645, 0.0 ], [ 384288.197696677874774, 766143.075653757201508, 0.0 ], [ 384258.180447417777032, 766160.0824285390554, 0.0 ], [ 384227.574931969167665, 766175.369601394515485, 0.0 ], [ 384201.636223737616092, 766188.424923034268431, 0.0 ], [ 384179.559919031104073, 766198.822376160183921, 0.0 ], [ 384157.220592341385782, 766215.408040668233298, 0.0 ], [ 384130.931959376612213, 766227.59374087525066, 0.0 ], [ 384061.225234705198091, 766248.469763138331473, 0.0 ], [ 384025.64925870927982, 766260.841692635323852, 0.0 ], [ 383995.570934251416475, 766281.911808258504607, 0.0 ], [ 383976.085528059280477, 766303.635776288923807, 0.0 ], [ 383925.154832027852535, 766320.102438527508639, 0.0 ], [ 383905.68082594423322, 766348.203144755912945, 0.0 ], [ 383903.264415407262277, 766358.392493547638878, 0.0 ], [ 383902.076065870001912, 766363.403429061290808, 0.0 ], [ 383900.900787300663069, 766368.359471833333373, 0.0 ], [ 383900.503872614935972, 766370.033249872620218, 0.0 ], [ 383893.063578157045413, 766370.00596077402588, 0.0 ], [ 383886.156513336929493, 766416.390982492710464, 0.0 ], [ 383872.178131874650717, 766500.253780362079851, 0.0 ], [ 383845.118078488041647, 766585.023021223256364, 0.0 ], [ 383822.991132579219993, 766632.66840813413728, 0.0 ], [ 383782.142310152878053, 766662.587646788801067, 0.0 ], [ 383781.337462773895822, 766663.76763782009948, 0.0 ], [ 383770.160714124795049, 766680.15370212844573, 0.0 ], [ 383761.172496057639364, 766691.796793755493127, 0.0 ], [ 383767.4123004602734, 766713.081055716145784, 0.0 ], [ 383773.461100621090736, 766742.957709078909829, 0.0 ], [ 383773.839188211364672, 766744.825174844823778, 0.0 ], [ 383774.491046126699075, 766748.044881362351589, 0.0 ], [ 383774.909417627612129, 766750.11127956060227, 0.0 ], [ 383774.550789901404642, 766752.413086402695626, 0.0 ], [ 383770.709047416632529, 766777.069775087875314, 0.0 ], [ 383769.298458235512953, 766786.12292886711657, 0.0 ], [ 383747.551029824826401, 766797.069303971366026, 0.0 ], [ 383719.527999586542137, 766816.642230284865946, 0.0 ], [ 383703.895774264470674, 766833.312226680689491, 0.0 ], [ 383701.605540083546657, 766839.479300150414929, 0.0 ], [ 383691.705834286054596, 766879.95568252063822, 0.0 ], [ 383687.742965213139541, 766890.273730887449346, 0.0 ], [ 383682.19026683527045, 766895.03768471640069, 0.0 ], [ 383668.701260766887572, 766898.218365609180182, 0.0 ], [ 383660.895701138186269, 766897.441434133332223, 0.0 ], [ 383656.797309945104644, 766897.033565323567018, 0.0 ], [ 383645.689395565539598, 766901.006630594376475, 0.0 ], [ 383631.808734107180499, 766914.900380798731931, 0.0 ], [ 383625.46439926722087, 766923.63253924541641, 0.0 ], [ 383622.295684285985772, 766935.537426443421282, 0.0 ], [ 383620.317665309587028, 766947.83845575992018, 0.0 ], [ 383622.308398410561495, 766962.518333700369112, 0.0 ], [ 383623.268665582349058, 766969.735219242051244, 0.0 ], [ 383628.728601337061264, 766969.669961607898585, 0.0 ], [ 383631.741048625030089, 766969.633950471295975, 0.0 ], [ 383643.735051714233123, 766969.490732011967339, 0.0 ], [ 383648.273088222485967, 766969.585969738429412, 0.0 ], [ 383665.65991315850988, 766969.950185463181697, 0.0 ], [ 383690.474265861092135, 766970.82837468595244, 0.0 ], [ 383690.484263420628849, 766970.828369974740781, 0.0 ], [ 383696.51332890795311, 766971.970249329344369, 0.0 ], [ 383702.542394333926495, 766973.112028700532392, 0.0 ], [ 383713.787681402114686, 766975.305892459233291, 0.0 ], [ 383725.138852267875336, 766977.520401237998158, 0.0 ], [ 383751.705618089996278, 766984.216143610188738, 0.0 ], [ 383785.709016845619772, 766992.291543425642885, 0.0 ], [ 383820.029073024285026, 767000.442175263655372, 0.0 ], [ 383825.985784308519214, 767001.856821898138151, 0.0 ], [ 383830.265274909092113, 767002.994626742904074, 0.0 ], [ 383853.622488568362314, 767009.192102886619978, 0.0 ], [ 383857.930180401133839, 767010.347290152451023, 0.0 ], [ 383894.18770277389558, 767020.070223845541477, 0.0 ], [ 383919.714389588043559, 767026.276774614583701, 0.0 ], [ 383931.722813836415298, 767029.160409448901191, 0.0 ], [ 383944.45113256003242, 767032.193668332998641, 0.0 ], [ 383956.419580511399545, 767035.107214616728015, 0.0 ], [ 383986.008268161327578, 767041.938997311284766, 0.0 ], [ 383987.705337997118477, 767042.330801576841623, 0.0 ], [ 384007.742362797493115, 767046.410359242465347, 0.0 ], [ 384013.814377342932858, 767047.468838226282969, 0.0 ], [ 384027.819104292371776, 767049.910039793117903, 0.0 ], [ 384030.238631467917003, 767050.161837685503997, 0.0 ], [ 384043.50603849790059, 767051.542246025986969, 0.0 ], [ 384047.815634489990771, 767051.859736872138456, 0.0 ], [ 384053.994393337052315, 767091.038449089275673, 0.0 ], [ 384053.887758528115228, 767093.879005143651739, 0.0 ], [ 384054.145634893735405, 767097.356533680344, 0.0 ], [ 384054.428050704416819, 767100.294082616688684, 0.0 ], [ 384053.404238031711429, 767117.129750726395287, 0.0 ], [ 384053.876668372948188, 767153.497539889882319, 0.0 ], [ 384054.16216101340251, 767175.476333772880025, 0.0 ], [ 384047.035632483311929, 767208.412344532087445, 0.0 ], [ 384037.383138199977111, 767257.71224754222203, 0.0 ], [ 384034.620146726607345, 767276.444572512060404, 0.0 ], [ 384034.512218127259985, 767277.176244596368633, 0.0 ], [ 384034.450928918202408, 767277.591472022235394, 0.0 ], [ 384050.17580514884321, 767287.81485851155594, 0.0 ], [ 384107.210445245029405, 767324.895400203880854, 0.0 ], [ 384126.154720840509981, 767337.211855929461308, 0.0 ], [ 384145.09899632143788, 767349.528311366564594, 0.0 ], [ 384151.075204333872534, 767353.916720276232809, 0.0 ], [ 384222.49767010868527, 767406.363414750783704, 0.0 ], [ 384282.038096054457128, 767456.594050733721815, 0.0 ], [ 384309.165077532059513, 767485.678343435982242, 0.0 ], [ 384325.047729237296153, 767510.138869825401343, 0.0 ], [ 384336.123893287498504, 767528.315999711747281, 0.0 ], [ 384340.25037800631253, 767535.087996992748231, 0.0 ], [ 384343.578440075740218, 767540.549791304278187, 0.0 ], [ 384349.308483907720074, 767546.79486098093912, 0.0 ], [ 384357.36045337410178, 767555.570616356329992, 0.0 ], [ 384365.412422795663588, 767564.346271667280234, 0.0 ], [ 384371.381901411223225, 767567.185461280285381, 0.0 ], [ 384393.193157694709953, 767577.559134902432561, 0.0 ], [ 384436.1847021667636, 767592.748738568392582, 0.0 ], [ 384470.573737719503697, 767596.039010893087834, 0.0 ], [ 384537.36269061290659, 767591.378344169468619, 0.0 ], [ 384596.213178592734039, 767580.769878329359926, 0.0 ], [ 384691.426317239878699, 767551.627896933234297, 0.0 ], [ 384724.50240676040994, 767540.371050290996209, 0.0 ], [ 384759.529004787211306, 767528.450346595840529, 0.0 ], [ 384776.25523896102095, 767522.792342170490883, 0.0 ], [ 384859.369016643904615, 767494.677023074356839, 0.0 ], [ 384932.010198515316006, 767474.2826552267652, 0.0 ], [ 384936.928043346910272, 767472.480377106112428, 0.0 ], [ 384978.679794998373836, 767457.17983247351367, 0.0 ], [ 385057.06573439843487, 767428.454099725466222, 0.0 ], [ 385119.221134008781519, 767414.537495319033042, 0.0 ], [ 385188.653340512013528, 767405.907864265493117, 0.0 ], [ 385308.341923737782054, 767392.625472936779261, 0.0 ], [ 385367.814954921952449, 767383.125554110389203, 0.0 ], [ 385381.310458712978289, 767380.823853944079019, 0.0 ], [ 385411.220914862118661, 767375.722499024588615, 0.0 ], [ 385432.65613167011179, 767372.066686700331047, 0.0 ], [ 385490.182454232010059, 767358.152270266204141, 0.0 ], [ 385559.60809768573381, 767335.635453753988259, 0.0 ], [ 385618.453561643138528, 767314.446202685008757, 0.0 ], [ 385715.642139834584668, 767267.448306598933414, 0.0 ], [ 385798.668580832018051, 767223.820966341067106, 0.0 ], [ 385835.307305043039378, 767204.5686173918657, 0.0 ], [ 385904.565612704725936, 767166.644574467558414, 0.0 ], [ 385954.971217055921443, 767139.043787741102278, 0.0 ], [ 386009.184079100028612, 767110.582419232698157, 0.0 ], [ 386055.460868355759885, 767080.802217828226276, 0.0 ], [ 386073.170652381435502, 767066.029997912351973, 0.0 ], [ 386080.080936919606756, 767060.265956304501742, 0.0 ], [ 386086.382710217090789, 767055.009376938454807, 0.0 ], [ 386087.190693957731128, 767054.33546160464175, 0.0 ], [ 386096.040745118923951, 767045.905660578398965, 0.0 ], [ 386103.187479696876835, 767039.09826399886515, 0.0 ], [ 386110.901320273289457, 767031.750732849817723, 0.0 ], [ 386127.494791420351248, 767015.945194061496295, 0.0 ], [ 386128.172720446134917, 767015.299533128621988, 0.0 ], [ 386140.687891762994695, 767004.792915154248476, 0.0 ], [ 386148.664774437376764, 766998.096200448577292, 0.0 ], [ 386151.692378062405623, 766996.924761155503802, 0.0 ], [ 386170.356086647603661, 766989.703737993258983, 0.0 ], [ 386177.756617832346819, 766986.840453219716437, 0.0 ], [ 386214.125063911720645, 766980.871577358106151, 0.0 ], [ 386242.062187035335228, 766979.36837843246758, 0.0 ], [ 386263.721112580620684, 766978.203055776772089, 0.0 ], [ 386264.795848099514842, 766978.202549318433739, 0.0 ], [ 386274.420079595933203, 766978.198014005436562, 0.0 ], [ 386284.044311033503618, 766978.193478692905046, 0.0 ], [ 386321.25395306921564, 766978.175944059854373, 0.0 ], [ 386357.391125930123962, 766983.818523530149832, 0.0 ], [ 386376.145693858503364, 766986.746963486424647, 0.0 ], [ 386424.431451811105944, 767000.821343052433804, 0.0 ], [ 386461.463587656966411, 767009.190829271683469, 0.0 ], [ 386557.363418133580126, 767034.274955116095953, 0.0 ], [ 386604.758752432244364, 767048.269271120429039, 0.0 ], [ 386675.750521036155988, 767065.961353046353906, 0.0 ], [ 386730.646451212523971, 767083.658220134791918, 0.0 ], [ 386858.686966706882231, 767112.165942447492853, 0.0 ], [ 386900.054845024889801, 767118.880187279195525, 0.0 ], [ 386949.688419018872082, 767126.936104627908207, 0.0 ], [ 387020.581834891345352, 767132.19308771903161, 0.0 ], [ 387088.302127806702629, 767139.567644810420461, 0.0 ], [ 387088.627147654246073, 767139.567491616355255, 0.0 ], [ 387152.844709846773185, 767139.537223461084068, 0.0 ], [ 387199.398430328059476, 767136.341062922379933, 0.0 ], [ 387306.976393801800441, 767132.268748623202555, 0.0 ], [ 387312.610404334205668, 767132.055445038713515, 0.0 ], [ 387415.237692242546473, 767119.310203067492694, 0.0 ], [ 387433.076960926991887, 767115.635798641014844, 0.0 ], [ 387492.469646475336049, 767103.402614554739557, 0.0 ], [ 387576.583024116815068, 767083.092369170044549, 0.0 ], [ 387580.279791368870065, 767082.199746559257619, 0.0 ], [ 387588.462367581319995, 767079.431071888422593, 0.0 ], [ 387598.364145377767272, 767076.080630255280994, 0.0 ], [ 387658.564790220581926, 767055.710974784102291, 0.0 ], [ 387662.670733722799923, 767053.49758515052963, 0.0 ], [ 387699.819227271655109, 767033.472012944985181, 0.0 ], [ 387730.752678589429706, 767015.407887425506487, 0.0 ], [ 387737.89944761316292, 767011.234448145027272, 0.0 ], [ 387770.688775703776628, 766987.941438695881516, 0.0 ], [ 387803.477604810963385, 766963.590191527851857, 0.0 ], [ 387810.312240554369055, 766955.576347336987965, 0.0 ], [ 387840.489713728660718, 766920.191754704690538, 0.0 ], [ 387842.734425024536904, 766917.784490732126869, 0.0 ], [ 387870.100836963043548, 766888.43553494696971, 0.0 ], [ 387882.779752479516901, 766850.338860783609562, 0.0 ], [ 387886.926977808645461, 766837.499474802520126, 0.0 ], [ 387894.40162724966649, 766814.358862988068722, 0.0 ], [ 387900.735103999089915, 766782.613712642923929, 0.0 ], [ 387908.12971053714864, 766757.216395937721245, 0.0 ], [ 387918.704912852263078, 766745.572586422553286, 0.0 ], [ 387940.918041974364314, 766731.807216900400817, 0.0 ], [ 387947.41771671018796, 766729.853936363593675, 0.0 ], [ 387962.076521442446392, 766725.448816468939185, 0.0 ], [ 387995.934853001730517, 766725.432866541435942, 0.0 ], [ 388005.296386626549065, 766729.773883846704848, 0.0 ], [ 388025.567409725626931, 766739.173811681452207, 0.0 ], [ 388049.683456944185309, 766755.521712153567933, 0.0 ], [ 388055.202956799825188, 766759.263287559500895, 0.0 ], [ 388063.311237260350026, 766767.716079913312569, 0.0 ], [ 388071.304389656579588, 766776.048956040875055, 0.0 ], [ 388079.550603815063369, 766784.645547723746859, 0.0 ], [ 388103.638925841194578, 766820.873251435579732, 0.0 ], [ 388125.878621945623308, 766863.714792135055177, 0.0 ], [ 388138.44739061105065, 766890.818275908124633, 0.0 ], [ 388160.830610187957063, 766939.086107039707713, 0.0 ], [ 388178.997007873549592, 766980.639582639909349, 0.0 ], [ 388185.457377186510712, 766995.416988023207523, 0.0 ], [ 388261.708947922976222, 767144.569503379869275, 0.0 ], [ 388286.828201903612353, 767198.99801540246699, 0.0 ], [ 388308.576646423258353, 767246.122519527212717, 0.0 ], [ 388326.843769176513888, 767278.64967030833941, 0.0 ], [ 388345.110792406019755, 767311.176820396329276, 0.0 ], [ 388383.934863076079637, 767360.092126148287207, 0.0 ], [ 388390.396073189622257, 767367.105146245565265, 0.0 ], [ 388394.035836485098116, 767371.055653605610132, 0.0 ], [ 388441.183415104052983, 767422.229272752301767, 0.0 ], [ 388511.837152552674524, 767480.125540378154255, 0.0 ], [ 388553.118130121962167, 767514.228939488879405, 0.0 ], [ 388568.924526311806403, 767524.416065557510592, 0.0 ], [ 388618.526338067778852, 767556.384165206924081, 0.0 ], [ 388651.548909501638263, 767577.667025804286823, 0.0 ], [ 388717.436356686288491, 767625.249178222496994, 0.0 ], [ 388792.315149681759067, 767670.440276198089123, 0.0 ], [ 388793.639399032981601, 767671.239453769056126, 0.0 ], [ 388853.170655223773792, 767702.160118822706863, 0.0 ], [ 388889.67823004280217, 767710.871939181466587, 0.0 ], [ 388941.260474045877345, 767713.228319315123372, 0.0 ], [ 388984.867554929922335, 767712.117520053987391, 0.0 ], [ 389004.744095212081447, 767711.611267454805784, 0.0 ], [ 389048.38481318281265, 767701.274435886880383, 0.0 ], [ 389122.1684782957891, 767665.529673346201889, 0.0 ], [ 389152.066589876427315, 767651.362175501999445, 0.0 ], [ 389226.101001922623254, 767616.280235154670663, 0.0 ], [ 389267.10224412207026, 767595.292790263658389, 0.0 ], [ 389308.103485562838614, 767574.305346448090859, 0.0 ], [ 389331.618381317239255, 767562.26873520668596, 0.0 ], [ 389392.668748818861786, 767534.27617119718343, 0.0 ], [ 389416.510383820044808, 767523.344433346763253, 0.0 ], [ 389452.403142526047304, 767510.739726011757739, 0.0 ], [ 389477.604021789389662, 767501.889732004259713, 0.0 ], [ 389545.049350200686604, 767487.57386736641638, 0.0 ], [ 389595.833853607822675, 767481.201493393629789, 0.0 ], [ 389628.370053158840165, 767481.979754403233528, 0.0 ], [ 389666.466212055878714, 767493.865039669559337, 0.0 ], [ 389687.276070529711433, 767508.746535167214461, 0.0 ], [ 389693.568832470162306, 767513.246551430085674, 0.0 ], [ 389792.281423612614162, 767571.706394491018727, 0.0 ], [ 389865.703285262803547, 767610.026856183889322, 0.0 ], [ 389919.280657842929941, 767636.45342654036358, 0.0 ], [ 390005.264386791852303, 767668.816433832864277, 0.0 ], [ 390043.796796572685707, 767680.843170993146487, 0.0 ], [ 390147.462198902387172, 767709.749688967713155, 0.0 ], [ 390271.136939801217522, 767736.14308632153552, 0.0 ], [ 390311.682807061704807, 767745.973015332128853, 0.0 ], [ 390388.199551922734827, 767764.523606002097949, 0.0 ], [ 390458.964082448743284, 767777.05480418400839, 0.0 ], [ 390542.965438654413447, 767812.725206910865381, 0.0 ], [ 390634.003796093631536, 767859.741765836370178, 0.0 ], [ 390677.124577053764369, 767873.5179937108187, 0.0 ], [ 390697.740259561105631, 767880.104228212032467, 0.0 ], [ 390715.038398759788834, 767885.486927261110395, 0.0 ], [ 390748.667475123889744, 767895.95135626452975, 0.0 ], [ 390793.64587868336821, 767917.752810546895489, 0.0 ], [ 390864.416008880420122, 767942.18743664235808, 0.0 ], [ 390900.22542706807144, 767957.709476873627864, 0.0 ], [ 390908.374066999531351, 767961.241552785853855, 0.0 ], [ 390956.360048222588375, 767993.063691547838971, 0.0 ], [ 390980.831075556925498, 767999.665099952253513, 0.0 ], [ 391005.298982121865265, 767999.653554409742355, 0.0 ], [ 391022.491039830376394, 767996.338964510126971, 0.0 ], [ 391044.308811996888835, 767985.748001407948323, 0.0 ], [ 391060.472962415253278, 767970.647228751680814, 0.0 ], [ 391070.390721383271739, 767961.381852794322185, 0.0 ], [ 391074.053994557005353, 767957.959575219079852, 0.0 ], [ 391091.897714262770023, 767934.144478357629851, 0.0 ], [ 391097.087955612456426, 767919.382101420080289, 0.0 ], [ 391108.407943615573458, 767887.18476935941726, 0.0 ], [ 391117.642950397334062, 767838.244587097899057, 0.0 ], [ 391122.252967203326989, 767797.903348340187222, 0.0 ], [ 391118.915920273808297, 767733.098045926308259, 0.0 ], [ 391110.290777151705697, 767672.924285768764094, 0.0 ], [ 391097.703026685630903, 767623.994397062109783, 0.0 ], [ 391077.838282731012441, 767569.116220002877526, 0.0 ], [ 391064.701796373992693, 767526.810740450164303, 0.0 ], [ 391057.307003828231245, 767502.996352365124039, 0.0 ], [ 391043.430573758727405, 767466.353112274664454, 0.0 ], [ 391027.511608903761953, 767424.316276433877647, 0.0 ], [ 391018.89011822961038, 767372.078035661368631, 0.0 ], [ 391013.574793999781832, 767319.177000122726895, 0.0 ], [ 391018.83867762045702, 767262.96439953695517, 0.0 ], [ 391028.732545455335639, 767208.733523407601751, 0.0 ], [ 391036.641885794932023, 767153.181012299959548, 0.0 ], [ 391049.847843816329259, 767110.851915512001142, 0.0 ], [ 391063.723864650004543, 767087.038697622367181, 0.0 ], [ 391082.220518088259269, 767045.368444221559912, 0.0 ], [ 391116.578869908466004, 766983.851752727292478, 0.0 ], [ 391122.89912060671486, 766971.809169777086936, 0.0 ], [ 391137.060577607830055, 766944.825708390329964, 0.0 ], [ 391151.598458656575531, 766922.334852263098583, 0.0 ], [ 391178.038116209732834, 766896.531811418710276, 0.0 ], [ 391183.554891374777071, 766890.905711328145117, 0.0 ], [ 391213.069958092062734, 766860.805391517234966, 0.0 ], [ 391252.725761578069068, 766814.496027932618745, 0.0 ], [ 391323.445385108585469, 766731.800885897944681, 0.0 ], [ 391364.417318482766859, 766671.603765802807175, 0.0 ], [ 391368.173533111053985, 766665.767249008524232, 0.0 ], [ 391371.929647782933898, 766659.930732288048603, 0.0 ], [ 391377.986904753895942, 766650.518621571594849, 0.0 ], [ 391387.876601675990969, 766635.1515878388891, 0.0 ], [ 391397.321535027644131, 766620.47559179214295, 0.0 ], [ 391408.691679623792879, 766602.808133704005741, 0.0 ], [ 391429.883731399429962, 766577.188028820906766, 0.0 ], [ 391451.075783255626447, 766551.567824637982994, 0.0 ], [ 391459.5824196668691, 766541.283778063254431, 0.0 ], [ 391488.654450355272274, 766488.366460393881425, 0.0 ], [ 391521.768765450338833, 766429.27147916611284, 0.0 ], [ 391534.245569808175787, 766407.005747752380557, 0.0 ], [ 391550.095126967411488, 766361.368948921910487, 0.0 ], [ 391551.239372550917324, 766357.612145685590804, 0.0 ], [ 391561.980088265263475, 766322.346970533835702, 0.0 ], [ 391566.399793060147204, 766299.638844970148057, 0.0 ], [ 391567.257603730889969, 766295.231338773388416, 0.0 ], [ 391580.458910233981442, 766242.982835828326643, 0.0 ], [ 391582.096111351274885, 766238.75481798988767, 0.0 ], [ 391593.008322291425429, 766210.573499081656337, 0.0 ], [ 391602.245556387235411, 766166.262386971968226, 0.0 ], [ 391610.159674348891713, 766111.443815651582554, 0.0 ], [ 391622.696563259640243, 766061.768087503267452, 0.0 ], [ 391624.084972846496385, 766043.405807960429229, 0.0 ], [ 391625.473482578119729, 766025.043428426957689, 0.0 ], [ 391627.296975392149761, 766000.926877549150959, 0.0 ], [ 391631.895833803690039, 765936.779092359938659, 0.0 ], [ 391635.767696320195682, 765875.011756703141145, 0.0 ], [ 391635.833982039883267, 765873.954188956762664, 0.0 ], [ 391644.410923573479522, 765831.627296392805874, 0.0 ], [ 391645.564411077240948, 765828.811854894622229, 0.0 ], [ 391660.840556646813639, 765791.526354216039181, 0.0 ], [ 391676.116702936764341, 765754.240854242118075, 0.0 ], [ 391681.391216579126194, 765720.512375166639686, 0.0 ], [ 391682.618589553516358, 765714.304644193733111, 0.0 ], [ 391695.905156383814756, 765647.101735436124727, 0.0 ], [ 391699.861045996891335, 765621.970735480310395, 0.0 ], [ 391710.427497716154903, 765591.546144392807037, 0.0 ], [ 391719.013777408516034, 765569.058107828255743, 0.0 ], [ 391732.230035580927506, 765548.551799520268105, 0.0 ], [ 391748.756712266127579, 765536.640692443354055, 0.0 ], [ 391775.205712995200884, 765530.67653578449972, 0.0 ], [ 391805.309489627950825, 765528.512013047118671, 0.0 ], [ 391821.494806804461405, 765527.348288797773421, 0.0 ], [ 391849.675319003930781, 765528.493146130815148, 0.0 ], [ 391918.045676498557441, 765531.270689350902103, 0.0 ], [ 391933.545117781963199, 765532.985470228246413, 0.0 ], [ 391983.517255127197132, 765538.514182586688548, 0.0 ], [ 392052.296549623832107, 765548.401259887847118, 0.0 ], [ 392109.831671435036696, 765553.66447950899601, 0.0 ], [ 392180.590821654710453, 765554.953868622076698, 0.0 ], [ 392232.835249445226509, 765559.558341017575003, 0.0 ], [ 392261.373680325574242, 765563.073637707741, 0.0 ], [ 392355.843172578897793, 765574.710189212812111, 0.0 ], [ 392425.941288292815443, 765576.661123107885942, 0.0 ], [ 392475.537769953079987, 765575.315225307713263, 0.0 ], [ 392500.664189241302665, 765569.35179279523436, 0.0 ], [ 392559.510667086695321, 765550.807837544125505, 0.0 ], [ 392600.476977076730691, 765538.358773333602585, 0.0 ], [ 392607.016708459355868, 765536.371492977254093, 0.0 ], [ 392641.355923524475656, 765522.116598129854538, 0.0 ], [ 392667.944288165832404, 765511.079146561445668, 0.0 ], [ 392712.243232274777256, 765494.525941587169655, 0.0 ], [ 392741.336422739317641, 765486.576741224853322, 0.0 ], [ 392793.537784017622471, 765473.624620690010488, 0.0 ], [ 392845.143168205046095, 765451.479278373415582, 0.0 ], [ 392879.400425966596231, 765430.903005615691654, 0.0 ], [ 392934.392641250393353, 765397.872493187896907, 0.0 ], [ 393009.865834295633249, 765345.707532914006151, 0.0 ], [ 393017.688635086873546, 765340.300705167697743, 0.0 ], [ 393024.527486273378599, 765333.840003686025739, 0.0 ], [ 393076.517684645834379, 765284.724330779048614, 0.0 ], [ 393122.131205044395756, 765250.976917172200046, 0.0 ], [ 393195.553968601569068, 765212.552897771121934, 0.0 ], [ 393238.49036004440859, 765190.083126968354918, 0.0 ], [ 393320.471759354870301, 765149.705577501561493, 0.0 ], [ 393404.432806649885606, 765100.069118024548516, 0.0 ], [ 393484.881165878730826, 765067.736384808202274, 0.0 ], [ 393501.624710029689595, 765061.00699691590853, 0.0 ], [ 393578.984619030496106, 765036.502759988303296, 0.0 ], [ 393692.7084579844377, 764996.771742644021288, 0.0 ], [ 393768.08259150502272, 764968.300638682791032, 0.0 ], [ 393822.299369381624274, 764948.436327197006904, 0.0 ], [ 393845.751882430282421, 764943.734380410169251, 0.0 ], [ 393852.054808992252219, 764942.470734079717658, 0.0 ], [ 393890.40833482646849, 764939.146237845998257, 0.0 ], [ 393927.432665247877594, 764921.935145643656142, 0.0 ], [ 393975.031214516086038, 764890.831964646815322, 0.0 ], [ 394019.320495936903171, 764853.778731954400428, 0.0 ], [ 394021.430538669228554, 764850.101661633350886, 0.0 ], [ 394037.160811152425595, 764822.689537642057985, 0.0 ], [ 394058.968620375148021, 764790.937145578907803, 0.0 ], [ 394068.453789792605676, 764780.61227535654325, 0.0 ], [ 394111.845112593262456, 764733.37972127343528, 0.0 ], [ 394153.485119032207876, 764687.730895713204518, 0.0 ], [ 394183.40704831131734, 764662.690412353724241, 0.0 ], [ 394193.808249530848116, 764653.986006999737583, 0.0 ], [ 394238.756900527165271, 764612.964670964865945, 0.0 ], [ 394267.90274548670277, 764590.736549789900891, 0.0 ], [ 394318.824524539988488, 764551.901162873953581, 0.0 ], [ 394322.050059580302332, 764549.44126430246979, 0.0 ], [ 394361.715271492663305, 764522.970867234747857, 0.0 ], [ 394430.470852483878843, 764482.599691848969087, 0.0 ], [ 394497.981575652665924, 764441.444401434389874, 0.0 ], [ 394492.152795197383966, 764434.114278586348519, 0.0 ], [ 394452.170010435744189, 764383.832774392561987, 0.0 ], [ 394409.915134355134796, 764350.451295810751617, 0.0 ], [ 394379.11306564649567, 764358.759180012857541, 0.0 ], [ 394342.557154690090101, 764343.040892745833844, 0.0 ], [ 394326.69239965925226, 764307.197533272556029, 0.0 ], [ 394324.533252074557822, 764288.058147141826339, 0.0 ], [ 394310.321492157119792, 764260.537523304810748, 0.0 ], [ 394302.910799807112198, 764267.667315833386965, 0.0 ], [ 394278.122703875065781, 764260.823373808176257, 0.0 ], [ 394267.775067334878258, 764246.062834699056111, 0.0 ], [ 394255.00437798933126, 764226.914433538680896, 0.0 ], [ 394240.211172574083321, 764219.640504636103287, 0.0 ], [ 394231.539372622442897, 764228.849768172949553, 0.0 ], [ 394223.924612885108218, 764236.154013005550951, 0.0 ], [ 394208.516382564150263, 764241.27516535052564, 0.0 ], [ 394190.080532644991763, 764245.802688511903398, 0.0 ], [ 394188.541363851807546, 764241.21446161204949, 0.0 ], [ 394185.918228535971139, 764233.137618345790543, 0.0 ], [ 394183.784364883322269, 764223.771068596048281, 0.0 ], [ 394181.900724813400302, 764215.014148482587188, 0.0 ], [ 394181.436733135487884, 764206.266559317358769, 0.0 ], [ 394181.033317858411465, 764198.778625916922465, 0.0 ], [ 394181.09358112863265, 764197.667876069783233, 0.0 ], [ 394181.348113487416413, 764192.975032988004386, 0.0 ], [ 394181.499167984176893, 764190.190560091286898, 0.0 ], [ 394183.348934680980165, 764185.358002906199545, 0.0 ], [ 394183.795774585450999, 764184.190985630382784, 0.0 ], [ 394199.937927710590884, 764176.315279673202895, 0.0 ], [ 394196.418915322166868, 764169.724584479467012, 0.0 ], [ 394188.718280831584707, 764162.982990734977648, 0.0 ], [ 394184.670600632554851, 764161.715209307265468, 0.0 ], [ 394176.021020835847594, 764162.036690467502922, 0.0 ], [ 394168.96118772844784, 764167.991612897254527, 0.0 ], [ 394160.31507262197556, 764175.693142459029332, 0.0 ], [ 394145.478565943427384, 764181.810476236161776, 0.0 ], [ 394134.687664933502674, 764184.98974674672354, 0.0 ], [ 394116.672707456513308, 764182.062040468212217, 0.0 ], [ 394112.785401042492595, 764184.444568781647831, 0.0 ], [ 394110.963016040914226, 764190.31765251478646, 0.0 ], [ 394112.23675837519113, 764198.966786475037225, 0.0 ], [ 394114.203252812440041, 764205.328468439402059, 0.0 ], [ 394097.422155590960756, 764204.040172017528675, 0.0 ], [ 394065.177435155725107, 764206.797423632116988, 0.0 ], [ 393964.071936813706998, 764257.380830639740452, 0.0 ], [ 393892.28880793612916, 764257.550700978725217, 0.0 ], [ 393855.87370771553833, 764262.818683746038005, 0.0 ], [ 393819.622324762050994, 764248.410518052172847, 0.0 ], [ 393786.262024337018374, 764253.607883863616735, 0.0 ], [ 393747.550624702009372, 764239.345636119600385, 0.0 ], [ 393719.676545801339671, 764238.149526366149075, 0.0 ], [ 393719.637754095019773, 764238.785285387770273, 0.0 ], [ 393720.560264769068453, 764244.623290284420364, 0.0 ], [ 393718.680562424124219, 764244.254465424455702, 0.0 ], [ 393717.580532988591585, 764243.605044662137516, 0.0 ], [ 393716.270628097059671, 764242.895937407389283, 0.0 ], [ 393714.680635634460486, 764242.27683915477246, 0.0 ], [ 393712.940747804823332, 764241.587628852808848, 0.0 ], [ 393711.210928015818354, 764241.048676198115572, 0.0 ], [ 393709.481103473342955, 764240.499626071774401, 0.0 ], [ 393707.831391665851697, 764240.02042083221022, 0.0 ], [ 393706.251462468761019, 764239.541382776806131, 0.0 ], [ 393704.651572485570796, 764238.922289163805544, 0.0 ], [ 393703.131624895497225, 764238.223178041749634, 0.0 ], [ 393701.681692608224694, 764237.59401652100496, 0.0 ], [ 393701.221596825052984, 764237.35759179724846, 0.0 ], [ 393700.30170522921253, 764236.884842186700553, 0.0 ], [ 393643.494311478047166, 764226.615991898928769, 0.0 ], [ 393635.385957066260744, 764232.822546016424894, 0.0 ], [ 393631.299701094045304, 764234.356980921584181, 0.0 ], [ 393623.936843682546169, 764237.122046563192271, 0.0 ], [ 393609.862591922632419, 764239.514257504255511, 0.0 ], [ 393603.138212730293162, 764240.657229410717264, 0.0 ], [ 393602.962326868786477, 764233.140993556007743, 0.0 ], [ 393616.679806266329251, 764201.232039399095811, 0.0 ], [ 393616.42081178096123, 764174.913549560704269, 0.0 ], [ 393596.298999033344444, 764157.128050906816497, 0.0 ], [ 393575.815256409987342, 764143.345219841459766, 0.0 ], [ 393555.540637634869199, 763878.389758832403459, 0.0 ], [ 393604.90371292817872, 763866.325007291161455, 0.0 ], [ 393598.11223255423829, 763828.230931216385216, 0.0 ], [ 393588.163235139625613, 763754.963341472437605, 0.0 ], [ 393583.470777274633292, 763749.992588085005991, 0.0 ], [ 393518.819860226707533, 763690.958605827530846, 0.0 ], [ 393480.800411892647389, 763697.634177678148262, 0.0 ], [ 393386.660494680283591, 763712.586216794908978, 0.0 ], [ 393383.323735363665037, 763691.076764282770455, 0.0 ], [ 393382.973864310188219, 763688.820992856170051, 0.0 ], [ 393379.40577349299565, 763669.677456874516793, 0.0 ], [ 393377.241075968253426, 763658.93905936088413, 0.0 ], [ 393375.728132585121784, 763651.433747091563419, 0.0 ], [ 393375.044162887730636, 763648.576382936094888, 0.0 ], [ 393373.093627182068303, 763640.42773694708012, 0.0 ], [ 393368.967975370760541, 763626.183236718759872, 0.0 ], [ 393365.162745378096588, 763611.303444996243343, 0.0 ], [ 393364.811388484726194, 763609.929253667360172, 0.0 ], [ 393361.10589901736239, 763596.254313637386076, 0.0 ], [ 393358.00417563947849, 763590.927201806567609, 0.0 ], [ 393353.492509866773617, 763584.970808976562694, 0.0 ], [ 393347.751114607613999, 763578.935012998874299, 0.0 ], [ 393335.950514639611356, 763571.362344575580209, 0.0 ], [ 393332.611202780681197, 763569.129769961233251, 0.0 ], [ 393315.209198814292904, 763557.495645645773038, 0.0 ], [ 393303.107946956297383, 763548.373605543398298, 0.0 ], [ 393298.267927509557921, 763544.685199143365026, 0.0 ], [ 393293.820450176717713, 763541.295933709479868, 0.0 ], [ 393293.315495956223458, 763540.9110669066431, 0.0 ], [ 393292.588517925469205, 763540.35704658832401, 0.0 ], [ 393294.818367769359611, 763537.603089201031253, 0.0 ], [ 393302.262318344961386, 763534.221542347455397, 0.0 ], [ 393322.974832619482186, 763525.05181787814945, 0.0 ], [ 393330.383271381491795, 763518.216251860838383, 0.0 ], [ 393331.191427328565624, 763510.454314406495541, 0.0 ], [ 393335.248625578708015, 763462.739547271979973, 0.0 ], [ 393357.458358793228399, 763381.081456355750561, 0.0 ], [ 393360.250344283180311, 763345.234214805299416, 0.0 ], [ 393367.92284685105551, 763322.898503771866672, 0.0 ], [ 393367.556101210881025, 763244.574571058619767, 0.0 ], [ 393368.197210976912174, 763240.460099733900279, 0.0 ], [ 393371.626600367191713, 763240.988259152392857, 0.0 ], [ 393375.845226762350649, 763239.457963402033783, 0.0 ], [ 393381.482457455596887, 763237.414630666957237, 0.0 ], [ 393394.226756198273506, 763232.059993115370162, 0.0 ], [ 393407.820921598933637, 763226.87481465365272, 0.0 ], [ 393434.649684634641744, 763217.23474389675539, 0.0 ], [ 393453.491736085852608, 763210.55717788322363, 0.0 ], [ 393456.213002382079139, 763209.592443023924716, 0.0 ], [ 393460.578883629757911, 763208.044882695190609, 0.0 ], [ 393468.315904049959499, 763205.821710392832756, 0.0 ], [ 393470.41509677155409, 763205.220976209384389, 0.0 ], [ 393472.5752663948806, 763204.603517617913894, 0.0 ], [ 393474.233628887217492, 763204.129458485404029, 0.0 ], [ 393485.138964532292448, 763200.005376013694331, 0.0 ], [ 393491.397494286473375, 763197.865976217319258, 0.0 ], [ 393493.496832137345336, 763197.14837123430334, 0.0 ], [ 393496.109059373033233, 763196.255469585070387, 0.0 ], [ 393498.523467864433769, 763195.430243775015697, 0.0 ], [ 393507.904629361932166, 763192.040492462343536, 0.0 ], [ 393510.238949337392114, 763191.197008793475106, 0.0 ], [ 393516.755713808350265, 763188.843241607421078, 0.0 ], [ 393525.772405551164411, 763186.389726979774423, 0.0 ], [ 393530.257464812253602, 763185.712193135288544, 0.0 ], [ 393532.810144861810841, 763185.326692455681041, 0.0 ], [ 393534.709490704000928, 763184.945897002471611, 0.0 ], [ 393538.238098491274286, 763184.074460256961174, 0.0 ], [ 393540.688000858179294, 763183.468462970806286, 0.0 ], [ 393542.640952960005961, 763170.975573929958045, 0.0 ], [ 393546.672262907552067, 763154.597882578265853, 0.0 ], [ 393550.92371466383338, 763138.639783052378334, 0.0 ], [ 393547.19199405668769, 763138.735709047177806, 0.0 ], [ 393544.585378207731992, 763138.802814634167589, 0.0 ], [ 393546.343742008029949, 763136.252628335612826, 0.0 ], [ 393547.770393308310304, 763129.873555947444402, 0.0 ], [ 393549.76775948953582, 763119.779245845275, 0.0 ], [ 393550.93200911313761, 763113.896072415169328, 0.0 ], [ 393551.460768536082469, 763110.466682823956944, 0.0 ], [ 393553.274405420466792, 763098.718772815656848, 0.0 ], [ 393554.037083132599946, 763092.894173057517037, 0.0 ], [ 393554.649138397886418, 763088.220755798392929, 0.0 ], [ 393554.928702620323747, 763087.440719946054742, 0.0 ], [ 393555.095403924584389, 763087.31927217321936, 0.0 ], [ 393555.4311953864526, 763085.134561544982716, 0.0 ], [ 393551.458039397606626, 763073.936727416352369, 0.0 ], [ 393499.178067993489094, 762968.448642048519105, 0.0 ], [ 393498.417113992734812, 762968.566969207488, 0.0 ], [ 393493.177909722842742, 762967.679747635032982, 0.0 ], [ 393491.248809902579524, 762963.237363834050484, 0.0 ], [ 393491.246407873812132, 762963.231766360695474, 0.0 ], [ 393491.14337755960878, 762956.713345957919955, 0.0 ], [ 393493.058777538535651, 762947.924647396313958, 0.0 ], [ 393493.815344480797648, 762941.006124121602625, 0.0 ], [ 393494.182229356898461, 762934.557565934723243, 0.0 ], [ 393493.869818801060319, 762929.249040913535282, 0.0 ], [ 393492.058913332410157, 762926.350615266012028, 0.0 ], [ 393486.419684230175335, 762924.983501189853996, 0.0 ], [ 393479.301641307712998, 762925.35684484813828, 0.0 ], [ 393470.997510138258804, 762926.828369759488851, 0.0 ], [ 393473.33894228131976, 762906.177039986010641, 0.0 ], [ 393448.194070010329597, 762901.127891598152928, 0.0 ], [ 393390.528660668409429, 762901.460842208354734, 0.0 ], [ 393352.97743472334696, 762900.342026371043175, 0.0 ], [ 393300.885081821354106, 762893.538649380323477, 0.0 ], [ 393306.13323377846973, 762877.892802740097977, 0.0 ], [ 393316.964248548261821, 762857.041541191283613, 0.0 ], [ 393320.111044479010161, 762844.206876654876396, 0.0 ], [ 393329.73988442501286, 762815.086847539292648, 0.0 ], [ 393326.714603987697046, 762779.592844687169418, 0.0 ], [ 393327.982324997719843, 762770.500724920653738, 0.0 ], [ 393331.229092162684537, 762731.627727500512265, 0.0 ], [ 393344.631423192215152, 762680.815757291158661, 0.0 ], [ 393370.99493739544414, 762612.774124398361892, 0.0 ], [ 393389.735500772774685, 762565.72881255869288, 0.0 ], [ 393389.848033911839593, 762565.432833878439851, 0.0 ], [ 393392.780985308811069, 762557.719389382516965, 0.0 ], [ 393395.556134724989533, 762548.85030799836386, 0.0 ], [ 393397.820601673796773, 762538.251898617600091, 0.0 ], [ 393399.506346756068524, 762527.084102902677841, 0.0 ], [ 393399.544819864269812, 762526.833847488742322, 0.0 ], [ 393399.997253648529295, 762522.452531701186672, 0.0 ], [ 393401.994491499150172, 762503.112134866649285, 0.0 ], [ 393402.440954347723164, 762498.789507205947302, 0.0 ], [ 393403.569489536457695, 762487.302352546365, 0.0 ], [ 393404.042912911158055, 762482.482936559827067, 0.0 ], [ 393404.807629545975942, 762471.615297383046709, 0.0 ], [ 393405.365313046379015, 762467.395991774392314, 0.0 ], [ 393406.371691624284722, 762459.777526426827535, 0.0 ], [ 393408.166553166636731, 762449.769189623882994, 0.0 ], [ 393408.325810868991539, 762447.629650335176848, 0.0 ], [ 393408.871945326216519, 762440.31122557586059, 0.0 ], [ 393408.559211626998149, 762434.522820391575806, 0.0 ], [ 393409.605573751730844, 762427.744026256375946, 0.0 ], [ 393410.871711053652689, 762419.53548689535819, 0.0 ], [ 393412.058907746977638, 762414.186269105528481, 0.0 ], [ 393412.392828071373515, 762412.700484419474378, 0.0 ], [ 393412.467952809063718, 762412.36653278011363, 0.0 ], [ 393412.645356085267849, 762410.547304853331298, 0.0 ], [ 393412.889323963376228, 762408.047715973807499, 0.0 ], [ 393413.064936684852, 762406.247684083762579, 0.0 ], [ 393412.708234254270792, 762405.411560403183103, 0.0 ], [ 393411.853909935802221, 762403.4090616957983, 0.0 ], [ 393409.58387442631647, 762402.120447618653998, 0.0 ], [ 393406.794311005505733, 762401.561894272454083, 0.0 ], [ 393403.297784544760361, 762400.064207104616798, 0.0 ], [ 393399.23396655236138, 762395.506651284755208, 0.0 ], [ 393390.669826143421233, 762383.373999044648372, 0.0 ], [ 393388.143288893974386, 762379.383181166136637, 0.0 ], [ 393386.727895692456514, 762377.147303650504909, 0.0 ], [ 393378.327066085184924, 762371.528545018169098, 0.0 ], [ 393372.30908666428877, 762367.503471311298199, 0.0 ], [ 393370.356863561028149, 762366.197712556109764, 0.0 ], [ 393360.756420937075745, 762360.123829653486609, 0.0 ], [ 393359.059863891743589, 762358.882235056487843, 0.0 ], [ 393355.895871150889434, 762356.566996499430388, 0.0 ], [ 393355.840662740170956, 762356.306087634991854, 0.0 ], [ 393354.663554051192477, 762350.749029297963716, 0.0 ], [ 393351.782108332554344, 762324.776776652317494, 0.0 ], [ 393350.869729367550462, 762316.649237322388217, 0.0 ], [ 393350.30631482944591, 762311.62075922335498, 0.0 ], [ 393349.192315882479306, 762296.724907548399642, 0.0 ], [ 393348.768064766714815, 762291.05212543415837, 0.0 ], [ 393348.565848458209075, 762288.34749676915817, 0.0 ], [ 393346.354554360907059, 762263.054859988391399, 0.0 ], [ 393345.851586305070668, 762256.876641170820221, 0.0 ], [ 393345.717046772944741, 762255.225917146191932, 0.0 ], [ 393344.892311879608314, 762245.103635711711831, 0.0 ], [ 393344.092112095211633, 762235.282767368247733, 0.0 ], [ 393343.805003356945235, 762231.908246038132347, 0.0 ], [ 393343.380471797310747, 762226.917093498981558, 0.0 ], [ 393342.407056171097793, 762215.475111814797856, 0.0 ], [ 393341.960911197762471, 762210.230132887256332, 0.0 ], [ 393341.434403217455838, 762196.053925871034153, 0.0 ], [ 393341.1429778089514, 762192.854862654581666, 0.0 ], [ 393339.756343576300424, 762177.949140968034044, 0.0 ], [ 393339.650000111898407, 762177.158988441806287, 0.0 ], [ 393337.288369671849068, 762159.604885887587443, 0.0 ], [ 393337.027972020383459, 762157.335575538105331, 0.0 ], [ 393335.69224246829981, 762145.669219580246136, 0.0 ], [ 393334.432337072154041, 762137.511150459176861, 0.0 ], [ 393332.41311898722779, 762124.43606696522329, 0.0 ], [ 393331.913825177936815, 762120.766018889611587, 0.0 ], [ 393331.88142148242332, 762120.527293782914057, 0.0 ], [ 393331.463019813410938, 762117.737787545891479, 0.0 ], [ 393330.496544153953437, 762111.294452012865804, 0.0 ], [ 393330.206611187662929, 762109.360871490789577, 0.0 ], [ 393329.850003345869482, 762104.242318936856464, 0.0 ], [ 393329.582472497597337, 762100.403404553304426, 0.0 ], [ 393329.824084636988118, 762082.407793127349578, 0.0 ], [ 393329.911669176071882, 762080.713276008842513, 0.0 ], [ 393330.973389267164748, 762060.18281465722248, 0.0 ], [ 393331.054701522691175, 762057.903446779586375, 0.0 ], [ 393331.456924499187153, 762046.635877096094191, 0.0 ], [ 393331.745321431313641, 762043.366659867926501, 0.0 ], [ 393332.233161891810596, 762037.947886975016445, 0.0 ], [ 393332.700119855697267, 762032.768863889272325, 0.0 ], [ 393334.413679656921886, 762019.93127293291036, 0.0 ], [ 393334.553783230949193, 762018.091767497709952, 0.0 ], [ 393335.745091184333432, 762002.514906369964592, 0.0 ], [ 393335.963390836957842, 761998.145997080951929, 0.0 ], [ 393336.399401296512224, 761989.431672902777791, 0.0 ], [ 393336.874338151712436, 761979.940124933724292, 0.0 ], [ 393337.013479408225976, 761978.180499971378595, 0.0 ], [ 393338.587455882807262, 761958.255047577084042, 0.0 ], [ 393338.901813909120392, 761954.275495920097455, 0.0 ], [ 393340.024474699399434, 761938.559901730623096, 0.0 ], [ 393340.172467602300458, 761936.488050739630125, 0.0 ], [ 393340.757089641061611, 761928.304324283613823, 0.0 ], [ 393340.928026650915854, 761925.911742785712704, 0.0 ], [ 393330.020225798594765, 761908.759340604767203, 0.0 ], [ 393327.004676393815316, 761884.401145768002607, 0.0 ], [ 393330.959079944936093, 761856.404997853562236, 0.0 ], [ 393335.503774715703912, 761836.608222585055046, 0.0 ], [ 393335.824148994521238, 761835.656510684173554, 0.0 ], [ 393339.679374344123062, 761817.051260217558593, 0.0 ], [ 393340.037248143285979, 761803.942372040008195, 0.0 ], [ 393338.916967208497226, 761778.390388603205793, 0.0 ], [ 393340.048603077884763, 761777.14936933235731, 0.0 ], [ 393348.962565500230994, 761769.017231043078937, 0.0 ], [ 393357.10744126298232, 761762.425067591480911, 0.0 ], [ 393359.570023912237957, 761760.500196414650418, 0.0 ], [ 393366.821455971745308, 761754.832420002552681, 0.0 ], [ 393367.891656734980643, 761753.910849606967531, 0.0 ], [ 393375.685664766933769, 761747.200080219539814, 0.0 ], [ 393377.963495069066994, 761744.210062054684386, 0.0 ], [ 393381.568677693139762, 761739.47795843181666, 0.0 ], [ 393382.040170048887376, 761738.859192543546669, 0.0 ], [ 393386.475801891181618, 761731.898957689059898, 0.0 ], [ 393388.312363850534894, 761725.749636546242982, 0.0 ], [ 393390.902137768629473, 761725.583265962777659, 0.0 ], [ 393406.507362774922512, 761724.581312237656675, 0.0 ], [ 393416.999945165822282, 761723.318216966232285, 0.0 ], [ 393417.826991538400762, 761723.218654760159552, 0.0 ], [ 393420.013221119821537, 761722.955497287097387, 0.0 ], [ 393437.357654295803513, 761720.338033769861795, 0.0 ], [ 393439.385729236528277, 761719.873600697494112, 0.0 ], [ 393457.000631591246929, 761715.839865046669729, 0.0 ], [ 393474.492921605124138, 761708.7235582775902, 0.0 ], [ 393484.543204897549003, 761705.303909871843643, 0.0 ], [ 393488.557160724012647, 761703.938172873109579, 0.0 ], [ 393501.526832987670787, 761696.929156363825314, 0.0 ], [ 393503.539819826721214, 761695.841286426992156, 0.0 ], [ 393503.999388563563116, 761695.5930334526347, 0.0 ], [ 393496.874465800181497, 761686.39197097462602, 0.0 ], [ 393493.675733229611069, 761682.261201900895685, 0.0 ], [ 393492.878815809614025, 761681.370397826191038, 0.0 ], [ 393482.572703720070422, 761669.849504692363553, 0.0 ], [ 393474.819508632936049, 761658.875779635389335, 0.0 ], [ 393473.209914593491703, 761656.531919518834911, 0.0 ], [ 393468.086605484131724, 761649.07148430601228, 0.0 ], [ 393461.994047197222244, 761640.3465191089781, 0.0 ], [ 393458.530694448039867, 761631.330296219908632, 0.0 ], [ 393455.156060970737599, 761619.624904688447714, 0.0 ], [ 393452.324249729688745, 761612.744351739413105, 0.0 ], [ 393449.561099534039386, 761606.030924809747376, 0.0 ], [ 393445.63710911932867, 761595.405420039664023, 0.0 ], [ 393443.682412334135734, 761590.73420368868392, 0.0 ], [ 393441.383416594122536, 761585.239954398712143, 0.0 ], [ 393438.128995241364464, 761575.547302753664553, 0.0 ], [ 393437.859386913711205, 761574.744229874573648, 0.0 ], [ 393436.096462059242185, 761570.756552694248967, 0.0 ], [ 393433.665997527190484, 761565.258565809344873, 0.0 ], [ 393432.134519150014967, 761561.280277947895229, 0.0 ], [ 393430.951606039539911, 761554.422547452850267, 0.0 ], [ 393430.908351292018779, 761547.444313779240474, 0.0 ], [ 393431.074880268424749, 761540.116069514653645, 0.0 ], [ 393432.070205724565312, 761535.146847137715667, 0.0 ], [ 393432.580984761530999, 761532.597246076329611, 0.0 ], [ 393435.897452681907453, 761527.037085392163135, 0.0 ], [ 393440.493392985546961, 761520.606443819706328, 0.0 ], [ 393446.698797388875391, 761514.1052667965414, 0.0 ], [ 393452.996248958748765, 761510.104820984997787, 0.0 ], [ 393455.314079764590133, 761508.63250480114948, 0.0 ], [ 393463.585188288707286, 761504.100068609695882, 0.0 ], [ 393464.809267994714901, 761503.429363655392081, 0.0 ], [ 393471.95522728288779, 761498.617224006797187, 0.0 ], [ 393478.491372137621511, 761493.875452143256553, 0.0 ], [ 393482.337741817056667, 761488.17507883196231, 0.0 ], [ 393483.255315911723301, 761483.481624015956186, 0.0 ], [ 393490.750997769297101, 761483.820231865975074, 0.0 ], [ 393509.838947914249729, 761484.950917169684544, 0.0 ], [ 393529.355196597985923, 761479.896849956829101, 0.0 ], [ 393542.447350603237282, 761476.118669482180849, 0.0 ], [ 393554.573799396282993, 761474.16358462756034, 0.0 ], [ 393569.725640206248499, 761471.887264576042071, 0.0 ], [ 393591.445380273682531, 761466.92694320040755, 0.0 ], [ 393605.465159560902975, 761458.571074852603488, 0.0 ], [ 393623.390753116924316, 761438.658272249274887, 0.0 ], [ 393625.304895682435017, 761425.240535618504509, 0.0 ], [ 393626.225027630513068, 761407.206919635995291, 0.0 ], [ 393628.352517307852395, 761392.293657638248987, 0.0 ], [ 393630.478172256320249, 761371.533860175986774, 0.0 ], [ 393633.508655136276502, 761356.233772643259726, 0.0 ], [ 393634.674127626640256, 761350.386491220444441, 0.0 ], [ 393638.21033301850548, 761327.495967419235967, 0.0 ], [ 393640.577747413597535, 761317.251324613112956, 0.0 ], [ 393652.361833948583808, 761308.354539139196277, 0.0 ], [ 393663.0262397119659, 761300.181996267638169, 0.0 ], [ 393671.555527220712975, 761304.294376573176123, 0.0 ], [ 393681.051199590729084, 761310.388208640972152, 0.0 ], [ 393690.099955206271261, 761307.870405891444534, 0.0 ], [ 393692.680960608355235, 761296.652007335913368, 0.0 ], [ 393694.8925719918916, 761280.97309845185373, 0.0 ], [ 393697.306032888300251, 761270.210764154559001, 0.0 ], [ 393700.223802116175648, 761244.985615266370587, 0.0 ], [ 393704.520401792251505, 761215.646051710122265, 0.0 ], [ 393716.038066036533564, 761178.765698911505751, 0.0 ], [ 393725.383080791332759, 761150.235471932217479, 0.0 ], [ 393727.997990317991935, 761123.647506598499604, 0.0 ], [ 393729.297376111615449, 761115.760573792504147, 0.0 ], [ 393744.298629435303155, 761117.495223400881514, 0.0 ], [ 393763.984527489752509, 761119.055625616689213, 0.0 ], [ 393772.082889655954204, 761119.891728649730794, 0.0 ], [ 393784.709770116547588, 761119.985699552460574, 0.0 ], [ 393796.296579400019255, 761119.370534493820742, 0.0 ], [ 393798.026038159499876, 761119.139783421182074, 0.0 ], [ 393805.623763499490451, 761118.346428684424609, 0.0 ], [ 393822.288561583147384, 761116.365630727028474, 0.0 ], [ 393823.188386116409674, 761116.25873665639665, 0.0 ], [ 393834.414990849676542, 761115.013797843595967, 0.0 ], [ 393869.074521422619, 761111.198543455451727, 0.0 ], [ 393874.672934865579009, 761110.805923470645212, 0.0 ], [ 393879.221644349279813, 761110.48387674766127, 0.0 ], [ 393892.612261401664, 761109.356596458703279, 0.0 ], [ 393894.267181495204568, 761109.217257371987216, 0.0 ], [ 393901.53542099747574, 761109.133878969820216, 0.0 ], [ 393913.592349935963284, 761109.028266513487324, 0.0 ], [ 393926.422307927743532, 761108.971580263227224, 0.0 ], [ 393938.895955849438906, 761108.916460264241323, 0.0 ], [ 393941.67515161371557, 761108.900064568268135, 0.0 ], [ 393944.313610313110985, 761096.969019759446383, 0.0 ], [ 393948.519213085004594, 761076.135972380288877, 0.0 ], [ 393954.059724618971813, 761042.13739936624188, 0.0 ], [ 393962.508810696657747, 761002.798804387915879, 0.0 ], [ 393974.340477218618616, 760974.211634294362739, 0.0 ], [ 393976.66284329094924, 760948.437806159956381, 0.0 ], [ 393984.54879588924814, 760922.19499421666842, 0.0 ], [ 393986.466782223782502, 760915.708522688248195, 0.0 ], [ 393997.166520036291331, 760863.350739091867581, 0.0 ], [ 393993.546423281135503, 760861.202869810746051, 0.0 ], [ 393987.484293695422821, 760853.397759754094295, 0.0 ], [ 393986.482957882340997, 760851.287056774366647, 0.0 ], [ 393984.041763910965528, 760846.141087490250356, 0.0 ], [ 393982.308490416500717, 760838.423931458150037, 0.0 ], [ 393982.004525490221567, 760829.566292940988205, 0.0 ], [ 393982.191257031052373, 760828.450485216686502, 0.0 ], [ 393983.809034235135186, 760818.788149890489876, 0.0 ], [ 393986.205075350124389, 760811.818676009075716, 0.0 ], [ 393990.738798565638717, 760800.609465112909675, 0.0 ], [ 393990.771954865718726, 760800.5337685799459, 0.0 ], [ 393994.973225945024751, 760790.959803423960693, 0.0 ], [ 393988.010568920755759, 760769.349873086553998, 0.0 ], [ 393971.350568397843745, 760771.967005558661185, 0.0 ], [ 393967.843216213048436, 760776.606082849903032, 0.0 ], [ 393965.07490337069612, 760778.516898238565773, 0.0 ], [ 393959.456663388875313, 760779.269436135422438, 0.0 ], [ 393957.965760817984119, 760779.320220387424342, 0.0 ], [ 393957.68713511293754, 760779.329748254036531, 0.0 ], [ 393948.999450302042533, 760779.624235839932226, 0.0 ], [ 393937.512859920912888, 760780.759321280405857, 0.0 ], [ 393921.44696947268676, 760780.936787406681105, 0.0 ], [ 393917.757914048037492, 760780.979601266561076, 0.0 ], [ 393913.499005211517215, 760781.030479502514936, 0.0 ], [ 393900.822161624906585, 760780.986416796571575, 0.0 ], [ 393897.772719627828337, 760780.759199289721437, 0.0 ], [ 393893.603719842503779, 760780.449925714288838, 0.0 ], [ 393879.713932128506713, 760773.45817041117698, 0.0 ], [ 393879.481531766301487, 760773.332810457446612, 0.0 ], [ 393872.289320852374658, 760769.454044285463169, 0.0 ], [ 393871.193819226464257, 760768.863304385216907, 0.0 ], [ 393861.282573666772805, 760765.164264240069315, 0.0 ], [ 393859.314823487191461, 760764.429968048003502, 0.0 ], [ 393842.076789719169028, 760759.609833736321889, 0.0 ], [ 393838.467322630516719, 760758.601173706818372, 0.0 ], [ 393830.468356586934533, 760756.525432909606025, 0.0 ], [ 393829.550836873066146, 760756.419288408593275, 0.0 ], [ 393822.540014641010202, 760755.608768770704046, 0.0 ], [ 393812.481890480150469, 760754.444362284615636, 0.0 ], [ 393802.653536418569274, 760753.553179941140115, 0.0 ], [ 393801.184242188581266, 760753.41980019712355, 0.0 ], [ 393800.36307984002633, 760753.274120551068336, 0.0 ], [ 393786.1767577418359, 760750.757582462741993, 0.0 ], [ 393763.489916529972106, 760745.569986935239285, 0.0 ], [ 393758.990663039963692, 760744.541747671784833, 0.0 ], [ 393750.022037936025299, 760742.676507268799469, 0.0 ], [ 393743.833001619204879, 760742.063054031925276, 0.0 ], [ 393742.593554675229825, 760741.940164198516868, 0.0 ], [ 393735.585517428233288, 760742.38332922256086, 0.0 ], [ 393732.756710863730405, 760743.634338324889541, 0.0 ], [ 393730.448356997338124, 760745.704798946506344, 0.0 ], [ 393726.771713916561566, 760749.84608066524379, 0.0 ], [ 393725.991720515827183, 760750.725725024356507, 0.0 ], [ 393719.565226349630393, 760754.567667194991373, 0.0 ], [ 393716.502848665055353, 760755.113562074955553, 0.0 ], [ 393700.912034717563074, 760785.233908631838858, 0.0 ], [ 393677.101044733426534, 760781.053786602569744, 0.0 ], [ 393657.175338997971267, 760771.221463214955293, 0.0 ], [ 393614.107206995482557, 760770.112774288048968, 0.0 ], [ 393577.64790636615362, 760772.185899375472218, 0.0 ], [ 393518.48807759443298, 760776.37440725043416, 0.0 ], [ 393492.391128875082359, 760778.337016012636013, 0.0 ], [ 393461.374026552715804, 760786.749211025424302, 0.0 ], [ 393469.910254301852547, 760766.993964003631845, 0.0 ], [ 393473.00851649499964, 760736.484650393016636, 0.0 ], [ 393474.036420612654183, 760718.646433797082864, 0.0 ], [ 393475.288918852747884, 760691.074548044591211, 0.0 ], [ 393472.909540496882983, 760677.010279730777256, 0.0 ], [ 393471.7795666588936, 760673.893787785666063, 0.0 ], [ 393468.125192421721295, 760662.578227526159026, 0.0 ], [ 393463.979109773179516, 760647.344077622168697, 0.0 ], [ 393462.63112469308544, 760641.519265259732492, 0.0 ], [ 393460.46288808924146, 760632.149523338535801, 0.0 ], [ 393457.877568769326899, 760619.383926089503802, 0.0 ], [ 393456.445166057324968, 760613.475973940221593, 0.0 ], [ 393454.882543724088464, 760607.028317692573182, 0.0 ], [ 393453.719900628726464, 760600.75043201202061, 0.0 ], [ 393444.201309813885018, 760577.270855951937847, 0.0 ], [ 393438.053980676631909, 760579.69302289315965, 0.0 ], [ 393423.300956985272933, 760586.718260097317398, 0.0 ], [ 393411.886877001670655, 760593.271854913560674, 0.0 ], [ 393397.953717830358073, 760600.446671747951768, 0.0 ], [ 393390.806751114549115, 760603.109245908330195, 0.0 ], [ 393378.31163853983162, 760608.372669008094817, 0.0 ], [ 393377.952499107690528, 760608.52389902737923, 0.0 ], [ 393376.915359179023653, 760609.166822916711681, 0.0 ], [ 393371.8358023368055, 760612.315909162163734, 0.0 ], [ 393369.740850678179413, 760614.292893707170151, 0.0 ], [ 393366.239671292016283, 760617.597103463136591, 0.0 ], [ 393362.293155108811334, 760622.937611952424049, 0.0 ], [ 393360.744617780204862, 760625.237860258668661, 0.0 ], [ 393357.438445812673308, 760631.657699472270906, 0.0 ], [ 393356.285072304017376, 760635.803701345692389, 0.0 ], [ 393355.013128027552739, 760640.376651833532378, 0.0 ], [ 393350.250961102952715, 760654.585423103650101, 0.0 ], [ 393349.671919195563532, 760656.325158529216424, 0.0 ], [ 393348.941786202834919, 760659.072812429745682, 0.0 ], [ 393346.478336098836735, 760668.343744616955519, 0.0 ], [ 393341.02014289656654, 760690.680608052527532, 0.0 ], [ 393339.265381834004074, 760700.948959547909908, 0.0 ], [ 393339.066091850341763, 760702.57514589629136, 0.0 ], [ 393337.606128862011246, 760714.494546592002735, 0.0 ], [ 393337.444287022808567, 760715.815891696722247, 0.0 ], [ 393336.934858762077056, 760719.975189342047088, 0.0 ], [ 393336.519659490324557, 760730.022869913838804, 0.0 ], [ 393334.953211128013209, 760736.782011307775974, 0.0 ], [ 393333.674858581740409, 760739.621898468583822, 0.0 ], [ 393328.958460786670912, 760744.802807179861702, 0.0 ], [ 393323.511904701357707, 760749.254239727626555, 0.0 ], [ 393316.154943822300993, 760751.817037794971839, 0.0 ], [ 393293.382705340569373, 760757.727504726150073, 0.0 ], [ 393291.304177677840926, 760758.267041428945959, 0.0 ], [ 393289.22562389774248, 760758.750692121568136, 0.0 ], [ 393281.06275441928301, 760760.650132952257991, 0.0 ], [ 393276.839370665838942, 760761.632961453055032, 0.0 ], [ 393276.148085585446097, 760758.513964738929644, 0.0 ], [ 393275.597092631156556, 760756.094927364727482, 0.0 ], [ 393273.944618228648324, 760749.917245010612532, 0.0 ], [ 393273.063894745486323, 760747.898161732358858, 0.0 ], [ 393271.803084184764884, 760745.489353607757948, 0.0 ], [ 393267.981968940817751, 760741.272194625926204, 0.0 ], [ 393261.610617456957698, 760734.756802575313486, 0.0 ], [ 393260.247537640854716, 760733.642518454347737, 0.0 ], [ 393254.45977407169994, 760728.911107355263084, 0.0 ], [ 393251.209245207021013, 760726.253791440511122, 0.0 ], [ 393248.215180367522407, 760724.08463354234118, 0.0 ], [ 393245.168710972648114, 760721.877709577325732, 0.0 ], [ 393233.628301493648905, 760714.824768055346794, 0.0 ], [ 393224.928456559428014, 760710.500016341218725, 0.0 ], [ 393211.478967901261058, 760704.181483366061002, 0.0 ], [ 393206.539018993789796, 760701.860772854182869, 0.0 ], [ 393198.559767264814582, 760697.907391297747381, 0.0 ], [ 393194.813536869711243, 760696.051306574256159, 0.0 ], [ 393185.270601920550689, 760715.257364521967247, 0.0 ], [ 393178.471566971391439, 760732.936521853320301, 0.0 ], [ 393174.596247919369489, 760743.01541309710592, 0.0 ], [ 393170.532915514835622, 760755.104189695673995, 0.0 ], [ 393168.577573000104167, 760764.234820609097369, 0.0 ], [ 393168.338255471666344, 760765.352752941893414, 0.0 ], [ 393167.934032914054114, 760771.291656860965304, 0.0 ], [ 393167.85171894042287, 760772.50119289313443, 0.0 ], [ 393166.45736802672036, 760783.839009674149565, 0.0 ], [ 393164.341192854801193, 760790.888236292055808, 0.0 ], [ 393164.221419088367838, 760791.308087301207706, 0.0 ], [ 393159.710930601344444, 760802.823016636772081, 0.0 ], [ 393159.168713405902963, 760804.207323979004286, 0.0 ], [ 393156.062130124482792, 760808.997878453577869, 0.0 ], [ 393155.362409905181266, 760810.077535612508655, 0.0 ], [ 393155.093217662419192, 760810.377886360045522, 0.0 ], [ 393153.274021827150136, 760812.408029218204319, 0.0 ], [ 393150.365633316978347, 760814.298816132242791, 0.0 ], [ 393143.318215652601793, 760816.05167257913854, 0.0 ], [ 393138.509713901963551, 760816.683662581956014, 0.0 ], [ 393135.450666809920222, 760817.085192321334034, 0.0 ], [ 393125.604426460049581, 760819.859002011013217, 0.0 ], [ 393118.597634190460667, 760822.971499575069174, 0.0 ], [ 393110.290681320417207, 760825.044964788598008, 0.0 ], [ 393090.987439245625865, 760829.172957328963093, 0.0 ], [ 393079.671688063186593, 760832.207489016000181, 0.0 ], [ 393061.388944002217613, 760837.305662082042545, 0.0 ], [ 393051.232408580021001, 760840.138802264467813, 0.0 ], [ 393047.246818905230612, 760841.023444484104402, 0.0 ], [ 393042.006673162744846, 760842.186603624606505, 0.0 ], [ 393039.316724970412906, 760842.783612009487115, 0.0 ], [ 393033.318282475695014, 760842.906485725659877, 0.0 ], [ 393025.315716072334908, 760843.61744942155201, 0.0 ], [ 393025.100678822258487, 760843.636645159800537, 0.0 ], [ 393023.591119039454497, 760843.770817380049266, 0.0 ], [ 393017.862763037905097, 760844.22328244545497, 0.0 ], [ 393015.774197220220231, 760846.173771363915876, 0.0 ], [ 393014.60591526387725, 760849.223655224777758, 0.0 ], [ 393014.131464409001637, 760849.716653815237805, 0.0 ], [ 393012.517452254658565, 760851.394089129753411, 0.0 ], [ 393005.939154645544477, 760851.51693398761563, 0.0 ], [ 393004.269586561480537, 760851.547806849237531, 0.0 ], [ 392976.876402902766131, 760851.69067833002191, 0.0 ], [ 392965.949239282752387, 760851.699684880208224, 0.0 ], [ 392948.713555197697133, 760851.713739604339935, 0.0 ], [ 392945.954247883637436, 760851.7197281740373, 0.0 ], [ 392925.041996829328127, 760851.763894288102165, 0.0 ], [ 392918.421158651355654, 760851.777986221946776, 0.0 ], [ 392901.115227085130755, 760851.226215185248293, 0.0 ], [ 392895.419598752574529, 760851.114605963462964, 0.0 ], [ 392871.212428259023, 760850.640242118388414, 0.0 ], [ 392865.993846056633629, 760850.882621409487911, 0.0 ], [ 392855.976567282225005, 760851.347288703778759, 0.0 ], [ 392853.21481461438816, 760851.683096008491702, 0.0 ], [ 392849.643110559962224, 760852.117657316965051, 0.0 ], [ 392846.079603994614445, 760852.551215045969002, 0.0 ], [ 392845.32983381964732, 760852.641942920861766, 0.0 ], [ 392840.524158320797142, 760853.119570397073403, 0.0 ], [ 392826.185908447019756, 760854.544717944809236, 0.0 ], [ 392825.825515281117987, 760854.580577481887303, 0.0 ], [ 392818.458802497014403, 760854.678897109697573, 0.0 ], [ 392814.968396721640602, 760854.725617321208119, 0.0 ], [ 392806.309300861903466, 760853.313818453694694, 0.0 ], [ 392796.807651310809888, 760851.764647811767645, 0.0 ], [ 392794.361976152285933, 760851.365990836755373, 0.0 ], [ 392779.603270027262624, 760846.244170503690839, 0.0 ], [ 392771.113855746283662, 760842.959060195018537, 0.0 ], [ 392760.214887980022468, 760839.555006090085953, 0.0 ], [ 392759.607757270685397, 760839.592580553377047, 0.0 ], [ 392752.24720987182809, 760840.048607879551128, 0.0 ], [ 392748.539010267180856, 760840.634095307788812, 0.0 ], [ 392743.610005829832517, 760841.412305355188437, 0.0 ], [ 392741.596788380818907, 760841.796150706359185, 0.0 ], [ 392727.05561846983619, 760844.569156445446424, 0.0 ], [ 392709.631093416537624, 760846.966804045136087, 0.0 ], [ 392709.071125939895865, 760846.950969800236635, 0.0 ], [ 392701.602993586740922, 760846.740513939061202, 0.0 ], [ 392690.375128437357489, 760845.306221522507258, 0.0 ], [ 392689.223750352801289, 760844.951648381655104, 0.0 ], [ 392682.205993455077987, 760842.790669090696611, 0.0 ], [ 392669.917545493866783, 760839.757171871606261, 0.0 ], [ 392665.148286566720344, 760838.579695684253238, 0.0 ], [ 392657.129856914980337, 760837.653575783013366, 0.0 ], [ 392646.451545555901248, 760835.559191179927438, 0.0 ], [ 392635.753757776052225, 760834.574438553769141, 0.0 ], [ 392633.744017246412113, 760834.055507740238681, 0.0 ], [ 392628.744486763665918, 760832.388261471875012, 0.0 ], [ 392626.845657963189296, 760831.73981114232447, 0.0 ], [ 392625.294797786220443, 760831.210168460616842, 0.0 ], [ 392611.446446946705692, 760827.337909775320441, 0.0 ], [ 392610.266587506048381, 760827.008143725222908, 0.0 ], [ 392600.068646470783278, 760825.963172369636595, 0.0 ], [ 392574.483855857921299, 760823.435864721075632, 0.0 ], [ 392571.684547960758209, 760823.206730650621466, 0.0 ], [ 392564.434880699671339, 760822.611868504434824, 0.0 ], [ 392552.668468364689033, 760821.646510496968403, 0.0 ], [ 392551.758583300746977, 760821.620142465573736, 0.0 ], [ 392540.441356738097966, 760821.292315275873989, 0.0 ], [ 392531.813097940874286, 760820.407170091406442, 0.0 ], [ 392527.116945978021249, 760819.926185684977099, 0.0 ], [ 392526.754119234276004, 760819.88906457927078, 0.0 ], [ 392516.436660929350182, 760819.813906889525242, 0.0 ], [ 392511.936847598699387, 760818.878844045568258, 0.0 ], [ 392505.588316329638474, 760817.559541416936554, 0.0 ], [ 392499.928539194399491, 760815.012823186465539, 0.0 ], [ 392497.268582442891784, 760813.684398367535323, 0.0 ], [ 392493.307160992117133, 760811.950183289474808, 0.0 ], [ 392485.999090336379595, 760808.750798532390036, 0.0 ], [ 392475.479194780346006, 760802.926970412605442, 0.0 ], [ 392473.008972016221378, 760801.558766782283783, 0.0 ], [ 392460.338600736577064, 760793.996577829355374, 0.0 ], [ 392454.839091898233164, 760792.10961983713787, 0.0 ], [ 392448.300216661416925, 760791.0228480004007, 0.0 ], [ 392441.490951034764294, 760788.956647027051076, 0.0 ], [ 392438.889356130152009, 760787.791853990638629, 0.0 ], [ 392427.122331459191628, 760782.523569923243485, 0.0 ], [ 392422.06173584528733, 760780.257801214349456, 0.0 ], [ 392423.52823334094137, 760773.54889012419153, 0.0 ], [ 392425.214731873187702, 760766.959646333707497, 0.0 ], [ 392423.923900078225415, 760764.49086595675908, 0.0 ], [ 392419.294019637163728, 760762.273683710955083, 0.0 ], [ 392410.433780185470823, 760757.029034646926448, 0.0 ], [ 392394.173885053256527, 760748.568847157410346, 0.0 ], [ 392385.034481761045754, 760744.964019190869294, 0.0 ], [ 392365.215536455099937, 760736.635362341417931, 0.0 ], [ 392363.736564924300183, 760738.04560177505482, 0.0 ], [ 392363.314899091783445, 760738.321330078644678, 0.0 ], [ 392361.656712826341391, 760740.032178271911107, 0.0 ], [ 392360.625089631415904, 760739.431610392173752, 0.0 ], [ 392359.904053903825115, 760739.397955847787671, 0.0 ], [ 392351.390093963360414, 760739.001234811847098, 0.0 ], [ 392344.801053289091215, 760737.534580935607664, 0.0 ], [ 392343.00984234776115, 760736.768509425455704, 0.0 ], [ 392339.361323596735019, 760735.207804423989728, 0.0 ], [ 392334.690583854680881, 760731.131005118717439, 0.0 ], [ 392328.930602292472031, 760728.094455384416506, 0.0 ], [ 392325.769431645458099, 760727.110878524486907, 0.0 ], [ 392323.701147119165398, 760726.467305945348926, 0.0 ], [ 392312.623676378745586, 760725.962510127224959, 0.0 ], [ 392294.988274016708601, 760726.380749530042522, 0.0 ], [ 392292.72504111926537, 760726.385406329180114, 0.0 ], [ 392285.890553657431155, 760726.39949763182085, 0.0 ], [ 392282.44141790678259, 760726.406608174322173, 0.0 ], [ 392265.915007409756072, 760725.688912593759596, 0.0 ], [ 392261.48612293851329, 760725.496630868758075, 0.0 ], [ 392250.513536719721742, 760725.229526696610264, 0.0 ], [ 392248.989199834992178, 760725.192448505433276, 0.0 ], [ 392245.979676074173767, 760724.604402026976459, 0.0 ], [ 392226.362881258362904, 760720.773627638118342, 0.0 ], [ 392224.991098334488925, 760720.505635736160912, 0.0 ], [ 392206.734987152565736, 760716.93895931832958, 0.0 ], [ 392191.648274562554434, 760713.99204669194296, 0.0 ], [ 392183.582770544104278, 760712.030906082480215, 0.0 ], [ 392181.019618872262072, 760711.407759657478891, 0.0 ], [ 392173.400472181499936, 760708.951933767646551, 0.0 ], [ 392170.450810413225554, 760708.742664769757539, 0.0 ], [ 392155.614320720662363, 760707.690462452475913, 0.0 ], [ 392150.08558002486825, 760707.433210991905071, 0.0 ], [ 392147.69609733496327, 760707.264370052609593, 0.0 ], [ 392145.636387405800633, 760706.785452301963232, 0.0 ], [ 392143.886469220044091, 760706.026359619922005, 0.0 ], [ 392136.326544017763808, 760702.150960025261156, 0.0 ], [ 392129.365920151991304, 760699.66803296469152, 0.0 ], [ 392128.377202005824074, 760699.315383081440814, 0.0 ], [ 392116.059291982150171, 760697.211565642384812, 0.0 ], [ 392108.590414099220652, 760695.625552419340238, 0.0 ], [ 392107.274384883814491, 760695.502398292650469, 0.0 ], [ 392096.042995898926165, 760694.451710281777196, 0.0 ], [ 392090.339215810352471, 760694.231131441309117, 0.0 ], [ 392084.078864497132599, 760693.989018131396733, 0.0 ], [ 392080.716542563517578, 760693.859022218501195, 0.0 ], [ 392075.746480772155337, 760693.85534631786868, 0.0 ], [ 392055.502824166091159, 760693.840812545502558, 0.0 ], [ 392055.286977305251639, 760693.839313814183697, 0.0 ], [ 392049.864213033462875, 760693.802857696893625, 0.0 ], [ 392029.869136605528183, 760693.66533839458134, 0.0 ], [ 392028.159557591890916, 760693.653640430653468, 0.0 ], [ 392025.280285551329143, 760693.674481109017506, 0.0 ], [ 392023.451247999852058, 760693.687732760328799, 0.0 ], [ 392009.874180608720053, 760693.786054648458958, 0.0 ], [ 392004.575520299142227, 760693.824621815467253, 0.0 ], [ 392000.254166921775322, 760693.757758439984173, 0.0 ], [ 391998.29704098921502, 760693.727580795064569, 0.0 ], [ 391993.717980532790534, 760692.224495965056121, 0.0 ], [ 391990.29780885821674, 760691.101874563493766, 0.0 ], [ 391985.818706682650372, 760700.045638405135833, 0.0 ], [ 391984.874223926104605, 760701.931809637695551, 0.0 ], [ 391979.610560755478218, 760713.321330516017042, 0.0 ], [ 391978.112748862477019, 760716.561322890571319, 0.0 ], [ 391975.587660007877275, 760725.720219820854254, 0.0 ], [ 391972.943974813446403, 760737.818439415190369, 0.0 ], [ 391971.55057189083891, 760748.620397748542018, 0.0 ], [ 391971.084178454824723, 760752.236114340601489, 0.0 ], [ 391969.258251897175796, 760766.393038476002403, 0.0 ], [ 391967.003089709673077, 760782.169659503386356, 0.0 ], [ 391965.5913587686955, 760792.045657329144888, 0.0 ], [ 391964.893614990811329, 760796.927366486983374, 0.0 ], [ 391964.490865634463262, 760811.793948456412181, 0.0 ], [ 391964.382566866814159, 760815.802899634698406, 0.0 ], [ 391963.880261361948214, 760831.77925148664508, 0.0 ], [ 391963.769534496765118, 760835.298925780924037, 0.0 ], [ 391963.545227569236886, 760842.436751156463288, 0.0 ], [ 391962.941231297794729, 760856.239192534005269, 0.0 ], [ 391962.516378046479076, 760865.951269909506664, 0.0 ], [ 391962.062388525228016, 760871.72024394152686, 0.0 ], [ 391961.827640817733482, 760874.701210530474782, 0.0 ], [ 391961.313920552958734, 760881.228023562813178, 0.0 ], [ 391960.656754669325892, 760887.366800408228301, 0.0 ], [ 391960.200160041626077, 760891.626152024138719, 0.0 ], [ 391959.392690763168503, 760899.174547730945051, 0.0 ], [ 391958.669041752815247, 760904.886062192264944, 0.0 ], [ 391958.222999223973602, 760908.406892999773845, 0.0 ], [ 391957.833434544387273, 760911.482708344352432, 0.0 ], [ 391956.912562597892247, 760918.750826969160698, 0.0 ], [ 391956.805777336878236, 760925.569177080644295, 0.0 ], [ 391956.957388791488484, 760933.801453877706081, 0.0 ], [ 391957.148183190845884, 760944.15668309701141, 0.0 ], [ 391957.164798648504075, 760945.054051613784395, 0.0 ], [ 391959.991656546539161, 760950.749010029365309, 0.0 ], [ 391960.126850093423855, 760951.021178962546401, 0.0 ], [ 391964.449006200884469, 760957.93753365566954, 0.0 ], [ 391967.523184762569144, 760961.456118960864842, 0.0 ], [ 391971.110910066054203, 760965.562417592387646, 0.0 ], [ 391971.980911994294729, 760966.67213411279954, 0.0 ], [ 391978.68354038556572, 760975.226567183271982, 0.0 ], [ 391983.685663393931463, 760982.862424386315979, 0.0 ], [ 391984.896425966464449, 760984.711297256406397, 0.0 ], [ 391991.997687287046574, 760991.196359716239385, 0.0 ], [ 391999.987964624364395, 760996.051412799046375, 0.0 ], [ 392007.776838271063752, 760997.797335222479887, 0.0 ], [ 392015.805091093992814, 760998.343444848665968, 0.0 ], [ 392018.524778442457318, 760998.911731359665282, 0.0 ], [ 392023.923858928144909, 761000.039225478307344, 0.0 ], [ 392025.423653902078513, 761000.400833972496912, 0.0 ], [ 392027.193411914166063, 761000.827400024980307, 0.0 ], [ 392029.413582302513532, 761002.376075658714399, 0.0 ], [ 392031.144431111053564, 761005.114483451470733, 0.0 ], [ 392032.270510527247097, 761010.161898303194903, 0.0 ], [ 392032.997853467590176, 761013.421645361813717, 0.0 ], [ 392036.292860793997534, 761025.886996265733615, 0.0 ], [ 392036.293141238216776, 761026.486846560845152, 0.0 ], [ 392037.144954486109782, 761029.535588012658991, 0.0 ], [ 392043.693573814816773, 761052.95668542268686, 0.0 ], [ 392046.047049044980668, 761059.291005294886418, 0.0 ], [ 392049.149179942789488, 761067.640472534461878, 0.0 ], [ 392052.862928286020178, 761077.636343156569637, 0.0 ], [ 392055.577030519256368, 761086.572645463864319, 0.0 ], [ 392059.161052985931747, 761098.368127913679928, 0.0 ], [ 392067.311380742292386, 761124.797725368989632, 0.0 ], [ 392068.36422371835215, 761129.085963591351174, 0.0 ], [ 392071.12769426900195, 761140.33216661051847, 0.0 ], [ 392071.587088700442109, 761143.772393847000785, 0.0 ], [ 392072.24121600703802, 761148.66956668056082, 0.0 ], [ 392073.033895639528055, 761154.607715113437735, 0.0 ], [ 392075.13694070733618, 761183.619496669969521, 0.0 ], [ 392075.716377721400931, 761204.104017315199599, 0.0 ], [ 392075.77653999364702, 761211.11044194852002, 0.0 ], [ 392075.779817770118825, 761211.492245202185586, 0.0 ], [ 392074.723093257169239, 761217.93113379762508, 0.0 ], [ 392070.628034658206161, 761226.31095961574465, 0.0 ], [ 392065.192527958948631, 761233.231676356634125, 0.0 ], [ 392061.246587563829962, 761239.592036093934439, 0.0 ], [ 392059.37386056012474, 761244.09378952998668, 0.0 ], [ 392058.829908034414984, 761245.401617852854542, 0.0 ], [ 392058.892717040434945, 761251.440082691144198, 0.0 ], [ 392061.873333785624709, 761254.348063258687034, 0.0 ], [ 392063.35230948170647, 761255.298634376260452, 0.0 ], [ 392067.03359798429301, 761257.664822269231081, 0.0 ], [ 392067.332630815042648, 761258.1082718038233, 0.0 ], [ 392060.345278918917757, 761283.557394256698899, 0.0 ], [ 392060.237463878293056, 761283.681513741263188, 0.0 ], [ 392056.920630477136001, 761288.681818470708095, 0.0 ], [ 392051.955805599223822, 761293.035255466937087, 0.0 ], [ 392049.665316472644918, 761295.043526196619496, 0.0 ], [ 392047.884376619709656, 761296.360031057964079, 0.0 ], [ 392045.307910447416361, 761298.264861373812892, 0.0 ], [ 392037.756350091251079, 761312.064853030955419, 0.0 ], [ 392032.878955049265642, 761322.086335932021029, 0.0 ], [ 392030.874681681918446, 761326.204646692494862, 0.0 ], [ 392030.844421920017339, 761326.274543421459384, 0.0 ], [ 392027.095740348042455, 761334.788974132854491, 0.0 ], [ 392026.750093896582257, 761335.57414006057661, 0.0 ], [ 392025.581293549912516, 761337.515202873153612, 0.0 ], [ 392022.077189930540044, 761343.334091327269562, 0.0 ], [ 392021.678499191242736, 761343.996312731294893, 0.0 ], [ 392017.28970378980739, 761351.284748692065477, 0.0 ], [ 392010.453709420573432, 761361.972981929429807, 0.0 ], [ 392008.738192315096967, 761364.655415714601986, 0.0 ], [ 392007.70404288219288, 761366.135830428567715, 0.0 ], [ 392003.0732998928288, 761372.765943851904012, 0.0 ], [ 392002.674741871422157, 761373.498147759935819, 0.0 ], [ 392000.340231254580431, 761377.788070380222052, 0.0 ], [ 391999.200894817127846, 761379.881381511106156, 0.0 ], [ 391994.852268390764948, 761386.910963418660685, 0.0 ], [ 391990.995830766158178, 761392.896575370104983, 0.0 ], [ 391989.6322373621515, 761394.534804909490049, 0.0 ], [ 391984.611012419743929, 761400.567750070011243, 0.0 ], [ 391975.06737342022825, 761408.220707323867828, 0.0 ], [ 391974.657229988195468, 761408.550417021731846, 0.0 ], [ 391965.953893169004004, 761418.1520953734871, 0.0 ], [ 391961.869839490624145, 761423.127065962878987, 0.0 ], [ 391952.325060315022711, 761434.754333201562986, 0.0 ], [ 391949.199979579658248, 761438.686515135806985, 0.0 ], [ 391936.818057609896641, 761454.266724650282413, 0.0 ], [ 391936.758310040982906, 761454.34693261096254, 0.0 ], [ 391931.842433746147435, 761460.967282432480715, 0.0 ], [ 391929.567756653064862, 761465.360451634391211, 0.0 ], [ 391928.176660804718267, 761468.047332753892988, 0.0 ], [ 391924.742130627622828, 761477.906482126913033, 0.0 ], [ 391923.13292218913557, 761490.708143907017075, 0.0 ], [ 391923.079434822022449, 761491.13406276225578, 0.0 ], [ 391921.375508392695338, 761504.70137802825775, 0.0 ], [ 391919.941180924477521, 761516.059217941365205, 0.0 ], [ 391918.026542998151854, 761526.497511858819053, 0.0 ], [ 391916.528678863542154, 761530.47722074307967, 0.0 ], [ 391912.531045484764036, 761541.097144187311642, 0.0 ], [ 391909.210051374568138, 761550.66561313776765, 0.0 ], [ 391908.394311987853143, 761552.49733828229364, 0.0 ], [ 391907.249900059541687, 761555.067333207232878, 0.0 ], [ 391904.645986043615267, 761560.91519407206215, 0.0 ], [ 391901.099456077907234, 761567.295063468394801, 0.0 ], [ 391898.752416310831904, 761571.515209897304885, 0.0 ], [ 391894.286732173641212, 761577.716853917343542, 0.0 ], [ 391889.893283179379068, 761583.818389119463973, 0.0 ], [ 391887.923354660742916, 761586.554029141785577, 0.0 ], [ 391882.350766069721431, 761594.29310805676505, 0.0 ], [ 391880.940480768796988, 761596.137208414264023, 0.0 ], [ 391877.713324945769273, 761599.640345549094491, 0.0 ], [ 391873.983549700700678, 761603.688881981768645, 0.0 ], [ 391864.161288804665674, 761614.351021341863088, 0.0 ], [ 391863.065019055036828, 761615.540937826968729, 0.0 ], [ 391852.058954900072422, 761627.488411018624902, 0.0 ], [ 391851.160835148068145, 761628.463388353469782, 0.0 ], [ 391850.493909336277284, 761628.90758977632504, 0.0 ], [ 391833.851945759844966, 761639.990516361081973, 0.0 ], [ 391817.209982195519842, 761651.073643128853291, 0.0 ], [ 391813.644511338963639, 761654.364491758868098, 0.0 ], [ 391802.70986118534347, 761664.457094403798692, 0.0 ], [ 391798.385568956029601, 761668.579990904894657, 0.0 ], [ 391797.23367020994192, 761669.678356327465735, 0.0 ], [ 391792.106367355328985, 761672.709900666959584, 0.0 ], [ 391789.588142178952694, 761675.160568608902395, 0.0 ], [ 391785.049409876926802, 761680.792889399803244, 0.0 ], [ 391782.254230305552483, 761684.26173327001743, 0.0 ], [ 391779.652640893182252, 761687.812666086130776, 0.0 ], [ 391778.627451472450048, 761689.212097205105238, 0.0 ], [ 391777.853461172082461, 761701.63946269149892, 0.0 ], [ 391778.209170323912986, 761714.026209534262307, 0.0 ], [ 391778.082248340942897, 761720.534547125571407, 0.0 ], [ 391775.459406053065322, 761737.206620312877931, 0.0 ], [ 391770.182224167976528, 761770.752231388702057, 0.0 ], [ 391766.589311347401235, 761793.591821997542866, 0.0 ], [ 391765.069836528273299, 761800.953998765675351, 0.0 ], [ 391764.005815396201797, 761806.109912098152563, 0.0 ], [ 391760.119134560867678, 761811.130480540101416, 0.0 ], [ 391757.142722712073009, 761817.210358918295242, 0.0 ], [ 391757.255399762070738, 761822.988866294152103, 0.0 ], [ 391762.649578540236689, 761856.148078413447365, 0.0 ], [ 391765.759856152581051, 761879.970686111715622, 0.0 ], [ 391766.874366829812061, 761887.208360813558102, 0.0 ], [ 391767.414574940572493, 761890.717233542352915, 0.0 ], [ 391767.94934218400158, 761901.184374921605922, 0.0 ], [ 391768.56542151758913, 761914.710715918568894, 0.0 ], [ 391769.235404158185702, 761936.175053631071933, 0.0 ], [ 391769.471846977481619, 761950.061382650164887, 0.0 ], [ 391769.244010287337005, 761954.560368245118298, 0.0 ], [ 391762.672170793288387, 761968.49007428647019, 0.0 ], [ 391761.217813503695652, 761970.796980422572233, 0.0 ], [ 391758.126679960347246, 761975.700305981910788, 0.0 ], [ 391755.867814644938335, 761976.921059473301284, 0.0 ], [ 391754.458391033345833, 761977.401699649286456, 0.0 ], [ 391747.850264432025142, 761977.88467345898971, 0.0 ], [ 391746.110923082684167, 761978.365368104889058, 0.0 ], [ 391743.519237623782828, 761979.365932310814969, 0.0 ], [ 391742.092551221314352, 761979.916863062651828, 0.0 ], [ 391739.743948717834428, 761981.43758384976536, 0.0 ], [ 391738.834704536187928, 761982.56772799603641, 0.0 ], [ 391737.276483622321393, 761985.537717594765127, 0.0 ], [ 391735.511996479763184, 761996.799037873162888, 0.0 ], [ 391732.604799004504457, 762002.090780652710237, 0.0 ], [ 391727.118390141171403, 762007.053013275493868, 0.0 ], [ 391720.243785012164153, 762013.206299207173288, 0.0 ], [ 391716.409580158011522, 762015.853235107846558, 0.0 ], [ 391705.767751484469045, 762026.571247880230658, 0.0 ], [ 391696.384971855673939, 762042.975754483602941, 0.0 ], [ 391690.623339227808174, 762053.079435314750299, 0.0 ], [ 391683.171052541467361, 762068.57406487246044, 0.0 ], [ 391675.929779554950073, 762074.173660882748663, 0.0 ], [ 391663.333016707794741, 762085.48634166654665, 0.0 ], [ 391644.398494992870837, 762108.888579049846157, 0.0 ], [ 391622.05122190626571, 762139.973501567612402, 0.0 ], [ 391611.566631785943173, 762156.408518114010803, 0.0 ], [ 391598.207603095448576, 762166.534352623857558, 0.0 ], [ 391580.654474502254743, 762175.923735073534772, 0.0 ], [ 391560.488111281418242, 762181.073697529034689, 0.0 ], [ 391542.767253761528991, 762182.626510576345026, 0.0 ], [ 391529.76772226812318, 762183.117076901835389, 0.0 ], [ 391509.403403058822732, 762197.224301751237363, 0.0 ], [ 391502.265545702131931, 762206.115530828130431, 0.0 ], [ 391501.455759879900143, 762208.063624998671003, 0.0 ], [ 391498.37937892152695, 762206.25451640994288, 0.0 ], [ 391496.658869779901579, 762204.465867659659125, 0.0 ], [ 391494.727188065182418, 762199.847922353073955, 0.0 ], [ 391493.606312608229928, 762197.16911440435797, 0.0 ], [ 391492.483319477294572, 762190.181280449964106, 0.0 ], [ 391492.180420485034119, 762187.673746727523394, 0.0 ], [ 391490.58643633587053, 762174.476179656921886, 0.0 ], [ 391487.462121410178952, 762161.466282558161765, 0.0 ], [ 391480.669566406053491, 762133.181107040843926, 0.0 ], [ 391477.932416198367719, 762121.795823923894204, 0.0 ], [ 391477.093490991625004, 762118.306385698728263, 0.0 ], [ 391475.364213579625357, 762104.623002763604745, 0.0 ], [ 391475.03678150853375, 762102.031501395977102, 0.0 ], [ 391472.216629970178474, 762079.708380590425804, 0.0 ], [ 391471.920996583241504, 762067.521553565864451, 0.0 ], [ 391472.703047997551039, 762062.281692071119323, 0.0 ], [ 391473.655124074954074, 762055.903634374262765, 0.0 ], [ 391474.988139242865145, 762051.306454855715856, 0.0 ], [ 391434.139916853921022, 762038.285625193617307, 0.0 ], [ 391387.267966755083762, 762025.207129931543022, 0.0 ], [ 391333.386022682883777, 762006.494218872976489, 0.0 ], [ 391305.888933034613729, 761995.097231160500087, 0.0 ], [ 391285.636485387803987, 761963.723422760842368, 0.0 ], [ 391241.452357661095448, 761962.381344942026772, 0.0 ], [ 391196.707161924743559, 761965.937610906432383, 0.0 ], [ 391169.135634067293722, 761948.230126519454643, 0.0 ], [ 391134.410604891832918, 761929.49424669588916, 0.0 ], [ 391123.393501964048482, 761902.700070925289765, 0.0 ], [ 391096.740811282128561, 761860.784376675146632, 0.0 ], [ 391066.214338360296097, 761790.571133453748189, 0.0 ], [ 391052.929750871786382, 761760.250694128102623, 0.0 ], [ 391023.038431358814705, 761740.901098927017301, 0.0 ], [ 391007.324356306518894, 761678.7629089752445, 0.0 ], [ 391014.973150095611345, 761642.220917532802559, 0.0 ], [ 391004.286219210014679, 761620.021140597062185, 0.0 ], [ 390983.474143502942752, 761601.316632669535466, 0.0 ], [ 390939.749218653945718, 761553.445800010929815, 0.0 ], [ 390924.921326176729053, 761521.859593268716708, 0.0 ], [ 390911.101588372664992, 761492.421080167987384, 0.0 ], [ 390890.963358464825433, 761463.486497785896063, 0.0 ], [ 390879.212366980791558, 761442.725258156307973, 0.0 ], [ 390869.292218774789944, 761445.042723648599349, 0.0 ], [ 390852.230130634503439, 761439.631652353680693, 0.0 ], [ 390832.796003873692825, 761429.885468533844687, 0.0 ], [ 390821.323936208558735, 761439.244809576426633, 0.0 ], [ 390808.879227655124851, 761438.168799954117276, 0.0 ], [ 390787.498988365172409, 761426.507702429080382, 0.0 ], [ 390781.922283125051763, 761397.885226437356323, 0.0 ], [ 390775.120841852214653, 761381.571763641783036, 0.0 ], [ 390774.958567196968943, 761377.906150712398812, 0.0 ], [ 390763.312897983880248, 761352.759349753963761, 0.0 ], [ 390700.518200292659458, 761345.468340067076497, 0.0 ], [ 390682.752923649677541, 761337.573813290451653, 0.0 ], [ 390672.632369225262664, 761316.475491056451574, 0.0 ], [ 390649.748201214242727, 761321.270105442265049, 0.0 ], [ 390624.283179585065227, 761267.932871521217749, 0.0 ], [ 390593.850191135541536, 761199.41043254500255, 0.0 ], [ 390565.357605194149073, 761132.560867820633575, 0.0 ], [ 390539.765876489051152, 761068.867160103050992, 0.0 ], [ 390530.364165159640834, 761048.237381728366017, 0.0 ], [ 390528.424056472431403, 761043.980346537427977, 0.0 ], [ 390509.895748521899804, 761003.324610320152715, 0.0 ], [ 390501.896513154439162, 761000.708900738507509, 0.0 ], [ 390491.288928336522076, 760997.456868922803551, 0.0 ], [ 390485.54562441422604, 760965.954479380743578, 0.0 ], [ 390469.138831378077157, 760937.575799879268743, 0.0 ], [ 390462.257114520354662, 760907.791015370865352, 0.0 ], [ 390452.238089364138432, 760880.169960069819354, 0.0 ], [ 390447.099896938365418, 760850.506329750525765, 0.0 ], [ 390455.989115322590806, 760827.891790423425846, 0.0 ], [ 390457.430857321131043, 760813.561275614891201, 0.0 ], [ 390435.646774119930342, 760805.656123228487559, 0.0 ], [ 390409.874644769995939, 760803.447820305475034, 0.0 ], [ 390397.582207148778252, 760797.476749898632988, 0.0 ], [ 390389.094325209443923, 760780.598409322788939, 0.0 ], [ 390376.011934841168113, 760754.842820787220262, 0.0 ], [ 390368.218872295692563, 760752.493047335883602, 0.0 ], [ 390360.346370354003739, 760744.241076555335894, 0.0 ], [ 390354.116187827021349, 760733.266713946708478, 0.0 ], [ 390357.685637147806119, 760710.026016152696684, 0.0 ], [ 390353.020564412174281, 760676.157206543022767, 0.0 ], [ 390340.094673400570173, 760637.857658020453528, 0.0 ], [ 390339.831674725282937, 760616.111680345726199, 0.0 ], [ 390339.998710878775455, 760614.352239133557305, 0.0 ], [ 390325.445211653946899, 760566.608495341381058, 0.0 ], [ 390318.023090152186342, 760568.395020579569973, 0.0 ], [ 390308.636562150437385, 760562.918667110847309, 0.0 ], [ 390276.05010552983731, 760494.338421960710548, 0.0 ], [ 390278.072363383427728, 760494.039051251485944, 0.0 ], [ 390257.500661435071379, 760453.784657557844184, 0.0 ], [ 390238.795977064524777, 760402.573810173198581, 0.0 ], [ 390216.876784122665413, 760321.380705604911782, 0.0 ], [ 390205.925154135155026, 760262.626205751439556, 0.0 ], [ 390184.683842690719757, 760268.864180816686712, 0.0 ], [ 390164.505843726568855, 760211.476550174178556, 0.0 ], [ 390141.107469289156143, 760164.628706676652655, 0.0 ], [ 390132.193164000287652, 760123.484281204873696, 0.0 ], [ 390134.72685193590587, 760077.060718491789885, 0.0 ], [ 390134.183789343689568, 760079.207339415792376, 0.0 ], [ 390124.227221426845063, 760064.776870746049099, 0.0 ], [ 390116.161859285261016, 760041.942804018035531, 0.0 ], [ 390108.27617317030672, 760014.86980503576342, 0.0 ], [ 390108.956727739830967, 759954.106165666249581, 0.0 ], [ 390112.766700593638234, 759887.116610060329549, 0.0 ], [ 390115.518911458202638, 759836.560170696815476, 0.0 ], [ 390116.921714837371837, 759789.122187650064006, 0.0 ], [ 390111.25853636598913, 759764.095042149187066, 0.0 ], [ 390102.622748252295423, 759735.752107016043738, 0.0 ], [ 390094.056736339174677, 759719.390166044933721, 0.0 ], [ 390094.078404227097053, 759709.907608927111141, 0.0 ], [ 390088.567530315078329, 759690.966881431872025, 0.0 ], [ 390089.885732903145254, 759656.969402107992209, 0.0 ], [ 390091.00192567933118, 759628.626314062858, 0.0 ], [ 390086.59982636658242, 759608.504861692432314, 0.0 ], [ 390082.303336000244599, 759590.814956571673974, 0.0 ], [ 390074.811210988613311, 759555.924610793706961, 0.0 ], [ 390072.103329003963154, 759548.309564134455286, 0.0 ], [ 390079.29534984077327, 759529.25343583128415, 0.0 ], [ 390082.741201806114987, 759501.200088544166647, 0.0 ], [ 390086.793129759898875, 759482.416358418180607, 0.0 ], [ 390079.009009951667394, 759474.162139270454645, 0.0 ], [ 390073.939642716897652, 759460.178974639973603, 0.0 ], [ 390076.436853155260906, 759449.743998475489207, 0.0 ], [ 390074.853704770852346, 759432.94080660562031, 0.0 ], [ 390074.958009915775619, 759399.577136368490756, 0.0 ], [ 390074.840019549359567, 759401.463723312714137, 0.0 ], [ 390074.721631991153117, 759403.356109003885649, 0.0 ], [ 390069.821271886874456, 759366.331682337680832, 0.0 ], [ 390068.196815981937107, 759346.488163964007981, 0.0 ], [ 390067.042623627232388, 759332.388500949717127, 0.0 ], [ 390069.399670192797203, 759320.882955968147144, 0.0 ], [ 390067.879565526673105, 759287.70069849700667, 0.0 ], [ 390060.583425958000589, 759219.002547865384258, 0.0 ], [ 390059.734451141499449, 759161.370543434051797, 0.0 ], [ 390177.525493476714473, 759157.26471466186922, 0.0 ], [ 390176.31835600110935, 759137.033898853696883, 0.0 ], [ 390178.280291997129098, 759125.078350930125453, 0.0 ], [ 390182.69620908604702, 759110.315055226674303, 0.0 ], [ 390180.987144703045487, 759097.261692176456563, 0.0 ], [ 390189.799714863358531, 759084.094549652887508, 0.0 ], [ 390201.807416917406954, 759064.549599980586208, 0.0 ], [ 390201.569960393186193, 759043.934027634328231, 0.0 ], [ 390201.248594437842257, 759042.549521162756719, 0.0 ], [ 390194.494872980751097, 759017.4672966087237, 0.0 ], [ 390186.644666736479849, 758997.8368301151786, 0.0 ], [ 390178.537538112141192, 758976.520201742416248, 0.0 ], [ 390179.809834439132828, 758958.534772215993144, 0.0 ], [ 390182.756278893211856, 758940.900174906710163, 0.0 ], [ 390185.631846986769233, 758921.991526930360124, 0.0 ], [ 390183.985687699285336, 758917.55689524486661, 0.0 ], [ 390187.573128874413669, 758913.765463317744434, 0.0 ], [ 390188.446181785897352, 758912.842685218667611, 0.0 ], [ 390188.783929684839677, 758912.69636403338518, 0.0 ], [ 390188.685562560509425, 758912.285611852188595, 0.0 ], [ 390188.465276967617683, 758911.555895691039041, 0.0 ], [ 390188.134906804421917, 758910.586190428468399, 0.0 ], [ 390187.914709812728688, 758910.046527057071216, 0.0 ], [ 390187.744574937911239, 758909.666700666421093, 0.0 ], [ 390187.63449501094874, 758909.436709084315225, 0.0 ], [ 390187.274267555621918, 758908.757145733456127, 0.0 ], [ 390186.794032586214598, 758907.997558205621317, 0.0 ], [ 390185.943698435672559, 758906.828244959353469, 0.0 ], [ 390185.063394996861462, 758905.708833301090635, 0.0 ], [ 390184.463208535453305, 758904.989391744486056, 0.0 ], [ 390183.642974132089876, 758904.050007390789688, 0.0 ], [ 390182.522688422119245, 758902.840829918510281, 0.0 ], [ 390181.85244262625929, 758902.171308640274219, 0.0 ], [ 390181.834038581291679, 758902.15282181231305, 0.0 ], [ 390181.219004748389125, 758901.538361121318303, 0.0 ], [ 390180.962348857487086, 758901.281844472046942, 0.0 ], [ 390180.05216944712447, 758900.412484676577151, 0.0 ], [ 390178.991976034245454, 758899.433222114806995, 0.0 ], [ 390174.851238174480386, 758895.646192929125391, 0.0 ], [ 390173.954681295435876, 758894.832412981777452, 0.0 ], [ 390170.700512076669838, 758891.879063445492648, 0.0 ], [ 390167.890058965887874, 758889.41098654596135, 0.0 ], [ 390167.479997696704231, 758889.061264559742995, 0.0 ], [ 390168.257185492780991, 758887.733331716619432, 0.0 ], [ 390166.840078401030041, 758886.534690019325353, 0.0 ], [ 390163.584002507850528, 758883.780491914134473, 0.0 ], [ 390163.541296203620732, 758883.744220831315033, 0.0 ], [ 390162.653266387875192, 758882.993021363159642, 0.0 ], [ 390161.146146089420654, 758881.718140551587567, 0.0 ], [ 390159.361569887492806, 758880.175655532977544, 0.0 ], [ 390154.99399399390677, 758876.400729024666362, 0.0 ], [ 390151.354730613878928, 758873.254906753543764, 0.0 ], [ 390146.144200441311114, 758869.558153881691396, 0.0 ], [ 390141.22439734369982, 758867.360993267269805, 0.0 ], [ 390139.132973126252182, 758866.624451290350407, 0.0 ], [ 390133.90921215567505, 758864.784743685973808, 0.0 ], [ 390131.415221814648248, 758863.906524577178061, 0.0 ], [ 390128.683551440306474, 758863.587977405171841, 0.0 ], [ 390123.386778448009863, 758862.97040054842364, 0.0 ], [ 390110.750990811386146, 758863.346699233283289, 0.0 ], [ 390109.969895566056948, 758863.36995768698398, 0.0 ], [ 390109.400444842060097, 758863.386919013806619, 0.0 ], [ 390108.181191297131591, 758862.622977121151052, 0.0 ], [ 390106.796265435637906, 758862.044666416710243, 0.0 ], [ 390106.143288906547241, 758860.889557534479536, 0.0 ], [ 390105.713067878852598, 758860.400979383848608, 0.0 ], [ 390103.309291711892001, 758857.671177645097487, 0.0 ], [ 390099.908010984188877, 758853.113794527598657, 0.0 ], [ 390097.326209735241719, 758847.876398013788275, 0.0 ], [ 390096.835595027136151, 758846.296918714069761, 0.0 ], [ 390096.743837047542911, 758842.477909147855826, 0.0 ], [ 390097.143490475369617, 758839.588339814450592, 0.0 ], [ 390097.352832777076401, 758838.074817765969783, 0.0 ], [ 390098.156523908721283, 758832.26428484718781, 0.0 ], [ 390098.198571512941271, 758831.959840786177665, 0.0 ], [ 390097.365846128785051, 758822.883481278433464, 0.0 ], [ 390097.294199903029948, 758822.102808402152732, 0.0 ], [ 390096.759752266167197, 758820.000379299046472, 0.0 ], [ 390096.603003687167075, 758819.383805381483398, 0.0 ], [ 390089.981136242451612, 758811.638814784935676, 0.0 ], [ 390087.819892467814498, 758807.820669915992767, 0.0 ], [ 390087.488555165939033, 758806.920847683562897, 0.0 ], [ 390087.139099240943324, 758805.971446202020161, 0.0 ], [ 390087.039807164052036, 758805.077714263577946, 0.0 ], [ 390086.827871355926618, 758803.172285882872529, 0.0 ], [ 390087.195474112115335, 758796.081873854971491, 0.0 ], [ 390087.206473167461809, 758795.871220994973555, 0.0 ], [ 390087.210135057452135, 758795.791439085965976, 0.0 ], [ 390087.472017144493293, 758790.745069155120291, 0.0 ], [ 390087.589864836481865, 758788.550858667935245, 0.0 ], [ 390087.714551805984229, 758786.230076397652738, 0.0 ], [ 390088.349284834053833, 758774.413612524280325, 0.0 ], [ 390088.473079699499067, 758772.109226603410207, 0.0 ], [ 390088.607805733510759, 758768.590636872104369, 0.0 ], [ 390089.292887032148428, 758750.684160684002563, 0.0 ], [ 390089.069357867236249, 758750.073616398032755, 0.0 ], [ 390088.017079378187191, 758747.200120013556443, 0.0 ], [ 390087.751807539898437, 758746.475823412300088, 0.0 ], [ 390086.500024500652216, 758743.057355263852514, 0.0 ], [ 390085.209277839923743, 758740.768624952062964, 0.0 ], [ 390081.077733964601066, 758735.47186545911245, 0.0 ], [ 390081.040919199236669, 758735.420595344738103, 0.0 ], [ 390079.542318909487221, 758733.335111492662691, 0.0 ], [ 390077.94657968590036, 758731.114406476495788, 0.0 ], [ 390074.760240025003441, 758729.33283405774273, 0.0 ], [ 390068.906367206654977, 758726.059875325416215, 0.0 ], [ 390066.176622903905809, 758718.505622339202091, 0.0 ], [ 390064.7921805063379, 758714.674618326476775, 0.0 ], [ 390061.807436039380264, 758711.91759390453808, 0.0 ], [ 390055.20183102984447, 758705.815887393080629, 0.0 ], [ 390052.459830837207846, 758703.283094135695137, 0.0 ], [ 390051.520678463042714, 758702.456237122765742, 0.0 ], [ 390044.288605016190559, 758696.088688548072241, 0.0 ], [ 390035.020127039693762, 758694.63337054126896, 0.0 ], [ 390027.213856014306657, 758698.47605643235147, 0.0 ], [ 390014.380320633179508, 758705.510394257144071, 0.0 ], [ 390009.914747967675794, 758709.197661358164623, 0.0 ], [ 390006.84509145130869, 758711.732263652607799, 0.0 ], [ 389983.661973331007175, 758714.152471376815811, 0.0 ], [ 389960.977404807519633, 758713.51320566679351, 0.0 ], [ 389955.583949637541082, 758712.88347633718513, 0.0 ], [ 389941.281120076950174, 758711.212958772783168, 0.0 ], [ 389922.47443917428609, 758708.322443490498699, 0.0 ], [ 389921.850546365079936, 758708.434806481935084, 0.0 ], [ 389915.60402078111656, 758709.559739623684436, 0.0 ], [ 389908.948930838261731, 758710.758245000732131, 0.0 ], [ 389891.872973081481177, 758710.126262645120732, 0.0 ], [ 389871.822128118597902, 758710.51291456061881, 0.0 ], [ 389867.969018754840363, 758710.587292455486022, 0.0 ], [ 389843.675081247289199, 758710.448652799474075, 0.0 ], [ 389816.299771638878155, 758705.94253267638851, 0.0 ], [ 389806.920632247522008, 758702.154444546555169, 0.0 ], [ 389805.000447033788078, 758701.378932031919248, 0.0 ], [ 389796.361213845899329, 758701.000953362439759, 0.0 ], [ 389789.173950062482618, 758700.686482034740038, 0.0 ], [ 389773.78585480118636, 758696.58477292675525, 0.0 ], [ 389751.597519382485189, 758686.419737222604454, 0.0 ], [ 389750.916742871107999, 758686.107931899488904, 0.0 ], [ 389722.297655588248745, 758673.054509871872142, 0.0 ], [ 389715.874116970458999, 758669.554372104117647, 0.0 ], [ 389707.958469371427782, 758665.241231439285912, 0.0 ], [ 389704.185746717208531, 758663.18559977831319, 0.0 ], [ 389699.107516166637652, 758660.418553057592362, 0.0 ], [ 389695.607076963235158, 758658.686814154614694, 0.0 ], [ 389686.347837731940672, 758654.10606605943758, 0.0 ], [ 389676.337628482317086, 758648.332163747749291, 0.0 ], [ 389669.637096434831619, 758643.626453735749237, 0.0 ], [ 389659.267575312056579, 758639.352247070986778, 0.0 ], [ 389650.558210335555486, 758635.867170858429745, 0.0 ], [ 389644.72892074554693, 758634.290379057172686, 0.0 ], [ 389641.26924588996917, 758633.362121887039393, 0.0 ], [ 389632.280924093327485, 758631.966657729703002, 0.0 ], [ 389625.582628335570917, 758632.05975711136125, 0.0 ], [ 389619.733939958619885, 758631.76255717780441, 0.0 ], [ 389617.384462429094128, 758631.633684342144988, 0.0 ], [ 389606.607388549949974, 758632.17867308028508, 0.0 ], [ 389601.288654952659272, 758632.28102707862854, 0.0 ], [ 389597.107354249397758, 758632.415342933381908, 0.0 ], [ 389594.340581646189094, 758632.50421066058334, 0.0 ], [ 389592.341045197681524, 758632.435159871471114, 0.0 ], [ 389590.551964119251352, 758632.382306963321753, 0.0 ], [ 389590.518971842480823, 758632.381322587956674, 0.0 ], [ 389588.681901975825895, 758632.326992413960397, 0.0 ], [ 389587.322225339186843, 758632.297533538658172, 0.0 ], [ 389581.793436662526801, 758632.17014239251148, 0.0 ], [ 389576.680881836276967, 758630.406062813592143, 0.0 ], [ 389576.064035578048788, 758630.19330308411736, 0.0 ], [ 389568.462482461647596, 758622.818774082465097, 0.0 ], [ 389565.330738905759063, 758619.343595126410946, 0.0 ], [ 389558.339755978784524, 758611.586276266723871, 0.0 ], [ 389553.242579925863538, 758607.425183410989121, 0.0 ], [ 389553.199074130854569, 758607.389612505678087, 0.0 ], [ 389547.609629319165833, 758605.82260627951473, 0.0 ], [ 389543.060029587883037, 758603.832720117643476, 0.0 ], [ 389541.809884621121455, 758603.285938347806223, 0.0 ], [ 389540.970349292794708, 758602.763659105170518, 0.0 ], [ 389539.80790026037721, 758602.040280216489919, 0.0 ], [ 389535.341812196769752, 758599.261750525329262, 0.0 ], [ 389528.739334134268574, 758595.154046014416963, 0.0 ], [ 389528.706632464600261, 758595.13306645443663, 0.0 ], [ 389528.604327181761619, 758595.067330430611037, 0.0 ], [ 389521.673971923417412, 758590.619662956334651, 0.0 ], [ 389518.698919373564422, 758588.710322817671113, 0.0 ], [ 389517.433488598442636, 758587.327755243401043, 0.0 ], [ 389506.955749232321978, 758575.87897591793444, 0.0 ], [ 389502.593756241491064, 758572.072652231669053, 0.0 ], [ 389499.111603054392617, 758569.034128180588596, 0.0 ], [ 389497.394230243866332, 758567.535599963273853, 0.0 ], [ 389489.524143948860001, 758564.02353849762585, 0.0 ], [ 389488.934667395777069, 758563.760378463775851, 0.0 ], [ 389483.968693588976748, 758562.248567738919519, 0.0 ], [ 389477.065824911755044, 758560.146905956207775, 0.0 ], [ 389463.216031220508739, 758553.22497639269568, 0.0 ], [ 389461.396844651899301, 758552.50100369064603, 0.0 ], [ 389451.646852864010725, 758548.621509335702285, 0.0 ], [ 389442.329868486151099, 758545.20279895584099, 0.0 ], [ 389422.638980803312734, 758537.977666752063669, 0.0 ], [ 389405.550120691128541, 758531.337376708863303, 0.0 ], [ 389385.542601444176398, 758525.807971721980721, 0.0 ], [ 389384.462271808588412, 758525.384580128942616, 0.0 ], [ 389382.160521853656974, 758524.482776324613951, 0.0 ], [ 389376.90316453576088, 758522.422936932882294, 0.0 ], [ 389371.384532148425933, 758520.921381025458686, 0.0 ], [ 389365.604431459447369, 758519.34886455105152, 0.0 ], [ 389355.307141107681673, 758519.473633082699962, 0.0 ], [ 389347.349547909689136, 758520.407110819010995, 0.0 ], [ 389339.801198664936237, 758520.150692521361634, 0.0 ], [ 389332.283228253189009, 758520.294161023455672, 0.0 ], [ 389326.974174535716884, 758519.716778504080139, 0.0 ], [ 389323.645351636223495, 758520.258195938775316, 0.0 ], [ 389319.676627211621962, 758521.099837278597988, 0.0 ], [ 389316.147523119056132, 758520.931523836450651, 0.0 ], [ 389310.297671505366452, 758518.354888487840071, 0.0 ], [ 389309.203607163275592, 758517.849823494092561, 0.0 ], [ 389308.275237419526093, 758517.421262328280136, 0.0 ], [ 389305.610424214974046, 758516.191009029978886, 0.0 ], [ 389302.228034444095101, 758514.629572193487547, 0.0 ], [ 389294.484858176903799, 758511.63742214452941, 0.0 ], [ 389288.428867819486186, 758509.297324230079539, 0.0 ], [ 389284.059508547245059, 758508.349595393869095, 0.0 ], [ 389280.050167176697869, 758507.631641859305091, 0.0 ], [ 389275.380882256082259, 758506.684052767930552, 0.0 ], [ 389269.991908382391557, 758505.806781694176607, 0.0 ], [ 389264.162980858469382, 758505.009695809450932, 0.0 ], [ 389259.933824409206863, 758504.571775366552174, 0.0 ], [ 389256.284594058815856, 758504.283547561615705, 0.0 ], [ 389253.294587693642825, 758502.895284894038923, 0.0 ], [ 389250.164007960993331, 758499.987563973874785, 0.0 ], [ 389248.273623900080565, 758498.15879785863217, 0.0 ], [ 389246.733157779381145, 758496.339966190513223, 0.0 ], [ 389242.363017996307462, 758493.502805498661473, 0.0 ], [ 389240.940452391456347, 758492.820537449792027, 0.0 ], [ 389240.093072831630707, 758492.41403304215055, 0.0 ], [ 389239.45295912923757, 758492.044422897510231, 0.0 ], [ 389236.344103877840098, 758490.917250936967321, 0.0 ], [ 389234.413455840665847, 758490.217224080581218, 0.0 ], [ 389225.334779380238615, 758488.231946924468502, 0.0 ], [ 389223.295212980476208, 758488.292882411857136, 0.0 ], [ 389220.046071886201389, 758488.194421111838892, 0.0 ], [ 389215.841957496595569, 758487.645716371713206, 0.0 ], [ 389214.930527809832711, 758487.526770609081723, 0.0 ], [ 389213.78724149055779, 758487.377640379476361, 0.0 ], [ 389205.428712547232863, 758486.091854361351579, 0.0 ], [ 389199.415764840668999, 758485.583282708772458, 0.0 ], [ 389192.261354873713572, 758484.978266927530058, 0.0 ], [ 389179.773453341389541, 758482.844515367993154, 0.0 ], [ 389171.475181693269406, 758481.928609645110555, 0.0 ], [ 389169.82055008225143, 758482.054349681478925, 0.0 ], [ 389167.106318463047501, 758482.260663612745702, 0.0 ], [ 389165.386905190243851, 758482.39133262145333, 0.0 ], [ 389160.587180531583726, 758482.791770471958444, 0.0 ], [ 389158.998735634610057, 758482.924178011598997, 0.0 ], [ 389155.239173619833309, 758481.866192120942287, 0.0 ], [ 389154.350414937653113, 758481.697148186853155, 0.0 ], [ 389154.347115436743479, 758481.696449896320701, 0.0 ], [ 389148.740206752670929, 758480.629527192795649, 0.0 ], [ 389145.256352296564728, 758480.592560042161494, 0.0 ], [ 389139.702400316600688, 758480.533763091429137, 0.0 ], [ 389132.851449264562689, 758479.78784071363043, 0.0 ], [ 389130.284254779689945, 758479.508406358654611, 0.0 ], [ 389120.196478011319414, 758479.133200774085708, 0.0 ], [ 389111.638400960015133, 758478.497446738299914, 0.0 ], [ 389110.089755952765699, 758478.221736749401316, 0.0 ], [ 389104.189527407637797, 758477.171246641199104, 0.0 ], [ 389096.081040547986049, 758475.895241527701728, 0.0 ], [ 389094.149092516163364, 758475.624009065562859, 0.0 ], [ 389085.432980572339147, 758474.400574114639312, 0.0 ], [ 389081.908466324501205, 758473.784869141643867, 0.0 ], [ 389077.614179981523193, 758473.034656214527786, 0.0 ], [ 389068.946055374282878, 758472.238893023342825, 0.0 ], [ 389067.233279836829752, 758472.239691079128534, 0.0 ], [ 389062.497653397498652, 758472.241897612460889, 0.0 ], [ 389053.959012360486668, 758470.836125032859854, 0.0 ], [ 389046.580195379036013, 758469.239959016558714, 0.0 ], [ 389040.001173361553811, 758467.843370842048898, 0.0 ], [ 389034.927364907576703, 758465.559000852634199, 0.0 ], [ 389031.261503238638397, 758463.908417823258787, 0.0 ], [ 389027.60487065592315, 758460.8231855238555, 0.0 ], [ 389023.094613839755766, 758457.017929226509295, 0.0 ], [ 389006.177850223553833, 758442.745345171890222, 0.0 ], [ 388992.014575738168787, 758428.195546203176491, 0.0 ], [ 388991.120907114702277, 758428.431904194061644, 0.0 ], [ 388987.546232690452598, 758429.377436133101583, 0.0 ], [ 388977.788086609041784, 758428.172181971836835, 0.0 ], [ 388967.330542494310066, 758427.887226022896357, 0.0 ], [ 388962.583410456834827, 758428.08648903016001, 0.0 ], [ 388958.182985873369034, 758428.271394011913799, 0.0 ], [ 388940.845943809254095, 758425.410081563750282, 0.0 ], [ 388924.462071443209425, 758422.132027955143712, 0.0 ], [ 388923.048589511890896, 758421.849256635527126, 0.0 ], [ 388906.354928678774741, 758422.07967933267355, 0.0 ], [ 388897.565160737838596, 758422.201145555824041, 0.0 ], [ 388895.25089350604685, 758421.686151473782957, 0.0 ], [ 388885.906837182701565, 758419.607120382366702, 0.0 ], [ 388851.182148984633386, 758412.565044949180447, 0.0 ], [ 388840.793093979358673, 758409.29069641022943, 0.0 ], [ 388830.134957811329514, 758407.416126987780444, 0.0 ], [ 388828.444749960734043, 758406.287193898227997, 0.0 ], [ 388829.073606544116046, 758404.167525140452199, 0.0 ], [ 388827.383309851982631, 758402.418745405855589, 0.0 ], [ 388799.35609771887539, 758393.733854570891708, 0.0 ], [ 388798.126273994974326, 758393.244548702612519, 0.0 ], [ 388797.063669481198303, 758392.241491973283701, 0.0 ], [ 388795.410081535286736, 758394.608177209855057, 0.0 ], [ 388793.609228273038752, 758397.185678935144097, 0.0 ], [ 388790.335461362381466, 758400.668543147156015, 0.0 ], [ 388788.363027187995613, 758402.76674339256715, 0.0 ], [ 388782.87577661551768, 758405.538614992750809, 0.0 ], [ 388779.446908729965799, 758405.503721536137164, 0.0 ], [ 388776.307270612102002, 758405.471692584455013, 0.0 ], [ 388767.159032858209684, 758404.396221799659543, 0.0 ], [ 388756.141281285672449, 758403.371609646594152, 0.0 ], [ 388746.612144972779788, 758403.17020018864423, 0.0 ], [ 388745.50380818801932, 758403.146622522035614, 0.0 ], [ 388736.135631531476974, 758401.871303617605008, 0.0 ], [ 388727.046077003353275, 758398.216443287557922, 0.0 ], [ 388719.616579451307189, 758395.350614199996926, 0.0 ], [ 388721.093818985391408, 758390.211196680902503, 0.0 ], [ 388721.989579090266488, 758387.382278794771992, 0.0 ], [ 388724.223138967645355, 758380.327482488239184, 0.0 ], [ 388712.278997886052821, 758377.975829991512001, 0.0 ], [ 388700.842715662904084, 758374.947308168164454, 0.0 ], [ 388699.870867809629999, 758374.757907880819403, 0.0 ], [ 388684.985438777017407, 758362.501974880113266, 0.0 ], [ 388683.784857049642596, 758361.474688345217146, 0.0 ], [ 388663.047293838928454, 758340.888641686411574, 0.0 ], [ 388629.841424878221005, 758319.251964030205272, 0.0 ], [ 388629.494459058856592, 758319.141153097851202, 0.0 ], [ 388619.051888237299863, 758315.80714319460094, 0.0 ], [ 388608.262351545505226, 758312.362322308821604, 0.0 ], [ 388577.160845030972268, 758303.352741470909677, 0.0 ], [ 388576.190804298967123, 758303.608930138987489, 0.0 ], [ 388563.80408418609295, 758298.494166079792194, 0.0 ], [ 388549.949944504885934, 758292.773435463081114, 0.0 ], [ 388534.916649294900708, 758288.024913871544413, 0.0 ], [ 388523.613725002272986, 758284.979233181104064, 0.0 ], [ 388505.877450668835081, 758283.777894182829186, 0.0 ], [ 388500.339850468502846, 758285.989827714045532, 0.0 ], [ 388491.431798416189849, 758285.014319450827315, 0.0 ], [ 388476.363037518283818, 758279.892506392323412, 0.0 ], [ 388462.574255504645407, 758275.190193180926144, 0.0 ], [ 388450.215163953369483, 758270.796937374980189, 0.0 ], [ 388449.865194648737088, 758270.67713004280813, 0.0 ], [ 388435.885455664654728, 758263.60539114731364, 0.0 ], [ 388431.774311479646713, 758258.968452452565543, 0.0 ], [ 388428.453637839353178, 758255.760792260291055, 0.0 ], [ 388425.314754499937408, 758256.492074043140747, 0.0 ], [ 388421.137194842332974, 758259.513273948454298, 0.0 ], [ 388418.057467753998935, 758258.465067882789299, 0.0 ], [ 388416.557130703527946, 758258.018777204095386, 0.0 ], [ 388415.137784869235475, 758257.596642822376452, 0.0 ], [ 388414.881412803719286, 758257.520581066375598, 0.0 ], [ 388413.509962067648303, 758257.113320691860281, 0.0 ], [ 388408.378520850732457, 758255.590187911991961, 0.0 ], [ 388397.625128126586787, 758251.83242665801663, 0.0 ], [ 388388.950160019332543, 758248.801017510006204, 0.0 ], [ 388364.84231592505239, 758240.424319408717565, 0.0 ], [ 388356.687321137404069, 758236.324031950323842, 0.0 ], [ 388348.532326361339074, 758232.223844422842376, 0.0 ], [ 388339.321304577344563, 758224.929937858483754, 0.0 ], [ 388325.771158277173527, 758217.428104182472453, 0.0 ], [ 388313.210878891753964, 758210.165850020362996, 0.0 ], [ 388298.332532806205563, 758205.823854352231137, 0.0 ], [ 388283.938875198829919, 758201.0705343921436, 0.0 ], [ 388282.823979165172204, 758200.702344759483822, 0.0 ], [ 388270.72138633322902, 758195.800993894925341, 0.0 ], [ 388265.09501505352091, 758193.522377969697118, 0.0 ], [ 388257.955682621628512, 758191.383332421188243, 0.0 ], [ 388247.336924262112007, 758188.201865326729603, 0.0 ], [ 388233.748191036691424, 758183.499357511289418, 0.0 ], [ 388211.43109037342947, 758178.5309816285735, 0.0 ], [ 388200.022812002163846, 758175.747083992580883, 0.0 ], [ 388188.61443352670176, 758172.963086389121599, 0.0 ], [ 388181.395424631948117, 758171.476916541345417, 0.0 ], [ 388169.378004751284607, 758170.642521177534945, 0.0 ], [ 388161.350350786640774, 758171.636115686851554, 0.0 ], [ 388157.682233323517721, 758173.517260047839954, 0.0 ], [ 388154.106681378674693, 758173.656291473307647, 0.0 ], [ 388150.134234678407665, 758173.810803981265053, 0.0 ], [ 388143.560652554617263, 758173.154028618591838, 0.0 ], [ 388136.986970394500531, 758172.497153321281075, 0.0 ], [ 388135.036394478811417, 758171.514604652533308, 0.0 ], [ 388131.197041913750581, 758169.58067082229536, 0.0 ], [ 388121.179762177926023, 758166.0300142794149, 0.0 ], [ 388117.648051313939504, 758164.778068711631931, 0.0 ], [ 388110.070642258273438, 758162.887565560056828, 0.0 ], [ 388109.409028794791084, 758162.722514536231756, 0.0 ], [ 388107.859416223713197, 758162.303239970235154, 0.0 ], [ 388106.779438837547787, 758161.99381949135568, 0.0 ], [ 388105.240155665320344, 758161.64312318037264, 0.0 ], [ 388103.319926139723975, 758161.205625769332983, 0.0 ], [ 388102.510037871892564, 758161.016049875179306, 0.0 ], [ 388101.960108614061028, 758160.876340563059784, 0.0 ], [ 388098.810181848704815, 758159.578128529363312, 0.0 ], [ 388093.510585965006612, 758157.421129974653013, 0.0 ], [ 388091.533175275370013, 758156.564462685026228, 0.0 ], [ 388086.940782693738583, 758154.574893314973451, 0.0 ], [ 388081.251557878276799, 758153.007930570049211, 0.0 ], [ 388075.952274189912714, 758151.950660324771889, 0.0 ], [ 388073.202427700685803, 758150.822319933678955, 0.0 ], [ 388069.773100592195988, 758150.233962773811072, 0.0 ], [ 388068.892908020352479, 758150.212578099220991, 0.0 ], [ 388065.743950006086379, 758150.135864012059756, 0.0 ], [ 388060.355293547967449, 758149.94842064473778, 0.0 ], [ 388056.915401130216196, 758148.570363351725973, 0.0 ], [ 388055.67856576613849, 758147.194779131794348, 0.0 ], [ 388038.427800227305852, 758143.275383073254488, 0.0 ], [ 388019.933727207884658, 758206.081395189627074, 0.0 ], [ 387998.847350305120926, 758208.691374989924952, 0.0 ], [ 387973.246576324861962, 758211.276664203731343, 0.0 ], [ 387951.319406190537848, 758214.530077072442509, 0.0 ], [ 387931.431892962136772, 758224.353018448106013, 0.0 ], [ 387916.007148298318498, 758235.829772674711421, 0.0 ], [ 387903.251195102173369, 758259.433790982468054, 0.0 ], [ 387901.604506076488178, 758271.032995849847794, 0.0 ], [ 387896.927517958218232, 758278.882238063961267, 0.0 ], [ 387886.745947383227758, 758293.510372371063568, 0.0 ], [ 387882.347819908172823, 758303.139645544579253, 0.0 ], [ 387881.179139452346135, 758315.009860997321084, 0.0 ], [ 387886.634681179653853, 758332.368335472419858, 0.0 ], [ 387891.07744708325481, 758355.035971642821096, 0.0 ], [ 387900.050880182534456, 758382.822433204390109, 0.0 ], [ 387905.408942589361686, 758400.386801861459389, 0.0 ], [ 387912.034872723801527, 758417.265748688369058, 0.0 ], [ 387907.461439425998833, 758443.095605812733993, 0.0 ], [ 387894.896831878751982, 758473.544047709438019, 0.0 ], [ 387892.491230655345134, 758491.363171680248342, 0.0 ], [ 387889.755850615736563, 758509.910869622719474, 0.0 ], [ 387894.424859861086588, 758531.927760383230634, 0.0 ], [ 387894.467277235700749, 758543.358419878990389, 0.0 ], [ 387890.779905127827078, 758554.123282168060541, 0.0 ], [ 387880.558448242372833, 758579.910183315863833, 0.0 ], [ 387852.760969502152875, 758602.563151017297059, 0.0 ], [ 387838.524873707792722, 758626.354117002338171, 0.0 ], [ 387819.044654896541033, 758644.529913456528448, 0.0 ], [ 387801.837746911973227, 758666.935706989257596, 0.0 ], [ 387792.63874988432508, 758677.516385078779422, 0.0 ], [ 387781.718412421701942, 758698.253060288378038, 0.0 ], [ 387771.39526207104791, 758718.205350866774097, 0.0 ], [ 387765.370898424298503, 758744.479477963293903, 0.0 ], [ 387765.662164692766964, 758749.065510841901414, 0.0 ], [ 387767.791277559823357, 758765.448376678279601, 0.0 ], [ 387766.340354878338985, 758765.489642981090583, 0.0 ], [ 387756.517208930803463, 758765.768054276471958, 0.0 ], [ 387746.171194053604268, 758767.123343715560623, 0.0 ], [ 387737.293127213837579, 758768.286396172712557, 0.0 ], [ 387724.286763226846233, 758769.415481818956323, 0.0 ], [ 387722.102390639134683, 758769.605053512845188, 0.0 ], [ 387715.63944696157705, 758770.165928489761427, 0.0 ], [ 387713.400188669911586, 758770.357125374139287, 0.0 ], [ 387694.944912234030198, 758770.93548742798157, 0.0 ], [ 387691.026008028886281, 758770.997299358830787, 0.0 ], [ 387644.461207664688118, 758757.722383825923316, 0.0 ], [ 387614.504861570079811, 758749.708126908633858, 0.0 ], [ 387609.602275434997864, 758748.645174775389023, 0.0 ], [ 387597.067400544066913, 758745.927389111719094, 0.0 ], [ 387586.971693830739241, 758742.716187857324257, 0.0 ], [ 387582.378945701755583, 758741.255389327299781, 0.0 ], [ 387582.349348623887636, 758741.246005441062152, 0.0 ], [ 387581.149673746607732, 758742.595532003091648, 0.0 ], [ 387578.052617825742345, 758747.700517192832194, 0.0 ], [ 387577.84313049307093, 758748.045829718350433, 0.0 ], [ 387574.676312875293661, 758753.196036302833818, 0.0 ], [ 387574.120015398482792, 758754.194049587822519, 0.0 ], [ 387573.102317753131501, 758756.019973857095465, 0.0 ], [ 387573.0167104403954, 758756.173475922434591, 0.0 ], [ 387571.839285815833136, 758758.286003999179229, 0.0 ], [ 387571.553578555467539, 758758.762719661928713, 0.0 ], [ 387565.862410304602236, 758768.259731477010064, 0.0 ], [ 387560.171242084470578, 758777.756743358098902, 0.0 ], [ 387549.292949665454216, 758796.897096228785813, 0.0 ], [ 387540.981359836878255, 758810.537508576991968, 0.0 ], [ 387537.574461763899308, 758815.387901263427921, 0.0 ], [ 387533.927571663341951, 758820.128432959783822, 0.0 ], [ 387532.348509489442222, 758821.518926423508674, 0.0 ], [ 387531.163699332741089, 758822.371668635634705, 0.0 ], [ 387530.249931413738523, 758823.029432539944537, 0.0 ], [ 387527.641020863375161, 758824.20036033866927, 0.0 ], [ 387526.091636473953258, 758824.701059342478402, 0.0 ], [ 387523.712475521839224, 758825.242035326897167, 0.0 ], [ 387520.403539386345074, 758825.773347230977379, 0.0 ], [ 387515.594777730468195, 758825.885561802657321, 0.0 ], [ 387507.376755075762048, 758825.779419877682813, 0.0 ], [ 387505.877029989787843, 758825.79021651064977, 0.0 ], [ 387497.299488902732264, 758825.66894595080521, 0.0 ], [ 387485.342059023096226, 758825.499863156001084, 0.0 ], [ 387472.952971815422643, 758825.194215296534821, 0.0 ], [ 387471.81513932562666, 758825.166152763064019, 0.0 ], [ 387456.088871838001069, 758824.853762622922659, 0.0 ], [ 387431.644762311538216, 758824.344985843403265, 0.0 ], [ 387418.167671479459386, 758823.67153593339026, 0.0 ], [ 387404.78077015170129, 758823.237984831212088, 0.0 ], [ 387398.222328006988391, 758823.110974204726517, 0.0 ], [ 387394.381847095210105, 758823.051279654493555, 0.0 ], [ 387390.724122461397201, 758822.994499169872142, 0.0 ], [ 387375.457901157613378, 758822.811662557069212, 0.0 ], [ 387367.549682699842378, 758822.665386046399362, 0.0 ], [ 387350.854601060505956, 758822.456022213213146, 0.0 ], [ 387342.185887474799529, 758822.347291049198247, 0.0 ], [ 387327.880829516449012, 758822.380553005728871, 0.0 ], [ 387326.059780420502648, 758822.384801076841541, 0.0 ], [ 387307.774450459633954, 758822.733241291251034, 0.0 ], [ 387298.196953283040784, 758823.037632079329342, 0.0 ], [ 387296.99373004771769, 758822.995103598572314, 0.0 ], [ 387273.612708258384373, 758822.169309157528915, 0.0 ], [ 387261.44550483225612, 758821.735189429833554, 0.0 ], [ 387254.957058778556529, 758821.638038789387792, 0.0 ], [ 387241.730317025387194, 758821.634307061787695, 0.0 ], [ 387235.661709384119604, 758821.627138492185622, 0.0 ], [ 387215.91644952801289, 758821.356511960620992, 0.0 ], [ 387198.240839454694651, 758821.21468866057694, 0.0 ], [ 387184.544205884914845, 758820.981132642249577, 0.0 ], [ 387180.425098539679311, 758820.93306513375137, 0.0 ], [ 387174.566482925845776, 758820.805828223470598, 0.0 ], [ 387153.431411252589896, 758820.205930815660395, 0.0 ], [ 387137.816436644701753, 758819.943776307278313, 0.0 ], [ 387135.041798636550084, 758819.89728151075542, 0.0 ], [ 387131.986527499509975, 758819.845918768085539, 0.0 ], [ 387127.42316649510758, 758819.877238849760033, 0.0 ], [ 387108.572371492045932, 758820.006696679745801, 0.0 ], [ 387089.000106942025013, 758820.035215777927078, 0.0 ], [ 387089.102832370204851, 758821.430824185023084, 0.0 ], [ 387091.052906486438587, 758847.92638984520454, 0.0 ], [ 387092.472450264729559, 758867.213278121547773, 0.0 ], [ 387092.974708885129075, 758874.037863217061386, 0.0 ], [ 387093.038598123588599, 758874.906319548957981, 0.0 ], [ 387094.001964733819477, 758887.996046688524075, 0.0 ], [ 387088.113373828993645, 758899.486562912585214, 0.0 ], [ 387085.870966788555961, 758903.86223102605436, 0.0 ], [ 387085.01870917918859, 758912.509298979421146, 0.0 ], [ 387084.896517560293432, 758913.749350578524172, 0.0 ], [ 387084.774225970497355, 758914.989402224658988, 0.0 ], [ 387084.773927440342959, 758914.99240162584465, 0.0 ], [ 387084.600490951968823, 758916.752449067076668, 0.0 ], [ 387084.570540306973271, 758917.056888059480116, 0.0 ], [ 387084.236897400696762, 758922.578383895452134, 0.0 ], [ 387083.186565307783894, 758939.966991501511075, 0.0 ], [ 387082.920281571394298, 758946.294057548162527, 0.0 ], [ 387081.851588546996936, 758971.689801875967532, 0.0 ], [ 387081.771867847302929, 758973.533085118979216, 0.0 ], [ 387081.525289273879025, 758979.238095176639035, 0.0 ], [ 387078.836020377697423, 759010.903951276675798, 0.0 ], [ 387078.472804508113768, 759015.180667487205938, 0.0 ], [ 387076.069843293633312, 759050.443104467587546, 0.0 ], [ 387072.656648993492126, 759063.231447213096544, 0.0 ], [ 387069.92042008502176, 759069.871188388555311, 0.0 ], [ 387067.709143010433763, 759071.968303376343101, 0.0 ], [ 387065.353565323690418, 759074.202251981128938, 0.0 ], [ 387061.502671173191629, 759076.897484471322969, 0.0 ], [ 387060.236496440717019, 759077.783656843006611, 0.0 ], [ 387057.227462257025763, 759078.265041832695715, 0.0 ], [ 387051.67874178790953, 759078.077676108456217, 0.0 ], [ 387039.9899869976216, 759074.573990941047668, 0.0 ], [ 387038.553569043113384, 759074.205651639029384, 0.0 ], [ 387033.450815854361281, 759072.897453872370534, 0.0 ], [ 387028.697506366588641, 759071.86752458801493, 0.0 ], [ 387025.979427828628104, 759070.263687306083739, 0.0 ], [ 387011.382019501470495, 759068.111026063212194, 0.0 ], [ 387001.143993303005118, 759066.936090700095519, 0.0 ], [ 386994.745095198741183, 759065.919325691182166, 0.0 ], [ 386973.167728546075523, 759060.170805320958607, 0.0 ], [ 386955.460412804386579, 759056.789896837319247, 0.0 ], [ 386947.371721208328381, 759055.324030481278896, 0.0 ], [ 386942.862450364395045, 759054.506335015641525, 0.0 ], [ 386937.35350053984439, 759053.849066327093169, 0.0 ], [ 386930.614939791266806, 759053.162378396722488, 0.0 ], [ 386924.375990582979284, 759052.335491940728389, 0.0 ], [ 386912.107923291274346, 759050.001788511523046, 0.0 ], [ 386899.530134871194605, 759047.888275308534503, 0.0 ], [ 386896.766305300348904, 759047.437675330089405, 0.0 ], [ 386891.031481310201343, 759046.502480360446498, 0.0 ], [ 386878.673988124122843, 759045.138579845079221, 0.0 ], [ 386870.955666522786487, 759044.662297043250874, 0.0 ], [ 386866.749408071860671, 759044.460408611455932, 0.0 ], [ 386862.542849696823396, 759044.258520317147486, 0.0 ], [ 386861.877598639053758, 759044.226638449821621, 0.0 ], [ 386846.991164701525122, 759044.013634176808409, 0.0 ], [ 386832.215190447168425, 759044.630374173168093, 0.0 ], [ 386820.927583482116461, 759046.589856687933207, 0.0 ], [ 386820.806624999153428, 759046.615006916457787, 0.0 ], [ 386810.113071018422488, 759049.859396170824766, 0.0 ], [ 386797.428255749982782, 759054.494272059411742, 0.0 ], [ 386785.693275708355941, 759058.848574035917409, 0.0 ], [ 386770.589492030791007, 759064.204400940332562, 0.0 ], [ 386757.834551198815461, 759068.319237728137523, 0.0 ], [ 386746.259235759207513, 759072.253668753197417, 0.0 ], [ 386736.465502755017951, 759075.804463228094392, 0.0 ], [ 386736.043478030478582, 759075.957522416487336, 0.0 ], [ 386730.948268396139611, 759077.964605181361549, 0.0 ], [ 386722.779180106299464, 759081.18242385040503, 0.0 ], [ 386713.832885676063597, 759084.405803704517893, 0.0 ], [ 386703.237237949157134, 759088.35977318440564, 0.0 ], [ 386695.050854192872066, 759091.792847070959397, 0.0 ], [ 386695.000644107232802, 759091.530335074290633, 0.0 ], [ 386667.842047643149272, 759095.645090886973776, 0.0 ], [ 386666.636962335789576, 759095.898290710407309, 0.0 ], [ 386641.344993167091161, 759097.841610127361491, 0.0 ], [ 386526.191754466912244, 759106.689247783040628, 0.0 ], [ 386529.529375166166574, 759086.841171983978711, 0.0 ], [ 386531.832787687075324, 759073.9332719091326, 0.0 ], [ 386533.687250750139356, 759063.255032947054133, 0.0 ], [ 386535.246625087980647, 759052.445164019591175, 0.0 ], [ 386535.999306448618881, 759047.227896006545052, 0.0 ], [ 386536.348078123060986, 759044.778335741255432, 0.0 ], [ 386538.201214827713557, 759031.040849812095985, 0.0 ], [ 386538.868754195049405, 759026.331696570268832, 0.0 ], [ 386539.404368067567702, 759022.57027179072611, 0.0 ], [ 386540.244011186703574, 759016.67343037284445, 0.0 ], [ 386540.921454903029371, 759011.764321698923595, 0.0 ], [ 386541.243900920730084, 759009.031343426788226, 0.0 ], [ 386541.376842774276156, 759007.904758483055048, 0.0 ], [ 386519.682646741974168, 759005.045979588408954, 0.0 ], [ 386491.494748805183917, 759001.33153963368386, 0.0 ], [ 386478.703309238655493, 758999.645819960976951, 0.0 ], [ 386474.243932106997818, 758999.058144276379608, 0.0 ], [ 386462.855233589187264, 758997.557324880617671, 0.0 ], [ 386461.164445844711736, 758997.33506809535902, 0.0 ], [ 386458.715200619539246, 758997.876077375258319, 0.0 ], [ 386456.186394145479426, 758998.887008222751319, 0.0 ], [ 386455.130828542343806, 758999.261708401027136, 0.0 ], [ 386433.532217276515439, 759006.929296634392813, 0.0 ], [ 386427.658334565057885, 759009.014523519901559, 0.0 ], [ 386421.36062626063358, 759011.250211100559682, 0.0 ], [ 386419.471357127593365, 759011.820951933739707, 0.0 ], [ 386416.79301078163553, 759012.024451081291772, 0.0 ], [ 386416.508391203533392, 759012.046778338495642, 0.0 ], [ 386412.153405715594999, 759012.354233912541531, 0.0 ], [ 386401.277342652610969, 759013.130415680352598, 0.0 ], [ 386391.989036193874199, 759013.793284786865115, 0.0 ], [ 386381.795020974241197, 759014.174345599021763, 0.0 ], [ 386371.404557408648543, 759014.562696250039153, 0.0 ], [ 386361.06678744556848, 759014.107629655394703, 0.0 ], [ 386353.858507773431484, 759013.781071870354936, 0.0 ], [ 386344.480470925453119, 759013.045626564067788, 0.0 ], [ 386324.134662412572652, 759011.305543542723171, 0.0 ], [ 386307.248172755702399, 759010.143704937072471, 0.0 ], [ 386305.728595440043136, 759010.034440519288182, 0.0 ], [ 386286.752915552875493, 759009.293472843710333, 0.0 ], [ 386269.736618059803732, 759008.261662778677419, 0.0 ], [ 386258.069025516859256, 759007.487394785624929, 0.0 ], [ 386251.350335773720872, 759006.540661014383659, 0.0 ], [ 386246.701097434211988, 759005.723030327586457, 0.0 ], [ 386244.071555883914698, 759005.534303112188354, 0.0 ], [ 386236.604071528592613, 759006.77748041448649, 0.0 ], [ 386225.247884847165551, 759009.182185981888324, 0.0 ], [ 386210.933446610462852, 759013.34783860470634, 0.0 ], [ 386199.477904375700746, 759017.082263863645494, 0.0 ], [ 386188.782738696841989, 759021.596143014030531, 0.0 ], [ 386176.068962777790148, 759028.240440277033485, 0.0 ], [ 386169.672266442794353, 759031.952511711628176, 0.0 ], [ 386168.634635441529099, 759032.62563029199373, 0.0 ], [ 386160.187467574782204, 759038.105423816596158, 0.0 ], [ 386153.811125293897931, 759042.587396679213271, 0.0 ], [ 386142.188025374547578, 759051.470535498694517, 0.0 ], [ 386114.934869205811992, 759073.007956075598486, 0.0 ], [ 386095.626468980452046, 759087.703352296026424, 0.0 ], [ 386073.390187817509286, 759105.399377532768995, 0.0 ], [ 386069.709517056238838, 759108.239396800519899, 0.0 ], [ 386063.925919912173413, 759112.701998458709568, 0.0 ], [ 386059.635967722977512, 759110.544529495178722, 0.0 ], [ 386056.156193994858768, 759109.196483789244667, 0.0 ], [ 386055.866815407527611, 759109.089944942272268, 0.0 ], [ 386049.10671527532395, 759106.600409742211923, 0.0 ], [ 386041.917345592402853, 759104.164461596519686, 0.0 ], [ 386029.728251979744527, 759099.901094407541677, 0.0 ], [ 386023.158843700657599, 759097.494749749545008, 0.0 ], [ 386019.308876489521936, 759095.53702640067786, 0.0 ], [ 386009.458536107093096, 759089.833021996426396, 0.0 ], [ 386000.747658481239341, 759083.148726777289994, 0.0 ], [ 385994.61158471024828, 759078.900932119460776, 0.0 ], [ 385992.377012197976001, 759077.354054309078492, 0.0 ], [ 385991.119896684540436, 759077.087406163220294, 0.0 ], [ 385990.307215994922444, 759076.915127538261004, 0.0 ], [ 385988.922149082471151, 759076.899677384528331, 0.0 ], [ 385988.753562830155715, 759076.840370584395714, 0.0 ], [ 385988.145235927309841, 759076.891041887691244, 0.0 ], [ 385977.410317405418027, 759076.771178520168178, 0.0 ], [ 385964.053813598700799, 759077.017348073422909, 0.0 ], [ 385954.368381188309286, 759077.206419319962151, 0.0 ], [ 385948.317722746054642, 759077.324612567317672, 0.0 ], [ 385945.111032956803683, 759077.158349124365486, 0.0 ], [ 385929.012098494917154, 759076.323863220750354, 0.0 ], [ 385924.946420272812247, 759076.15890012064483, 0.0 ], [ 385913.175688963383436, 759075.681407698430121, 0.0 ], [ 385908.986858702148311, 759075.98328741278965, 0.0 ], [ 385907.377375649870373, 759076.243974131182767, 0.0 ], [ 385905.377921106992289, 759076.574825521558523, 0.0 ], [ 385900.069853049586527, 759077.707023427588865, 0.0 ], [ 385886.604767544136848, 759081.152458166237921, 0.0 ], [ 385883.665844458388165, 759081.913642121129669, 0.0 ], [ 385876.838348307239357, 759083.68639152427204, 0.0 ], [ 385874.429183050582651, 759084.207387353759259, 0.0 ], [ 385873.929224613704719, 759084.247610681923106, 0.0 ], [ 385872.569605488155503, 759084.348220167681575, 0.0 ], [ 385870.760164294741116, 759084.379056601086631, 0.0 ], [ 385868.650543008989189, 759084.080114017589949, 0.0 ], [ 385850.932781327399425, 759079.54949063481763, 0.0 ], [ 385832.974852591694798, 759074.749045414617285, 0.0 ], [ 385829.160732326796278, 759073.340570229920559, 0.0 ], [ 385823.59753389202524, 759071.701167560066096, 0.0 ], [ 385819.974825237412006, 759070.204024844104424, 0.0 ], [ 385817.256288775999565, 759069.337705528945662, 0.0 ], [ 385812.335953840636648, 759067.744191717472859, 0.0 ], [ 385805.400721544167027, 759077.959019111236557, 0.0 ], [ 385786.018635992193595, 759096.728252644301392, 0.0 ], [ 385783.595425643201452, 759099.074906955123879, 0.0 ], [ 385778.87381788273342, 759103.647287059458904, 0.0 ], [ 385777.0826416577911, 759105.327910051681101, 0.0 ], [ 385776.438182001351379, 759105.932662228820845, 0.0 ], [ 385771.192847194033675, 759118.960911185014993, 0.0 ], [ 385761.647525223554112, 759125.251119869644754, 0.0 ], [ 385747.023966998793185, 759133.078120314981788, 0.0 ], [ 385725.949158504372463, 759139.545763897942379, 0.0 ], [ 385708.994400584604591, 759145.289563354454003, 0.0 ], [ 385667.485774957807735, 759151.900704153697006, 0.0 ], [ 385600.388910558423959, 759131.46171854971908, 0.0 ], [ 385564.164824985084124, 759108.145636078668758, 0.0 ], [ 385544.864204048644751, 759093.872840287396684, 0.0 ], [ 385517.900319943786599, 759083.579942387994379, 0.0 ], [ 385494.952663407777436, 759081.891460355604067, 0.0 ], [ 385491.168501882057171, 759080.8407831590157, 0.0 ], [ 385482.942738933255896, 759078.951283448841423, 0.0 ], [ 385479.55322369094938, 759077.993099471903406, 0.0 ], [ 385472.35428748850245, 759076.486826788634062, 0.0 ], [ 385463.695330006768927, 759074.3813820569776, 0.0 ], [ 385457.685169229400344, 759072.590324697433971, 0.0 ], [ 385454.986356263281778, 759071.7860807699617, 0.0 ], [ 385446.177053238207009, 759068.860907150781713, 0.0 ], [ 385436.397997113061137, 759065.526286239386536, 0.0 ], [ 385426.768682916532271, 759061.931659205001779, 0.0 ], [ 385426.368601934285834, 759061.761987424571998, 0.0 ], [ 385418.029003585048486, 759058.236641795723699, 0.0 ], [ 385415.879207128891721, 759057.327867380459793, 0.0 ], [ 385401.59963364014402, 759050.946092718979344, 0.0 ], [ 385399.097834634012543, 759050.061176617396995, 0.0 ], [ 385388.530783483060077, 759046.323321910575032, 0.0 ], [ 385381.451533080486115, 759044.207142729894258, 0.0 ], [ 385365.224377323989756, 759041.985256212064996, 0.0 ], [ 385361.816397673101164, 759041.522959111025557, 0.0 ], [ 385361.082731219008565, 759041.423425712389871, 0.0 ], [ 385360.67900468868902, 759041.368627454037778, 0.0 ], [ 385360.025723579688929, 759041.279953899327666, 0.0 ], [ 385349.287278191710357, 759039.823219686863013, 0.0 ], [ 385328.632088961079717, 759038.203250813996419, 0.0 ], [ 385320.399906973005272, 759037.557648726156913, 0.0 ], [ 385318.113884043996222, 759037.378358920454048, 0.0 ], [ 385315.297969187493436, 759036.723332898807712, 0.0 ], [ 385312.194693617813755, 759036.001457294099964, 0.0 ], [ 385310.84444903495023, 759035.410232017864473, 0.0 ], [ 385308.294753608759493, 759034.293694964959286, 0.0 ], [ 385307.11794150993228, 759035.149733980302699, 0.0 ], [ 385303.357739568687975, 759037.885117195080966, 0.0 ], [ 385297.743118387297727, 759042.391331230057403, 0.0 ], [ 385285.808513035415672, 759051.969849620712921, 0.0 ], [ 385285.318754491047002, 759052.230014278437011, 0.0 ], [ 385275.333776903979015, 759057.533371463185176, 0.0 ], [ 385268.196897599322256, 759060.685927506303415, 0.0 ], [ 385262.619208630057983, 759062.708033429924399, 0.0 ], [ 385257.491003618109971, 759063.860142975114286, 0.0 ], [ 385240.586887347337324, 759067.587114063906483, 0.0 ], [ 385236.388372230634559, 759068.348885677289218, 0.0 ], [ 385232.739634117984679, 759069.350442084367387, 0.0 ], [ 385201.110455739137251, 759075.923484077560715, 0.0 ], [ 385162.781190856010653, 759078.790659749764018, 0.0 ], [ 385142.007819944643416, 759081.86959482030943, 0.0 ], [ 385139.489593788632192, 759082.419434692244977, 0.0 ], [ 385130.811705034109764, 759084.314218129264191, 0.0 ], [ 385123.764441486971918, 759086.476975323515944, 0.0 ], [ 385115.737977778248023, 759089.839895193581469, 0.0 ], [ 385100.665572411031462, 759098.414824577514082, 0.0 ], [ 385091.566349692409858, 759103.660283680539578, 0.0 ], [ 385083.534478277666494, 759108.290395736112259, 0.0 ], [ 385059.16781527234707, 759124.077893802663311, 0.0 ], [ 385052.04100470780395, 759127.170460568158887, 0.0 ], [ 385045.470796936424449, 759129.275309709832072, 0.0 ], [ 385045.851119756931439, 759130.381561268586665, 0.0 ], [ 385046.03781721892301, 759134.118558621616103, 0.0 ], [ 385046.748065510008018, 759141.026434887899086, 0.0 ], [ 385048.727607429318596, 759147.515621618134901, 0.0 ], [ 385047.412935409811325, 759160.389980689389631, 0.0 ], [ 385041.242879220866598, 759172.247553932247683, 0.0 ], [ 385035.896188195096329, 759183.391118086408824, 0.0 ], [ 385033.477712525287643, 759183.88752471038606, 0.0 ], [ 385012.931647835008334, 759173.812077877344564, 0.0 ], [ 385007.940459351229947, 759171.42899007210508, 0.0 ], [ 385006.918582189537119, 759170.941086303326301, 0.0 ], [ 385004.771430165506899, 759169.915939082857221, 0.0 ], [ 385002.480881335330196, 759168.822275538928807, 0.0 ], [ 385000.434124776511453, 759171.055583255481906, 0.0 ], [ 384998.320488658675458, 759173.94066251302138, 0.0 ], [ 384984.900069786119275, 759197.074656261596829, 0.0 ], [ 384983.963172279996797, 759198.945734999491833, 0.0 ], [ 384981.26294999755919, 759204.33887361001689, 0.0 ], [ 384977.916088761412539, 759211.023597529623657, 0.0 ], [ 384968.813150523346849, 759232.096182546112686, 0.0 ], [ 384950.389564305252861, 759278.391338374232873, 0.0 ], [ 384943.216278201434761, 759296.086651004035957, 0.0 ], [ 384937.442911630612798, 759311.772502782871015, 0.0 ], [ 384937.399477373983245, 759311.890594124561176, 0.0 ], [ 384936.727493962331209, 759313.716460453812033, 0.0 ], [ 384935.887564503471367, 759315.998393441550434, 0.0 ], [ 384934.297391168831382, 759321.007108623511158, 0.0 ], [ 384934.289105419651605, 759321.033306071301922, 0.0 ], [ 384922.024236603116151, 759359.665366968140006, 0.0 ], [ 384920.121698952629231, 759365.657787062344141, 0.0 ], [ 384915.83485003374517, 759379.160480352467857, 0.0 ], [ 384906.228323786752298, 759409.419352296041325, 0.0 ], [ 384899.111100213543978, 759432.846935954759829, 0.0 ], [ 384899.082250773615669, 759432.94012659532018, 0.0 ], [ 384891.374675312661566, 759457.87441697192844, 0.0 ], [ 384890.931887301034294, 759459.81044947297778, 0.0 ], [ 384890.386833109194413, 759462.193820147076622, 0.0 ], [ 384888.899210842384491, 759466.293510374962352, 0.0 ], [ 384885.994563502434175, 759476.452378030167893, 0.0 ], [ 384878.967591972788796, 759500.679724301444367, 0.0 ], [ 384878.179723412496969, 759502.261904536513612, 0.0 ], [ 384877.179805427382234, 759504.269679513177834, 0.0 ], [ 384876.770705961040221, 759505.984450507210568, 0.0 ], [ 384876.361606484279037, 759507.699221501708962, 0.0 ], [ 384875.263569485046901, 759511.328845097799785, 0.0 ], [ 384875.758004420204088, 759511.448984917253256, 0.0 ], [ 384869.507919341675006, 759530.483340606209822, 0.0 ], [ 384869.126854419359006, 759531.64403421827592, 0.0 ], [ 384868.845058726845309, 759532.57663735433016, 0.0 ], [ 384865.616972373682074, 759545.266636373940855, 0.0 ], [ 384862.847432252136059, 759556.153662942582741, 0.0 ], [ 384861.19244142511161, 759562.80340697884094, 0.0 ], [ 384859.537450625211932, 759569.453151027555577, 0.0 ], [ 384858.453050122014247, 759573.810590112116188, 0.0 ], [ 384854.854480498353951, 759588.269529044162482, 0.0 ], [ 384851.016290797793772, 759604.4875491282437, 0.0 ], [ 384850.204690345795825, 759607.916888192528859, 0.0 ], [ 384847.278076133748982, 759623.917736042058095, 0.0 ], [ 384843.862529496720526, 759642.591357690165751, 0.0 ], [ 384843.39627721067518, 759645.233828263706528, 0.0 ], [ 384841.944373456994072, 759653.461291331448592, 0.0 ], [ 384840.542026681359857, 759661.408299954491667, 0.0 ], [ 384840.33916432276601, 759662.667786237900145, 0.0 ], [ 384836.210837562044617, 759688.292338721803389, 0.0 ], [ 384835.970898114319425, 759690.224077709135599, 0.0 ], [ 384833.864370136638172, 759708.337725650751963, 0.0 ], [ 384833.45630815072218, 759711.846556950244121, 0.0 ], [ 384833.278067201783415, 759713.378964924602769, 0.0 ], [ 384830.610722866433207, 759738.873967304592952, 0.0 ], [ 384830.258150001987815, 759742.816866427892819, 0.0 ], [ 384829.188497481285594, 759754.780736276647076, 0.0 ], [ 384827.975716734479647, 759758.897894337307662, 0.0 ], [ 384827.925153167860117, 759759.806195534998551, 0.0 ], [ 384827.590340928290971, 759765.815880296286196, 0.0 ], [ 384827.594060036644805, 759765.858768058125861, 0.0 ], [ 384827.87700019107433, 759801.862419981509447, 0.0 ], [ 384827.920150975172874, 759807.348356526927091, 0.0 ], [ 384827.92355090106139, 759807.778349649976008, 0.0 ], [ 384828.34084987040842, 759823.844220863073133, 0.0 ], [ 384830.918279522971716, 759841.108789946651086, 0.0 ], [ 384832.752318232320249, 759850.720679970108904, 0.0 ], [ 384835.935027190600522, 759867.401209348929115, 0.0 ], [ 384838.645295664318837, 759881.605265681981109, 0.0 ], [ 384841.028618679265492, 759889.9721040019067, 0.0 ], [ 384842.569863697630353, 759895.374361455324106, 0.0 ], [ 384832.029736014432274, 759896.210178517969325, 0.0 ], [ 384814.661448698665481, 759902.330889980308712, 0.0 ], [ 384803.756539694208186, 759912.224259708658792, 0.0 ], [ 384798.27809871127829, 759930.891647309763357, 0.0 ], [ 384792.411138237162959, 759943.745439878082834, 0.0 ], [ 384790.404034411883913, 759952.320777566637844, 0.0 ], [ 384789.071619068447035, 759958.013206056435592, 0.0 ], [ 384787.309622663480695, 759965.662156132399105, 0.0 ], [ 384784.84760985308094, 759965.199919053702615, 0.0 ], [ 384766.198722088069189, 759957.800439568585716, 0.0 ], [ 384759.818754747742787, 759954.524221037514508, 0.0 ], [ 384757.138429415877908, 759952.635935009340756, 0.0 ], [ 384755.712628539593425, 759951.67213679512497, 0.0 ], [ 384751.788150900625624, 759949.019318926148117, 0.0 ], [ 384749.378597193863243, 759947.640581685933284, 0.0 ], [ 384748.767983566154726, 759947.291152378893457, 0.0 ], [ 384746.698390133795328, 759946.862223852425814, 0.0 ], [ 384735.171492883411702, 759945.747979497537017, 0.0 ], [ 384730.071553500078153, 759945.13041226239875, 0.0 ], [ 384727.521949696820229, 759944.641722515458241, 0.0 ], [ 384724.062771561555564, 759944.37340357224457, 0.0 ], [ 384722.636543184693437, 759944.207110304269008, 0.0 ], [ 384712.364999261219054, 759943.009200167842209, 0.0 ], [ 384697.118043491442222, 759941.746629263623618, 0.0 ], [ 384692.744490007404238, 759941.480036883382127, 0.0 ], [ 384679.861878049210645, 759940.694944975315593, 0.0 ], [ 384660.016405758215114, 759939.984386324184015, 0.0 ], [ 384653.137845960678533, 759939.675873980042525, 0.0 ], [ 384651.076607511844486, 759939.583459154237062, 0.0 ], [ 384640.600753182137851, 759939.113666140590794, 0.0 ], [ 384630.603919756656978, 759938.725829369621351, 0.0 ], [ 384628.633466503233649, 759938.649368240847252, 0.0 ], [ 384626.496455189364497, 759938.789531875983812, 0.0 ], [ 384606.369599290890619, 759940.109407679410651, 0.0 ], [ 384602.250503988470882, 759940.101333188009448, 0.0 ], [ 384599.031535540125333, 759940.622708789655007, 0.0 ], [ 384593.563038940366823, 759940.975176212261431, 0.0 ], [ 384589.764105213165749, 759941.266878853086382, 0.0 ], [ 384585.755152910656761, 759941.408716245205142, 0.0 ], [ 384560.901221402105875, 759942.873564098612405, 0.0 ], [ 384545.149910759704653, 759943.801892514922656, 0.0 ], [ 384535.828849010169506, 759944.351310848374851, 0.0 ], [ 384532.159915977099445, 759944.712935692863539, 0.0 ], [ 384528.990631757304072, 759944.584447131957859, 0.0 ], [ 384504.816624196595512, 759944.745696517522447, 0.0 ], [ 384494.77872846077662, 759943.990568784880452, 0.0 ], [ 384492.475895953015424, 759943.784694535657763, 0.0 ], [ 384492.101997824967839, 759943.806863715639338, 0.0 ], [ 384492.109170383249875, 759943.751873819972388, 0.0 ], [ 384489.439765583374538, 759943.413203239440918, 0.0 ], [ 384486.147105101495981, 759942.842780407867394, 0.0 ], [ 384478.561548045487143, 759941.528744195122272, 0.0 ], [ 384476.513939516269602, 759941.293857852579094, 0.0 ], [ 384468.233522469527088, 759940.343857054715045, 0.0 ], [ 384460.385958351776935, 759941.447251779260114, 0.0 ], [ 384454.188067509792745, 759942.929783399216831, 0.0 ], [ 384448.66983199265087, 759943.602195823565125, 0.0 ], [ 384439.210009244969115, 759945.020166522241198, 0.0 ], [ 384439.152027460688259, 759945.02879148919601, 0.0 ], [ 384438.81862847879529, 759943.99969891901128, 0.0 ], [ 384438.527079661376774, 759943.099955163663253, 0.0 ], [ 384438.257924039149657, 759940.912515948526561, 0.0 ], [ 384436.848018998396583, 759929.455676926416345, 0.0 ], [ 384430.067993119999301, 759915.568040156853385, 0.0 ], [ 384427.350595552125014, 759911.365237152203918, 0.0 ], [ 384415.731547733303159, 759893.395358370384201, 0.0 ], [ 384382.398591300763655, 759885.872063317219727, 0.0 ], [ 384340.241754025977571, 759886.617266042623669, 0.0 ], [ 384335.366650544747245, 759886.411192852305248, 0.0 ], [ 384330.491646981216036, 759886.205019639106467, 0.0 ], [ 384305.658925089868717, 759874.432294078636914, 0.0 ], [ 384291.063753870781511, 759868.560544954962097, 0.0 ], [ 384267.660332710191142, 759859.466696426854469, 0.0 ], [ 384238.029590836784337, 759850.065230534062721, 0.0 ], [ 384223.542627032729797, 759850.692241550656036, 0.0 ], [ 384204.922631708555855, 759857.439586118562147, 0.0 ], [ 384185.043878413387574, 759863.618057668558322, 0.0 ], [ 384165.905776993371546, 759871.580947331036441, 0.0 ], [ 384145.032281024381518, 759872.864780132425949, 0.0 ], [ 384136.188603705726564, 759875.991645277128555, 0.0 ], [ 384127.344926334684715, 759879.118510452564806, 0.0 ], [ 384111.022601533972193, 759881.654112292104401, 0.0 ], [ 384106.229012393741868, 759875.740595981711522, 0.0 ], [ 384098.564391562365927, 759874.894781626411714, 0.0 ], [ 384085.760786244412884, 759872.890450002392754, 0.0 ], [ 384069.914070765196811, 759870.770267600659281, 0.0 ], [ 384069.978143432352226, 759870.316948471940123, 0.0 ], [ 384042.968793418898713, 759857.352728273253888, 0.0 ], [ 384030.772516801080201, 759853.158747941604815, 0.0 ], [ 384019.770739871542901, 759849.375509437988512, 0.0 ], [ 384001.022855635324959, 759844.305502129136585, 0.0 ], [ 383969.547969508392271, 759839.850986782344989, 0.0 ], [ 383962.579712283506524, 759838.864781344891526, 0.0 ], [ 383934.305739515577443, 759836.758497542236, 0.0 ], [ 383933.196248737513088, 759836.839995671994984, 0.0 ], [ 383920.319137668178882, 759837.785977105959319, 0.0 ], [ 383917.202306301798671, 759838.014876486849971, 0.0 ], [ 383917.14632191346027, 759838.019001620355994, 0.0 ], [ 383916.91058760281885, 759838.036307458765805, 0.0 ], [ 383916.736131209123414, 759838.038388407672755, 0.0 ], [ 383916.653451897203922, 759838.039426758419722, 0.0 ], [ 383885.756577423249837, 759838.413461672491394, 0.0 ], [ 383883.408864403434563, 759838.441850927309133, 0.0 ], [ 383866.441938023082912, 759835.930386546300724, 0.0 ], [ 383845.517573845980223, 759837.049883026746102, 0.0 ], [ 383828.20249743910972, 759838.74755308276508, 0.0 ], [ 383827.122845512581989, 759838.928013117052615, 0.0 ], [ 383804.330312056234106, 759842.777715159929357, 0.0 ], [ 383781.570725870318711, 759853.385751456255093, 0.0 ], [ 383758.811085399182048, 759863.663868644973263, 0.0 ], [ 383755.051722991629504, 759864.775752500281669, 0.0 ], [ 383752.579254408483393, 759862.906963326968253, 0.0 ], [ 383752.169823703938164, 759863.055318277329206, 0.0 ], [ 383741.69888704479672, 759857.926859810948372, 0.0 ], [ 383740.805600942636374, 759857.489283763687126, 0.0 ], [ 383735.290026623173617, 759849.09031004330609, 0.0 ], [ 383733.206950239720754, 759848.907727264799178, 0.0 ], [ 383728.12158434279263, 759848.461910606944002, 0.0 ], [ 383709.538755884859711, 759854.099210926913656, 0.0 ], [ 383703.701253930805251, 759858.322805367177352, 0.0 ], [ 383693.638011757167988, 759865.603826478589326, 0.0 ], [ 383685.709695983794518, 759865.277608132804744, 0.0 ], [ 383677.213975666672923, 759874.282176632317714, 0.0 ], [ 383671.539170287665911, 759880.296957951737568, 0.0 ], [ 383665.864364905864932, 759886.311739313649014, 0.0 ], [ 383663.347045665956102, 759890.521886909380555, 0.0 ], [ 383658.152363044384401, 759899.19219583296217, 0.0 ], [ 383658.858157382695936, 759902.119051705580205, 0.0 ], [ 383653.612607351271436, 759913.616394271375611, 0.0 ], [ 383643.333376376482192, 759924.877345209242776, 0.0 ], [ 383625.30412670050282, 759915.555839883978479, 0.0 ], [ 383614.357811509573366, 759906.800488699343987, 0.0 ], [ 383606.814603744714987, 759915.045498439110816, 0.0 ], [ 383591.809151049121283, 759926.57289169402793, 0.0 ], [ 383591.281087266630493, 759927.23087767418474, 0.0 ], [ 383580.286784963333048, 759918.906943489098921, 0.0 ], [ 383572.381614053039812, 759911.19491732516326, 0.0 ], [ 383557.520146665046923, 759927.69223052833695, 0.0 ], [ 383544.484877659822814, 759931.00750851072371, 0.0 ], [ 383526.000781385228038, 759933.985413365648128, 0.0 ], [ 383513.181343914358877, 759949.687567708780989, 0.0 ], [ 383505.634482854802627, 759995.289963132701814, 0.0 ], [ 383509.610363863350358, 760052.784075250267051, 0.0 ], [ 383510.214169358427171, 760061.461675522499718, 0.0 ], [ 383510.294199349009432, 760062.638251007185318, 0.0 ], [ 383511.512875398213509, 760080.566406536498107, 0.0 ], [ 383511.554054134932812, 760083.325713907019235, 0.0 ], [ 383511.648240362817887, 760092.123522853944451, 0.0 ], [ 383511.731253411213402, 760098.83184694359079, 0.0 ], [ 383515.141484604217112, 760122.304525646730326, 0.0 ], [ 383518.08051710476866, 760143.178058669087477, 0.0 ], [ 383520.592236838827375, 760151.383782811113633, 0.0 ], [ 383525.099414881726261, 760166.10918366140686, 0.0 ], [ 383531.36878020252334, 760189.220614583464339, 0.0 ], [ 383533.992360958538484, 760198.257183553301729, 0.0 ], [ 383537.088024794473313, 760209.002614895463921, 0.0 ], [ 383537.687328573665582, 760210.822390793589875, 0.0 ], [ 383539.176155706983991, 760215.297703032149002, 0.0 ], [ 383547.989280006615445, 760241.79002003010828, 0.0 ], [ 383553.514986855094321, 760256.893752199131995, 0.0 ], [ 383552.856463558156975, 760260.78071115212515, 0.0 ], [ 383552.718079017126001, 760261.597676406148821, 0.0 ], [ 383550.723366410122253, 760273.371034776908346, 0.0 ], [ 383551.523913412471302, 760274.960272883996367, 0.0 ], [ 383575.260990232112817, 760323.917233500164002, 0.0 ], [ 383575.651268527202774, 760324.716855977196246, 0.0 ], [ 383576.080034813145176, 760325.724909597542137, 0.0 ], [ 383576.471869489236269, 760326.646001697634347, 0.0 ], [ 383576.692144536180422, 760327.135779233067296, 0.0 ], [ 383583.2476262539858, 760342.936459576478228, 0.0 ], [ 383596.129187920305412, 760373.985261941561475, 0.0 ], [ 383600.725676093483344, 760390.059190561878495, 0.0 ], [ 383601.313467819301877, 760392.274775081546977, 0.0 ], [ 383604.401252422889229, 760403.914091077516787, 0.0 ], [ 383619.854377351119183, 760440.078042203793302, 0.0 ], [ 383624.68655447603669, 760456.250236271647736, 0.0 ], [ 383636.926809106837027, 760497.216115622315556, 0.0 ], [ 383637.370667403331026, 760502.066424118471332, 0.0 ], [ 383627.313884231785778, 760504.97811316838488, 0.0 ], [ 383605.615944811201189, 760505.110021124011837, 0.0 ], [ 383599.137550272629596, 760506.657970833941363, 0.0 ], [ 383597.298497419105843, 760510.933386659598909, 0.0 ], [ 383592.453044990659691, 760522.197801515692845, 0.0 ], [ 383591.77863711444661, 760529.531626540003344, 0.0 ], [ 383589.830513539083768, 760550.716165957855992, 0.0 ], [ 383589.7794290005113, 760551.150483817211352, 0.0 ], [ 383587.179318163369317, 760589.351674363599159, 0.0 ], [ 383586.822257126914337, 760594.597360813408159, 0.0 ], [ 383612.503519377671182, 760605.58107646740973, 0.0 ], [ 383635.443559601088054, 760617.867355034686625, 0.0 ], [ 383650.624960981309414, 760627.942399557097815, 0.0 ], [ 383658.145156954647973, 760632.933066141558811, 0.0 ], [ 383660.938375867670402, 760633.577303274068981, 0.0 ], [ 383661.115986815595534, 760636.260865093558095, 0.0 ], [ 383664.507723597402219, 760663.14271677727811, 0.0 ], [ 383669.003073684405535, 760676.937247656402178, 0.0 ], [ 383669.924030881957151, 760679.466199734830298, 0.0 ], [ 383681.569955656072125, 760698.226175664924085, 0.0 ], [ 383676.310251913615502, 760717.503927687881514, 0.0 ], [ 383653.086826102400664, 760741.039038093644194, 0.0 ], [ 383653.054559701937251, 760741.094039749004878, 0.0 ], [ 383647.622599040332716, 760750.319326900993474, 0.0 ], [ 383647.581629020161927, 760751.6455222889781, 0.0 ], [ 383646.962638890137896, 760771.664424430113286, 0.0 ], [ 383647.172078648523893, 760792.179518153192475, 0.0 ], [ 383647.458326940366533, 760820.23863422870636, 0.0 ], [ 383620.614942312298808, 760817.157636398333125, 0.0 ], [ 383596.643553636851721, 760814.071796918986365, 0.0 ] ] ] } }
]
}
