{
"type": "FeatureCollection",
"name": "kaduwela_grid_geometry_wgs84",
"crs": { "type": "name", "properties": { "name": "urn:ogc:def:crs:OGC:1.3:CRS84" } },
"features": [
{ "type": "Feature", "properties": { "id": "1847,3610", "grid_id": "1847,3610" }, "geometry": { "type": "Polygon", "coordinates": [ [ [ 79.985155884201063, 6.857367845592341 ], [ 79.987056308507817, 6.857371859081184 ], [ 79.987052295972674, 6.859271224097787 ], [ 79.985151864140988, 6.859267209487014 ], [ 79.985155884201063, 6.857367845592341 ] ] ] } },
{ "type": "Feature", "properties": { "id": "1848,3610", "grid_id": "1848,3610" }, "geometry": { "type": "Polygon", "coordinates": [ [ [ 79.987056308507817, 6.857371859081184 ], [ 79.988956733952278, 6.857375865050312 ], [ 79.988952728942081, 6.859275231186744 ], [ 79.987052295972674, 6.859271224097787 ], [ 79.987056308507817, 6.857371859081184 ] ] ] } },
{ "type": "Feature", "properties": { "id": "1849,3610", "grid_id": "1849,3610" }, "geometry": { "type": "Polygon", "coordinates": [ [ [ 79.988956733952278, 6.857375865050312 ], [ 79.9908571605323, 6.857379863499703 ], [ 79.990853163047092, 6.859279230753862 ], [ 79.988952728942081, 6.859275231186744 ], [ 79.988956733952278, 6.857375865050312 ] ] ] } },
{ "type": "Feature", "properties": { "id": "1850,3610", "grid_id": "1850,3610" }, "geometry": { "type": "Polygon", "coordinates": [ [ [ 79.9908571605323, 6.857379863499703 ], [ 79.99275758824578, 6.857383854429334 ], [ 79.99275359828556, 6.859283222799119 ], [ 79.990853163047092, 6.859279230753862 ], [ 79.9908571605323, 6.857379863499703 ] ] ] } },
{ "type": "Feature", "properties": { "id": "1847,3611", "grid_id": "1847,3611" }, "geometry": { "type": "Polygon", "coordinates": [ [ [ 79.985151864140988, 6.859267209487014 ], [ 79.987052295972674, 6.859271224097787 ], [ 79.98704828229981, 6.861170588962097 ], [ 79.985147842941061, 6.861166573229386 ], [ 79.985151864140988, 6.859267209487014 ] ] ] } },
{ "type": "Feature", "properties": { "id": "1848,3611", "grid_id": "1848,3611" }, "geometry": { "type": "Polygon", "coordinates": [ [ [ 79.987052295972674, 6.859271224097787 ], [ 79.988952728942081, 6.859275231186744 ], [ 79.988948722796309, 6.861174597170892 ], [ 79.98704828229981, 6.861170588962097 ], [ 79.987052295972674, 6.859271224097787 ] ] ] } },
{ "type": "Feature", "properties": { "id": "1849,3611", "grid_id": "1849,3611" }, "geometry": { "type": "Polygon", "coordinates": [ [ [ 79.988952728942081, 6.859275231186744 ], [ 79.990853163047092, 6.859279230753862 ], [ 79.990849164428411, 6.861178597855746 ], [ 79.988948722796309, 6.861174597170892 ], [ 79.988952728942081, 6.859275231186744 ] ] ] } },
{ "type": "Feature", "properties": { "id": "1850,3611", "grid_id": "1850,3611" }, "geometry": { "type": "Polygon", "coordinates": [ [ [ 79.990853163047092, 6.859279230753862 ], [ 79.99275359828556, 6.859283222799119 ], [ 79.992749607194028, 6.861182591016634 ], [ 79.990849164428411, 6.861178597855746 ], [ 79.990853163047092, 6.859279230753862 ] ] ] } },
{ "type": "Feature", "properties": { "id": "1851,3611", "grid_id": "1851,3611" }, "geometry": { "type": "Polygon", "coordinates": [ [ [ 79.99275359828556, 6.859283222799119 ], [ 79.994654034655355, 6.859287207322494 ], [ 79.994650051090971, 6.861186576653543 ], [ 79.992749607194028, 6.861182591016634 ], [ 79.99275359828556, 6.859283222799119 ] ] ] } },
{ "type": "Feature", "properties": { "id": "1852,3611", "grid_id": "1852,3611" }, "geometry": { "type": "Polygon", "coordinates": [ [ [ 79.994654034655355, 6.859287207322494 ], [ 79.996554472154344, 6.859291184323964 ], [ 79.996550496117138, 6.861190554766441 ], [ 79.994650051090971, 6.861186576653543 ], [ 79.994654034655355, 6.859287207322494 ] ] ] } },
{ "type": "Feature", "properties": { "id": "1853,3611", "grid_id": "1853,3611" }, "geometry": { "type": "Polygon", "coordinates": [ [ [ 79.996554472154344, 6.859291184323964 ], [ 79.998454910780396, 6.859295153803507 ], [ 79.998450942270381, 6.861194525355313 ], [ 79.996550496117138, 6.861190554766441 ], [ 79.996554472154344, 6.859291184323964 ] ] ] } },
{ "type": "Feature", "properties": { "id": "1854,3611", "grid_id": "1854,3611" }, "geometry": { "type": "Polygon", "coordinates": [ [ [ 79.998454910780396, 6.859295153803507 ], [ 80.000355350531379, 6.859299115761106 ], [ 80.000351389548584, 6.861198488420135 ], [ 79.998450942270381, 6.861194525355313 ], [ 79.998454910780396, 6.859295153803507 ] ] ] } },
{ "type": "Feature", "properties": { "id": "1846,3612", "grid_id": "1846,3612" }, "geometry": { "type": "Polygon", "coordinates": [ [ [ 79.983247404722192, 6.861162549972775 ], [ 79.985147842941061, 6.861166573229386 ], [ 79.985143820601223, 6.863065936819412 ], [ 79.983243374853188, 6.863061912438753 ], [ 79.983247404722192, 6.861162549972775 ] ] ] } },
{ "type": "Feature", "properties": { "id": "1847,3612", "grid_id": "1847,3612" }, "geometry": { "type": "Polygon", "coordinates": [ [ [ 79.985147842941061, 6.861166573229386 ], [ 79.98704828229981, 6.861170588962097 ], [ 79.987044267489182, 6.863069953674074 ], [ 79.985143820601223, 6.863065936819412 ], [ 79.985147842941061, 6.861166573229386 ] ] ] } },
{ "type": "Feature", "properties": { "id": "1848,3612", "grid_id": "1848,3612" }, "geometry": { "type": "Polygon", "coordinates": [ [ [ 79.98704828229981, 6.861170588962097 ], [ 79.988948722796309, 6.861174597170892 ], [ 79.988944715514904, 6.863073963002713 ], [ 79.987044267489182, 6.863069953674074 ], [ 79.98704828229981, 6.861170588962097 ] ] ] } },
{ "type": "Feature", "properties": { "id": "1849,3612", "grid_id": "1849,3612" }, "geometry": { "type": "Polygon", "coordinates": [ [ [ 79.988948722796309, 6.861174597170892 ], [ 79.990849164428411, 6.861178597855746 ], [ 79.990845164676273, 6.863077964805312 ], [ 79.988944715514904, 6.863073963002713 ], [ 79.988948722796309, 6.861174597170892 ] ] ] } },
{ "type": "Feature", "properties": { "id": "1850,3612", "grid_id": "1850,3612" }, "geometry": { "type": "Polygon", "coordinates": [ [ [ 79.990849164428411, 6.861178597855746 ], [ 79.992749607194028, 6.861182591016634 ], [ 79.992745614971128, 6.863081959081844 ], [ 79.990845164676273, 6.863077964805312 ], [ 79.990849164428411, 6.861178597855746 ] ] ] } },
{ "type": "Feature", "properties": { "id": "1851,3612", "grid_id": "1851,3612" }, "geometry": { "type": "Polygon", "coordinates": [ [ [ 79.992749607194028, 6.861182591016634 ], [ 79.994650051090971, 6.861186576653543 ], [ 79.994646066397365, 6.863085945832291 ], [ 79.992745614971128, 6.863081959081844 ], [ 79.992749607194028, 6.861182591016634 ] ] ] } },
{ "type": "Feature", "properties": { "id": "1852,3612", "grid_id": "1852,3612" }, "geometry": { "type": "Polygon", "coordinates": [ [ [ 79.994650051090971, 6.861186576653543 ], [ 79.996550496117138, 6.861190554766441 ], [ 79.99654651895284, 6.863089925056627 ], [ 79.994646066397365, 6.863085945832291 ], [ 79.994650051090971, 6.861186576653543 ] ] ] } },
{ "type": "Feature", "properties": { "id": "1853,3612", "grid_id": "1853,3612" }, "geometry": { "type": "Polygon", "coordinates": [ [ [ 79.996550496117138, 6.861190554766441 ], [ 79.998450942270381, 6.861194525355313 ], [ 79.998446972635421, 6.863093896754834 ], [ 79.99654651895284, 6.863089925056627 ], [ 79.996550496117138, 6.861190554766441 ] ] ] } },
{ "type": "Feature", "properties": { "id": "1854,3612", "grid_id": "1854,3612" }, "geometry": { "type": "Polygon", "coordinates": [ [ [ 79.998450942270381, 6.861194525355313 ], [ 80.000351389548584, 6.861198488420135 ], [ 80.000347427442975, 6.863097860926891 ], [ 79.998446972635421, 6.863093896754834 ], [ 79.998450942270381, 6.861194525355313 ] ] ] } },
{ "type": "Feature", "properties": { "id": "1855,3612", "grid_id": "1855,3612" }, "geometry": { "type": "Polygon", "coordinates": [ [ [ 80.000351389548584, 6.861198488420135 ], [ 80.002251837949586, 6.861202443960885 ], [ 80.002247883373371, 6.863101817572772 ], [ 80.000347427442975, 6.863097860926891 ], [ 80.000351389548584, 6.861198488420135 ] ] ] } },
{ "type": "Feature", "properties": { "id": "1856,3612", "grid_id": "1856,3612" }, "geometry": { "type": "Polygon", "coordinates": [ [ [ 80.002251837949586, 6.861202443960885 ], [ 80.004152287471285, 6.861206391977544 ], [ 80.00414834042445, 6.863105766692457 ], [ 80.002247883373371, 6.863101817572772 ], [ 80.002251837949586, 6.861202443960885 ] ] ] } },
{ "type": "Feature", "properties": { "id": "1857,3612", "grid_id": "1857,3612" }, "geometry": { "type": "Polygon", "coordinates": [ [ [ 80.004152287471285, 6.861206391977544 ], [ 80.006052738111521, 6.861210332470085 ], [ 80.006048798594108, 6.863109708285927 ], [ 80.00414834042445, 6.863105766692457 ], [ 80.004152287471285, 6.861206391977544 ] ] ] } },
{ "type": "Feature", "properties": { "id": "1843,3613", "grid_id": "1843,3613" }, "geometry": { "type": "Polygon", "coordinates": [ [ [ 79.977542044469843, 6.863049794141 ], [ 79.979442486785359, 6.863053841099522 ], [ 79.979438440711775, 6.864953201158684 ], [ 79.977537990865017, 6.864949153069794 ], [ 79.977542044469843, 6.863049794141 ] ] ] } },
{ "type": "Feature", "properties": { "id": "1844,3613", "grid_id": "1844,3613" }, "geometry": { "type": "Polygon", "coordinates": [ [ [ 79.979442486785359, 6.863053841099522 ], [ 79.98134293024718, 6.863057880532115 ], [ 79.981338891704866, 6.864957241719539 ], [ 79.979438440711775, 6.864953201158684 ], [ 79.979442486785359, 6.863053841099522 ] ] ] } },
{ "type": "Feature", "properties": { "id": "1845,3613", "grid_id": "1845,3613" }, "geometry": { "type": "Polygon", "coordinates": [ [ [ 79.98134293024718, 6.863057880532115 ], [ 79.983243374853188, 6.863061912438753 ], [ 79.983239343842158, 6.864961274752337 ], [ 79.981338891704866, 6.864957241719539 ], [ 79.98134293024718, 6.863057880532115 ] ] ] } },
{ "type": "Feature", "properties": { "id": "1846,3613", "grid_id": "1846,3613" }, "geometry": { "type": "Polygon", "coordinates": [ [ [ 79.983243374853188, 6.863061912438753 ], [ 79.985143820601223, 6.863065936819412 ], [ 79.985139797121505, 6.864965300257056 ], [ 79.983239343842158, 6.864961274752337 ], [ 79.983243374853188, 6.863061912438753 ] ] ] } },
{ "type": "Feature", "properties": { "id": "1847,3613", "grid_id": "1847,3613" }, "geometry": { "type": "Polygon", "coordinates": [ [ [ 79.985143820601223, 6.863065936819412 ], [ 79.987044267489182, 6.863069953674074 ], [ 79.987040251540776, 6.864969318233674 ], [ 79.985139797121505, 6.864965300257056 ], [ 79.985143820601223, 6.863065936819412 ] ] ] } },
{ "type": "Feature", "properties": { "id": "1848,3613", "grid_id": "1848,3613" }, "geometry": { "type": "Polygon", "coordinates": [ [ [ 79.987044267489182, 6.863069953674074 ], [ 79.988944715514904, 6.863073963002713 ], [ 79.988940707097854, 6.864973328682169 ], [ 79.987040251540776, 6.864969318233674 ], [ 79.987044267489182, 6.863069953674074 ] ] ] } },
{ "type": "Feature", "properties": { "id": "1849,3613", "grid_id": "1849,3613" }, "geometry": { "type": "Polygon", "coordinates": [ [ [ 79.988944715514904, 6.863073963002713 ], [ 79.990845164676273, 6.863077964805312 ], [ 79.990841163790606, 6.864977331602518 ], [ 79.988940707097854, 6.864973328682169 ], [ 79.988944715514904, 6.863073963002713 ] ] ] } },
{ "type": "Feature", "properties": { "id": "1850,3613", "grid_id": "1850,3613" }, "geometry": { "type": "Polygon", "coordinates": [ [ [ 79.990845164676273, 6.863077964805312 ], [ 79.992745614971128, 6.863081959081844 ], [ 79.992741621616872, 6.864981326994702 ], [ 79.990841163790606, 6.864977331602518 ], [ 79.990845164676273, 6.863077964805312 ] ] ] } },
{ "type": "Feature", "properties": { "id": "1851,3613", "grid_id": "1851,3613" }, "geometry": { "type": "Polygon", "coordinates": [ [ [ 79.992745614971128, 6.863081959081844 ], [ 79.994646066397365, 6.863085945832291 ], [ 79.994642080574522, 6.864985314858696 ], [ 79.992741621616872, 6.864981326994702 ], [ 79.992745614971128, 6.863081959081844 ] ] ] } },
{ "type": "Feature", "properties": { "id": "1852,3613", "grid_id": "1852,3613" }, "geometry": { "type": "Polygon", "coordinates": [ [ [ 79.994646066397365, 6.863085945832291 ], [ 79.99654651895284, 6.863089925056627 ], [ 79.996542540661451, 6.86498929519448 ], [ 79.994642080574522, 6.864985314858696 ], [ 79.994646066397365, 6.863085945832291 ] ] ] } },
{ "type": "Feature", "properties": { "id": "1853,3613", "grid_id": "1853,3613" }, "geometry": { "type": "Polygon", "coordinates": [ [ [ 79.99654651895284, 6.863089925056627 ], [ 79.998446972635421, 6.863093896754834 ], [ 79.998443001875501, 6.864993268002032 ], [ 79.996542540661451, 6.86498929519448 ], [ 79.99654651895284, 6.863089925056627 ] ] ] } },
{ "type": "Feature", "properties": { "id": "1854,3613", "grid_id": "1854,3613" }, "geometry": { "type": "Polygon", "coordinates": [ [ [ 79.998446972635421, 6.863093896754834 ], [ 80.000347427442975, 6.863097860926891 ], [ 80.000343464214538, 6.864997233281328 ], [ 79.998443001875501, 6.864993268002032 ], [ 79.998446972635421, 6.863093896754834 ] ] ] } },
{ "type": "Feature", "properties": { "id": "1855,3613", "grid_id": "1855,3613" }, "geometry": { "type": "Polygon", "coordinates": [ [ [ 80.000347427442975, 6.863097860926891 ], [ 80.002247883373371, 6.863101817572772 ], [ 80.002243927676432, 6.86500119103235 ], [ 80.000343464214538, 6.864997233281328 ], [ 80.000347427442975, 6.863097860926891 ] ] ] } },
{ "type": "Feature", "properties": { "id": "1856,3613", "grid_id": "1856,3613" }, "geometry": { "type": "Polygon", "coordinates": [ [ [ 80.002247883373371, 6.863101817572772 ], [ 80.00414834042445, 6.863105766692457 ], [ 80.00414439225905, 6.865005141255074 ], [ 80.002243927676432, 6.86500119103235 ], [ 80.002247883373371, 6.863101817572772 ] ] ] } },
{ "type": "Feature", "properties": { "id": "1857,3613", "grid_id": "1857,3613" }, "geometry": { "type": "Polygon", "coordinates": [ [ [ 80.00414834042445, 6.863105766692457 ], [ 80.006048798594108, 6.863109708285927 ], [ 80.006044857960262, 6.865009083949479 ], [ 80.00414439225905, 6.865005141255074 ], [ 80.00414834042445, 6.863105766692457 ] ] ] } },
{ "type": "Feature", "properties": { "id": "1858,3613", "grid_id": "1858,3613" }, "geometry": { "type": "Polygon", "coordinates": [ [ [ 80.006048798594108, 6.863109708285927 ], [ 80.007949257880199, 6.863113642353158 ], [ 80.007945324777921, 6.865013019115543 ], [ 80.006044857960262, 6.865009083949479 ], [ 80.006048798594108, 6.863109708285927 ] ] ] } },
{ "type": "Feature", "properties": { "id": "1833,3614", "grid_id": "1833,3614" }, "geometry": { "type": "Polygon", "coordinates": [ [ [ 79.95853355591494, 6.864908258143886 ], [ 79.960433994181045, 6.864912381511896 ], [ 79.960429871628364, 6.866811730020277 ], [ 79.958529425829099, 6.866807605500871 ], [ 79.95853355591494, 6.864908258143886 ] ] ] } },
{ "type": "Feature", "properties": { "id": "1834,3614", "grid_id": "1834,3614" }, "geometry": { "type": "Polygon", "coordinates": [ [ [ 79.960433994181045, 6.864912381511896 ], [ 79.962334433614828, 6.864916497352097 ], [ 79.962330318595306, 6.86681584700977 ], [ 79.960429871628364, 6.866811730020277 ], [ 79.960433994181045, 6.864912381511896 ] ] ] } },
{ "type": "Feature", "properties": { "id": "1835,3614", "grid_id": "1835,3614" }, "geometry": { "type": "Polygon", "coordinates": [ [ [ 79.962334433614828, 6.864916497352097 ], [ 79.964234874214128, 6.864920605664464 ], [ 79.964230766727823, 6.866819956469326 ], [ 79.962330318595306, 6.86681584700977 ], [ 79.962334433614828, 6.864916497352097 ] ] ] } },
{ "type": "Feature", "properties": { "id": "1836,3614", "grid_id": "1836,3614" }, "geometry": { "type": "Polygon", "coordinates": [ [ [ 79.964234874214128, 6.864920605664464 ], [ 79.966135315976842, 6.864924706448972 ], [ 79.966131216023754, 6.866824058398923 ], [ 79.964230766727823, 6.866819956469326 ], [ 79.964234874214128, 6.864920605664464 ] ] ] } },
{ "type": "Feature", "properties": { "id": "1837,3614", "grid_id": "1837,3614" }, "geometry": { "type": "Polygon", "coordinates": [ [ [ 79.966135315976842, 6.864924706448972 ], [ 79.968035758900825, 6.864928799705605 ], [ 79.968031666480968, 6.866828152798539 ], [ 79.966131216023754, 6.866824058398923 ], [ 79.966135315976842, 6.864924706448972 ] ] ] } },
{ "type": "Feature", "properties": { "id": "1838,3614", "grid_id": "1838,3614" }, "geometry": { "type": "Polygon", "coordinates": [ [ [ 79.968035758900825, 6.864928799705605 ], [ 79.969936202983931, 6.864932885434334 ], [ 79.969932118097333, 6.866832239668154 ], [ 79.968031666480968, 6.866828152798539 ], [ 79.968035758900825, 6.864928799705605 ] ] ] } },
{ "type": "Feature", "properties": { "id": "1839,3614", "grid_id": "1839,3614" }, "geometry": { "type": "Polygon", "coordinates": [ [ [ 79.969936202983931, 6.864932885434334 ], [ 79.971836648224041, 6.864936963635141 ], [ 79.971832570870731, 6.866836319007743 ], [ 79.969932118097333, 6.866832239668154 ], [ 79.969936202983931, 6.864932885434334 ] ] ] } },
{ "type": "Feature", "properties": { "id": "1840,3614", "grid_id": "1840,3614" }, "geometry": { "type": "Polygon", "coordinates": [ [ [ 79.971836648224041, 6.864936963635141 ], [ 79.973737094618997, 6.864941034308 ], [ 79.973733024799017, 6.866840390817283 ], [ 79.971832570870731, 6.866836319007743 ], [ 79.971836648224041, 6.864936963635141 ] ] ] } },
{ "type": "Feature", "properties": { "id": "1841,3614", "grid_id": "1841,3614" }, "geometry": { "type": "Polygon", "coordinates": [ [ [ 79.973737094618997, 6.864941034308 ], [ 79.975637542166695, 6.864945097452892 ], [ 79.975633479880045, 6.866844455096752 ], [ 79.973733024799017, 6.866840390817283 ], [ 79.973737094618997, 6.864941034308 ] ] ] } },
{ "type": "Feature", "properties": { "id": "1842,3614", "grid_id": "1842,3614" }, "geometry": { "type": "Polygon", "coordinates": [ [ [ 79.975637542166695, 6.864945097452892 ], [ 79.977537990865017, 6.864949153069794 ], [ 79.977533936111712, 6.86684851184613 ], [ 79.975633479880045, 6.866844455096752 ], [ 79.975637542166695, 6.864945097452892 ] ] ] } },
{ "type": "Feature", "properties": { "id": "1843,3614", "grid_id": "1843,3614" }, "geometry": { "type": "Polygon", "coordinates": [ [ [ 79.977537990865017, 6.864949153069794 ], [ 79.979438440711775, 6.864953201158684 ], [ 79.979434393491857, 6.866852561065394 ], [ 79.977533936111712, 6.86684851184613 ], [ 79.977537990865017, 6.864949153069794 ] ] ] } },
{ "type": "Feature", "properties": { "id": "1844,3614", "grid_id": "1844,3614" }, "geometry": { "type": "Polygon", "coordinates": [ [ [ 79.979438440711775, 6.864953201158684 ], [ 79.981338891704866, 6.864957241719539 ], [ 79.98133485201835, 6.866856602754519 ], [ 79.979434393491857, 6.866852561065394 ], [ 79.979438440711775, 6.864953201158684 ] ] ] } },
{ "type": "Feature", "properties": { "id": "1845,3614", "grid_id": "1845,3614" }, "geometry": { "type": "Polygon", "coordinates": [ [ [ 79.981338891704866, 6.864957241719539 ], [ 79.983239343842158, 6.864961274752337 ], [ 79.983235311689043, 6.866860636913486 ], [ 79.98133485201835, 6.866856602754519 ], [ 79.981338891704866, 6.864957241719539 ] ] ] } },
{ "type": "Feature", "properties": { "id": "1846,3614", "grid_id": "1846,3614" }, "geometry": { "type": "Polygon", "coordinates": [ [ [ 79.983239343842158, 6.864961274752337 ], [ 79.985139797121505, 6.864965300257056 ], [ 79.985135772501849, 6.866864663542274 ], [ 79.983235311689043, 6.866860636913486 ], [ 79.983239343842158, 6.864961274752337 ] ] ] } },
{ "type": "Feature", "properties": { "id": "1847,3614", "grid_id": "1847,3614" }, "geometry": { "type": "Polygon", "coordinates": [ [ [ 79.985139797121505, 6.864965300257056 ], [ 79.987040251540776, 6.864969318233674 ], [ 79.987036234454592, 6.866868682640857 ], [ 79.985135772501849, 6.866864663542274 ], [ 79.985139797121505, 6.864965300257056 ] ] ] } },
{ "type": "Feature", "properties": { "id": "1848,3614", "grid_id": "1848,3614" }, "geometry": { "type": "Polygon", "coordinates": [ [ [ 79.987040251540776, 6.864969318233674 ], [ 79.988940707097854, 6.864973328682169 ], [ 79.988936697545157, 6.866872694209214 ], [ 79.987036234454592, 6.866868682640857 ], [ 79.987040251540776, 6.864969318233674 ] ] ] } },
{ "type": "Feature", "properties": { "id": "1849,3614", "grid_id": "1849,3614" }, "geometry": { "type": "Polygon", "coordinates": [ [ [ 79.988940707097854, 6.864973328682169 ], [ 79.990841163790606, 6.864977331602518 ], [ 79.99083716177141, 6.866876698247325 ], [ 79.988936697545157, 6.866872694209214 ], [ 79.988940707097854, 6.864973328682169 ] ] ] } },
{ "type": "Feature", "properties": { "id": "1850,3614", "grid_id": "1850,3614" }, "geometry": { "type": "Polygon", "coordinates": [ [ [ 79.990841163790606, 6.864977331602518 ], [ 79.992741621616872, 6.864981326994702 ], [ 79.992737627131206, 6.866880694755167 ], [ 79.99083716177141, 6.866876698247325 ], [ 79.990841163790606, 6.864977331602518 ] ] ] } },
{ "type": "Feature", "properties": { "id": "1851,3614", "grid_id": "1851,3614" }, "geometry": { "type": "Polygon", "coordinates": [ [ [ 79.992741621616872, 6.864981326994702 ], [ 79.994642080574522, 6.864985314858696 ], [ 79.994638093622413, 6.86688468373272 ], [ 79.992737627131206, 6.866880694755167 ], [ 79.992741621616872, 6.864981326994702 ] ] ] } },
{ "type": "Feature", "properties": { "id": "1852,3614", "grid_id": "1852,3614" }, "geometry": { "type": "Polygon", "coordinates": [ [ [ 79.994642080574522, 6.864985314858696 ], [ 79.996542540661451, 6.86498929519448 ], [ 79.996538561242915, 6.866888665179957 ], [ 79.994638093622413, 6.86688468373272 ], [ 79.994642080574522, 6.864985314858696 ] ] ] } },
{ "type": "Feature", "properties": { "id": "1853,3614", "grid_id": "1853,3614" }, "geometry": { "type": "Polygon", "coordinates": [ [ [ 79.996542540661451, 6.86498929519448 ], [ 79.998443001875501, 6.864993268002032 ], [ 79.998439029990564, 6.866892639096861 ], [ 79.996538561242915, 6.866888665179957 ], [ 79.996542540661451, 6.86498929519448 ] ] ] } },
{ "type": "Feature", "properties": { "id": "1854,3614", "grid_id": "1854,3614" }, "geometry": { "type": "Polygon", "coordinates": [ [ [ 79.998443001875501, 6.864993268002032 ], [ 80.000343464214538, 6.864997233281328 ], [ 80.00033949986323, 6.866896605483408 ], [ 79.998439029990564, 6.866892639096861 ], [ 79.998443001875501, 6.864993268002032 ] ] ] } },
{ "type": "Feature", "properties": { "id": "1855,3614", "grid_id": "1855,3614" }, "geometry": { "type": "Polygon", "coordinates": [ [ [ 80.000343464214538, 6.864997233281328 ], [ 80.002243927676432, 6.86500119103235 ], [ 80.002239970858767, 6.866900564339578 ], [ 80.00033949986323, 6.866896605483408 ], [ 80.000343464214538, 6.864997233281328 ] ] ] } },
{ "type": "Feature", "properties": { "id": "1856,3614", "grid_id": "1856,3614" }, "geometry": { "type": "Polygon", "coordinates": [ [ [ 80.002243927676432, 6.86500119103235 ], [ 80.00414439225905, 6.865005141255074 ], [ 80.004140442975057, 6.866904515665348 ], [ 80.002239970858767, 6.866900564339578 ], [ 80.002243927676432, 6.86500119103235 ] ] ] } },
{ "type": "Feature", "properties": { "id": "1857,3614", "grid_id": "1857,3614" }, "geometry": { "type": "Polygon", "coordinates": [ [ [ 80.00414439225905, 6.865005141255074 ], [ 80.006044857960262, 6.865009083949479 ], [ 80.006040916209955, 6.866908459460697 ], [ 80.004140442975057, 6.866904515665348 ], [ 80.00414439225905, 6.865005141255074 ] ] ] } },
{ "type": "Feature", "properties": { "id": "1858,3614", "grid_id": "1858,3614" }, "geometry": { "type": "Polygon", "coordinates": [ [ [ 80.006044857960262, 6.865009083949479 ], [ 80.007945324777921, 6.865013019115543 ], [ 80.007941390561342, 6.866912395725602 ], [ 80.006040916209955, 6.866908459460697 ], [ 80.006044857960262, 6.865009083949479 ] ] ] } },
{ "type": "Feature", "properties": { "id": "1832,3615", "grid_id": "1832,3615" }, "geometry": { "type": "Polygon", "coordinates": [ [ [ 79.956628981199657, 6.866803473451577 ], [ 79.958529425829099, 6.866807605500871 ], [ 79.958525294573434, 6.868706952705271 ], [ 79.956624842408743, 6.86870281950247 ], [ 79.956628981199657, 6.866803473451577 ] ] ] } },
{ "type": "Feature", "properties": { "id": "1833,3615", "grid_id": "1833,3615" }, "geometry": { "type": "Polygon", "coordinates": [ [ [ 79.958529425829099, 6.866807605500871 ], [ 79.960429871628364, 6.866811730020277 ], [ 79.960425747907991, 6.868711078376079 ], [ 79.958525294573434, 6.868706952705271 ], [ 79.958529425829099, 6.866807605500871 ] ] ] } },
{ "type": "Feature", "properties": { "id": "1834,3615", "grid_id": "1834,3615" }, "geometry": { "type": "Polygon", "coordinates": [ [ [ 79.960429871628364, 6.866811730020277 ], [ 79.962330318595306, 6.86681584700977 ], [ 79.962326202410239, 6.868715196514873 ], [ 79.960425747907991, 6.868711078376079 ], [ 79.960429871628364, 6.866811730020277 ] ] ] } },
{ "type": "Feature", "properties": { "id": "1835,3615", "grid_id": "1835,3615" }, "geometry": { "type": "Polygon", "coordinates": [ [ [ 79.962330318595306, 6.86681584700977 ], [ 79.964230766727823, 6.866819956469326 ], [ 79.96422665807809, 6.868719307121627 ], [ 79.962326202410239, 6.868715196514873 ], [ 79.962330318595306, 6.86681584700977 ] ] ] } },
{ "type": "Feature", "properties": { "id": "1836,3615", "grid_id": "1836,3615" }, "geometry": { "type": "Polygon", "coordinates": [ [ [ 79.964230766727823, 6.866819956469326 ], [ 79.966131216023754, 6.866824058398923 ], [ 79.966127114909369, 6.868723410196321 ], [ 79.96422665807809, 6.868719307121627 ], [ 79.964230766727823, 6.866819956469326 ] ] ] } },
{ "type": "Feature", "properties": { "id": "1837,3615", "grid_id": "1837,3615" }, "geometry": { "type": "Polygon", "coordinates": [ [ [ 79.966131216023754, 6.866824058398923 ], [ 79.968031666480968, 6.866828152798539 ], [ 79.96802757290196, 6.868727505738933 ], [ 79.966127114909369, 6.868723410196321 ], [ 79.966131216023754, 6.866824058398923 ] ] ] } },
{ "type": "Feature", "properties": { "id": "1838,3615", "grid_id": "1838,3615" }, "geometry": { "type": "Polygon", "coordinates": [ [ [ 79.968031666480968, 6.866828152798539 ], [ 79.969932118097333, 6.866832239668154 ], [ 79.969928032053744, 6.868731593749438 ], [ 79.96802757290196, 6.868727505738933 ], [ 79.968031666480968, 6.866828152798539 ] ] ] } },
{ "type": "Feature", "properties": { "id": "1839,3615", "grid_id": "1839,3615" }, "geometry": { "type": "Polygon", "coordinates": [ [ [ 79.969932118097333, 6.866832239668154 ], [ 79.971832570870731, 6.866836319007743 ], [ 79.971828492362548, 6.868735674227818 ], [ 79.969928032053744, 6.868731593749438 ], [ 79.969932118097333, 6.866832239668154 ] ] ] } },
{ "type": "Feature", "properties": { "id": "1840,3615", "grid_id": "1840,3615" }, "geometry": { "type": "Polygon", "coordinates": [ [ [ 79.971832570870731, 6.866836319007743 ], [ 79.973733024799017, 6.866840390817283 ], [ 79.973728953826267, 6.868739747174048 ], [ 79.971828492362548, 6.868735674227818 ], [ 79.971832570870731, 6.866836319007743 ] ] ] } },
{ "type": "Feature", "properties": { "id": "1841,3615", "grid_id": "1841,3615" }, "geometry": { "type": "Polygon", "coordinates": [ [ [ 79.973733024799017, 6.866840390817283 ], [ 79.975633479880045, 6.866844455096752 ], [ 79.975629416442771, 6.868743812588103 ], [ 79.973728953826267, 6.868739747174048 ], [ 79.973733024799017, 6.866840390817283 ] ] ] } },
{ "type": "Feature", "properties": { "id": "1842,3615", "grid_id": "1842,3615" }, "geometry": { "type": "Polygon", "coordinates": [ [ [ 79.975633479880045, 6.866844455096752 ], [ 79.977533936111712, 6.86684851184613 ], [ 79.977529880209914, 6.868747870469966 ], [ 79.975629416442771, 6.868743812588103 ], [ 79.975633479880045, 6.866844455096752 ] ] ] } },
{ "type": "Feature", "properties": { "id": "1843,3615", "grid_id": "1843,3615" }, "geometry": { "type": "Polygon", "coordinates": [ [ [ 79.977533936111712, 6.86684851184613 ], [ 79.979434393491857, 6.866852561065394 ], [ 79.979430345125579, 6.868751920819611 ], [ 79.977529880209914, 6.868747870469966 ], [ 79.977533936111712, 6.86684851184613 ] ] ] } },
{ "type": "Feature", "properties": { "id": "1844,3615", "grid_id": "1844,3615" }, "geometry": { "type": "Polygon", "coordinates": [ [ [ 79.979434393491857, 6.866852561065394 ], [ 79.98133485201835, 6.866856602754519 ], [ 79.981330811187604, 6.868755963637016 ], [ 79.979430345125579, 6.868751920819611 ], [ 79.979434393491857, 6.866852561065394 ] ] ] } },
{ "type": "Feature", "properties": { "id": "1845,3615", "grid_id": "1845,3615" }, "geometry": { "type": "Polygon", "coordinates": [ [ [ 79.98133485201835, 6.866856602754519 ], [ 79.983235311689043, 6.866860636913486 ], [ 79.983231278393859, 6.868759998922161 ], [ 79.981330811187604, 6.868755963637016 ], [ 79.98133485201835, 6.866856602754519 ] ] ] } },
{ "type": "Feature", "properties": { "id": "1846,3615", "grid_id": "1846,3615" }, "geometry": { "type": "Polygon", "coordinates": [ [ [ 79.983235311689043, 6.866860636913486 ], [ 79.985135772501849, 6.866864663542274 ], [ 79.98513174674224, 6.868764026675024 ], [ 79.983231278393859, 6.868759998922161 ], [ 79.983235311689043, 6.866860636913486 ] ] ] } },
{ "type": "Feature", "properties": { "id": "1847,3615", "grid_id": "1847,3615" }, "geometry": { "type": "Polygon", "coordinates": [ [ [ 79.985135772501849, 6.866864663542274 ], [ 79.987036234454592, 6.866868682640857 ], [ 79.987032216230588, 6.868768046895581 ], [ 79.98513174674224, 6.868764026675024 ], [ 79.985135772501849, 6.866864663542274 ] ] ] } },
{ "type": "Feature", "properties": { "id": "1848,3615", "grid_id": "1848,3615" }, "geometry": { "type": "Polygon", "coordinates": [ [ [ 79.987036234454592, 6.866868682640857 ], [ 79.988936697545157, 6.866872694209214 ], [ 79.988932686856771, 6.86877205958381 ], [ 79.987032216230588, 6.868768046895581 ], [ 79.987036234454592, 6.866868682640857 ] ] ] } },
{ "type": "Feature", "properties": { "id": "1849,3615", "grid_id": "1849,3615" }, "geometry": { "type": "Polygon", "coordinates": [ [ [ 79.988936697545157, 6.866872694209214 ], [ 79.99083716177141, 6.866876698247325 ], [ 79.99083315861867, 6.868776064739691 ], [ 79.988932686856771, 6.86877205958381 ], [ 79.988936697545157, 6.866872694209214 ] ] ] } },
{ "type": "Feature", "properties": { "id": "1850,3615", "grid_id": "1850,3615" }, "geometry": { "type": "Polygon", "coordinates": [ [ [ 79.99083716177141, 6.866876698247325 ], [ 79.992737627131206, 6.866880694755167 ], [ 79.992733631514142, 6.868780062363201 ], [ 79.99083315861867, 6.868776064739691 ], [ 79.99083716177141, 6.866876698247325 ] ] ] } },
{ "type": "Feature", "properties": { "id": "1851,3615", "grid_id": "1851,3615" }, "geometry": { "type": "Polygon", "coordinates": [ [ [ 79.992737627131206, 6.866880694755167 ], [ 79.994638093622413, 6.86688468373272 ], [ 79.994634105541039, 6.868784052454317 ], [ 79.992733631514142, 6.868780062363201 ], [ 79.992737627131206, 6.866880694755167 ] ] ] } },
{ "type": "Feature", "properties": { "id": "1852,3615", "grid_id": "1852,3615" }, "geometry": { "type": "Polygon", "coordinates": [ [ [ 79.994638093622413, 6.86688468373272 ], [ 79.996538561242915, 6.866888665179957 ], [ 79.996534580697244, 6.868788035013019 ], [ 79.994634105541039, 6.868784052454317 ], [ 79.994638093622413, 6.86688468373272 ] ] ] } },
{ "type": "Feature", "properties": { "id": "1853,3615", "grid_id": "1853,3615" }, "geometry": { "type": "Polygon", "coordinates": [ [ [ 79.996538561242915, 6.866888665179957 ], [ 79.998439029990564, 6.866892639096861 ], [ 79.998435056980625, 6.868792010039283 ], [ 79.996534580697244, 6.868788035013019 ], [ 79.996538561242915, 6.866888665179957 ] ] ] } },
{ "type": "Feature", "properties": { "id": "1854,3615", "grid_id": "1854,3615" }, "geometry": { "type": "Polygon", "coordinates": [ [ [ 79.998439029990564, 6.866892639096861 ], [ 80.00033949986323, 6.866896605483408 ], [ 80.000335534389038, 6.86879597753309 ], [ 79.998435056980625, 6.868792010039283 ], [ 79.998439029990564, 6.866892639096861 ] ] ] } },
{ "type": "Feature", "properties": { "id": "1855,3615", "grid_id": "1855,3615" }, "geometry": { "type": "Polygon", "coordinates": [ [ [ 80.00033949986323, 6.866896605483408 ], [ 80.002239970858767, 6.866900564339578 ], [ 80.002236012920349, 6.868799937494416 ], [ 80.000335534389038, 6.86879597753309 ], [ 80.00033949986323, 6.866896605483408 ] ] ] } },
{ "type": "Feature", "properties": { "id": "1856,3615", "grid_id": "1856,3615" }, "geometry": { "type": "Polygon", "coordinates": [ [ [ 80.002239970858767, 6.866900564339578 ], [ 80.004140442975057, 6.866904515665348 ], [ 80.004136492572442, 6.86880388992324 ], [ 80.002236012920349, 6.868799937494416 ], [ 80.002239970858767, 6.866900564339578 ] ] ] } },
{ "type": "Feature", "properties": { "id": "1857,3615", "grid_id": "1857,3615" }, "geometry": { "type": "Polygon", "coordinates": [ [ [ 80.004140442975057, 6.866904515665348 ], [ 80.006040916209955, 6.866908459460697 ], [ 80.006036973343157, 6.86880783481954 ], [ 80.004136492572442, 6.86880388992324 ], [ 80.004140442975057, 6.866904515665348 ] ] ] } },
{ "type": "Feature", "properties": { "id": "1832,3616", "grid_id": "1832,3616" }, "geometry": { "type": "Polygon", "coordinates": [ [ [ 79.956624842408743, 6.86870281950247 ], [ 79.958525294573434, 6.868706952705271 ], [ 79.958521162147946, 6.870606299757041 ], [ 79.956620702445832, 6.870602165400726 ], [ 79.956624842408743, 6.86870281950247 ] ] ] } },
{ "type": "Feature", "properties": { "id": "1833,3616", "grid_id": "1833,3616" }, "geometry": { "type": "Polygon", "coordinates": [ [ [ 79.958525294573434, 6.868706952705271 ], [ 79.960425747907991, 6.868711078376079 ], [ 79.960421623019897, 6.870610426579259 ], [ 79.958521162147946, 6.870606299757041 ], [ 79.958525294573434, 6.868706952705271 ] ] ] } },
{ "type": "Feature", "properties": { "id": "1834,3616", "grid_id": "1834,3616" }, "geometry": { "type": "Polygon", "coordinates": [ [ [ 79.960425747907991, 6.868711078376079 ], [ 79.962326202410239, 6.868715196514873 ], [ 79.962322085059611, 6.870614545867363 ], [ 79.960421623019897, 6.870610426579259 ], [ 79.960425747907991, 6.868711078376079 ] ] ] } },
{ "type": "Feature", "properties": { "id": "1835,3616", "grid_id": "1835,3616" }, "geometry": { "type": "Polygon", "coordinates": [ [ [ 79.962326202410239, 6.868715196514873 ], [ 79.96422665807809, 6.868719307121627 ], [ 79.964222548264914, 6.870618657621324 ], [ 79.962322085059611, 6.870614545867363 ], [ 79.962326202410239, 6.868715196514873 ] ] ] } },
{ "type": "Feature", "properties": { "id": "1836,3616", "grid_id": "1836,3616" }, "geometry": { "type": "Polygon", "coordinates": [ [ [ 79.96422665807809, 6.868719307121627 ], [ 79.966127114909369, 6.868723410196321 ], [ 79.966123012633673, 6.870622761841124 ], [ 79.964222548264914, 6.870618657621324 ], [ 79.96422665807809, 6.868719307121627 ] ] ] } },
{ "type": "Feature", "properties": { "id": "1837,3616", "grid_id": "1837,3616" }, "geometry": { "type": "Polygon", "coordinates": [ [ [ 79.966127114909369, 6.868723410196321 ], [ 79.96802757290196, 6.868727505738933 ], [ 79.968023478163786, 6.87062685852674 ], [ 79.966123012633673, 6.870622761841124 ], [ 79.966127114909369, 6.868723410196321 ] ] ] } },
{ "type": "Feature", "properties": { "id": "1838,3616", "grid_id": "1838,3616" }, "geometry": { "type": "Polygon", "coordinates": [ [ [ 79.96802757290196, 6.868727505738933 ], [ 79.969928032053744, 6.868731593749438 ], [ 79.969923944853079, 6.870630947678147 ], [ 79.968023478163786, 6.87062685852674 ], [ 79.96802757290196, 6.868727505738933 ] ] ] } },
{ "type": "Feature", "properties": { "id": "1839,3616", "grid_id": "1839,3616" }, "geometry": { "type": "Polygon", "coordinates": [ [ [ 79.969928032053744, 6.868731593749438 ], [ 79.971828492362548, 6.868735674227818 ], [ 79.971824412699448, 6.870635029295325 ], [ 79.969923944853079, 6.870630947678147 ], [ 79.969928032053744, 6.868731593749438 ] ] ] } },
{ "type": "Feature", "properties": { "id": "1840,3616", "grid_id": "1840,3616" }, "geometry": { "type": "Polygon", "coordinates": [ [ [ 79.971828492362548, 6.868735674227818 ], [ 79.973728953826267, 6.868739747174048 ], [ 79.973724881700747, 6.870639103378251 ], [ 79.971824412699448, 6.870635029295325 ], [ 79.971828492362548, 6.868735674227818 ] ] ] } },
{ "type": "Feature", "properties": { "id": "1841,3616", "grid_id": "1841,3616" }, "geometry": { "type": "Polygon", "coordinates": [ [ [ 79.973728953826267, 6.868739747174048 ], [ 79.975629416442771, 6.868743812588103 ], [ 79.975625351854859, 6.870643169926903 ], [ 79.973724881700747, 6.870639103378251 ], [ 79.973728953826267, 6.868739747174048 ] ] ] } },
{ "type": "Feature", "properties": { "id": "1842,3616", "grid_id": "1842,3616" }, "geometry": { "type": "Polygon", "coordinates": [ [ [ 79.975629416442771, 6.868743812588103 ], [ 79.977529880209914, 6.868747870469966 ], [ 79.977525823159624, 6.870647228941257 ], [ 79.975625351854859, 6.870643169926903 ], [ 79.975629416442771, 6.868743812588103 ] ] ] } },
{ "type": "Feature", "properties": { "id": "1843,3616", "grid_id": "1843,3616" }, "geometry": { "type": "Polygon", "coordinates": [ [ [ 79.977529880209914, 6.868747870469966 ], [ 79.979430345125579, 6.868751920819611 ], [ 79.979426295612924, 6.870651280421293 ], [ 79.977525823159624, 6.870647228941257 ], [ 79.977529880209914, 6.868747870469966 ] ] ] } },
{ "type": "Feature", "properties": { "id": "1844,3616", "grid_id": "1844,3616" }, "geometry": { "type": "Polygon", "coordinates": [ [ [ 79.979430345125579, 6.868751920819611 ], [ 79.981330811187604, 6.868755963637016 ], [ 79.981326769212615, 6.870655324366989 ], [ 79.979426295612924, 6.870651280421293 ], [ 79.979430345125579, 6.868751920819611 ] ] ] } },
{ "type": "Feature", "properties": { "id": "1845,3616", "grid_id": "1845,3616" }, "geometry": { "type": "Polygon", "coordinates": [ [ [ 79.981330811187604, 6.868755963637016 ], [ 79.983231278393859, 6.868759998922161 ], [ 79.983227243956577, 6.87065936077832 ], [ 79.981326769212615, 6.870655324366989 ], [ 79.981330811187604, 6.868755963637016 ] ] ] } },
{ "type": "Feature", "properties": { "id": "1846,3616", "grid_id": "1846,3616" }, "geometry": { "type": "Polygon", "coordinates": [ [ [ 79.983231278393859, 6.868759998922161 ], [ 79.98513174674224, 6.868764026675024 ], [ 79.985127719842652, 6.870663389655267 ], [ 79.983227243956577, 6.87065936077832 ], [ 79.983231278393859, 6.868759998922161 ] ] ] } },
{ "type": "Feature", "properties": { "id": "1847,3616", "grid_id": "1847,3616" }, "geometry": { "type": "Polygon", "coordinates": [ [ [ 79.98513174674224, 6.868764026675024 ], [ 79.987032216230588, 6.868768046895581 ], [ 79.987028196868749, 6.870667410997807 ], [ 79.985127719842652, 6.870663389655267 ], [ 79.98513174674224, 6.868764026675024 ] ] ] } },
{ "type": "Feature", "properties": { "id": "1848,3616", "grid_id": "1848,3616" }, "geometry": { "type": "Polygon", "coordinates": [ [ [ 79.987032216230588, 6.868768046895581 ], [ 79.988932686856771, 6.86877205958381 ], [ 79.988928675032696, 6.870671424805916 ], [ 79.987028196868749, 6.870667410997807 ], [ 79.987032216230588, 6.868768046895581 ] ] ] } },
{ "type": "Feature", "properties": { "id": "1849,3616", "grid_id": "1849,3616" }, "geometry": { "type": "Polygon", "coordinates": [ [ [ 79.988932686856771, 6.86877205958381 ], [ 79.99083315861867, 6.868776064739691 ], [ 79.990829154332346, 6.870675431079574 ], [ 79.988928675032696, 6.870671424805916 ], [ 79.988932686856771, 6.86877205958381 ] ] ] } },
{ "type": "Feature", "properties": { "id": "1850,3616", "grid_id": "1850,3616" }, "geometry": { "type": "Polygon", "coordinates": [ [ [ 79.99083315861867, 6.868776064739691 ], [ 79.992733631514142, 6.868780062363201 ], [ 79.992729634765624, 6.870679429818758 ], [ 79.990829154332346, 6.870675431079574 ], [ 79.99083315861867, 6.868776064739691 ] ] ] } },
{ "type": "Feature", "properties": { "id": "1851,3616", "grid_id": "1851,3616" }, "geometry": { "type": "Polygon", "coordinates": [ [ [ 79.992733631514142, 6.868780062363201 ], [ 79.994634105541039, 6.868784052454317 ], [ 79.994630116330356, 6.870683421023449 ], [ 79.992729634765624, 6.870679429818758 ], [ 79.992733631514142, 6.868780062363201 ] ] ] } },
{ "type": "Feature", "properties": { "id": "1852,3616", "grid_id": "1852,3616" }, "geometry": { "type": "Polygon", "coordinates": [ [ [ 79.994634105541039, 6.868784052454317 ], [ 79.996534580697244, 6.868788035013019 ], [ 79.996530599024396, 6.870687404693622 ], [ 79.994630116330356, 6.870683421023449 ], [ 79.994634105541039, 6.868784052454317 ] ] ] } },
{ "type": "Feature", "properties": { "id": "1853,3616", "grid_id": "1853,3616" }, "geometry": { "type": "Polygon", "coordinates": [ [ [ 79.996534580697244, 6.868788035013019 ], [ 79.998435056980625, 6.868792010039283 ], [ 79.998431082845656, 6.870691380829257 ], [ 79.996530599024396, 6.870687404693622 ], [ 79.996534580697244, 6.868788035013019 ] ] ] } },
{ "type": "Feature", "properties": { "id": "1854,3616", "grid_id": "1854,3616" }, "geometry": { "type": "Polygon", "coordinates": [ [ [ 79.998435056980625, 6.868792010039283 ], [ 80.000335534389038, 6.86879597753309 ], [ 80.00033156779196, 6.87069534943033 ], [ 79.998431082845656, 6.870691380829257 ], [ 79.998435056980625, 6.868792010039283 ] ] ] } },
{ "type": "Feature", "properties": { "id": "1855,3616", "grid_id": "1855,3616" }, "geometry": { "type": "Polygon", "coordinates": [ [ [ 80.000335534389038, 6.86879597753309 ], [ 80.002236012920349, 6.868799937494416 ], [ 80.002232053861178, 6.87069931049682 ], [ 80.00033156779196, 6.87069534943033 ], [ 80.000335534389038, 6.86879597753309 ] ] ] } },
{ "type": "Feature", "properties": { "id": "1856,3616", "grid_id": "1856,3616" }, "geometry": { "type": "Polygon", "coordinates": [ [ [ 80.002236012920349, 6.868799937494416 ], [ 80.004136492572442, 6.86880388992324 ], [ 80.004132541051192, 6.870703264028709 ], [ 80.002232053861178, 6.87069931049682 ], [ 80.002236012920349, 6.868799937494416 ] ] ] } },
{ "type": "Feature", "properties": { "id": "1857,3616", "grid_id": "1857,3616" }, "geometry": { "type": "Polygon", "coordinates": [ [ [ 80.004136492572442, 6.86880388992324 ], [ 80.006036973343157, 6.86880783481954 ], [ 80.006033029359884, 6.870707210025969 ], [ 80.004132541051192, 6.870703264028709 ], [ 80.004136492572442, 6.86880388992324 ] ] ] } },
{ "type": "Feature", "properties": { "id": "1832,3617", "grid_id": "1832,3617" }, "geometry": { "type": "Polygon", "coordinates": [ [ [ 79.956620702445832, 6.870602165400726 ], [ 79.958521162147946, 6.870606299757041 ], [ 79.958517028552563, 6.872505646656138 ], [ 79.956616561310938, 6.872501511146302 ], [ 79.956620702445832, 6.870602165400726 ] ] ] } },
{ "type": "Feature", "properties": { "id": "1833,3617", "grid_id": "1833,3617" }, "geometry": { "type": "Polygon", "coordinates": [ [ [ 79.958521162147946, 6.870606299757041 ], [ 79.960421623019897, 6.870610426579259 ], [ 79.960417496964084, 6.872509774629779 ], [ 79.958517028552563, 6.872505646656138 ], [ 79.958521162147946, 6.870606299757041 ] ] ] } },
{ "type": "Feature", "properties": { "id": "1834,3617", "grid_id": "1834,3617" }, "geometry": { "type": "Polygon", "coordinates": [ [ [ 79.960421623019897, 6.870610426579259 ], [ 79.962322085059611, 6.870614545867363 ], [ 79.962317966543353, 6.8725138950672 ], [ 79.960417496964084, 6.872509774629779 ], [ 79.960421623019897, 6.870610426579259 ] ] ] } },
{ "type": "Feature", "properties": { "id": "1835,3617", "grid_id": "1835,3617" }, "geometry": { "type": "Polygon", "coordinates": [ [ [ 79.962322085059611, 6.870614545867363 ], [ 79.964222548264914, 6.870618657621324 ], [ 79.964218437288253, 6.872518007968377 ], [ 79.962317966543353, 6.8725138950672 ], [ 79.962322085059611, 6.870614545867363 ] ] ] } },
{ "type": "Feature", "properties": { "id": "1836,3617", "grid_id": "1836,3617" }, "geometry": { "type": "Polygon", "coordinates": [ [ [ 79.964222548264914, 6.870618657621324 ], [ 79.966123012633673, 6.870622761841124 ], [ 79.966118909196652, 6.872522113333292 ], [ 79.964218437288253, 6.872518007968377 ], [ 79.964222548264914, 6.870618657621324 ] ] ] } },
{ "type": "Feature", "properties": { "id": "1837,3617", "grid_id": "1837,3617" }, "geometry": { "type": "Polygon", "coordinates": [ [ [ 79.966123012633673, 6.870622761841124 ], [ 79.968023478163786, 6.87062685852674 ], [ 79.968019382266391, 6.872526211161918 ], [ 79.966118909196652, 6.872522113333292 ], [ 79.966123012633673, 6.870622761841124 ] ] ] } },
{ "type": "Feature", "properties": { "id": "1838,3617", "grid_id": "1838,3617" }, "geometry": { "type": "Polygon", "coordinates": [ [ [ 79.968023478163786, 6.87062685852674 ], [ 79.969923944853079, 6.870630947678147 ], [ 79.969919856495366, 6.872530301454236 ], [ 79.968019382266391, 6.872526211161918 ], [ 79.968023478163786, 6.87062685852674 ] ] ] } },
{ "type": "Feature", "properties": { "id": "1839,3617", "grid_id": "1839,3617" }, "geometry": { "type": "Polygon", "coordinates": [ [ [ 79.969923944853079, 6.870630947678147 ], [ 79.971824412699448, 6.870635029295325 ], [ 79.971820331881418, 6.872534384210222 ], [ 79.969919856495366, 6.872530301454236 ], [ 79.969923944853079, 6.870630947678147 ] ] ] } },
{ "type": "Feature", "properties": { "id": "1840,3617", "grid_id": "1840,3617" }, "geometry": { "type": "Polygon", "coordinates": [ [ [ 79.971824412699448, 6.870635029295325 ], [ 79.973724881700747, 6.870639103378251 ], [ 79.973720808422442, 6.872538459429853 ], [ 79.971820331881418, 6.872534384210222 ], [ 79.971824412699448, 6.870635029295325 ] ] ] } },
{ "type": "Feature", "properties": { "id": "1841,3617", "grid_id": "1841,3617" }, "geometry": { "type": "Polygon", "coordinates": [ [ [ 79.973724881700747, 6.870639103378251 ], [ 79.975625351854859, 6.870643169926903 ], [ 79.975621286116279, 6.872542527113109 ], [ 79.973720808422442, 6.872538459429853 ], [ 79.973724881700747, 6.870639103378251 ] ] ] } },
{ "type": "Feature", "properties": { "id": "1842,3617", "grid_id": "1842,3617" }, "geometry": { "type": "Polygon", "coordinates": [ [ [ 79.975625351854859, 6.870643169926903 ], [ 79.977525823159624, 6.870647228941257 ], [ 79.977521764960798, 6.872546587259965 ], [ 79.975621286116279, 6.872542527113109 ], [ 79.975625351854859, 6.870643169926903 ] ] ] } },
{ "type": "Feature", "properties": { "id": "1843,3617", "grid_id": "1843,3617" }, "geometry": { "type": "Polygon", "coordinates": [ [ [ 79.977525823159624, 6.870647228941257 ], [ 79.979426295612924, 6.870651280421293 ], [ 79.979422244953867, 6.8725506398704 ], [ 79.977521764960798, 6.872546587259965 ], [ 79.977525823159624, 6.870647228941257 ] ] ] } },
{ "type": "Feature", "properties": { "id": "1844,3617", "grid_id": "1844,3617" }, "geometry": { "type": "Polygon", "coordinates": [ [ [ 79.979426295612924, 6.870651280421293 ], [ 79.981326769212615, 6.870655324366989 ], [ 79.981322726093367, 6.872554684944392 ], [ 79.979422244953867, 6.8725506398704 ], [ 79.979426295612924, 6.870651280421293 ] ] ] } },
{ "type": "Feature", "properties": { "id": "1845,3617", "grid_id": "1845,3617" }, "geometry": { "type": "Polygon", "coordinates": [ [ [ 79.981326769212615, 6.870655324366989 ], [ 79.983227243956577, 6.87065936077832 ], [ 79.983223208377154, 6.872558722481918 ], [ 79.981322726093367, 6.872554684944392 ], [ 79.981326769212615, 6.870655324366989 ] ] ] } },
{ "type": "Feature", "properties": { "id": "1846,3617", "grid_id": "1846,3617" }, "geometry": { "type": "Polygon", "coordinates": [ [ [ 79.983227243956577, 6.87065936077832 ], [ 79.985127719842652, 6.870663389655267 ], [ 79.985123691803082, 6.872562752482958 ], [ 79.983223208377154, 6.872558722481918 ], [ 79.983227243956577, 6.87065936077832 ] ] ] } },
{ "type": "Feature", "properties": { "id": "1847,3617", "grid_id": "1847,3617" }, "geometry": { "type": "Polygon", "coordinates": [ [ [ 79.985127719842652, 6.870663389655267 ], [ 79.987028196868749, 6.870667410997807 ], [ 79.987024176369033, 6.872566774947488 ], [ 79.985123691803082, 6.872562752482958 ], [ 79.985127719842652, 6.870663389655267 ] ] ] } },
{ "type": "Feature", "properties": { "id": "1848,3617", "grid_id": "1848,3617" }, "geometry": { "type": "Polygon", "coordinates": [ [ [ 79.987028196868749, 6.870667410997807 ], [ 79.988928675032696, 6.870671424805916 ], [ 79.988924662072876, 6.872570789875486 ], [ 79.987024176369033, 6.872566774947488 ], [ 79.987028196868749, 6.870667410997807 ] ] ] } },
{ "type": "Feature", "properties": { "id": "1849,3617", "grid_id": "1849,3617" }, "geometry": { "type": "Polygon", "coordinates": [ [ [ 79.988928675032696, 6.870671424805916 ], [ 79.990829154332346, 6.870675431079574 ], [ 79.99082514891245, 6.872574797266931 ], [ 79.988924662072876, 6.872570789875486 ], [ 79.988928675032696, 6.870671424805916 ] ] ] } },
{ "type": "Feature", "properties": { "id": "1850,3617", "grid_id": "1850,3617" }, "geometry": { "type": "Polygon", "coordinates": [ [ [ 79.990829154332346, 6.870675431079574 ], [ 79.992729634765624, 6.870679429818758 ], [ 79.992725636885652, 6.872578797121801 ], [ 79.99082514891245, 6.872574797266931 ], [ 79.990829154332346, 6.870675431079574 ] ] ] } },
{ "type": "Feature", "properties": { "id": "1851,3617", "grid_id": "1851,3617" }, "geometry": { "type": "Polygon", "coordinates": [ [ [ 79.992729634765624, 6.870679429818758 ], [ 79.994630116330356, 6.870683421023449 ], [ 79.994626125990337, 6.872582789440072 ], [ 79.992725636885652, 6.872578797121801 ], [ 79.992729634765624, 6.870679429818758 ] ] ] } },
{ "type": "Feature", "properties": { "id": "1852,3617", "grid_id": "1852,3617" }, "geometry": { "type": "Polygon", "coordinates": [ [ [ 79.994630116330356, 6.870683421023449 ], [ 79.996530599024396, 6.870687404693622 ], [ 79.996526616224372, 6.872586774221726 ], [ 79.994626125990337, 6.872582789440072 ], [ 79.994630116330356, 6.870683421023449 ] ] ] } },
{ "type": "Feature", "properties": { "id": "1853,3617", "grid_id": "1853,3617" }, "geometry": { "type": "Polygon", "coordinates": [ [ [ 79.996530599024396, 6.870687404693622 ], [ 79.998431082845656, 6.870691380829257 ], [ 79.998427107585613, 6.872590751466737 ], [ 79.996526616224372, 6.872586774221726 ], [ 79.996530599024396, 6.870687404693622 ] ] ] } },
{ "type": "Feature", "properties": { "id": "1854,3617", "grid_id": "1854,3617" }, "geometry": { "type": "Polygon", "coordinates": [ [ [ 79.998431082845656, 6.870691380829257 ], [ 80.00033156779196, 6.87069534943033 ], [ 80.000327600071941, 6.872594721175085 ], [ 79.998427107585613, 6.872590751466737 ], [ 79.998431082845656, 6.870691380829257 ] ] ] } },
{ "type": "Feature", "properties": { "id": "1855,3617", "grid_id": "1855,3617" }, "geometry": { "type": "Polygon", "coordinates": [ [ [ 80.00033156779196, 6.87069534943033 ], [ 80.002232053861178, 6.87069931049682 ], [ 80.002228093681211, 6.872598683346752 ], [ 80.000327600071941, 6.872594721175085 ], [ 80.00033156779196, 6.87069534943033 ] ] ] } },
{ "type": "Feature", "properties": { "id": "1856,3617", "grid_id": "1856,3617" }, "geometry": { "type": "Polygon", "coordinates": [ [ [ 80.002232053861178, 6.87069931049682 ], [ 80.004132541051192, 6.870703264028709 ], [ 80.004128588411305, 6.87260263798171 ], [ 80.002228093681211, 6.872598683346752 ], [ 80.002232053861178, 6.87069931049682 ] ] ] } },
{ "type": "Feature", "properties": { "id": "1857,3617", "grid_id": "1857,3617" }, "geometry": { "type": "Polygon", "coordinates": [ [ [ 80.004132541051192, 6.870703264028709 ], [ 80.006033029359884, 6.870707210025969 ], [ 80.006029084260064, 6.87260658507994 ], [ 80.004128588411305, 6.87260263798171 ], [ 80.004132541051192, 6.870703264028709 ] ] ] } },
{ "type": "Feature", "properties": { "id": "1826,3618", "grid_id": "1826,3618" }, "geometry": { "type": "Polygon", "coordinates": [ [ [ 79.945213782548379, 6.872476539828419 ], [ 79.947114242725846, 6.872480720554959 ], [ 79.947110062710962, 6.87438006034863 ], [ 79.945209594991965, 6.874375878455945 ], [ 79.945213782548379, 6.872476539828419 ] ] ] } },
{ "type": "Feature", "properties": { "id": "1827,3618", "grid_id": "1827,3618" }, "geometry": { "type": "Polygon", "coordinates": [ [ [ 79.947114242725846, 6.872480720554959 ], [ 79.949014704086011, 6.872484893745441 ], [ 79.949010531612657, 6.874384234703151 ], [ 79.947110062710962, 6.87438006034863 ], [ 79.947114242725846, 6.872480720554959 ] ] ] } },
{ "type": "Feature", "properties": { "id": "1828,3618", "grid_id": "1828,3618" }, "geometry": { "type": "Polygon", "coordinates": [ [ [ 79.949014704086011, 6.872484893745441 ], [ 79.950915166626743, 6.872489059399837 ], [ 79.950911001694962, 6.874388401519487 ], [ 79.949010531612657, 6.874384234703151 ], [ 79.949014704086011, 6.872484893745441 ] ] ] } },
{ "type": "Feature", "properties": { "id": "1829,3618", "grid_id": "1829,3618" }, "geometry": { "type": "Polygon", "coordinates": [ [ [ 79.950915166626743, 6.872489059399837 ], [ 79.952815630345881, 6.872493217518128 ], [ 79.952811472955702, 6.874392560797616 ], [ 79.950911001694962, 6.874388401519487 ], [ 79.950915166626743, 6.872489059399837 ] ] ] } },
{ "type": "Feature", "properties": { "id": "1830,3618", "grid_id": "1830,3618" }, "geometry": { "type": "Polygon", "coordinates": [ [ [ 79.952815630345881, 6.872493217518128 ], [ 79.954716095241338, 6.872497368100291 ], [ 79.954711945392759, 6.874396712537513 ], [ 79.952811472955702, 6.874392560797616 ], [ 79.952815630345881, 6.872493217518128 ] ] ] } },
{ "type": "Feature", "properties": { "id": "1831,3618", "grid_id": "1831,3618" }, "geometry": { "type": "Polygon", "coordinates": [ [ [ 79.954716095241338, 6.872497368100291 ], [ 79.956616561310938, 6.872501511146302 ], [ 79.956612419004003, 6.874400856739157 ], [ 79.954711945392759, 6.874396712537513 ], [ 79.954716095241338, 6.872497368100291 ] ] ] } },
{ "type": "Feature", "properties": { "id": "1832,3618", "grid_id": "1832,3618" }, "geometry": { "type": "Polygon", "coordinates": [ [ [ 79.956616561310938, 6.872501511146302 ], [ 79.958517028552563, 6.872505646656138 ], [ 79.958512893787301, 6.874404993402526 ], [ 79.956612419004003, 6.874400856739157 ], [ 79.956616561310938, 6.872501511146302 ] ] ] } },
{ "type": "Feature", "properties": { "id": "1833,3618", "grid_id": "1833,3618" }, "geometry": { "type": "Polygon", "coordinates": [ [ [ 79.958517028552563, 6.872505646656138 ], [ 79.960417496964084, 6.872509774629779 ], [ 79.960413369740508, 6.874409122527595 ], [ 79.958512893787301, 6.874404993402526 ], [ 79.958517028552563, 6.872505646656138 ] ] ] } },
{ "type": "Feature", "properties": { "id": "1834,3618", "grid_id": "1834,3618" }, "geometry": { "type": "Polygon", "coordinates": [ [ [ 79.960417496964084, 6.872509774629779 ], [ 79.962317966543353, 6.8725138950672 ], [ 79.962313846861491, 6.874413244114342 ], [ 79.960413369740508, 6.874409122527595 ], [ 79.960417496964084, 6.872509774629779 ] ] ] } },
{ "type": "Feature", "properties": { "id": "1835,3618", "grid_id": "1835,3618" }, "geometry": { "type": "Polygon", "coordinates": [ [ [ 79.962317966543353, 6.8725138950672 ], [ 79.964218437288253, 6.872518007968377 ], [ 79.96421432514812, 6.874417358162746 ], [ 79.962313846861491, 6.874413244114342 ], [ 79.962317966543353, 6.8725138950672 ] ] ] } },
{ "type": "Feature", "properties": { "id": "1836,3618", "grid_id": "1836,3618" }, "geometry": { "type": "Polygon", "coordinates": [ [ [ 79.964218437288253, 6.872518007968377 ], [ 79.966118909196652, 6.872522113333292 ], [ 79.966114804598263, 6.874421464672782 ], [ 79.96421432514812, 6.874417358162746 ], [ 79.964218437288253, 6.872518007968377 ] ] ] } },
{ "type": "Feature", "properties": { "id": "1837,3618", "grid_id": "1837,3618" }, "geometry": { "type": "Polygon", "coordinates": [ [ [ 79.966118909196652, 6.872522113333292 ], [ 79.968019382266391, 6.872526211161918 ], [ 79.968015285209788, 6.874425563644428 ], [ 79.966114804598263, 6.874421464672782 ], [ 79.966118909196652, 6.872522113333292 ] ] ] } },
{ "type": "Feature", "properties": { "id": "1838,3618", "grid_id": "1838,3618" }, "geometry": { "type": "Polygon", "coordinates": [ [ [ 79.968019382266391, 6.872526211161918 ], [ 79.969919856495366, 6.872530301454236 ], [ 79.969915766980563, 6.874429655077666 ], [ 79.968015285209788, 6.874425563644428 ], [ 79.968019382266391, 6.872526211161918 ] ] ] } },
{ "type": "Feature", "properties": { "id": "1839,3618", "grid_id": "1839,3618" }, "geometry": { "type": "Polygon", "coordinates": [ [ [ 79.969919856495366, 6.872530301454236 ], [ 79.971820331881418, 6.872534384210222 ], [ 79.971816249908443, 6.874433738972469 ], [ 79.969915766980563, 6.874429655077666 ], [ 79.969919856495366, 6.872530301454236 ] ] ] } },
{ "type": "Feature", "properties": { "id": "1840,3618", "grid_id": "1840,3618" }, "geometry": { "type": "Polygon", "coordinates": [ [ [ 79.971820331881418, 6.872534384210222 ], [ 79.973720808422442, 6.872538459429853 ], [ 79.973716733991296, 6.874437815328815 ], [ 79.971816249908443, 6.874433738972469 ], [ 79.971820331881418, 6.872534384210222 ] ] ] } },
{ "type": "Feature", "properties": { "id": "1841,3618", "grid_id": "1841,3618" }, "geometry": { "type": "Polygon", "coordinates": [ [ [ 79.973720808422442, 6.872538459429853 ], [ 79.975621286116279, 6.872542527113109 ], [ 79.975617219227004, 6.874441884146681 ], [ 79.973716733991296, 6.874437815328815 ], [ 79.973720808422442, 6.872538459429853 ] ] ] } },
{ "type": "Feature", "properties": { "id": "1842,3618", "grid_id": "1842,3618" }, "geometry": { "type": "Polygon", "coordinates": [ [ [ 79.975621286116279, 6.872542527113109 ], [ 79.977521764960798, 6.872546587259965 ], [ 79.977517705613408, 6.874445945426047 ], [ 79.975617219227004, 6.874441884146681 ], [ 79.975621286116279, 6.872542527113109 ] ] ] } },
{ "type": "Feature", "properties": { "id": "1843,3618", "grid_id": "1843,3618" }, "geometry": { "type": "Polygon", "coordinates": [ [ [ 79.977521764960798, 6.872546587259965 ], [ 79.979422244953867, 6.8725506398704 ], [ 79.979418193148405, 6.874449999166891 ], [ 79.977517705613408, 6.874445945426047 ], [ 79.977521764960798, 6.872546587259965 ] ] ] } },
{ "type": "Feature", "properties": { "id": "1844,3618", "grid_id": "1844,3618" }, "geometry": { "type": "Polygon", "coordinates": [ [ [ 79.979422244953867, 6.8725506398704 ], [ 79.981322726093367, 6.872554684944392 ], [ 79.981318681829833, 6.874454045369188 ], [ 79.979418193148405, 6.874449999166891 ], [ 79.979422244953867, 6.8725506398704 ] ] ] } },
{ "type": "Feature", "properties": { "id": "1845,3618", "grid_id": "1845,3618" }, "geometry": { "type": "Polygon", "coordinates": [ [ [ 79.981322726093367, 6.872554684944392 ], [ 79.983223208377154, 6.872558722481918 ], [ 79.983219171655577, 6.874458084032918 ], [ 79.981318681829833, 6.874454045369188 ], [ 79.981322726093367, 6.872554684944392 ] ] ] } },
{ "type": "Feature", "properties": { "id": "1846,3618", "grid_id": "1846,3618" }, "geometry": { "type": "Polygon", "coordinates": [ [ [ 79.983223208377154, 6.872558722481918 ], [ 79.985123691803082, 6.872562752482958 ], [ 79.985119662623489, 6.87446211515806 ], [ 79.983219171655577, 6.874458084032918 ], [ 79.983223208377154, 6.872558722481918 ] ] ] } },
{ "type": "Feature", "properties": { "id": "1847,3618", "grid_id": "1847,3618" }, "geometry": { "type": "Polygon", "coordinates": [ [ [ 79.985123691803082, 6.872562752482958 ], [ 79.987024176369033, 6.872566774947488 ], [ 79.987020154731439, 6.874466138744588 ], [ 79.985119662623489, 6.87446211515806 ], [ 79.985123691803082, 6.872562752482958 ] ] ] } },
{ "type": "Feature", "properties": { "id": "1848,3618", "grid_id": "1848,3618" }, "geometry": { "type": "Polygon", "coordinates": [ [ [ 79.987024176369033, 6.872566774947488 ], [ 79.988924662072876, 6.872570789875486 ], [ 79.988920647977295, 6.874470154792486 ], [ 79.987020154731439, 6.874466138744588 ], [ 79.987024176369033, 6.872566774947488 ] ] ] } },
{ "type": "Feature", "properties": { "id": "1849,3618", "grid_id": "1849,3618" }, "geometry": { "type": "Polygon", "coordinates": [ [ [ 79.988924662072876, 6.872570789875486 ], [ 79.99082514891245, 6.872574797266931 ], [ 79.990821142358925, 6.874474163301725 ], [ 79.988920647977295, 6.874470154792486 ], [ 79.988924662072876, 6.872570789875486 ] ] ] } },
{ "type": "Feature", "properties": { "id": "1850,3618", "grid_id": "1850,3618" }, "geometry": { "type": "Polygon", "coordinates": [ [ [ 79.99082514891245, 6.872574797266931 ], [ 79.992725636885652, 6.872578797121801 ], [ 79.992721637874212, 6.874478164272288 ], [ 79.990821142358925, 6.874474163301725 ], [ 79.99082514891245, 6.872574797266931 ] ] ] } },
{ "type": "Feature", "properties": { "id": "1851,3618", "grid_id": "1851,3618" }, "geometry": { "type": "Polygon", "coordinates": [ [ [ 79.992725636885652, 6.872578797121801 ], [ 79.994626125990337, 6.872582789440072 ], [ 79.994622134520966, 6.874482157704149 ], [ 79.992721637874212, 6.874478164272288 ], [ 79.992725636885652, 6.872578797121801 ] ] ] } },
{ "type": "Feature", "properties": { "id": "1852,3618", "grid_id": "1852,3618" }, "geometry": { "type": "Polygon", "coordinates": [ [ [ 79.994626125990337, 6.872582789440072 ], [ 79.996526616224372, 6.872586774221726 ], [ 79.996522632297115, 6.874486143597291 ], [ 79.994622134520966, 6.874482157704149 ], [ 79.994626125990337, 6.872582789440072 ] ] ] } },
{ "type": "Feature", "properties": { "id": "1853,3618", "grid_id": "1853,3618" }, "geometry": { "type": "Polygon", "coordinates": [ [ [ 79.996526616224372, 6.872586774221726 ], [ 79.998427107585613, 6.872590751466737 ], [ 79.998423131200497, 6.874490121951689 ], [ 79.996522632297115, 6.874486143597291 ], [ 79.996526616224372, 6.872586774221726 ] ] ] } },
{ "type": "Feature", "properties": { "id": "1854,3618", "grid_id": "1854,3618" }, "geometry": { "type": "Polygon", "coordinates": [ [ [ 79.998427107585613, 6.872590751466737 ], [ 80.000327600071941, 6.872594721175085 ], [ 80.00032363122898, 6.874494092767323 ], [ 79.998423131200497, 6.874490121951689 ], [ 79.998427107585613, 6.872590751466737 ] ] ] } },
{ "type": "Feature", "properties": { "id": "1855,3618", "grid_id": "1855,3618" }, "geometry": { "type": "Polygon", "coordinates": [ [ [ 80.000327600071941, 6.872594721175085 ], [ 80.002228093681211, 6.872598683346752 ], [ 80.002224132380434, 6.874498056044169 ], [ 80.00032363122898, 6.874494092767323 ], [ 80.000327600071941, 6.872594721175085 ] ] ] } },
{ "type": "Feature", "properties": { "id": "1856,3618", "grid_id": "1856,3618" }, "geometry": { "type": "Polygon", "coordinates": [ [ [ 80.002228093681211, 6.872598683346752 ], [ 80.004128588411305, 6.87260263798171 ], [ 80.004124634652726, 6.874502011782207 ], [ 80.002224132380434, 6.874498056044169 ], [ 80.002228093681211, 6.872598683346752 ] ] ] } },
{ "type": "Feature", "properties": { "id": "1857,3618", "grid_id": "1857,3618" }, "geometry": { "type": "Polygon", "coordinates": [ [ [ 80.004128588411305, 6.87260263798171 ], [ 80.006029084260064, 6.87260658507994 ], [ 80.006025138043697, 6.874505959981415 ], [ 80.004124634652726, 6.874502011782207 ], [ 80.004128588411305, 6.87260263798171 ] ] ] } },
{ "type": "Feature", "properties": { "id": "1818,3619", "grid_id": "1818,3619" }, "geometry": { "type": "Polygon", "coordinates": [ [ [ 79.930005896073908, 6.874342151943383 ], [ 79.931906354254338, 6.874346394140539 ], [ 79.931902112708087, 6.876245724393326 ], [ 79.930001646984181, 6.876241481013202 ], [ 79.930005896073908, 6.874342151943383 ] ] ] } },
{ "type": "Feature", "properties": { "id": "1819,3619", "grid_id": "1819,3619" }, "geometry": { "type": "Polygon", "coordinates": [ [ [ 79.931906354254338, 6.874346394140539 ], [ 79.933806813634561, 6.874350628799716 ], [ 79.933802579631816, 6.876249960233369 ], [ 79.931902112708087, 6.876245724393326 ], [ 79.931906354254338, 6.874346394140539 ] ] ] } },
{ "type": "Feature", "properties": { "id": "1820,3619", "grid_id": "1820,3619" }, "geometry": { "type": "Polygon", "coordinates": [ [ [ 79.933806813634561, 6.874350628799716 ], [ 79.935707274212433, 6.874354855920893 ], [ 79.935703047753208, 6.876254188533309 ], [ 79.933802579631816, 6.876249960233369 ], [ 79.933806813634561, 6.874350628799716 ] ] ] } },
{ "type": "Feature", "properties": { "id": "1826,3619", "grid_id": "1826,3619" }, "geometry": { "type": "Polygon", "coordinates": [ [ [ 79.945209594991965, 6.874375878455945 ], [ 79.947110062710962, 6.87438006034863 ], [ 79.947105881513323, 6.876279399989491 ], [ 79.945205406250679, 6.876275216930655 ], [ 79.945209594991965, 6.874375878455945 ] ] ] } },
{ "type": "Feature", "properties": { "id": "1827,3619", "grid_id": "1827,3619" }, "geometry": { "type": "Polygon", "coordinates": [ [ [ 79.947110062710962, 6.87438006034863 ], [ 79.949010531612657, 6.874384234703151 ], [ 79.949006357958723, 6.876283575508064 ], [ 79.947105881513323, 6.876279399989491 ], [ 79.947110062710962, 6.87438006034863 ] ] ] } },
{ "type": "Feature", "properties": { "id": "1828,3619", "grid_id": "1828,3619" }, "geometry": { "type": "Polygon", "coordinates": [ [ [ 79.949010531612657, 6.874384234703151 ], [ 79.950911001694962, 6.874388401519487 ], [ 79.950906835584718, 6.876287743486349 ], [ 79.949006357958723, 6.876283575508064 ], [ 79.949010531612657, 6.874384234703151 ] ] ] } },
{ "type": "Feature", "properties": { "id": "1829,3619", "grid_id": "1829,3619" }, "geometry": { "type": "Polygon", "coordinates": [ [ [ 79.950911001694962, 6.874388401519487 ], [ 79.952811472955702, 6.874392560797616 ], [ 79.952807314389204, 6.876291903924323 ], [ 79.950906835584718, 6.876287743486349 ], [ 79.950911001694962, 6.874388401519487 ] ] ] } },
{ "type": "Feature", "properties": { "id": "1830,3619", "grid_id": "1830,3619" }, "geometry": { "type": "Polygon", "coordinates": [ [ [ 79.952811472955702, 6.874392560797616 ], [ 79.954711945392759, 6.874396712537513 ], [ 79.954707794370009, 6.876296056821965 ], [ 79.952807314389204, 6.876291903924323 ], [ 79.952811472955702, 6.874392560797616 ] ] ] } },
{ "type": "Feature", "properties": { "id": "1831,3619", "grid_id": "1831,3619" }, "geometry": { "type": "Polygon", "coordinates": [ [ [ 79.954711945392759, 6.874396712537513 ], [ 79.956612419004003, 6.874400856739157 ], [ 79.956608275525028, 6.876300202179251 ], [ 79.954707794370009, 6.876296056821965 ], [ 79.954711945392759, 6.874396712537513 ] ] ] } },
{ "type": "Feature", "properties": { "id": "1832,3619", "grid_id": "1832,3619" }, "geometry": { "type": "Polygon", "coordinates": [ [ [ 79.956612419004003, 6.874400856739157 ], [ 79.958512893787301, 6.874404993402526 ], [ 79.958508757852115, 6.876304339996159 ], [ 79.956608275525028, 6.876300202179251 ], [ 79.956612419004003, 6.874400856739157 ] ] ] } },
{ "type": "Feature", "properties": { "id": "1833,3619", "grid_id": "1833,3619" }, "geometry": { "type": "Polygon", "coordinates": [ [ [ 79.958512893787301, 6.874404993402526 ], [ 79.960413369740508, 6.874409122527595 ], [ 79.96040924134914, 6.876308470272666 ], [ 79.958508757852115, 6.876304339996159 ], [ 79.958512893787301, 6.874404993402526 ] ] ] } },
{ "type": "Feature", "properties": { "id": "1834,3619", "grid_id": "1834,3619" }, "geometry": { "type": "Polygon", "coordinates": [ [ [ 79.960413369740508, 6.874409122527595 ], [ 79.962313846861491, 6.874413244114342 ], [ 79.96230972601397, 6.876312593008748 ], [ 79.96040924134914, 6.876308470272666 ], [ 79.960413369740508, 6.874409122527595 ] ] ] } },
{ "type": "Feature", "properties": { "id": "1835,3619", "grid_id": "1835,3619" }, "geometry": { "type": "Polygon", "coordinates": [ [ [ 79.962313846861491, 6.874413244114342 ], [ 79.96421432514812, 6.874417358162746 ], [ 79.96421021184446, 6.876316708204386 ], [ 79.96230972601397, 6.876312593008748 ], [ 79.962313846861491, 6.874413244114342 ] ] ] } },
{ "type": "Feature", "properties": { "id": "1836,3619", "grid_id": "1836,3619" }, "geometry": { "type": "Polygon", "coordinates": [ [ [ 79.96421432514812, 6.874417358162746 ], [ 79.966114804598263, 6.874421464672782 ], [ 79.966110698838492, 6.876320815859553 ], [ 79.96421021184446, 6.876316708204386 ], [ 79.96421432514812, 6.874417358162746 ] ] ] } },
{ "type": "Feature", "properties": { "id": "1837,3619", "grid_id": "1837,3619" }, "geometry": { "type": "Polygon", "coordinates": [ [ [ 79.966114804598263, 6.874421464672782 ], [ 79.968015285209788, 6.874425563644428 ], [ 79.968011186993948, 6.876324915974231 ], [ 79.966110698838492, 6.876320815859553 ], [ 79.966114804598263, 6.874421464672782 ] ] ] } },
{ "type": "Feature", "properties": { "id": "1838,3619", "grid_id": "1838,3619" }, "geometry": { "type": "Polygon", "coordinates": [ [ [ 79.968015285209788, 6.874425563644428 ], [ 79.969915766980563, 6.874429655077666 ], [ 79.969911676308655, 6.876329008548393 ], [ 79.968011186993948, 6.876324915974231 ], [ 79.968015285209788, 6.874425563644428 ] ] ] } },
{ "type": "Feature", "properties": { "id": "1839,3619", "grid_id": "1839,3619" }, "geometry": { "type": "Polygon", "coordinates": [ [ [ 79.969915766980563, 6.874429655077666 ], [ 79.971816249908443, 6.874433738972469 ], [ 79.971812166780481, 6.876333093582022 ], [ 79.969911676308655, 6.876329008548393 ], [ 79.969915766980563, 6.874429655077666 ] ] ] } },
{ "type": "Feature", "properties": { "id": "1840,3619", "grid_id": "1840,3619" }, "geometry": { "type": "Polygon", "coordinates": [ [ [ 79.971816249908443, 6.874433738972469 ], [ 79.973716733991296, 6.874437815328815 ], [ 79.973712658407322, 6.87633717107509 ], [ 79.971812166780481, 6.876333093582022 ], [ 79.971816249908443, 6.874433738972469 ] ] ] } },
{ "type": "Feature", "properties": { "id": "1841,3619", "grid_id": "1841,3619" }, "geometry": { "type": "Polygon", "coordinates": [ [ [ 79.973716733991296, 6.874437815328815 ], [ 79.975617219227004, 6.874441884146681 ], [ 79.975613151187019, 6.876341241027578 ], [ 79.973712658407322, 6.87633717107509 ], [ 79.973716733991296, 6.874437815328815 ] ] ] } },
{ "type": "Feature", "properties": { "id": "1842,3619", "grid_id": "1842,3619" }, "geometry": { "type": "Polygon", "coordinates": [ [ [ 79.975617219227004, 6.874441884146681 ], [ 79.977517705613408, 6.874445945426047 ], [ 79.977513645117469, 6.876345303439463 ], [ 79.975613151187019, 6.876341241027578 ], [ 79.975617219227004, 6.874441884146681 ] ] ] } },
{ "type": "Feature", "properties": { "id": "1843,3619", "grid_id": "1843,3619" }, "geometry": { "type": "Polygon", "coordinates": [ [ [ 79.977517705613408, 6.874445945426047 ], [ 79.979418193148405, 6.874449999166891 ], [ 79.979414140196496, 6.876349358310723 ], [ 79.977513645117469, 6.876345303439463 ], [ 79.977517705613408, 6.874445945426047 ] ] ] } },
{ "type": "Feature", "properties": { "id": "1844,3619", "grid_id": "1844,3619" }, "geometry": { "type": "Polygon", "coordinates": [ [ [ 79.979418193148405, 6.874449999166891 ], [ 79.981318681829833, 6.874454045369188 ], [ 79.981314636421999, 6.876353405641336 ], [ 79.979414140196496, 6.876349358310723 ], [ 79.979418193148405, 6.874449999166891 ] ] ] } },
{ "type": "Feature", "properties": { "id": "1845,3619", "grid_id": "1845,3619" }, "geometry": { "type": "Polygon", "coordinates": [ [ [ 79.981318681829833, 6.874454045369188 ], [ 79.983219171655577, 6.874458084032918 ], [ 79.98321513379183, 6.876357445431278 ], [ 79.981314636421999, 6.876353405641336 ], [ 79.981318681829833, 6.874454045369188 ] ] ] } },
{ "type": "Feature", "properties": { "id": "1846,3619", "grid_id": "1846,3619" }, "geometry": { "type": "Polygon", "coordinates": [ [ [ 79.983219171655577, 6.874458084032918 ], [ 79.985119662623489, 6.87446211515806 ], [ 79.985115632303859, 6.876361477680529 ], [ 79.98321513379183, 6.876357445431278 ], [ 79.983219171655577, 6.874458084032918 ] ] ] } },
{ "type": "Feature", "properties": { "id": "1847,3619", "grid_id": "1847,3619" }, "geometry": { "type": "Polygon", "coordinates": [ [ [ 79.985119662623489, 6.87446211515806 ], [ 79.987020154731439, 6.874466138744588 ], [ 79.98701613195594, 6.876365502389066 ], [ 79.985115632303859, 6.876361477680529 ], [ 79.985119662623489, 6.87446211515806 ] ] ] } },
{ "type": "Feature", "properties": { "id": "1848,3619", "grid_id": "1848,3619" }, "geometry": { "type": "Polygon", "coordinates": [ [ [ 79.987020154731439, 6.874466138744588 ], [ 79.988920647977295, 6.874470154792486 ], [ 79.988916632745955, 6.876369519556867 ], [ 79.98701613195594, 6.876365502389066 ], [ 79.987020154731439, 6.874466138744588 ] ] ] } },
{ "type": "Feature", "properties": { "id": "1849,3619", "grid_id": "1849,3619" }, "geometry": { "type": "Polygon", "coordinates": [ [ [ 79.988920647977295, 6.874470154792486 ], [ 79.990821142358925, 6.874474163301725 ], [ 79.990817134671772, 6.87637352918391 ], [ 79.988916632745955, 6.876369519556867 ], [ 79.988920647977295, 6.874470154792486 ] ] ] } },
{ "type": "Feature", "properties": { "id": "1850,3619", "grid_id": "1850,3619" }, "geometry": { "type": "Polygon", "coordinates": [ [ [ 79.990821142358925, 6.874474163301725 ], [ 79.992721637874212, 6.874478164272288 ], [ 79.992717637731246, 6.876377531270173 ], [ 79.990817134671772, 6.87637352918391 ], [ 79.990821142358925, 6.874474163301725 ] ] ] } },
{ "type": "Feature", "properties": { "id": "1851,3619", "grid_id": "1851,3619" }, "geometry": { "type": "Polygon", "coordinates": [ [ [ 79.992721637874212, 6.874478164272288 ], [ 79.994622134520966, 6.874482157704149 ], [ 79.994618141922246, 6.876381525815635 ], [ 79.992717637731246, 6.876377531270173 ], [ 79.992721637874212, 6.874478164272288 ] ] ] } },
{ "type": "Feature", "properties": { "id": "1852,3619", "grid_id": "1852,3619" }, "geometry": { "type": "Polygon", "coordinates": [ [ [ 79.994622134520966, 6.874482157704149 ], [ 79.996522632297115, 6.874486143597291 ], [ 79.996518647242638, 6.876385512820274 ], [ 79.994618141922246, 6.876381525815635 ], [ 79.994622134520966, 6.874482157704149 ] ] ] } },
{ "type": "Feature", "properties": { "id": "1853,3619", "grid_id": "1853,3619" }, "geometry": { "type": "Polygon", "coordinates": [ [ [ 79.996522632297115, 6.874486143597291 ], [ 79.998423131200497, 6.874490121951689 ], [ 79.998419153690293, 6.876389492284066 ], [ 79.996518647242638, 6.876385512820274 ], [ 79.996522632297115, 6.874486143597291 ] ] ] } },
{ "type": "Feature", "properties": { "id": "1854,3619", "grid_id": "1854,3619" }, "geometry": { "type": "Polygon", "coordinates": [ [ [ 79.998423131200497, 6.874490121951689 ], [ 80.00032363122898, 6.874494092767323 ], [ 80.000319661263049, 6.876393464206992 ], [ 79.998419153690293, 6.876389492284066 ], [ 79.998423131200497, 6.874490121951689 ] ] ] } },
{ "type": "Feature", "properties": { "id": "1855,3619", "grid_id": "1855,3619" }, "geometry": { "type": "Polygon", "coordinates": [ [ [ 80.00032363122898, 6.874494092767323 ], [ 80.002224132380434, 6.874498056044169 ], [ 80.002220169958818, 6.876397428589027 ], [ 80.000319661263049, 6.876393464206992 ], [ 80.00032363122898, 6.874494092767323 ] ] ] } },
{ "type": "Feature", "properties": { "id": "1856,3619", "grid_id": "1856,3619" }, "geometry": { "type": "Polygon", "coordinates": [ [ [ 80.002224132380434, 6.874498056044169 ], [ 80.004124634652726, 6.874502011782207 ], [ 80.00412067977544, 6.876401385430154 ], [ 80.002220169958818, 6.876397428589027 ], [ 80.002224132380434, 6.874498056044169 ] ] ] } },
{ "type": "Feature", "properties": { "id": "1857,3619", "grid_id": "1857,3619" }, "geometry": { "type": "Polygon", "coordinates": [ [ [ 80.004124634652726, 6.874502011782207 ], [ 80.006025138043697, 6.874505959981415 ], [ 80.006021190710783, 6.876405334730347 ], [ 80.00412067977544, 6.876401385430154 ], [ 80.004124634652726, 6.874502011782207 ] ] ] } },
{ "type": "Feature", "properties": { "id": "1816,3620", "grid_id": "1816,3620" }, "geometry": { "type": "Polygon", "coordinates": [ [ [ 79.926200719144333, 6.876232971632806 ], [ 79.928101182462214, 6.876237230093019 ], [ 79.928096924624967, 6.878136557824829 ], [ 79.92619645376152, 6.878132298177434 ], [ 79.926200719144333, 6.876232971632806 ] ] ] } },
{ "type": "Feature", "properties": { "id": "1817,3620", "grid_id": "1817,3620" }, "geometry": { "type": "Polygon", "coordinates": [ [ [ 79.928101182462214, 6.876237230093019 ], [ 79.930001646984181, 6.876241481013202 ], [ 79.929997396692514, 6.878140809930089 ], [ 79.928096924624967, 6.878136557824829 ], [ 79.928101182462214, 6.876237230093019 ] ] ] } },
{ "type": "Feature", "properties": { "id": "1818,3620", "grid_id": "1818,3620" }, "geometry": { "type": "Polygon", "coordinates": [ [ [ 79.930001646984181, 6.876241481013202 ], [ 79.931902112708087, 6.876245724393326 ], [ 79.931897869962029, 6.878145054493191 ], [ 79.929997396692514, 6.878140809930089 ], [ 79.930001646984181, 6.876241481013202 ] ] ] } },
{ "type": "Feature", "properties": { "id": "1819,3620", "grid_id": "1819,3620" }, "geometry": { "type": "Polygon", "coordinates": [ [ [ 79.931902112708087, 6.876245724393326 ], [ 79.933802579631816, 6.876249960233369 ], [ 79.933798344431381, 6.878149291514112 ], [ 79.931897869962029, 6.878145054493191 ], [ 79.931902112708087, 6.876245724393326 ] ] ] } },
{ "type": "Feature", "properties": { "id": "1820,3620", "grid_id": "1820,3620" }, "geometry": { "type": "Polygon", "coordinates": [ [ [ 79.933802579631816, 6.876249960233369 ], [ 79.935703047753208, 6.876254188533309 ], [ 79.935698820098438, 6.878153520992825 ], [ 79.933798344431381, 6.878149291514112 ], [ 79.933802579631816, 6.876249960233369 ] ] ] } },
{ "type": "Feature", "properties": { "id": "1826,3620", "grid_id": "1826,3620" }, "geometry": { "type": "Polygon", "coordinates": [ [ [ 79.945205406250679, 6.876275216930655 ], [ 79.947105881513323, 6.876279399989491 ], [ 79.947101699132972, 6.878178739477505 ], [ 79.94520121632452, 6.878174555252508 ], [ 79.945205406250679, 6.876275216930655 ] ] ] } },
{ "type": "Feature", "properties": { "id": "1827,3620", "grid_id": "1827,3620" }, "geometry": { "type": "Polygon", "coordinates": [ [ [ 79.947105881513323, 6.876279399989491 ], [ 79.949006357958723, 6.876283575508064 ], [ 79.949002183124179, 6.878182916160136 ], [ 79.947101699132972, 6.878178739477505 ], [ 79.947105881513323, 6.876279399989491 ] ] ] } },
{ "type": "Feature", "properties": { "id": "1828,3620", "grid_id": "1828,3620" }, "geometry": { "type": "Polygon", "coordinates": [ [ [ 79.949006357958723, 6.876283575508064 ], [ 79.950906835584718, 6.876287743486349 ], [ 79.950902668296024, 6.878187085300379 ], [ 79.949002183124179, 6.878182916160136 ], [ 79.949006357958723, 6.876283575508064 ] ] ] } },
{ "type": "Feature", "properties": { "id": "1829,3620", "grid_id": "1829,3620" }, "geometry": { "type": "Polygon", "coordinates": [ [ [ 79.950906835584718, 6.876287743486349 ], [ 79.952807314389204, 6.876291903924323 ], [ 79.952803154646347, 6.878191246898208 ], [ 79.950902668296024, 6.878187085300379 ], [ 79.950906835584718, 6.876287743486349 ] ] ] } },
{ "type": "Feature", "properties": { "id": "1830,3620", "grid_id": "1830,3620" }, "geometry": { "type": "Polygon", "coordinates": [ [ [ 79.952807314389204, 6.876291903924323 ], [ 79.954707794370009, 6.876296056821965 ], [ 79.954703642173044, 6.878195400953602 ], [ 79.952803154646347, 6.878191246898208 ], [ 79.952807314389204, 6.876291903924323 ] ] ] } },
{ "type": "Feature", "properties": { "id": "1831,3620", "grid_id": "1831,3620" }, "geometry": { "type": "Polygon", "coordinates": [ [ [ 79.954707794370009, 6.876296056821965 ], [ 79.956608275525028, 6.876300202179251 ], [ 79.95660413087397, 6.878199547466539 ], [ 79.954703642173044, 6.878195400953602 ], [ 79.954707794370009, 6.876296056821965 ] ] ] } },
{ "type": "Feature", "properties": { "id": "1832,3620", "grid_id": "1832,3620" }, "geometry": { "type": "Polygon", "coordinates": [ [ [ 79.956608275525028, 6.876300202179251 ], [ 79.958508757852115, 6.876304339996159 ], [ 79.958504620746993, 6.878203686436995 ], [ 79.95660413087397, 6.878199547466539 ], [ 79.956608275525028, 6.876300202179251 ] ] ] } },
{ "type": "Feature", "properties": { "id": "1833,3620", "grid_id": "1833,3620" }, "geometry": { "type": "Polygon", "coordinates": [ [ [ 79.958508757852115, 6.876304339996159 ], [ 79.96040924134914, 6.876308470272666 ], [ 79.960405111789967, 6.878207817864948 ], [ 79.958504620746993, 6.878203686436995 ], [ 79.958508757852115, 6.876304339996159 ] ] ] } },
{ "type": "Feature", "properties": { "id": "1834,3620", "grid_id": "1834,3620" }, "geometry": { "type": "Polygon", "coordinates": [ [ [ 79.96040924134914, 6.876308470272666 ], [ 79.96230972601397, 6.876312593008748 ], [ 79.96230560400079, 6.878211941750377 ], [ 79.960405111789967, 6.878207817864948 ], [ 79.96040924134914, 6.876308470272666 ] ] ] } },
{ "type": "Feature", "properties": { "id": "1835,3620", "grid_id": "1835,3620" }, "geometry": { "type": "Polygon", "coordinates": [ [ [ 79.96230972601397, 6.876312593008748 ], [ 79.96421021184446, 6.876316708204386 ], [ 79.964206097377271, 6.878216058093255 ], [ 79.96230560400079, 6.878211941750377 ], [ 79.96230972601397, 6.876312593008748 ] ] ] } },
{ "type": "Feature", "properties": { "id": "1836,3620", "grid_id": "1836,3620" }, "geometry": { "type": "Polygon", "coordinates": [ [ [ 79.96421021184446, 6.876316708204386 ], [ 79.966110698838492, 6.876320815859553 ], [ 79.966106591917338, 6.878220166893564 ], [ 79.964206097377271, 6.878216058093255 ], [ 79.96421021184446, 6.876316708204386 ] ] ] } },
{ "type": "Feature", "properties": { "id": "1837,3620", "grid_id": "1837,3620" }, "geometry": { "type": "Polygon", "coordinates": [ [ [ 79.966110698838492, 6.876320815859553 ], [ 79.968011186993948, 6.876324915974231 ], [ 79.968007087618815, 6.878224268151279 ], [ 79.966106591917338, 6.878220166893564 ], [ 79.966110698838492, 6.876320815859553 ] ] ] } },
{ "type": "Feature", "properties": { "id": "1838,3620", "grid_id": "1838,3620" }, "geometry": { "type": "Polygon", "coordinates": [ [ [ 79.968011186993948, 6.876324915974231 ], [ 79.969911676308655, 6.876329008548393 ], [ 79.9699075844796, 6.878228361866378 ], [ 79.968007087618815, 6.878224268151279 ], [ 79.968011186993948, 6.876324915974231 ] ] ] } },
{ "type": "Feature", "properties": { "id": "1839,3620", "grid_id": "1839,3620" }, "geometry": { "type": "Polygon", "coordinates": [ [ [ 79.969911676308655, 6.876329008548393 ], [ 79.971812166780481, 6.876333093582022 ], [ 79.971808082497517, 6.878232448038839 ], [ 79.9699075844796, 6.878228361866378 ], [ 79.969911676308655, 6.876329008548393 ] ] ] } },
{ "type": "Feature", "properties": { "id": "1840,3620", "grid_id": "1840,3620" }, "geometry": { "type": "Polygon", "coordinates": [ [ [ 79.971812166780481, 6.876333093582022 ], [ 79.973712658407322, 6.87633717107509 ], [ 79.973708581670465, 6.87823652666864 ], [ 79.971808082497517, 6.878232448038839 ], [ 79.971812166780481, 6.876333093582022 ] ] ] } },
{ "type": "Feature", "properties": { "id": "1841,3620", "grid_id": "1841,3620" }, "geometry": { "type": "Polygon", "coordinates": [ [ [ 79.973712658407322, 6.87633717107509 ], [ 79.975613151187019, 6.876341241027578 ], [ 79.975609081996325, 6.878240597755758 ], [ 79.973708581670465, 6.87823652666864 ], [ 79.973712658407322, 6.87633717107509 ] ] ] } },
{ "type": "Feature", "properties": { "id": "1842,3620", "grid_id": "1842,3620" }, "geometry": { "type": "Polygon", "coordinates": [ [ [ 79.975613151187019, 6.876341241027578 ], [ 79.977513645117469, 6.876345303439463 ], [ 79.977509583472909, 6.878244661300169 ], [ 79.975609081996325, 6.878240597755758 ], [ 79.975613151187019, 6.876341241027578 ] ] ] } },
{ "type": "Feature", "properties": { "id": "1843,3620", "grid_id": "1843,3620" }, "geometry": { "type": "Polygon", "coordinates": [ [ [ 79.977513645117469, 6.876345303439463 ], [ 79.979414140196496, 6.876349358310723 ], [ 79.979410086098127, 6.878248717301854 ], [ 79.977509583472909, 6.878244661300169 ], [ 79.977513645117469, 6.876345303439463 ] ] ] } },
{ "type": "Feature", "properties": { "id": "1844,3620", "grid_id": "1844,3620" }, "geometry": { "type": "Polygon", "coordinates": [ [ [ 79.979414140196496, 6.876349358310723 ], [ 79.981314636421999, 6.876353405641336 ], [ 79.981310589869835, 6.878252765760789 ], [ 79.979410086098127, 6.878248717301854 ], [ 79.979414140196496, 6.876349358310723 ] ] ] } },
{ "type": "Feature", "properties": { "id": "1845,3620", "grid_id": "1845,3620" }, "geometry": { "type": "Polygon", "coordinates": [ [ [ 79.981314636421999, 6.876353405641336 ], [ 79.98321513379183, 6.876357445431278 ], [ 79.983211094785887, 6.878256806676954 ], [ 79.981310589869835, 6.878252765760789 ], [ 79.981314636421999, 6.876353405641336 ] ] ] } },
{ "type": "Feature", "properties": { "id": "1846,3620", "grid_id": "1846,3620" }, "geometry": { "type": "Polygon", "coordinates": [ [ [ 79.98321513379183, 6.876357445431278 ], [ 79.985115632303859, 6.876361477680529 ], [ 79.985111600844164, 6.878260840050324 ], [ 79.983211094785887, 6.878256806676954 ], [ 79.98321513379183, 6.876357445431278 ] ] ] } },
{ "type": "Feature", "properties": { "id": "1847,3620", "grid_id": "1847,3620" }, "geometry": { "type": "Polygon", "coordinates": [ [ [ 79.985115632303859, 6.876361477680529 ], [ 79.98701613195594, 6.876365502389066 ], [ 79.987012108042521, 6.878264865880875 ], [ 79.985111600844164, 6.878260840050324 ], [ 79.985115632303859, 6.876361477680529 ] ] ] } },
{ "type": "Feature", "properties": { "id": "1848,3620", "grid_id": "1848,3620" }, "geometry": { "type": "Polygon", "coordinates": [ [ [ 79.98701613195594, 6.876365502389066 ], [ 79.988916632745955, 6.876369519556867 ], [ 79.988912616378826, 6.878268884168591 ], [ 79.987012108042521, 6.878264865880875 ], [ 79.98701613195594, 6.876365502389066 ] ] ] } },
{ "type": "Feature", "properties": { "id": "1849,3620", "grid_id": "1849,3620" }, "geometry": { "type": "Polygon", "coordinates": [ [ [ 79.988916632745955, 6.876369519556867 ], [ 79.990817134671772, 6.87637352918391 ], [ 79.990813125850963, 6.878272894913447 ], [ 79.988912616378826, 6.878268884168591 ], [ 79.988916632745955, 6.876369519556867 ] ] ] } },
{ "type": "Feature", "properties": { "id": "1850,3620", "grid_id": "1850,3620" }, "geometry": { "type": "Polygon", "coordinates": [ [ [ 79.990817134671772, 6.87637352918391 ], [ 79.992717637731246, 6.876377531270173 ], [ 79.992713636456756, 6.878276898115421 ], [ 79.990813125850963, 6.878272894913447 ], [ 79.990817134671772, 6.87637352918391 ] ] ] } },
{ "type": "Feature", "properties": { "id": "1851,3620", "grid_id": "1851,3620" }, "geometry": { "type": "Polygon", "coordinates": [ [ [ 79.992717637731246, 6.876377531270173 ], [ 79.994618141922246, 6.876381525815635 ], [ 79.994614148194117, 6.878280893774489 ], [ 79.992713636456756, 6.878276898115421 ], [ 79.992717637731246, 6.876377531270173 ] ] ] } },
{ "type": "Feature", "properties": { "id": "1852,3620", "grid_id": "1852,3620" }, "geometry": { "type": "Polygon", "coordinates": [ [ [ 79.994618141922246, 6.876381525815635 ], [ 79.996518647242638, 6.876385512820274 ], [ 79.996514661060885, 6.878284881890632 ], [ 79.994614148194117, 6.878280893774489 ], [ 79.994618141922246, 6.876381525815635 ] ] ] } },
{ "type": "Feature", "properties": { "id": "1853,3620", "grid_id": "1853,3620" }, "geometry": { "type": "Polygon", "coordinates": [ [ [ 79.996518647242638, 6.876385512820274 ], [ 79.998419153690293, 6.876389492284066 ], [ 79.99841517505493, 6.878288862463828 ], [ 79.996514661060885, 6.878284881890632 ], [ 79.996518647242638, 6.876385512820274 ] ] ] } },
{ "type": "Feature", "properties": { "id": "1854,3620", "grid_id": "1854,3620" }, "geometry": { "type": "Polygon", "coordinates": [ [ [ 79.998419153690293, 6.876389492284066 ], [ 80.000319661263049, 6.876393464206992 ], [ 80.000315690174148, 6.878292835494055 ], [ 79.99841517505493, 6.878288862463828 ], [ 79.998419153690293, 6.876389492284066 ] ] ] } },
{ "type": "Feature", "properties": { "id": "1855,3620", "grid_id": "1855,3620" }, "geometry": { "type": "Polygon", "coordinates": [ [ [ 80.000319661263049, 6.876393464206992 ], [ 80.002220169958818, 6.876397428589027 ], [ 80.00221620641635, 6.878296800981289 ], [ 80.000315690174148, 6.878292835494055 ], [ 80.000319661263049, 6.876393464206992 ] ] ] } },
{ "type": "Feature", "properties": { "id": "1856,3620", "grid_id": "1856,3620" }, "geometry": { "type": "Polygon", "coordinates": [ [ [ 80.002220169958818, 6.876397428589027 ], [ 80.00412067977544, 6.876401385430154 ], [ 80.004116723779433, 6.878300758925512 ], [ 80.00221620641635, 6.878296800981289 ], [ 80.002220169958818, 6.876397428589027 ] ] ] } },
{ "type": "Feature", "properties": { "id": "1857,3620", "grid_id": "1857,3620" }, "geometry": { "type": "Polygon", "coordinates": [ [ [ 80.00412067977544, 6.876401385430154 ], [ 80.006021190710783, 6.876405334730347 ], [ 80.006017242261265, 6.8783047093267 ], [ 80.004116723779433, 6.878300758925512 ], [ 80.00412067977544, 6.876401385430154 ] ] ] } },
{ "type": "Feature", "properties": { "id": "1858,3620", "grid_id": "1858,3620" }, "geometry": { "type": "Polygon", "coordinates": [ [ [ 80.006021190710783, 6.876405334730347 ], [ 80.007921702762715, 6.876409276489587 ], [ 80.007917761859701, 6.878308652184831 ], [ 80.006017242261265, 6.8783047093267 ], [ 80.006021190710783, 6.876405334730347 ] ] ] } },
{ "type": "Feature", "properties": { "id": "1815,3621", "grid_id": "1815,3621" }, "geometry": { "type": "Polygon", "coordinates": [ [ [ 79.924295984104305, 6.878128030987925 ], [ 79.92619645376152, 6.878132298177434 ], [ 79.926192187172475, 6.880031624569074 ], [ 79.924291709967591, 6.880027356190274 ], [ 79.924295984104305, 6.878128030987925 ] ] ] } },
{ "type": "Feature", "properties": { "id": "1816,3621", "grid_id": "1816,3621" }, "geometry": { "type": "Polygon", "coordinates": [ [ [ 79.92619645376152, 6.878132298177434 ], [ 79.928096924624967, 6.878136557824829 ], [ 79.928092665583605, 6.880035885403661 ], [ 79.926192187172475, 6.880031624569074 ], [ 79.92619645376152, 6.878132298177434 ] ] ] } },
{ "type": "Feature", "properties": { "id": "1817,3621", "grid_id": "1817,3621" }, "geometry": { "type": "Polygon", "coordinates": [ [ [ 79.928096924624967, 6.878136557824829 ], [ 79.929997396692514, 6.878140809930089 ], [ 79.929993145198878, 6.880040138694009 ], [ 79.928092665583605, 6.880035885403661 ], [ 79.928096924624967, 6.878136557824829 ] ] ] } },
{ "type": "Feature", "properties": { "id": "1818,3621", "grid_id": "1818,3621" }, "geometry": { "type": "Polygon", "coordinates": [ [ [ 79.929997396692514, 6.878140809930089 ], [ 79.931897869962029, 6.878145054493191 ], [ 79.931893626016134, 6.880044384440097 ], [ 79.929993145198878, 6.880040138694009 ], [ 79.929997396692514, 6.878140809930089 ] ] ] } },
{ "type": "Feature", "properties": { "id": "1819,3621", "grid_id": "1819,3621" }, "geometry": { "type": "Polygon", "coordinates": [ [ [ 79.931897869962029, 6.878145054493191 ], [ 79.933798344431381, 6.878149291514112 ], [ 79.93379410803324, 6.880048622641901 ], [ 79.931893626016134, 6.880044384440097 ], [ 79.931897869962029, 6.878145054493191 ] ] ] } },
{ "type": "Feature", "properties": { "id": "1820,3621", "grid_id": "1820,3621" }, "geometry": { "type": "Polygon", "coordinates": [ [ [ 79.933798344431381, 6.878149291514112 ], [ 79.935698820098438, 6.878153520992825 ], [ 79.935694591248094, 6.880052853299398 ], [ 79.93379410803324, 6.880048622641901 ], [ 79.933798344431381, 6.878149291514112 ] ] ] } },
{ "type": "Feature", "properties": { "id": "1821,3621", "grid_id": "1821,3621" }, "geometry": { "type": "Polygon", "coordinates": [ [ [ 79.935698820098438, 6.878153520992825 ], [ 79.937599296961054, 6.87815774292931 ], [ 79.937595075658521, 6.880057076412564 ], [ 79.935694591248094, 6.880052853299398 ], [ 79.935698820098438, 6.878153520992825 ] ] ] } },
{ "type": "Feature", "properties": { "id": "1822,3621", "grid_id": "1822,3621" }, "geometry": { "type": "Polygon", "coordinates": [ [ [ 79.937599296961054, 6.87815774292931 ], [ 79.939499775017097, 6.878161957323545 ], [ 79.939495561262405, 6.880061291981376 ], [ 79.937595075658521, 6.880057076412564 ], [ 79.937599296961054, 6.87815774292931 ] ] ] } },
{ "type": "Feature", "properties": { "id": "1826,3621", "grid_id": "1826,3621" }, "geometry": { "type": "Polygon", "coordinates": [ [ [ 79.94520121632452, 6.878174555252508 ], [ 79.947101699132972, 6.878178739477505 ], [ 79.947097515569837, 6.880078078812629 ], [ 79.945197025213474, 6.880073893421462 ], [ 79.94520121632452, 6.878174555252508 ] ] ] } },
{ "type": "Feature", "properties": { "id": "1827,3621", "grid_id": "1827,3621" }, "geometry": { "type": "Polygon", "coordinates": [ [ [ 79.947101699132972, 6.878178739477505 ], [ 79.949002183124179, 6.878182916160136 ], [ 79.948998007108997, 6.880082256659329 ], [ 79.947097515569837, 6.880078078812629 ], [ 79.947101699132972, 6.878178739477505 ] ] ] } },
{ "type": "Feature", "properties": { "id": "1828,3621", "grid_id": "1828,3621" }, "geometry": { "type": "Polygon", "coordinates": [ [ [ 79.949002183124179, 6.878182916160136 ], [ 79.950902668296024, 6.878187085300379 ], [ 79.95089849982881, 6.880086426961537 ], [ 79.948998007108997, 6.880082256659329 ], [ 79.949002183124179, 6.878182916160136 ] ] ] } },
{ "type": "Feature", "properties": { "id": "1829,3621", "grid_id": "1829,3621" }, "geometry": { "type": "Polygon", "coordinates": [ [ [ 79.950902668296024, 6.878187085300379 ], [ 79.952803154646347, 6.878191246898208 ], [ 79.952798993727143, 6.880090589719229 ], [ 79.95089849982881, 6.880086426961537 ], [ 79.950902668296024, 6.878187085300379 ] ] ] } },
{ "type": "Feature", "properties": { "id": "1830,3621", "grid_id": "1830,3621" }, "geometry": { "type": "Polygon", "coordinates": [ [ [ 79.952803154646347, 6.878191246898208 ], [ 79.954703642173044, 6.878195400953602 ], [ 79.954699488801865, 6.880094744932387 ], [ 79.952798993727143, 6.880090589719229 ], [ 79.952803154646347, 6.878191246898208 ] ] ] } },
{ "type": "Feature", "properties": { "id": "1831,3621", "grid_id": "1831,3621" }, "geometry": { "type": "Polygon", "coordinates": [ [ [ 79.954703642173044, 6.878195400953602 ], [ 79.95660413087397, 6.878199547466539 ], [ 79.956599985050829, 6.880098892600983 ], [ 79.954699488801865, 6.880094744932387 ], [ 79.954703642173044, 6.878195400953602 ] ] ] } },
{ "type": "Feature", "properties": { "id": "1832,3621", "grid_id": "1832,3621" }, "geometry": { "type": "Polygon", "coordinates": [ [ [ 79.95660413087397, 6.878199547466539 ], [ 79.958504620746993, 6.878203686436995 ], [ 79.958500482471919, 6.880103032724996 ], [ 79.956599985050829, 6.880098892600983 ], [ 79.95660413087397, 6.878199547466539 ] ] ] } },
{ "type": "Feature", "properties": { "id": "1833,3621", "grid_id": "1833,3621" }, "geometry": { "type": "Polygon", "coordinates": [ [ [ 79.958504620746993, 6.878203686436995 ], [ 79.960405111789967, 6.878207817864948 ], [ 79.960400981062989, 6.880107165304404 ], [ 79.958500482471919, 6.880103032724996 ], [ 79.958504620746993, 6.878203686436995 ] ] ] } },
{ "type": "Feature", "properties": { "id": "1834,3621", "grid_id": "1834,3621" }, "geometry": { "type": "Polygon", "coordinates": [ [ [ 79.960405111789967, 6.878207817864948 ], [ 79.96230560400079, 6.878211941750377 ], [ 79.962301480821893, 6.880111290339186 ], [ 79.960400981062989, 6.880107165304404 ], [ 79.960405111789967, 6.878207817864948 ] ] ] } },
{ "type": "Feature", "properties": { "id": "1835,3621", "grid_id": "1835,3621" }, "geometry": { "type": "Polygon", "coordinates": [ [ [ 79.96230560400079, 6.878211941750377 ], [ 79.964206097377271, 6.878216058093255 ], [ 79.964201981746527, 6.880115407829316 ], [ 79.962301480821893, 6.880111290339186 ], [ 79.96230560400079, 6.878211941750377 ] ] ] } },
{ "type": "Feature", "properties": { "id": "1836,3621", "grid_id": "1836,3621" }, "geometry": { "type": "Polygon", "coordinates": [ [ [ 79.964206097377271, 6.878216058093255 ], [ 79.966106591917338, 6.878220166893564 ], [ 79.966102483834746, 6.880119517774773 ], [ 79.964201981746527, 6.880115407829316 ], [ 79.964206097377271, 6.878216058093255 ] ] ] } },
{ "type": "Feature", "properties": { "id": "1837,3621", "grid_id": "1837,3621" }, "geometry": { "type": "Polygon", "coordinates": [ [ [ 79.966106591917338, 6.878220166893564 ], [ 79.968007087618815, 6.878224268151279 ], [ 79.968002987084404, 6.880123620175535 ], [ 79.966102483834746, 6.880119517774773 ], [ 79.966106591917338, 6.878220166893564 ] ] ] } },
{ "type": "Feature", "properties": { "id": "1838,3621", "grid_id": "1838,3621" }, "geometry": { "type": "Polygon", "coordinates": [ [ [ 79.968007087618815, 6.878224268151279 ], [ 79.9699075844796, 6.878228361866378 ], [ 79.969903491493397, 6.880127715031579 ], [ 79.968002987084404, 6.880123620175535 ], [ 79.968007087618815, 6.878224268151279 ] ] ] } },
{ "type": "Feature", "properties": { "id": "1839,3621", "grid_id": "1839,3621" }, "geometry": { "type": "Polygon", "coordinates": [ [ [ 79.9699075844796, 6.878228361866378 ], [ 79.971808082497517, 6.878232448038839 ], [ 79.971803997059538, 6.880131802342882 ], [ 79.969903491493397, 6.880127715031579 ], [ 79.9699075844796, 6.878228361866378 ] ] ] } },
{ "type": "Feature", "properties": { "id": "1840,3621", "grid_id": "1840,3621" }, "geometry": { "type": "Polygon", "coordinates": [ [ [ 79.971808082497517, 6.878232448038839 ], [ 79.973708581670465, 6.87823652666864 ], [ 79.973704503780738, 6.880135882109424 ], [ 79.971803997059538, 6.880131802342882 ], [ 79.971808082497517, 6.878232448038839 ] ] ] } },
{ "type": "Feature", "properties": { "id": "1841,3621", "grid_id": "1841,3621" }, "geometry": { "type": "Polygon", "coordinates": [ [ [ 79.973708581670465, 6.87823652666864 ], [ 79.975609081996325, 6.878240597755758 ], [ 79.975605011654849, 6.880139954331178 ], [ 79.973704503780738, 6.880135882109424 ], [ 79.973708581670465, 6.87823652666864 ] ] ] } },
{ "type": "Feature", "properties": { "id": "1842,3621", "grid_id": "1842,3621" }, "geometry": { "type": "Polygon", "coordinates": [ [ [ 79.975609081996325, 6.878240597755758 ], [ 79.977509583472909, 6.878244661300169 ], [ 79.977505520679728, 6.880144019008127 ], [ 79.975605011654849, 6.880139954331178 ], [ 79.975609081996325, 6.878240597755758 ] ] ] } },
{ "type": "Feature", "properties": { "id": "1843,3621", "grid_id": "1843,3621" }, "geometry": { "type": "Polygon", "coordinates": [ [ [ 79.977509583472909, 6.878244661300169 ], [ 79.979410086098127, 6.878248717301854 ], [ 79.979406030853269, 6.880148076140248 ], [ 79.977505520679728, 6.880144019008127 ], [ 79.977509583472909, 6.878244661300169 ] ] ] } },
{ "type": "Feature", "properties": { "id": "1844,3621", "grid_id": "1844,3621" }, "geometry": { "type": "Polygon", "coordinates": [ [ [ 79.979410086098127, 6.878248717301854 ], [ 79.981310589869835, 6.878252765760789 ], [ 79.9813065421733, 6.880152125727514 ], [ 79.979406030853269, 6.880148076140248 ], [ 79.979410086098127, 6.878248717301854 ] ] ] } },
{ "type": "Feature", "properties": { "id": "1845,3621", "grid_id": "1845,3621" }, "geometry": { "type": "Polygon", "coordinates": [ [ [ 79.981310589869835, 6.878252765760789 ], [ 79.983211094785887, 6.878256806676954 ], [ 79.983207054637717, 6.880156167769906 ], [ 79.9813065421733, 6.880152125727514 ], [ 79.981310589869835, 6.878252765760789 ] ] ] } },
{ "type": "Feature", "properties": { "id": "1846,3621", "grid_id": "1846,3621" }, "geometry": { "type": "Polygon", "coordinates": [ [ [ 79.983211094785887, 6.878256806676954 ], [ 79.985111600844164, 6.878260840050324 ], [ 79.985107568244374, 6.880160202267402 ], [ 79.983207054637717, 6.880156167769906 ], [ 79.983211094785887, 6.878256806676954 ] ] ] } },
{ "type": "Feature", "properties": { "id": "1847,3621", "grid_id": "1847,3621" }, "geometry": { "type": "Polygon", "coordinates": [ [ [ 79.985111600844164, 6.878260840050324 ], [ 79.987012108042521, 6.878264865880875 ], [ 79.987008082991139, 6.88016422921998 ], [ 79.985107568244374, 6.880160202267402 ], [ 79.985111600844164, 6.878260840050324 ] ] ] } },
{ "type": "Feature", "properties": { "id": "1848,3621", "grid_id": "1848,3621" }, "geometry": { "type": "Polygon", "coordinates": [ [ [ 79.987012108042521, 6.878264865880875 ], [ 79.988912616378826, 6.878268884168591 ], [ 79.988908598875867, 6.880168248627618 ], [ 79.987008082991139, 6.88016422921998 ], [ 79.987012108042521, 6.878264865880875 ] ] ] } },
{ "type": "Feature", "properties": { "id": "1849,3621", "grid_id": "1849,3621" }, "geometry": { "type": "Polygon", "coordinates": [ [ [ 79.988912616378826, 6.878268884168591 ], [ 79.990813125850963, 6.878272894913447 ], [ 79.990809115896454, 6.880172260490295 ], [ 79.988908598875867, 6.880168248627618 ], [ 79.988912616378826, 6.878268884168591 ] ] ] } },
{ "type": "Feature", "properties": { "id": "1850,3621", "grid_id": "1850,3621" }, "geometry": { "type": "Polygon", "coordinates": [ [ [ 79.990813125850963, 6.878272894913447 ], [ 79.992713636456756, 6.878276898115421 ], [ 79.992709634050726, 6.880176264807987 ], [ 79.990809115896454, 6.880172260490295 ], [ 79.990813125850963, 6.878272894913447 ] ] ] } },
{ "type": "Feature", "properties": { "id": "1851,3621", "grid_id": "1851,3621" }, "geometry": { "type": "Polygon", "coordinates": [ [ [ 79.992713636456756, 6.878276898115421 ], [ 79.994614148194117, 6.878280893774489 ], [ 79.994610153336566, 6.880180261580673 ], [ 79.992709634050726, 6.880176264807987 ], [ 79.992713636456756, 6.878276898115421 ] ] ] } },
{ "type": "Feature", "properties": { "id": "1852,3621", "grid_id": "1852,3621" }, "geometry": { "type": "Polygon", "coordinates": [ [ [ 79.994614148194117, 6.878280893774489 ], [ 79.996514661060885, 6.878284881890632 ], [ 79.996510673751857, 6.880184250808329 ], [ 79.994610153336566, 6.880180261580673 ], [ 79.994614148194117, 6.878280893774489 ] ] ] } },
{ "type": "Feature", "properties": { "id": "1853,3621", "grid_id": "1853,3621" }, "geometry": { "type": "Polygon", "coordinates": [ [ [ 79.996514661060885, 6.878284881890632 ], [ 79.99841517505493, 6.878288862463828 ], [ 79.998411195294452, 6.880188232490935 ], [ 79.996510673751857, 6.880184250808329 ], [ 79.996514661060885, 6.878284881890632 ] ] ] } },
{ "type": "Feature", "properties": { "id": "1854,3621", "grid_id": "1854,3621" }, "geometry": { "type": "Polygon", "coordinates": [ [ [ 79.99841517505493, 6.878288862463828 ], [ 80.000315690174148, 6.878292835494055 ], [ 80.000311717962205, 6.880192206628472 ], [ 79.998411195294452, 6.880188232490935 ], [ 79.99841517505493, 6.878288862463828 ] ] ] } },
{ "type": "Feature", "properties": { "id": "1855,3621", "grid_id": "1855,3621" }, "geometry": { "type": "Polygon", "coordinates": [ [ [ 80.000315690174148, 6.878292835494055 ], [ 80.00221620641635, 6.878296800981289 ], [ 80.002212241753, 6.880196173220913 ], [ 80.000311717962205, 6.880192206628472 ], [ 80.000315690174148, 6.878292835494055 ] ] ] } },
{ "type": "Feature", "properties": { "id": "1856,3621", "grid_id": "1856,3621" }, "geometry": { "type": "Polygon", "coordinates": [ [ [ 80.00221620641635, 6.878296800981289 ], [ 80.004116723779433, 6.878300758925512 ], [ 80.00411276666469, 6.880200132268239 ], [ 80.002212241753, 6.880196173220913 ], [ 80.00221620641635, 6.878296800981289 ] ] ] } },
{ "type": "Feature", "properties": { "id": "1857,3621", "grid_id": "1857,3621" }, "geometry": { "type": "Polygon", "coordinates": [ [ [ 80.004116723779433, 6.878300758925512 ], [ 80.006017242261265, 6.8783047093267 ], [ 80.006013292695144, 6.880204083770431 ], [ 80.00411276666469, 6.880200132268239 ], [ 80.004116723779433, 6.878300758925512 ] ] ] } },
{ "type": "Feature", "properties": { "id": "1858,3621", "grid_id": "1858,3621" }, "geometry": { "type": "Polygon", "coordinates": [ [ [ 80.006017242261265, 6.8783047093267 ], [ 80.007917761859701, 6.878308652184831 ], [ 80.00791381984223, 6.88020802772746 ], [ 80.006013292695144, 6.880204083770431 ], [ 80.006017242261265, 6.8783047093267 ] ] ] } },
{ "type": "Feature", "properties": { "id": "1873,3621", "grid_id": "1873,3621" }, "geometry": { "type": "Polygon", "coordinates": [ [ [ 80.034525152286861, 6.878363060165748 ], [ 80.036425688378344, 6.878366889875468 ], [ 80.036421859593162, 6.880266281649323 ], [ 80.034521315952688, 6.880262450872237 ], [ 80.034525152286861, 6.878363060165748 ] ] ] } },
{ "type": "Feature", "properties": { "id": "1815,3622", "grid_id": "1815,3622" }, "geometry": { "type": "Polygon", "coordinates": [ [ [ 79.924291709967591, 6.880027356190274 ], [ 79.926192187172475, 6.880031624569074 ], [ 79.926187919377156, 6.881930950807686 ], [ 79.924287434622471, 6.881926681239584 ], [ 79.924291709967591, 6.880027356190274 ] ] ] } },
{ "type": "Feature", "properties": { "id": "1816,3622", "grid_id": "1816,3622" }, "geometry": { "type": "Polygon", "coordinates": [ [ [ 79.926192187172475, 6.880031624569074 ], [ 79.928092665583605, 6.880035885403661 ], [ 79.92808840533813, 6.881935212829472 ], [ 79.926187919377156, 6.881930950807686 ], [ 79.926192187172475, 6.880031624569074 ] ] ] } },
{ "type": "Feature", "properties": { "id": "1817,3622", "grid_id": "1817,3622" }, "geometry": { "type": "Polygon", "coordinates": [ [ [ 79.928092665583605, 6.880035885403661 ], [ 79.929993145198878, 6.880040138694009 ], [ 79.929988892503246, 6.881939467304918 ], [ 79.92808840533813, 6.881935212829472 ], [ 79.928092665583605, 6.880035885403661 ] ] ] } },
{ "type": "Feature", "properties": { "id": "1818,3622", "grid_id": "1818,3622" }, "geometry": { "type": "Polygon", "coordinates": [ [ [ 79.929993145198878, 6.880040138694009 ], [ 79.931893626016134, 6.880044384440097 ], [ 79.931889380870373, 6.881943714234001 ], [ 79.929988892503246, 6.881939467304918 ], [ 79.929993145198878, 6.880040138694009 ] ] ] } },
{ "type": "Feature", "properties": { "id": "1819,3622", "grid_id": "1819,3622" }, "geometry": { "type": "Polygon", "coordinates": [ [ [ 79.931893626016134, 6.880044384440097 ], [ 79.93379410803324, 6.880048622641901 ], [ 79.933789870437394, 6.881947953616699 ], [ 79.931889380870373, 6.881943714234001 ], [ 79.931893626016134, 6.880044384440097 ] ] ] } },
{ "type": "Feature", "properties": { "id": "1820,3622", "grid_id": "1820,3622" }, "geometry": { "type": "Polygon", "coordinates": [ [ [ 79.93379410803324, 6.880048622641901 ], [ 79.935694591248094, 6.880052853299398 ], [ 79.935690361202163, 6.881952185452986 ], [ 79.933789870437394, 6.881947953616699 ], [ 79.93379410803324, 6.880048622641901 ] ] ] } },
{ "type": "Feature", "properties": { "id": "1821,3622", "grid_id": "1821,3622" }, "geometry": { "type": "Polygon", "coordinates": [ [ [ 79.935694591248094, 6.880052853299398 ], [ 79.937595075658521, 6.880057076412564 ], [ 79.937590853162519, 6.881956409742842 ], [ 79.935690361202163, 6.881952185452986 ], [ 79.935694591248094, 6.880052853299398 ] ] ] } },
{ "type": "Feature", "properties": { "id": "1822,3622", "grid_id": "1822,3622" }, "geometry": { "type": "Polygon", "coordinates": [ [ [ 79.937595075658521, 6.880057076412564 ], [ 79.939495561262405, 6.880061291981376 ], [ 79.939491346316387, 6.881960626486244 ], [ 79.937590853162519, 6.881956409742842 ], [ 79.937595075658521, 6.880057076412564 ] ] ] } },
{ "type": "Feature", "properties": { "id": "1823,3622", "grid_id": "1823,3622" }, "geometry": { "type": "Polygon", "coordinates": [ [ [ 79.939495561262405, 6.880061291981376 ], [ 79.941396048057612, 6.880065500005813 ], [ 79.941391840661581, 6.881964835683164 ], [ 79.939491346316387, 6.881960626486244 ], [ 79.939495561262405, 6.880061291981376 ] ] ] } },
{ "type": "Feature", "properties": { "id": "1824,3622", "grid_id": "1824,3622" }, "geometry": { "type": "Polygon", "coordinates": [ [ [ 79.941396048057612, 6.880065500005813 ], [ 79.943296536042013, 6.880069700485849 ], [ 79.943292336195995, 6.881969037333583 ], [ 79.941391840661581, 6.881964835683164 ], [ 79.941396048057612, 6.880065500005813 ] ] ] } },
{ "type": "Feature", "properties": { "id": "1825,3622", "grid_id": "1825,3622" }, "geometry": { "type": "Polygon", "coordinates": [ [ [ 79.943296536042013, 6.880069700485849 ], [ 79.945197025213474, 6.880073893421462 ], [ 79.945192832917485, 6.881973231437478 ], [ 79.943292336195995, 6.881969037333583 ], [ 79.943296536042013, 6.880069700485849 ] ] ] } },
{ "type": "Feature", "properties": { "id": "1826,3622", "grid_id": "1826,3622" }, "geometry": { "type": "Polygon", "coordinates": [ [ [ 79.945197025213474, 6.880073893421462 ], [ 79.947097515569837, 6.880078078812629 ], [ 79.947093330823932, 6.881977417994825 ], [ 79.945192832917485, 6.881973231437478 ], [ 79.945197025213474, 6.880073893421462 ] ] ] } },
{ "type": "Feature", "properties": { "id": "1827,3622", "grid_id": "1827,3622" }, "geometry": { "type": "Polygon", "coordinates": [ [ [ 79.947097515569837, 6.880078078812629 ], [ 79.948998007108997, 6.880082256659329 ], [ 79.948993829913164, 6.881981597005599 ], [ 79.947093330823932, 6.881977417994825 ], [ 79.947097515569837, 6.880078078812629 ] ] ] } },
{ "type": "Feature", "properties": { "id": "1828,3622", "grid_id": "1828,3622" }, "geometry": { "type": "Polygon", "coordinates": [ [ [ 79.948998007108997, 6.880082256659329 ], [ 79.95089849982881, 6.880086426961537 ], [ 79.95089433018309, 6.881985768469782 ], [ 79.948993829913164, 6.881981597005599 ], [ 79.948998007108997, 6.880082256659329 ] ] ] } },
{ "type": "Feature", "properties": { "id": "1829,3622", "grid_id": "1829,3622" }, "geometry": { "type": "Polygon", "coordinates": [ [ [ 79.95089849982881, 6.880086426961537 ], [ 79.952798993727143, 6.880090589719229 ], [ 79.95279483163155, 6.881989932387347 ], [ 79.95089433018309, 6.881985768469782 ], [ 79.95089849982881, 6.880086426961537 ] ] ] } },
{ "type": "Feature", "properties": { "id": "1830,3622", "grid_id": "1830,3622" }, "geometry": { "type": "Polygon", "coordinates": [ [ [ 79.952798993727143, 6.880090589719229 ], [ 79.954699488801865, 6.880094744932387 ], [ 79.954695334256428, 6.881994088758274 ], [ 79.95279483163155, 6.881989932387347 ], [ 79.952798993727143, 6.880090589719229 ] ] ] } },
{ "type": "Feature", "properties": { "id": "1831,3622", "grid_id": "1831,3622" }, "geometry": { "type": "Polygon", "coordinates": [ [ [ 79.954699488801865, 6.880094744932387 ], [ 79.956599985050829, 6.880098892600983 ], [ 79.956595838055577, 6.88199823758254 ], [ 79.954695334256428, 6.881994088758274 ], [ 79.954699488801865, 6.880094744932387 ] ] ] } },
{ "type": "Feature", "properties": { "id": "1832,3622", "grid_id": "1832,3622" }, "geometry": { "type": "Polygon", "coordinates": [ [ [ 79.956599985050829, 6.880098892600983 ], [ 79.958500482471919, 6.880103032724996 ], [ 79.958496343026852, 6.882002378860118 ], [ 79.956595838055577, 6.88199823758254 ], [ 79.956599985050829, 6.880098892600983 ] ] ] } },
{ "type": "Feature", "properties": { "id": "1833,3622", "grid_id": "1833,3622" }, "geometry": { "type": "Polygon", "coordinates": [ [ [ 79.958500482471919, 6.880103032724996 ], [ 79.960400981062989, 6.880107165304404 ], [ 79.960396849168134, 6.882006512590992 ], [ 79.958496343026852, 6.882002378860118 ], [ 79.958500482471919, 6.880103032724996 ] ] ] } },
{ "type": "Feature", "properties": { "id": "1834,3622", "grid_id": "1834,3622" }, "geometry": { "type": "Polygon", "coordinates": [ [ [ 79.960400981062989, 6.880107165304404 ], [ 79.962301480821893, 6.880111290339186 ], [ 79.962297356477308, 6.882010638775133 ], [ 79.960396849168134, 6.882006512590992 ], [ 79.960400981062989, 6.880107165304404 ] ] ] } },
{ "type": "Feature", "properties": { "id": "1835,3622", "grid_id": "1835,3622" }, "geometry": { "type": "Polygon", "coordinates": [ [ [ 79.962301480821893, 6.880111290339186 ], [ 79.964201981746527, 6.880115407829316 ], [ 79.964197864952212, 6.882014757412525 ], [ 79.962297356477308, 6.882010638775133 ], [ 79.962301480821893, 6.880111290339186 ] ] ] } },
{ "type": "Feature", "properties": { "id": "1836,3622", "grid_id": "1836,3622" }, "geometry": { "type": "Polygon", "coordinates": [ [ [ 79.964201981746527, 6.880115407829316 ], [ 79.966102483834746, 6.880119517774773 ], [ 79.966098374590715, 6.88201886850314 ], [ 79.964197864952212, 6.882014757412525 ], [ 79.964201981746527, 6.880115407829316 ] ] ] } },
{ "type": "Feature", "properties": { "id": "1837,3622", "grid_id": "1837,3622" }, "geometry": { "type": "Polygon", "coordinates": [ [ [ 79.966102483834746, 6.880119517774773 ], [ 79.968002987084404, 6.880123620175535 ], [ 79.967998885390685, 6.882022972046956 ], [ 79.966098374590715, 6.88201886850314 ], [ 79.966102483834746, 6.880119517774773 ] ] ] } },
{ "type": "Feature", "properties": { "id": "1838,3622", "grid_id": "1838,3622" }, "geometry": { "type": "Polygon", "coordinates": [ [ [ 79.968002987084404, 6.880123620175535 ], [ 79.969903491493397, 6.880127715031579 ], [ 79.969899397350005, 6.882027068043954 ], [ 79.967998885390685, 6.882022972046956 ], [ 79.968002987084404, 6.880123620175535 ] ] ] } },
{ "type": "Feature", "properties": { "id": "1839,3622", "grid_id": "1839,3622" }, "geometry": { "type": "Polygon", "coordinates": [ [ [ 79.969903491493397, 6.880127715031579 ], [ 79.971803997059538, 6.880131802342882 ], [ 79.971799910466515, 6.88203115649411 ], [ 79.969899397350005, 6.882027068043954 ], [ 79.969903491493397, 6.880127715031579 ] ] ] } },
{ "type": "Feature", "properties": { "id": "1840,3622", "grid_id": "1840,3622" }, "geometry": { "type": "Polygon", "coordinates": [ [ [ 79.971803997059538, 6.880131802342882 ], [ 79.973704503780738, 6.880135882109424 ], [ 79.973700424738084, 6.882035237397399 ], [ 79.971799910466515, 6.88203115649411 ], [ 79.971803997059538, 6.880131802342882 ] ] ] } },
{ "type": "Feature", "properties": { "id": "1841,3622", "grid_id": "1841,3622" }, "geometry": { "type": "Polygon", "coordinates": [ [ [ 79.973704503780738, 6.880135882109424 ], [ 79.975605011654849, 6.880139954331178 ], [ 79.975600940162607, 6.882039310753801 ], [ 79.973700424738084, 6.882035237397399 ], [ 79.973704503780738, 6.880135882109424 ] ] ] } },
{ "type": "Feature", "properties": { "id": "1842,3622", "grid_id": "1842,3622" }, "geometry": { "type": "Polygon", "coordinates": [ [ [ 79.975605011654849, 6.880139954331178 ], [ 79.977505520679728, 6.880144019008127 ], [ 79.977501456737926, 6.882043376563294 ], [ 79.975600940162607, 6.882039310753801 ], [ 79.975605011654849, 6.880139954331178 ] ] ] } },
{ "type": "Feature", "properties": { "id": "1843,3622", "grid_id": "1843,3622" }, "geometry": { "type": "Polygon", "coordinates": [ [ [ 79.977505520679728, 6.880144019008127 ], [ 79.979406030853269, 6.880148076140248 ], [ 79.979401974461908, 6.882047434825855 ], [ 79.977501456737926, 6.882043376563294 ], [ 79.977505520679728, 6.880144019008127 ] ] ] } },
{ "type": "Feature", "properties": { "id": "1844,3622", "grid_id": "1844,3622" }, "geometry": { "type": "Polygon", "coordinates": [ [ [ 79.979406030853269, 6.880148076140248 ], [ 79.9813065421733, 6.880152125727514 ], [ 79.981302493332407, 6.882051485541462 ], [ 79.979401974461908, 6.882047434825855 ], [ 79.979406030853269, 6.880148076140248 ] ] ] } },
{ "type": "Feature", "properties": { "id": "1845,3622", "grid_id": "1845,3622" }, "geometry": { "type": "Polygon", "coordinates": [ [ [ 79.9813065421733, 6.880152125727514 ], [ 79.983207054637717, 6.880156167769906 ], [ 79.983203013347321, 6.882055528710094 ], [ 79.981302493332407, 6.882051485541462 ], [ 79.9813065421733, 6.880152125727514 ] ] ] } },
{ "type": "Feature", "properties": { "id": "1846,3622", "grid_id": "1846,3622" }, "geometry": { "type": "Polygon", "coordinates": [ [ [ 79.983207054637717, 6.880156167769906 ], [ 79.985107568244374, 6.880160202267402 ], [ 79.985103534504489, 6.882059564331725 ], [ 79.983203013347321, 6.882055528710094 ], [ 79.983207054637717, 6.880156167769906 ] ] ] } },
{ "type": "Feature", "properties": { "id": "1847,3622", "grid_id": "1847,3622" }, "geometry": { "type": "Polygon", "coordinates": [ [ [ 79.985107568244374, 6.880160202267402 ], [ 79.987008082991139, 6.88016422921998 ], [ 79.987004056801794, 6.882063592406338 ], [ 79.985103534504489, 6.882059564331725 ], [ 79.985107568244374, 6.880160202267402 ] ] ] } },
{ "type": "Feature", "properties": { "id": "1848,3622", "grid_id": "1848,3622" }, "geometry": { "type": "Polygon", "coordinates": [ [ [ 79.987008082991139, 6.88016422921998 ], [ 79.988908598875867, 6.880168248627618 ], [ 79.988904580237076, 6.882067612933906 ], [ 79.987004056801794, 6.882063592406338 ], [ 79.987008082991139, 6.88016422921998 ] ] ] } },
{ "type": "Feature", "properties": { "id": "1849,3622", "grid_id": "1849,3622" }, "geometry": { "type": "Polygon", "coordinates": [ [ [ 79.988908598875867, 6.880168248627618 ], [ 79.990809115896454, 6.880172260490295 ], [ 79.990805104808231, 6.882071625914411 ], [ 79.988904580237076, 6.882067612933906 ], [ 79.988908598875867, 6.880168248627618 ] ] ] } },
{ "type": "Feature", "properties": { "id": "1850,3622", "grid_id": "1850,3622" }, "geometry": { "type": "Polygon", "coordinates": [ [ [ 79.990809115896454, 6.880172260490295 ], [ 79.992709634050726, 6.880176264807987 ], [ 79.992705630513115, 6.882075631347828 ], [ 79.990805104808231, 6.882071625914411 ], [ 79.990809115896454, 6.880172260490295 ] ] ] } },
{ "type": "Feature", "properties": { "id": "1851,3622", "grid_id": "1851,3622" }, "geometry": { "type": "Polygon", "coordinates": [ [ [ 79.992709634050726, 6.880176264807987 ], [ 79.994610153336566, 6.880180261580673 ], [ 79.994606157349608, 6.882079629234139 ], [ 79.992705630513115, 6.882075631347828 ], [ 79.992709634050726, 6.880176264807987 ] ] ] } },
{ "type": "Feature", "properties": { "id": "1852,3622", "grid_id": "1852,3622" }, "geometry": { "type": "Polygon", "coordinates": [ [ [ 79.994610153336566, 6.880180261580673 ], [ 79.996510673751857, 6.880184250808329 ], [ 79.996506685315524, 6.882083619573319 ], [ 79.994606157349608, 6.882079629234139 ], [ 79.994610153336566, 6.880180261580673 ] ] ] } },
{ "type": "Feature", "properties": { "id": "1853,3622", "grid_id": "1853,3622" }, "geometry": { "type": "Polygon", "coordinates": [ [ [ 79.996510673751857, 6.880184250808329 ], [ 79.998411195294452, 6.880188232490935 ], [ 79.9984072144088, 6.882087602365345 ], [ 79.996506685315524, 6.882083619573319 ], [ 79.996510673751857, 6.880184250808329 ] ] ] } },
{ "type": "Feature", "properties": { "id": "1854,3622", "grid_id": "1854,3622" }, "geometry": { "type": "Polygon", "coordinates": [ [ [ 79.998411195294452, 6.880188232490935 ], [ 80.000311717962205, 6.880192206628472 ], [ 80.000307744627236, 6.882091577610199 ], [ 79.9984072144088, 6.882087602365345 ], [ 79.998411195294452, 6.880188232490935 ] ] ] } },
{ "type": "Feature", "properties": { "id": "1855,3622", "grid_id": "1855,3622" }, "geometry": { "type": "Polygon", "coordinates": [ [ [ 80.000311717962205, 6.880192206628472 ], [ 80.002212241753, 6.880196173220913 ], [ 80.002208275968755, 6.882095545307856 ], [ 80.000307744627236, 6.882091577610199 ], [ 80.000311717962205, 6.880192206628472 ] ] ] } },
{ "type": "Feature", "properties": { "id": "1856,3622", "grid_id": "1856,3622" }, "geometry": { "type": "Polygon", "coordinates": [ [ [ 80.002212241753, 6.880196173220913 ], [ 80.00411276666469, 6.880200132268239 ], [ 80.00410880843117, 6.882099505458296 ], [ 80.002208275968755, 6.882095545307856 ], [ 80.002212241753, 6.880196173220913 ] ] ] } },
{ "type": "Feature", "properties": { "id": "1857,3622", "grid_id": "1857,3622" }, "geometry": { "type": "Polygon", "coordinates": [ [ [ 80.00411276666469, 6.880200132268239 ], [ 80.006013292695144, 6.880204083770431 ], [ 80.006009342012391, 6.882103458061495 ], [ 80.00410880843117, 6.882099505458296 ], [ 80.00411276666469, 6.880200132268239 ] ] ] } },
{ "type": "Feature", "properties": { "id": "1858,3622", "grid_id": "1858,3622" }, "geometry": { "type": "Polygon", "coordinates": [ [ [ 80.006013292695144, 6.880204083770431 ], [ 80.00791381984223, 6.88020802772746 ], [ 80.007909876710272, 6.882107403117436 ], [ 80.006009342012391, 6.882103458061495 ], [ 80.006013292695144, 6.880204083770431 ] ] ] } },
{ "type": "Feature", "properties": { "id": "1859,3622", "grid_id": "1859,3622" }, "geometry": { "type": "Polygon", "coordinates": [ [ [ 80.00791381984223, 6.88020802772746 ], [ 80.009814348103816, 6.880211964139312 ], [ 80.00981041252264, 6.882111340626095 ], [ 80.007909876710272, 6.882107403117436 ], [ 80.00791381984223, 6.88020802772746 ] ] ] } },
{ "type": "Feature", "properties": { "id": "1866,3622", "grid_id": "1866,3622" }, "geometry": { "type": "Polygon", "coordinates": [ [ [ 80.021217540958276, 6.880235424160435 ], [ 80.023118076961595, 6.880239307755423 ], [ 80.023114194236641, 6.882138691860983 ], [ 80.021213650682384, 6.882134807183903 ], [ 80.021217540958276, 6.880235424160435 ] ] ] } },
{ "type": "Feature", "properties": { "id": "1867,3622", "grid_id": "1867,3622" }, "geometry": { "type": "Polygon", "coordinates": [ [ [ 80.023118076961595, 6.880239307755423 ], [ 80.025018614062333, 6.880243183805061 ], [ 80.025014738888359, 6.882142568990608 ], [ 80.023114194236641, 6.882138691860983 ], [ 80.023118076961595, 6.880239307755423 ] ] ] } },
{ "type": "Feature", "properties": { "id": "1868,3622", "grid_id": "1868,3622" }, "geometry": { "type": "Polygon", "coordinates": [ [ [ 80.025018614062333, 6.880243183805061 ], [ 80.026919152258358, 6.880247052309326 ], [ 80.026915284635379, 6.882146438572758 ], [ 80.025014738888359, 6.882142568990608 ], [ 80.025018614062333, 6.880243183805061 ] ] ] } },
{ "type": "Feature", "properties": { "id": "1869,3622", "grid_id": "1869,3622" }, "geometry": { "type": "Polygon", "coordinates": [ [ [ 80.026919152258358, 6.880247052309326 ], [ 80.02881969154754, 6.880250913268198 ], [ 80.028815831475583, 6.882150300607414 ], [ 80.026915284635379, 6.882146438572758 ], [ 80.026919152258358, 6.880247052309326 ] ] ] } },
{ "type": "Feature", "properties": { "id": "1871,3622", "grid_id": "1871,3622" }, "geometry": { "type": "Polygon", "coordinates": [ [ [ 80.030720231927745, 6.880254766681654 ], [ 80.032620773396843, 6.880258612549675 ], [ 80.032616928426989, 6.882158002034148 ], [ 80.030716379406826, 6.88215415509455 ], [ 80.030720231927745, 6.880254766681654 ] ] ] } },
{ "type": "Feature", "properties": { "id": "1872,3622", "grid_id": "1872,3622" }, "geometry": { "type": "Polygon", "coordinates": [ [ [ 80.032620773396843, 6.880258612549675 ], [ 80.034521315952688, 6.880262450872237 ], [ 80.034517478533914, 6.882161841426187 ], [ 80.032616928426989, 6.882158002034148 ], [ 80.032620773396843, 6.880258612549675 ] ] ] } },
{ "type": "Feature", "properties": { "id": "1873,3622", "grid_id": "1873,3622" }, "geometry": { "type": "Polygon", "coordinates": [ [ [ 80.034521315952688, 6.880262450872237 ], [ 80.036421859593162, 6.880266281649323 ], [ 80.036418029725482, 6.882165673270646 ], [ 80.034517478533914, 6.882161841426187 ], [ 80.034521315952688, 6.880262450872237 ] ] ] } },
{ "type": "Feature", "properties": { "id": "1874,3622", "grid_id": "1874,3622" }, "geometry": { "type": "Polygon", "coordinates": [ [ [ 80.036421859593162, 6.880266281649323 ], [ 80.038322404316105, 6.88027010488091 ], [ 80.038318581999548, 6.882169497567504 ], [ 80.036418029725482, 6.882165673270646 ], [ 80.036421859593162, 6.880266281649323 ] ] ] } },
{ "type": "Feature", "properties": { "id": "1875,3622", "grid_id": "1875,3622" }, "geometry": { "type": "Polygon", "coordinates": [ [ [ 80.038322404316105, 6.88027010488091 ], [ 80.040222950119414, 6.880273920566975 ], [ 80.040219135353993, 6.882173314316739 ], [ 80.038318581999548, 6.882169497567504 ], [ 80.038322404316105, 6.88027010488091 ] ] ] } },
{ "type": "Feature", "properties": { "id": "1876,3622", "grid_id": "1876,3622" }, "geometry": { "type": "Polygon", "coordinates": [ [ [ 80.040222950119414, 6.880273920566975 ], [ 80.042123497000929, 6.8802777287075 ], [ 80.042119689786674, 6.882177123518328 ], [ 80.040219135353993, 6.882173314316739 ], [ 80.040222950119414, 6.880273920566975 ] ] ] } },
{ "type": "Feature", "properties": { "id": "1814,3623", "grid_id": "1814,3623" }, "geometry": { "type": "Polygon", "coordinates": [ [ [ 79.922386951076206, 6.881922404125188 ], [ 79.924287434622471, 6.881926681239584 ], [ 79.924283158068945, 6.883826006135814 ], [ 79.922382666970762, 6.883821727830006 ], [ 79.922386951076206, 6.881922404125188 ] ] ] } },
{ "type": "Feature", "properties": { "id": "1815,3623", "grid_id": "1815,3623" }, "geometry": { "type": "Polygon", "coordinates": [ [ [ 79.924287434622471, 6.881926681239584 ], [ 79.926187919377156, 6.881930950807686 ], [ 79.926183650375563, 6.883830276893226 ], [ 79.924283158068945, 6.883826006135814 ], [ 79.924287434622471, 6.881926681239584 ] ] ] } },
{ "type": "Feature", "properties": { "id": "1816,3623", "grid_id": "1816,3623" }, "geometry": { "type": "Polygon", "coordinates": [ [ [ 79.926187919377156, 6.881930950807686 ], [ 79.92808840533813, 6.881935212829472 ], [ 79.928084143888498, 6.883834540102222 ], [ 79.926183650375563, 6.883830276893226 ], [ 79.926187919377156, 6.881930950807686 ] ] ] } },
{ "type": "Feature", "properties": { "id": "1817,3623", "grid_id": "1817,3623" }, "geometry": { "type": "Polygon", "coordinates": [ [ [ 79.92808840533813, 6.881935212829472 ], [ 79.929988892503246, 6.881939467304918 ], [ 79.929984638605603, 6.883838795762773 ], [ 79.928084143888498, 6.883834540102222 ], [ 79.92808840533813, 6.881935212829472 ] ] ] } },
{ "type": "Feature", "properties": { "id": "1818,3623", "grid_id": "1818,3623" }, "geometry": { "type": "Polygon", "coordinates": [ [ [ 79.929988892503246, 6.881939467304918 ], [ 79.931889380870373, 6.881943714234001 ], [ 79.931885134524748, 6.883843043874863 ], [ 79.929984638605603, 6.883838795762773 ], [ 79.929988892503246, 6.881939467304918 ] ] ] } },
{ "type": "Feature", "properties": { "id": "1819,3623", "grid_id": "1819,3623" }, "geometry": { "type": "Polygon", "coordinates": [ [ [ 79.931889380870373, 6.881943714234001 ], [ 79.933789870437394, 6.881947953616699 ], [ 79.933785631643786, 6.883847284438463 ], [ 79.931885134524748, 6.883843043874863 ], [ 79.931889380870373, 6.881943714234001 ] ] ] } },
{ "type": "Feature", "properties": { "id": "1820,3623", "grid_id": "1820,3623" }, "geometry": { "type": "Polygon", "coordinates": [ [ [ 79.933789870437394, 6.881947953616699 ], [ 79.935690361202163, 6.881952185452986 ], [ 79.935686129960601, 6.883851517453549 ], [ 79.933785631643786, 6.883847284438463 ], [ 79.933789870437394, 6.881947953616699 ] ] ] } },
{ "type": "Feature", "properties": { "id": "1821,3623", "grid_id": "1821,3623" }, "geometry": { "type": "Polygon", "coordinates": [ [ [ 79.935690361202163, 6.881952185452986 ], [ 79.937590853162519, 6.881956409742842 ], [ 79.93758662947306, 6.883855742920104 ], [ 79.935686129960601, 6.883851517453549 ], [ 79.935690361202163, 6.881952185452986 ] ] ] } },
{ "type": "Feature", "properties": { "id": "1822,3623", "grid_id": "1822,3623" }, "geometry": { "type": "Polygon", "coordinates": [ [ [ 79.937590853162519, 6.881956409742842 ], [ 79.939491346316387, 6.881960626486244 ], [ 79.939487130179018, 6.883859960838099 ], [ 79.93758662947306, 6.883855742920104 ], [ 79.937590853162519, 6.881956409742842 ] ] ] } },
{ "type": "Feature", "properties": { "id": "1823,3623", "grid_id": "1823,3623" }, "geometry": { "type": "Polygon", "coordinates": [ [ [ 79.939491346316387, 6.881960626486244 ], [ 79.941391840661581, 6.881964835683164 ], [ 79.941387632076342, 6.883864171207515 ], [ 79.939487130179018, 6.883859960838099 ], [ 79.939491346316387, 6.881960626486244 ] ] ] } },
{ "type": "Feature", "properties": { "id": "1824,3623", "grid_id": "1824,3623" }, "geometry": { "type": "Polygon", "coordinates": [ [ [ 79.941391840661581, 6.881964835683164 ], [ 79.943292336195995, 6.881969037333583 ], [ 79.943288135162902, 6.883868374028327 ], [ 79.941387632076342, 6.883864171207515 ], [ 79.941391840661581, 6.881964835683164 ] ] ] } },
{ "type": "Feature", "properties": { "id": "1825,3623", "grid_id": "1825,3623" }, "geometry": { "type": "Polygon", "coordinates": [ [ [ 79.943292336195995, 6.881969037333583 ], [ 79.945192832917485, 6.881973231437478 ], [ 79.945188639436566, 6.883872569300511 ], [ 79.943288135162902, 6.883868374028327 ], [ 79.943292336195995, 6.881969037333583 ] ] ] } },
{ "type": "Feature", "properties": { "id": "1826,3623", "grid_id": "1826,3623" }, "geometry": { "type": "Polygon", "coordinates": [ [ [ 79.945192832917485, 6.881973231437478 ], [ 79.947093330823932, 6.881977417994825 ], [ 79.947089144895202, 6.883876757024047 ], [ 79.945188639436566, 6.883872569300511 ], [ 79.945192832917485, 6.881973231437478 ] ] ] } },
{ "type": "Feature", "properties": { "id": "1827,3623", "grid_id": "1827,3623" }, "geometry": { "type": "Polygon", "coordinates": [ [ [ 79.947093330823932, 6.881977417994825 ], [ 79.948993829913164, 6.881981597005599 ], [ 79.948989651536664, 6.883880937198906 ], [ 79.947089144895202, 6.883876757024047 ], [ 79.947093330823932, 6.881977417994825 ] ] ] } },
{ "type": "Feature", "properties": { "id": "1828,3623", "grid_id": "1828,3623" }, "geometry": { "type": "Polygon", "coordinates": [ [ [ 79.948993829913164, 6.881981597005599 ], [ 79.95089433018309, 6.881985768469782 ], [ 79.950890159358821, 6.883885109825072 ], [ 79.948989651536664, 6.883880937198906 ], [ 79.948993829913164, 6.881981597005599 ] ] ] } },
{ "type": "Feature", "properties": { "id": "1829,3623", "grid_id": "1829,3623" }, "geometry": { "type": "Polygon", "coordinates": [ [ [ 79.95089433018309, 6.881985768469782 ], [ 79.95279483163155, 6.881989932387347 ], [ 79.952790668359555, 6.88388927490252 ], [ 79.950890159358821, 6.883885109825072 ], [ 79.95089433018309, 6.881985768469782 ] ] ] } },
{ "type": "Feature", "properties": { "id": "1830,3623", "grid_id": "1830,3623" }, "geometry": { "type": "Polygon", "coordinates": [ [ [ 79.95279483163155, 6.881989932387347 ], [ 79.954695334256428, 6.881994088758274 ], [ 79.954691178536706, 6.883893432431227 ], [ 79.952790668359555, 6.88388927490252 ], [ 79.95279483163155, 6.881989932387347 ] ] ] } },
{ "type": "Feature", "properties": { "id": "1831,3623", "grid_id": "1831,3623" }, "geometry": { "type": "Polygon", "coordinates": [ [ [ 79.954695334256428, 6.881994088758274 ], [ 79.956595838055577, 6.88199823758254 ], [ 79.956591689888171, 6.883897582411167 ], [ 79.954691178536706, 6.883893432431227 ], [ 79.954695334256428, 6.881994088758274 ] ] ] } },
{ "type": "Feature", "properties": { "id": "1832,3623", "grid_id": "1832,3623" }, "geometry": { "type": "Polygon", "coordinates": [ [ [ 79.956595838055577, 6.88199823758254 ], [ 79.958496343026852, 6.882002378860118 ], [ 79.95849220241179, 6.883901724842323 ], [ 79.956591689888171, 6.883897582411167 ], [ 79.956595838055577, 6.88199823758254 ] ] ] } },
{ "type": "Feature", "properties": { "id": "1833,3623", "grid_id": "1833,3623" }, "geometry": { "type": "Polygon", "coordinates": [ [ [ 79.958496343026852, 6.882002378860118 ], [ 79.960396849168134, 6.882006512590992 ], [ 79.960392716105432, 6.883905859724668 ], [ 79.95849220241179, 6.883901724842323 ], [ 79.958496343026852, 6.882002378860118 ] ] ] } },
{ "type": "Feature", "properties": { "id": "1834,3623", "grid_id": "1834,3623" }, "geometry": { "type": "Polygon", "coordinates": [ [ [ 79.960396849168134, 6.882006512590992 ], [ 79.962297356477308, 6.882010638775133 ], [ 79.962293230966978, 6.883909987058183 ], [ 79.960392716105432, 6.883905859724668 ], [ 79.960396849168134, 6.882006512590992 ] ] ] } },
{ "type": "Feature", "properties": { "id": "1835,3623", "grid_id": "1835,3623" }, "geometry": { "type": "Polygon", "coordinates": [ [ [ 79.962297356477308, 6.882010638775133 ], [ 79.964197864952212, 6.882014757412525 ], [ 79.964193746994269, 6.88391410684284 ], [ 79.962293230966978, 6.883909987058183 ], [ 79.962297356477308, 6.882010638775133 ] ] ] } },
{ "type": "Feature", "properties": { "id": "1836,3623", "grid_id": "1836,3623" }, "geometry": { "type": "Polygon", "coordinates": [ [ [ 79.964197864952212, 6.882014757412525 ], [ 79.966098374590715, 6.88201886850314 ], [ 79.966094264185202, 6.883918219078622 ], [ 79.964193746994269, 6.88391410684284 ], [ 79.964197864952212, 6.882014757412525 ] ] ] } },
{ "type": "Feature", "properties": { "id": "1837,3623", "grid_id": "1837,3623" }, "geometry": { "type": "Polygon", "coordinates": [ [ [ 79.966098374590715, 6.88201886850314 ], [ 79.967998885390685, 6.882022972046956 ], [ 79.96799478253763, 6.883922323765503 ], [ 79.966094264185202, 6.883918219078622 ], [ 79.966098374590715, 6.88201886850314 ] ] ] } },
{ "type": "Feature", "properties": { "id": "1838,3623", "grid_id": "1838,3623" }, "geometry": { "type": "Polygon", "coordinates": [ [ [ 79.967998885390685, 6.882022972046956 ], [ 79.969899397350005, 6.882027068043954 ], [ 79.969895302049409, 6.883926420903463 ], [ 79.96799478253763, 6.883922323765503 ], [ 79.967998885390685, 6.882022972046956 ] ] ] } },
{ "type": "Feature", "properties": { "id": "1839,3623", "grid_id": "1839,3623" }, "geometry": { "type": "Polygon", "coordinates": [ [ [ 79.969899397350005, 6.882027068043954 ], [ 79.971799910466515, 6.88203115649411 ], [ 79.97179582271842, 6.883930510492477 ], [ 79.969895302049409, 6.883926420903463 ], [ 79.969899397350005, 6.882027068043954 ] ] ] } },
{ "type": "Feature", "properties": { "id": "1840,3623", "grid_id": "1840,3623" }, "geometry": { "type": "Polygon", "coordinates": [ [ [ 79.971799910466515, 6.88203115649411 ], [ 79.973700424738084, 6.882035237397399 ], [ 79.973696344542518, 6.883934592532524 ], [ 79.97179582271842, 6.883930510492477 ], [ 79.971799910466515, 6.88203115649411 ] ] ] } },
{ "type": "Feature", "properties": { "id": "1841,3623", "grid_id": "1841,3623" }, "geometry": { "type": "Polygon", "coordinates": [ [ [ 79.973700424738084, 6.882035237397399 ], [ 79.975600940162607, 6.882039310753801 ], [ 79.975596867519556, 6.883938667023582 ], [ 79.973696344542518, 6.883934592532524 ], [ 79.973700424738084, 6.882035237397399 ] ] ] } },
{ "type": "Feature", "properties": { "id": "1842,3623", "grid_id": "1842,3623" }, "geometry": { "type": "Polygon", "coordinates": [ [ [ 79.975600940162607, 6.882039310753801 ], [ 79.977501456737926, 6.882043376563294 ], [ 79.977497391647432, 6.883942733965629 ], [ 79.975596867519556, 6.883938667023582 ], [ 79.975600940162607, 6.882039310753801 ] ] ] } },
{ "type": "Feature", "properties": { "id": "1843,3623", "grid_id": "1843,3623" }, "geometry": { "type": "Polygon", "coordinates": [ [ [ 79.977501456737926, 6.882043376563294 ], [ 79.979401974461908, 6.882047434825855 ], [ 79.979397916924, 6.88394679335864 ], [ 79.977497391647432, 6.883942733965629 ], [ 79.977501456737926, 6.882043376563294 ] ] ] } },
{ "type": "Feature", "properties": { "id": "1844,3623", "grid_id": "1844,3623" }, "geometry": { "type": "Polygon", "coordinates": [ [ [ 79.979401974461908, 6.882047434825855 ], [ 79.981302493332407, 6.882051485541462 ], [ 79.981298443347114, 6.883950845202595 ], [ 79.979397916924, 6.88394679335864 ], [ 79.979401974461908, 6.882047434825855 ] ] ] } },
{ "type": "Feature", "properties": { "id": "1845,3623", "grid_id": "1845,3623" }, "geometry": { "type": "Polygon", "coordinates": [ [ [ 79.981302493332407, 6.882051485541462 ], [ 79.983203013347321, 6.882055528710094 ], [ 79.983198970914643, 6.883954889497474 ], [ 79.981298443347114, 6.883950845202595 ], [ 79.981302493332407, 6.882051485541462 ] ] ] } },
{ "type": "Feature", "properties": { "id": "1846,3623", "grid_id": "1846,3623" }, "geometry": { "type": "Polygon", "coordinates": [ [ [ 79.983203013347321, 6.882055528710094 ], [ 79.985103534504489, 6.882059564331725 ], [ 79.985099499624468, 6.883958926243249 ], [ 79.983198970914643, 6.883954889497474 ], [ 79.983203013347321, 6.882055528710094 ] ] ] } },
{ "type": "Feature", "properties": { "id": "1847,3623", "grid_id": "1847,3623" }, "geometry": { "type": "Polygon", "coordinates": [ [ [ 79.985103534504489, 6.882059564331725 ], [ 79.987004056801794, 6.882063592406338 ], [ 79.98700002947443, 6.883962955439903 ], [ 79.985099499624468, 6.883958926243249 ], [ 79.985103534504489, 6.882059564331725 ] ] ] } },
{ "type": "Feature", "properties": { "id": "1848,3623", "grid_id": "1848,3623" }, "geometry": { "type": "Polygon", "coordinates": [ [ [ 79.987004056801794, 6.882063592406338 ], [ 79.988904580237076, 6.882067612933906 ], [ 79.98890056046244, 6.883966977087411 ], [ 79.98700002947443, 6.883962955439903 ], [ 79.987004056801794, 6.882063592406338 ] ] ] } },
{ "type": "Feature", "properties": { "id": "1849,3623", "grid_id": "1849,3623" }, "geometry": { "type": "Polygon", "coordinates": [ [ [ 79.988904580237076, 6.882067612933906 ], [ 79.990805104808231, 6.882071625914411 ], [ 79.990801092586295, 6.883970991185754 ], [ 79.98890056046244, 6.883966977087411 ], [ 79.988904580237076, 6.882067612933906 ] ] ] } },
{ "type": "Feature", "properties": { "id": "1850,3623", "grid_id": "1850,3623" }, "geometry": { "type": "Polygon", "coordinates": [ [ [ 79.990805104808231, 6.882071625914411 ], [ 79.992705630513115, 6.882075631347828 ], [ 79.992701625843935, 6.883974997734908 ], [ 79.990801092586295, 6.883970991185754 ], [ 79.990805104808231, 6.882071625914411 ] ] ] } },
{ "type": "Feature", "properties": { "id": "1851,3623", "grid_id": "1851,3623" }, "geometry": { "type": "Polygon", "coordinates": [ [ [ 79.992705630513115, 6.882075631347828 ], [ 79.994606157349608, 6.882079629234139 ], [ 79.994602160233171, 6.883978996734851 ], [ 79.992701625843935, 6.883974997734908 ], [ 79.992705630513115, 6.882075631347828 ] ] ] } },
{ "type": "Feature", "properties": { "id": "1852,3623", "grid_id": "1852,3623" }, "geometry": { "type": "Polygon", "coordinates": [ [ [ 79.994606157349608, 6.882079629234139 ], [ 79.996506685315524, 6.882083619573319 ], [ 79.996502695751886, 6.883982988185561 ], [ 79.994602160233171, 6.883978996734851 ], [ 79.994606157349608, 6.882079629234139 ] ] ] } },
{ "type": "Feature", "properties": { "id": "1853,3623", "grid_id": "1853,3623" }, "geometry": { "type": "Polygon", "coordinates": [ [ [ 79.996506685315524, 6.882083619573319 ], [ 79.9984072144088, 6.882087602365345 ], [ 79.998403232397948, 6.883986972087016 ], [ 79.996502695751886, 6.883982988185561 ], [ 79.996506685315524, 6.882083619573319 ] ] ] } },
{ "type": "Feature", "properties": { "id": "1854,3623", "grid_id": "1854,3623" }, "geometry": { "type": "Polygon", "coordinates": [ [ [ 79.9984072144088, 6.882087602365345 ], [ 80.000307744627236, 6.882091577610199 ], [ 80.000303770169211, 6.883990948439196 ], [ 79.998403232397948, 6.883986972087016 ], [ 79.9984072144088, 6.882087602365345 ] ] ] } },
{ "type": "Feature", "properties": { "id": "1855,3623", "grid_id": "1855,3623" }, "geometry": { "type": "Polygon", "coordinates": [ [ [ 80.000307744627236, 6.882091577610199 ], [ 80.002208275968755, 6.882095545307856 ], [ 80.002204309063586, 6.883994917242076 ], [ 80.000303770169211, 6.883990948439196 ], [ 80.000307744627236, 6.882091577610199 ] ] ] } },
{ "type": "Feature", "properties": { "id": "1856,3623", "grid_id": "1856,3623" }, "geometry": { "type": "Polygon", "coordinates": [ [ [ 80.002208275968755, 6.882095545307856 ], [ 80.00410880843117, 6.882099505458296 ], [ 80.004104849078871, 6.883998878495638 ], [ 80.002204309063586, 6.883994917242076 ], [ 80.002208275968755, 6.882095545307856 ] ] ] } },
{ "type": "Feature", "properties": { "id": "1857,3623", "grid_id": "1857,3623" }, "geometry": { "type": "Polygon", "coordinates": [ [ [ 80.00410880843117, 6.882099505458296 ], [ 80.006009342012391, 6.882103458061495 ], [ 80.006005390212977, 6.884002832199858 ], [ 80.004104849078871, 6.883998878495638 ], [ 80.00410880843117, 6.882099505458296 ] ] ] } },
{ "type": "Feature", "properties": { "id": "1858,3623", "grid_id": "1858,3623" }, "geometry": { "type": "Polygon", "coordinates": [ [ [ 80.006009342012391, 6.882103458061495 ], [ 80.007909876710272, 6.882107403117436 ], [ 80.007905932463771, 6.884006778354714 ], [ 80.006005390212977, 6.884002832199858 ], [ 80.006009342012391, 6.882103458061495 ] ] ] } },
{ "type": "Feature", "properties": { "id": "1859,3623", "grid_id": "1859,3623" }, "geometry": { "type": "Polygon", "coordinates": [ [ [ 80.007909876710272, 6.882107403117436 ], [ 80.00981041252264, 6.882111340626095 ], [ 80.009806475829095, 6.884010716960186 ], [ 80.007905932463771, 6.884006778354714 ], [ 80.007909876710272, 6.882107403117436 ] ] ] } },
{ "type": "Feature", "properties": { "id": "1866,3623", "grid_id": "1866,3623" }, "geometry": { "type": "Polygon", "coordinates": [ [ [ 80.021213650682384, 6.882134807183903 ], [ 80.023114194236641, 6.882138691860983 ], [ 80.023110310414239, 6.884038075813913 ], [ 80.021209759306885, 6.884034190054736 ], [ 80.021213650682384, 6.882134807183903 ] ] ] } },
{ "type": "Feature", "properties": { "id": "1867,3623", "grid_id": "1867,3623" }, "geometry": { "type": "Polygon", "coordinates": [ [ [ 80.023114194236641, 6.882138691860983 ], [ 80.025014738888359, 6.882142568990608 ], [ 80.025010862619069, 6.884041954023534 ], [ 80.023110310414239, 6.884038075813913 ], [ 80.023114194236641, 6.882138691860983 ] ] ] } },
{ "type": "Feature", "properties": { "id": "1868,3623", "grid_id": "1868,3623" }, "geometry": { "type": "Polygon", "coordinates": [ [ [ 80.025014738888359, 6.882142568990608 ], [ 80.026915284635379, 6.882146438572758 ], [ 80.02691141591923, 6.884045824683578 ], [ 80.025010862619069, 6.884041954023534 ], [ 80.025014738888359, 6.882142568990608 ] ] ] } },
{ "type": "Feature", "properties": { "id": "1869,3623", "grid_id": "1869,3623" }, "geometry": { "type": "Polygon", "coordinates": [ [ [ 80.026915284635379, 6.882146438572758 ], [ 80.028815831475583, 6.882150300607414 ], [ 80.028811970312589, 6.884049687794024 ], [ 80.02691141591923, 6.884045824683578 ], [ 80.026915284635379, 6.882146438572758 ] ] ] } },
{ "type": "Feature", "properties": { "id": "1870,3623", "grid_id": "1870,3623" }, "geometry": { "type": "Polygon", "coordinates": [ [ [ 80.028815831475583, 6.882150300607414 ], [ 80.030716379406826, 6.88215415509455 ], [ 80.030712525797, 6.884053543354847 ], [ 80.028811970312589, 6.884049687794024 ], [ 80.028815831475583, 6.882150300607414 ] ] ] } },
{ "type": "Feature", "properties": { "id": "1871,3623", "grid_id": "1871,3623" }, "geometry": { "type": "Polygon", "coordinates": [ [ [ 80.030716379406826, 6.88215415509455 ], [ 80.032616928426989, 6.882158002034148 ], [ 80.032613082370347, 6.884057391366031 ], [ 80.030712525797, 6.884053543354847 ], [ 80.030716379406826, 6.88215415509455 ] ] ] } },
{ "type": "Feature", "properties": { "id": "1872,3623", "grid_id": "1872,3623" }, "geometry": { "type": "Polygon", "coordinates": [ [ [ 80.032616928426989, 6.882158002034148 ], [ 80.034517478533914, 6.882161841426187 ], [ 80.034513640030497, 6.884061231827556 ], [ 80.032613082370347, 6.884057391366031 ], [ 80.032616928426989, 6.882158002034148 ] ] ] } },
{ "type": "Feature", "properties": { "id": "1873,3623", "grid_id": "1873,3623" }, "geometry": { "type": "Polygon", "coordinates": [ [ [ 80.034517478533914, 6.882161841426187 ], [ 80.036418029725482, 6.882165673270646 ], [ 80.03641419877529, 6.884065064739396 ], [ 80.034513640030497, 6.884061231827556 ], [ 80.034517478533914, 6.882161841426187 ] ] ] } },
{ "type": "Feature", "properties": { "id": "1874,3623", "grid_id": "1874,3623" }, "geometry": { "type": "Polygon", "coordinates": [ [ [ 80.036418029725482, 6.882165673270646 ], [ 80.038318581999548, 6.882169497567504 ], [ 80.038314758602624, 6.884068890101532 ], [ 80.03641419877529, 6.884065064739396 ], [ 80.036418029725482, 6.882165673270646 ] ] ] } },
{ "type": "Feature", "properties": { "id": "1875,3623", "grid_id": "1875,3623" }, "geometry": { "type": "Polygon", "coordinates": [ [ [ 80.038318581999548, 6.882169497567504 ], [ 80.040219135353993, 6.882173314316739 ], [ 80.040215319510352, 6.884072707913943 ], [ 80.038314758602624, 6.884068890101532 ], [ 80.038318581999548, 6.882169497567504 ] ] ] } },
{ "type": "Feature", "properties": { "id": "1876,3623", "grid_id": "1876,3623" }, "geometry": { "type": "Polygon", "coordinates": [ [ [ 80.040219135353993, 6.882173314316739 ], [ 80.042119689786674, 6.882177123518328 ], [ 80.042115881496343, 6.884076518176609 ], [ 80.040215319510352, 6.884072707913943 ], [ 80.040219135353993, 6.882173314316739 ] ] ] } },
{ "type": "Feature", "properties": { "id": "1813,3624", "grid_id": "1813,3624" }, "geometry": { "type": "Polygon", "coordinates": [ [ [ 79.920482177083159, 6.883817441975827 ], [ 79.922382666970762, 6.883821727830006 ], [ 79.922378381654752, 6.885721051381693 ], [ 79.920477884213113, 6.88571676433399 ], [ 79.920482177083159, 6.883817441975827 ] ] ] } },
{ "type": "Feature", "properties": { "id": "1814,3624", "grid_id": "1814,3624" }, "geometry": { "type": "Polygon", "coordinates": [ [ [ 79.922382666970762, 6.883821727830006 ], [ 79.924283158068945, 6.883826006135814 ], [ 79.924278880306971, 6.885725330878923 ], [ 79.922378381654752, 6.885721051381693 ], [ 79.922382666970762, 6.883821727830006 ] ] ] } },
{ "type": "Feature", "properties": { "id": "1815,3624", "grid_id": "1815,3624" }, "geometry": { "type": "Polygon", "coordinates": [ [ [ 79.924283158068945, 6.883826006135814 ], [ 79.926183650375563, 6.883830276893226 ], [ 79.926179380167667, 6.885729602825655 ], [ 79.924278880306971, 6.885725330878923 ], [ 79.924283158068945, 6.883826006135814 ] ] ] } },
{ "type": "Feature", "properties": { "id": "1816,3624", "grid_id": "1816,3624" }, "geometry": { "type": "Polygon", "coordinates": [ [ [ 79.926183650375563, 6.883830276893226 ], [ 79.928084143888498, 6.883834540102222 ], [ 79.928079881234694, 6.885733867221868 ], [ 79.926179380167667, 6.885729602825655 ], [ 79.926183650375563, 6.883830276893226 ] ] ] } },
{ "type": "Feature", "properties": { "id": "1817,3624", "grid_id": "1817,3624" }, "geometry": { "type": "Polygon", "coordinates": [ [ [ 79.928084143888498, 6.883834540102222 ], [ 79.929984638605603, 6.883838795762773 ], [ 79.929980383505921, 6.885738124067536 ], [ 79.928079881234694, 6.885733867221868 ], [ 79.928084143888498, 6.883834540102222 ] ] ] } },
{ "type": "Feature", "properties": { "id": "1818,3624", "grid_id": "1818,3624" }, "geometry": { "type": "Polygon", "coordinates": [ [ [ 79.929984638605603, 6.883838795762773 ], [ 79.931885134524748, 6.883843043874863 ], [ 79.931880886979201, 6.885742373362638 ], [ 79.929980383505921, 6.885738124067536 ], [ 79.929984638605603, 6.883838795762773 ] ] ] } },
{ "type": "Feature", "properties": { "id": "1819,3624", "grid_id": "1819,3624" }, "geometry": { "type": "Polygon", "coordinates": [ [ [ 79.931885134524748, 6.883843043874863 ], [ 79.933785631643786, 6.883847284438463 ], [ 79.933781391652417, 6.885746615107148 ], [ 79.931880886979201, 6.885742373362638 ], [ 79.931885134524748, 6.883843043874863 ] ] ] } },
{ "type": "Feature", "properties": { "id": "1820,3624", "grid_id": "1820,3624" }, "geometry": { "type": "Polygon", "coordinates": [ [ [ 79.933785631643786, 6.883847284438463 ], [ 79.935686129960601, 6.883851517453549 ], [ 79.935681897523423, 6.885750849301046 ], [ 79.933781391652417, 6.885746615107148 ], [ 79.933785631643786, 6.883847284438463 ] ] ] } },
{ "type": "Feature", "properties": { "id": "1821,3624", "grid_id": "1821,3624" }, "geometry": { "type": "Polygon", "coordinates": [ [ [ 79.935686129960601, 6.883851517453549 ], [ 79.93758662947306, 6.883855742920104 ], [ 79.937582404590088, 6.885755075944307 ], [ 79.935681897523423, 6.885750849301046 ], [ 79.935686129960601, 6.883851517453549 ] ] ] } },
{ "type": "Feature", "properties": { "id": "1822,3624", "grid_id": "1822,3624" }, "geometry": { "type": "Polygon", "coordinates": [ [ [ 79.93758662947306, 6.883855742920104 ], [ 79.939487130179018, 6.883859960838099 ], [ 79.939482912850281, 6.885759295036908 ], [ 79.937582404590088, 6.885755075944307 ], [ 79.93758662947306, 6.883855742920104 ] ] ] } },
{ "type": "Feature", "properties": { "id": "1823,3624", "grid_id": "1823,3624" }, "geometry": { "type": "Polygon", "coordinates": [ [ [ 79.939487130179018, 6.883859960838099 ], [ 79.941387632076342, 6.883864171207515 ], [ 79.941383422301868, 6.885763506578826 ], [ 79.939482912850281, 6.885759295036908 ], [ 79.939487130179018, 6.883859960838099 ] ] ] } },
{ "type": "Feature", "properties": { "id": "1824,3624", "grid_id": "1824,3624" }, "geometry": { "type": "Polygon", "coordinates": [ [ [ 79.941387632076342, 6.883864171207515 ], [ 79.943288135162902, 6.883868374028327 ], [ 79.943283932942705, 6.885767710570038 ], [ 79.941383422301868, 6.885763506578826 ], [ 79.941387632076342, 6.883864171207515 ] ] ] } },
{ "type": "Feature", "properties": { "id": "1825,3624", "grid_id": "1825,3624" }, "geometry": { "type": "Polygon", "coordinates": [ [ [ 79.943288135162902, 6.883868374028327 ], [ 79.945188639436566, 6.883872569300511 ], [ 79.945184444770675, 6.885771907010521 ], [ 79.943283932942705, 6.885767710570038 ], [ 79.943288135162902, 6.883868374028327 ] ] ] } },
{ "type": "Feature", "properties": { "id": "1826,3624", "grid_id": "1826,3624" }, "geometry": { "type": "Polygon", "coordinates": [ [ [ 79.945188639436566, 6.883872569300511 ], [ 79.947089144895202, 6.883876757024047 ], [ 79.947084957783645, 6.885776095900253 ], [ 79.945184444770675, 6.885771907010521 ], [ 79.945188639436566, 6.883872569300511 ] ] ] } },
{ "type": "Feature", "properties": { "id": "1827,3624", "grid_id": "1827,3624" }, "geometry": { "type": "Polygon", "coordinates": [ [ [ 79.947089144895202, 6.883876757024047 ], [ 79.948989651536664, 6.883880937198906 ], [ 79.948985471979455, 6.885780277239209 ], [ 79.947084957783645, 6.885776095900253 ], [ 79.947089144895202, 6.883876757024047 ] ] ] } },
{ "type": "Feature", "properties": { "id": "1828,3624", "grid_id": "1828,3624" }, "geometry": { "type": "Polygon", "coordinates": [ [ [ 79.948989651536664, 6.883880937198906 ], [ 79.950890159358821, 6.883885109825072 ], [ 79.950885987355989, 6.885784451027367 ], [ 79.948985471979455, 6.885780277239209 ], [ 79.948989651536664, 6.883880937198906 ] ] ] } },
{ "type": "Feature", "properties": { "id": "1829,3624", "grid_id": "1829,3624" }, "geometry": { "type": "Polygon", "coordinates": [ [ [ 79.950890159358821, 6.883885109825072 ], [ 79.952790668359555, 6.88388927490252 ], [ 79.952786503911113, 6.885788617264706 ], [ 79.950885987355989, 6.885784451027367 ], [ 79.950890159358821, 6.883885109825072 ] ] ] } },
{ "type": "Feature", "properties": { "id": "1830,3624", "grid_id": "1830,3624" }, "geometry": { "type": "Polygon", "coordinates": [ [ [ 79.952790668359555, 6.88388927490252 ], [ 79.954691178536706, 6.883893432431227 ], [ 79.954687021642698, 6.8857927759512 ], [ 79.952786503911113, 6.885788617264706 ], [ 79.952790668359555, 6.88388927490252 ] ] ] } },
{ "type": "Feature", "properties": { "id": "1831,3624", "grid_id": "1831,3624" }, "geometry": { "type": "Polygon", "coordinates": [ [ [ 79.954691178536706, 6.883893432431227 ], [ 79.956591689888171, 6.883897582411167 ], [ 79.956587540548611, 6.885796927086826 ], [ 79.954687021642698, 6.8857927759512 ], [ 79.954691178536706, 6.883893432431227 ] ] ] } },
{ "type": "Feature", "properties": { "id": "1832,3624", "grid_id": "1832,3624" }, "geometry": { "type": "Polygon", "coordinates": [ [ [ 79.956591689888171, 6.883897582411167 ], [ 79.95849220241179, 6.883901724842323 ], [ 79.958488060626692, 6.885801070671567 ], [ 79.956587540548611, 6.885796927086826 ], [ 79.956591689888171, 6.883897582411167 ] ] ] } },
{ "type": "Feature", "properties": { "id": "1833,3624", "grid_id": "1833,3624" }, "geometry": { "type": "Polygon", "coordinates": [ [ [ 79.95849220241179, 6.883901724842323 ], [ 79.960392716105432, 6.883905859724668 ], [ 79.960388581874824, 6.885805206705394 ], [ 79.958488060626692, 6.885801070671567 ], [ 79.95849220241179, 6.883901724842323 ] ] ] } },
{ "type": "Feature", "properties": { "id": "1834,3624", "grid_id": "1834,3624" }, "geometry": { "type": "Polygon", "coordinates": [ [ [ 79.960392716105432, 6.883905859724668 ], [ 79.962293230966978, 6.883909987058183 ], [ 79.962289104290875, 6.885809335188285 ], [ 79.960388581874824, 6.885805206705394 ], [ 79.960392716105432, 6.883905859724668 ] ] ] } },
{ "type": "Feature", "properties": { "id": "1835,3624", "grid_id": "1835,3624" }, "geometry": { "type": "Polygon", "coordinates": [ [ [ 79.962293230966978, 6.883909987058183 ], [ 79.964193746994269, 6.88391410684284 ], [ 79.964189627872713, 6.885813456120221 ], [ 79.962289104290875, 6.885809335188285 ], [ 79.962293230966978, 6.883909987058183 ] ] ] } },
{ "type": "Feature", "properties": { "id": "1836,3624", "grid_id": "1836,3624" }, "geometry": { "type": "Polygon", "coordinates": [ [ [ 79.964193746994269, 6.88391410684284 ], [ 79.966094264185202, 6.883918219078622 ], [ 79.966090152618207, 6.885817569501178 ], [ 79.964189627872713, 6.885813456120221 ], [ 79.964193746994269, 6.88391410684284 ] ] ] } },
{ "type": "Feature", "properties": { "id": "1837,3624", "grid_id": "1837,3624" }, "geometry": { "type": "Polygon", "coordinates": [ [ [ 79.966094264185202, 6.883918219078622 ], [ 79.96799478253763, 6.883922323765503 ], [ 79.967990678525211, 6.885821675331132 ], [ 79.966090152618207, 6.885817569501178 ], [ 79.966094264185202, 6.883918219078622 ] ] ] } },
{ "type": "Feature", "properties": { "id": "1838,3624", "grid_id": "1838,3624" }, "geometry": { "type": "Polygon", "coordinates": [ [ [ 79.96799478253763, 6.883922323765503 ], [ 79.969895302049409, 6.883926420903463 ], [ 79.969891205591594, 6.885825773610062 ], [ 79.967990678525211, 6.885821675331132 ], [ 79.96799478253763, 6.883922323765503 ] ] ] } },
{ "type": "Feature", "properties": { "id": "1839,3624", "grid_id": "1839,3624" }, "geometry": { "type": "Polygon", "coordinates": [ [ [ 79.969895302049409, 6.883926420903463 ], [ 79.97179582271842, 6.883930510492477 ], [ 79.971791733815238, 6.885829864337946 ], [ 79.969891205591594, 6.885825773610062 ], [ 79.969895302049409, 6.883926420903463 ] ] ] } },
{ "type": "Feature", "properties": { "id": "1840,3624", "grid_id": "1840,3624" }, "geometry": { "type": "Polygon", "coordinates": [ [ [ 79.97179582271842, 6.883930510492477 ], [ 79.973696344542518, 6.883934592532524 ], [ 79.973692263193968, 6.885833947514759 ], [ 79.971791733815238, 6.885829864337946 ], [ 79.97179582271842, 6.883930510492477 ] ] ] } },
{ "type": "Feature", "properties": { "id": "1841,3624", "grid_id": "1841,3624" }, "geometry": { "type": "Polygon", "coordinates": [ [ [ 79.973696344542518, 6.883934592532524 ], [ 79.975596867519556, 6.883938667023582 ], [ 79.975592793725696, 6.88583802314048 ], [ 79.973692263193968, 6.885833947514759 ], [ 79.973696344542518, 6.883934592532524 ] ] ] } },
{ "type": "Feature", "properties": { "id": "1842,3624", "grid_id": "1842,3624" }, "geometry": { "type": "Polygon", "coordinates": [ [ [ 79.975596867519556, 6.883938667023582 ], [ 79.977497391647432, 6.883942733965629 ], [ 79.977493325408261, 6.885842091215088 ], [ 79.975592793725696, 6.88583802314048 ], [ 79.975596867519556, 6.883938667023582 ] ] ] } },
{ "type": "Feature", "properties": { "id": "1843,3624", "grid_id": "1843,3624" }, "geometry": { "type": "Polygon", "coordinates": [ [ [ 79.977497391647432, 6.883942733965629 ], [ 79.979397916924, 6.88394679335864 ], [ 79.979393858239547, 6.885846151738559 ], [ 79.977493325408261, 6.885842091215088 ], [ 79.977497391647432, 6.883942733965629 ] ] ] } },
{ "type": "Feature", "properties": { "id": "1844,3624", "grid_id": "1844,3624" }, "geometry": { "type": "Polygon", "coordinates": [ [ [ 79.979397916924, 6.88394679335864 ], [ 79.981298443347114, 6.883950845202595 ], [ 79.981294392217393, 6.885850204710873 ], [ 79.979393858239547, 6.885846151738559 ], [ 79.979397916924, 6.88394679335864 ] ] ] } },
{ "type": "Feature", "properties": { "id": "1845,3624", "grid_id": "1845,3624" }, "geometry": { "type": "Polygon", "coordinates": [ [ [ 79.981298443347114, 6.883950845202595 ], [ 79.983198970914643, 6.883954889497474 ], [ 79.983194927339696, 6.885854250132005 ], [ 79.981294392217393, 6.885850204710873 ], [ 79.981298443347114, 6.883950845202595 ] ] ] } },
{ "type": "Feature", "properties": { "id": "1846,3624", "grid_id": "1846,3624" }, "geometry": { "type": "Polygon", "coordinates": [ [ [ 79.983198970914643, 6.883954889497474 ], [ 79.985099499624468, 6.883958926243249 ], [ 79.985095463604296, 6.885858288001935 ], [ 79.983194927339696, 6.885854250132005 ], [ 79.983198970914643, 6.883954889497474 ] ] ] } },
{ "type": "Feature", "properties": { "id": "1847,3624", "grid_id": "1847,3624" }, "geometry": { "type": "Polygon", "coordinates": [ [ [ 79.985099499624468, 6.883958926243249 ], [ 79.98700002947443, 6.883962955439903 ], [ 79.986996001009075, 6.885862318320638 ], [ 79.985095463604296, 6.885858288001935 ], [ 79.985099499624468, 6.883958926243249 ] ] ] } },
{ "type": "Feature", "properties": { "id": "1848,3624", "grid_id": "1848,3624" }, "geometry": { "type": "Polygon", "coordinates": [ [ [ 79.98700002947443, 6.883962955439903 ], [ 79.98890056046244, 6.883966977087411 ], [ 79.988896539551902, 6.885866341088096 ], [ 79.986996001009075, 6.885862318320638 ], [ 79.98700002947443, 6.883962955439903 ] ] ] } },
{ "type": "Feature", "properties": { "id": "1849,3624", "grid_id": "1849,3624" }, "geometry": { "type": "Polygon", "coordinates": [ [ [ 79.98890056046244, 6.883966977087411 ], [ 79.990801092586295, 6.883970991185754 ], [ 79.990797079230632, 6.885870356304285 ], [ 79.988896539551902, 6.885866341088096 ], [ 79.98890056046244, 6.883966977087411 ] ] ] } },
{ "type": "Feature", "properties": { "id": "1850,3624", "grid_id": "1850,3624" }, "geometry": { "type": "Polygon", "coordinates": [ [ [ 79.990801092586295, 6.883970991185754 ], [ 79.992701625843935, 6.883974997734908 ], [ 79.992697620043117, 6.88587436396918 ], [ 79.990797079230632, 6.885870356304285 ], [ 79.990801092586295, 6.883970991185754 ] ] ] } },
{ "type": "Feature", "properties": { "id": "1851,3624", "grid_id": "1851,3624" }, "geometry": { "type": "Polygon", "coordinates": [ [ [ 79.992701625843935, 6.883974997734908 ], [ 79.994602160233171, 6.883978996734851 ], [ 79.994598161987255, 6.885878364082766 ], [ 79.992697620043117, 6.88587436396918 ], [ 79.992701625843935, 6.883974997734908 ] ] ] } },
{ "type": "Feature", "properties": { "id": "1852,3624", "grid_id": "1852,3624" }, "geometry": { "type": "Polygon", "coordinates": [ [ [ 79.994602160233171, 6.883978996734851 ], [ 79.996502695751886, 6.883982988185561 ], [ 79.996498705060887, 6.885882356645014 ], [ 79.994598161987255, 6.885878364082766 ], [ 79.994602160233171, 6.883978996734851 ] ] ] } },
{ "type": "Feature", "properties": { "id": "1853,3624", "grid_id": "1853,3624" }, "geometry": { "type": "Polygon", "coordinates": [ [ [ 79.996502695751886, 6.883982988185561 ], [ 79.998403232397948, 6.883986972087016 ], [ 79.99839924926188, 6.885886341655906 ], [ 79.996498705060887, 6.885882356645014 ], [ 79.996502695751886, 6.883982988185561 ] ] ] } },
{ "type": "Feature", "properties": { "id": "1854,3624", "grid_id": "1854,3624" }, "geometry": { "type": "Polygon", "coordinates": [ [ [ 79.998403232397948, 6.883986972087016 ], [ 80.000303770169211, 6.883990948439196 ], [ 80.00029979458813, 6.885890319115421 ], [ 79.99839924926188, 6.885886341655906 ], [ 79.998403232397948, 6.883986972087016 ] ] ] } },
{ "type": "Feature", "properties": { "id": "1855,3624", "grid_id": "1855,3624" }, "geometry": { "type": "Polygon", "coordinates": [ [ [ 80.000303770169211, 6.883990948439196 ], [ 80.002204309063586, 6.883994917242076 ], [ 80.002200341037465, 6.885894289023534 ], [ 80.00029979458813, 6.885890319115421 ], [ 80.000303770169211, 6.883990948439196 ] ] ] } },
{ "type": "Feature", "properties": { "id": "1856,3624", "grid_id": "1856,3624" }, "geometry": { "type": "Polygon", "coordinates": [ [ [ 80.002204309063586, 6.883994917242076 ], [ 80.004104849078871, 6.883998878495638 ], [ 80.004100888607766, 6.885898251380226 ], [ 80.002200341037465, 6.885894289023534 ], [ 80.002204309063586, 6.883994917242076 ] ] ] } },
{ "type": "Feature", "properties": { "id": "1857,3624", "grid_id": "1857,3624" }, "geometry": { "type": "Polygon", "coordinates": [ [ [ 80.004104849078871, 6.883998878495638 ], [ 80.006005390212977, 6.884002832199858 ], [ 80.006001437296902, 6.885902206185474 ], [ 80.004100888607766, 6.885898251380226 ], [ 80.004104849078871, 6.883998878495638 ] ] ] } },
{ "type": "Feature", "properties": { "id": "1858,3624", "grid_id": "1858,3624" }, "geometry": { "type": "Polygon", "coordinates": [ [ [ 80.006005390212977, 6.884002832199858 ], [ 80.007905932463771, 6.884006778354714 ], [ 80.007901987102727, 6.885906153439254 ], [ 80.006001437296902, 6.885902206185474 ], [ 80.006005390212977, 6.884002832199858 ] ] ] } },
{ "type": "Feature", "properties": { "id": "1859,3624", "grid_id": "1859,3624" }, "geometry": { "type": "Polygon", "coordinates": [ [ [ 80.007905932463771, 6.884006778354714 ], [ 80.009806475829095, 6.884010716960186 ], [ 80.009802538023123, 6.88591009314155 ], [ 80.007901987102727, 6.885906153439254 ], [ 80.007905932463771, 6.884006778354714 ] ] ] } },
{ "type": "Feature", "properties": { "id": "1860,3624", "grid_id": "1860,3624" }, "geometry": { "type": "Polygon", "coordinates": [ [ [ 80.009806475829095, 6.884010716960186 ], [ 80.011707020306829, 6.884014648016252 ], [ 80.01170309005596, 6.885914025292338 ], [ 80.009802538023123, 6.88591009314155 ], [ 80.009806475829095, 6.884010716960186 ] ] ] } },
{ "type": "Feature", "properties": { "id": "1866,3624", "grid_id": "1866,3624" }, "geometry": { "type": "Polygon", "coordinates": [ [ [ 80.021209759306885, 6.884034190054736 ], [ 80.023110310414239, 6.884038075813913 ], [ 80.023106425494376, 6.88593745961417 ], [ 80.021205866831806, 6.885933572772886 ], [ 80.021209759306885, 6.884034190054736 ] ] ] } },
{ "type": "Feature", "properties": { "id": "1867,3624", "grid_id": "1867,3624" }, "geometry": { "type": "Polygon", "coordinates": [ [ [ 80.023110310414239, 6.884038075813913 ], [ 80.025010862619069, 6.884041954023534 ], [ 80.02500698525445, 6.885941338903796 ], [ 80.023106425494376, 6.88593745961417 ], [ 80.023110310414239, 6.884038075813913 ] ] ] } },
{ "type": "Feature", "properties": { "id": "1868,3624", "grid_id": "1868,3624" }, "geometry": { "type": "Polygon", "coordinates": [ [ [ 80.025010862619069, 6.884041954023534 ], [ 80.02691141591923, 6.884045824683578 ], [ 80.026907546109868, 6.885945210641741 ], [ 80.02500698525445, 6.885941338903796 ], [ 80.025010862619069, 6.884041954023534 ] ] ] } },
{ "type": "Feature", "properties": { "id": "1869,3624", "grid_id": "1869,3624" }, "geometry": { "type": "Polygon", "coordinates": [ [ [ 80.02691141591923, 6.884045824683578 ], [ 80.028811970312589, 6.884049687794024 ], [ 80.028808108058513, 6.885949074827986 ], [ 80.026907546109868, 6.885945210641741 ], [ 80.02691141591923, 6.884045824683578 ] ] ] } },
{ "type": "Feature", "properties": { "id": "1870,3624", "grid_id": "1870,3624" }, "geometry": { "type": "Polygon", "coordinates": [ [ [ 80.028811970312589, 6.884049687794024 ], [ 80.030712525797, 6.884053543354847 ], [ 80.030708671098225, 6.885952931462508 ], [ 80.028808108058513, 6.885949074827986 ], [ 80.028811970312589, 6.884049687794024 ] ] ] } },
{ "type": "Feature", "properties": { "id": "1871,3624", "grid_id": "1871,3624" }, "geometry": { "type": "Polygon", "coordinates": [ [ [ 80.030712525797, 6.884053543354847 ], [ 80.032613082370347, 6.884057391366031 ], [ 80.032609235226914, 6.885956780545288 ], [ 80.030708671098225, 6.885952931462508 ], [ 80.030712525797, 6.884053543354847 ] ] ] } },
{ "type": "Feature", "properties": { "id": "1872,3624", "grid_id": "1872,3624" }, "geometry": { "type": "Polygon", "coordinates": [ [ [ 80.032613082370347, 6.884057391366031 ], [ 80.034513640030497, 6.884061231827556 ], [ 80.034509800442407, 6.885960622076302 ], [ 80.032609235226914, 6.885956780545288 ], [ 80.032613082370347, 6.884057391366031 ] ] ] } },
{ "type": "Feature", "properties": { "id": "1873,3624", "grid_id": "1873,3624" }, "geometry": { "type": "Polygon", "coordinates": [ [ [ 80.034513640030497, 6.884061231827556 ], [ 80.03641419877529, 6.884065064739396 ], [ 80.036410366742587, 6.885964456055532 ], [ 80.034509800442407, 6.885960622076302 ], [ 80.034513640030497, 6.884061231827556 ] ] ] } },
{ "type": "Feature", "properties": { "id": "1874,3624", "grid_id": "1874,3624" }, "geometry": { "type": "Polygon", "coordinates": [ [ [ 80.03641419877529, 6.884065064739396 ], [ 80.038314758602624, 6.884068890101532 ], [ 80.03831093412532, 6.885968282482955 ], [ 80.036410366742587, 6.885964456055532 ], [ 80.03641419877529, 6.884065064739396 ] ] ] } },
{ "type": "Feature", "properties": { "id": "1875,3624", "grid_id": "1875,3624" }, "geometry": { "type": "Polygon", "coordinates": [ [ [ 80.038314758602624, 6.884068890101532 ], [ 80.040215319510352, 6.884072707913943 ], [ 80.040211502588448, 6.885972101358551 ], [ 80.03831093412532, 6.885968282482955 ], [ 80.038314758602624, 6.884068890101532 ] ] ] } },
{ "type": "Feature", "properties": { "id": "1813,3625", "grid_id": "1813,3625" }, "geometry": { "type": "Polygon", "coordinates": [ [ [ 79.920477884213113, 6.88571676433399 ], [ 79.922378381654752, 6.885721051381693 ], [ 79.92237409512812, 6.887620374780208 ], [ 79.920473590130328, 6.887616086538972 ], [ 79.920477884213113, 6.88571676433399 ] ] ] } },
{ "type": "Feature", "properties": { "id": "1814,3625", "grid_id": "1814,3625" }, "geometry": { "type": "Polygon", "coordinates": [ [ [ 79.922378381654752, 6.885721051381693 ], [ 79.924278880306971, 6.885725330878923 ], [ 79.924274601336535, 6.887624655468867 ], [ 79.92237409512812, 6.887620374780208 ], [ 79.922378381654752, 6.885721051381693 ] ] ] } },
{ "type": "Feature", "properties": { "id": "1815,3625", "grid_id": "1815,3625" }, "geometry": { "type": "Polygon", "coordinates": [ [ [ 79.924278880306971, 6.885725330878923 ], [ 79.926179380167667, 6.885729602825655 ], [ 79.926175108753441, 6.887628928604929 ], [ 79.924274601336535, 6.887624655468867 ], [ 79.924278880306971, 6.885725330878923 ] ] ] } },
{ "type": "Feature", "properties": { "id": "1816,3625", "grid_id": "1816,3625" }, "geometry": { "type": "Polygon", "coordinates": [ [ [ 79.926179380167667, 6.885729602825655 ], [ 79.928079881234694, 6.885733867221868 ], [ 79.928075617376692, 6.887633194188369 ], [ 79.926175108753441, 6.887628928604929 ], [ 79.926179380167667, 6.885729602825655 ] ] ] } },
{ "type": "Feature", "properties": { "id": "1817,3625", "grid_id": "1817,3625" }, "geometry": { "type": "Polygon", "coordinates": [ [ [ 79.928079881234694, 6.885733867221868 ], [ 79.929980383505921, 6.885738124067536 ], [ 79.929976127204171, 6.887637452219162 ], [ 79.928075617376692, 6.887633194188369 ], [ 79.928079881234694, 6.885733867221868 ] ] ] } },
{ "type": "Feature", "properties": { "id": "1818,3625", "grid_id": "1818,3625" }, "geometry": { "type": "Polygon", "coordinates": [ [ [ 79.929980383505921, 6.885738124067536 ], [ 79.931880886979201, 6.885742373362638 ], [ 79.931876638233732, 6.887641702697286 ], [ 79.929976127204171, 6.887637452219162 ], [ 79.929980383505921, 6.885738124067536 ] ] ] } },
{ "type": "Feature", "properties": { "id": "1819,3625", "grid_id": "1819,3625" }, "geometry": { "type": "Polygon", "coordinates": [ [ [ 79.931880886979201, 6.885742373362638 ], [ 79.933781391652417, 6.885746615107148 ], [ 79.933777150463243, 6.887645945622718 ], [ 79.931876638233732, 6.887641702697286 ], [ 79.931880886979201, 6.885742373362638 ] ] ] } },
{ "type": "Feature", "properties": { "id": "1820,3625", "grid_id": "1820,3625" }, "geometry": { "type": "Polygon", "coordinates": [ [ [ 79.933781391652417, 6.885746615107148 ], [ 79.935681897523423, 6.885750849301046 ], [ 79.935677663890573, 6.887650180995433 ], [ 79.933777150463243, 6.887645945622718 ], [ 79.933781391652417, 6.885746615107148 ] ] ] } },
{ "type": "Feature", "properties": { "id": "1821,3625", "grid_id": "1821,3625" }, "geometry": { "type": "Polygon", "coordinates": [ [ [ 79.935681897523423, 6.885750849301046 ], [ 79.937582404590088, 6.885755075944307 ], [ 79.93757817851359, 6.88765440881541 ], [ 79.935677663890573, 6.887650180995433 ], [ 79.935681897523423, 6.885750849301046 ] ] ] } },
{ "type": "Feature", "properties": { "id": "1822,3625", "grid_id": "1822,3625" }, "geometry": { "type": "Polygon", "coordinates": [ [ [ 79.937582404590088, 6.885755075944307 ], [ 79.939482912850281, 6.885759295036908 ], [ 79.939478694330148, 6.887658629082626 ], [ 79.93757817851359, 6.88765440881541 ], [ 79.937582404590088, 6.885755075944307 ] ] ] } },
{ "type": "Feature", "properties": { "id": "1823,3625", "grid_id": "1823,3625" }, "geometry": { "type": "Polygon", "coordinates": [ [ [ 79.939482912850281, 6.885759295036908 ], [ 79.941383422301868, 6.885763506578826 ], [ 79.941379211338131, 6.887662841797056 ], [ 79.939478694330148, 6.887658629082626 ], [ 79.939482912850281, 6.885759295036908 ] ] ] } },
{ "type": "Feature", "properties": { "id": "1824,3625", "grid_id": "1824,3625" }, "geometry": { "type": "Polygon", "coordinates": [ [ [ 79.941383422301868, 6.885763506578826 ], [ 79.943283932942705, 6.885767710570038 ], [ 79.943279729535391, 6.887667046958677 ], [ 79.941379211338131, 6.887662841797056 ], [ 79.941383422301868, 6.885763506578826 ] ] ] } },
{ "type": "Feature", "properties": { "id": "1825,3625", "grid_id": "1825,3625" }, "geometry": { "type": "Polygon", "coordinates": [ [ [ 79.943283932942705, 6.885767710570038 ], [ 79.945184444770675, 6.885771907010521 ], [ 79.945180248919797, 6.887671244567468 ], [ 79.943279729535391, 6.887667046958677 ], [ 79.943283932942705, 6.885767710570038 ] ] ] } },
{ "type": "Feature", "properties": { "id": "1826,3625", "grid_id": "1826,3625" }, "geometry": { "type": "Polygon", "coordinates": [ [ [ 79.945184444770675, 6.885771907010521 ], [ 79.947084957783645, 6.885776095900253 ], [ 79.947080769489219, 6.887675434623405 ], [ 79.945180248919797, 6.887671244567468 ], [ 79.945184444770675, 6.885771907010521 ] ] ] } },
{ "type": "Feature", "properties": { "id": "1827,3625", "grid_id": "1827,3625" }, "geometry": { "type": "Polygon", "coordinates": [ [ [ 79.947084957783645, 6.885776095900253 ], [ 79.948985471979455, 6.885780277239209 ], [ 79.948981291241523, 6.887679617126466 ], [ 79.947080769489219, 6.887675434623405 ], [ 79.947084957783645, 6.885776095900253 ] ] ] } },
{ "type": "Feature", "properties": { "id": "1828,3625", "grid_id": "1828,3625" }, "geometry": { "type": "Polygon", "coordinates": [ [ [ 79.948985471979455, 6.885780277239209 ], [ 79.950885987355989, 6.885784451027367 ], [ 79.950881814174579, 6.887683792076624 ], [ 79.948981291241523, 6.887679617126466 ], [ 79.948985471979455, 6.885780277239209 ] ] ] } },
{ "type": "Feature", "properties": { "id": "1829,3625", "grid_id": "1829,3625" }, "geometry": { "type": "Polygon", "coordinates": [ [ [ 79.950885987355989, 6.885784451027367 ], [ 79.952786503911113, 6.885788617264706 ], [ 79.952782338286241, 6.887687959473862 ], [ 79.950881814174579, 6.887683792076624 ], [ 79.950885987355989, 6.885784451027367 ] ] ] } },
{ "type": "Feature", "properties": { "id": "1830,3625", "grid_id": "1830,3625" }, "geometry": { "type": "Polygon", "coordinates": [ [ [ 79.952786503911113, 6.885788617264706 ], [ 79.954687021642698, 6.8857927759512 ], [ 79.954682863574376, 6.887692119318153 ], [ 79.952782338286241, 6.887687959473862 ], [ 79.952786503911113, 6.885788617264706 ] ] ] } },
{ "type": "Feature", "properties": { "id": "1831,3625", "grid_id": "1831,3625" }, "geometry": { "type": "Polygon", "coordinates": [ [ [ 79.954687021642698, 6.8857927759512 ], [ 79.956587540548611, 6.885796927086826 ], [ 79.956583390036855, 6.887696271609475 ], [ 79.954682863574376, 6.887692119318153 ], [ 79.954687021642698, 6.8857927759512 ] ] ] } },
{ "type": "Feature", "properties": { "id": "1832,3625", "grid_id": "1832,3625" }, "geometry": { "type": "Polygon", "coordinates": [ [ [ 79.956587540548611, 6.885796927086826 ], [ 79.958488060626692, 6.885801070671567 ], [ 79.958483917671543, 6.887700416347806 ], [ 79.956583390036855, 6.887696271609475 ], [ 79.956587540548611, 6.885796927086826 ] ] ] } },
{ "type": "Feature", "properties": { "id": "1833,3625", "grid_id": "1833,3625" }, "geometry": { "type": "Polygon", "coordinates": [ [ [ 79.958488060626692, 6.885801070671567 ], [ 79.960388581874824, 6.885805206705394 ], [ 79.960384446476297, 6.887704553533123 ], [ 79.958483917671543, 6.887700416347806 ], [ 79.958488060626692, 6.885801070671567 ] ] ] } },
{ "type": "Feature", "properties": { "id": "1834,3625", "grid_id": "1834,3625" }, "geometry": { "type": "Polygon", "coordinates": [ [ [ 79.960388581874824, 6.885805206705394 ], [ 79.962289104290875, 6.885809335188285 ], [ 79.962284976448998, 6.887708683165404 ], [ 79.960384446476297, 6.887704553533123 ], [ 79.960388581874824, 6.885805206705394 ] ] ] } },
{ "type": "Feature", "properties": { "id": "1835,3625", "grid_id": "1835,3625" }, "geometry": { "type": "Polygon", "coordinates": [ [ [ 79.962289104290875, 6.885809335188285 ], [ 79.964189627872713, 6.885813456120221 ], [ 79.964185507587516, 6.887712805244627 ], [ 79.962284976448998, 6.887708683165404 ], [ 79.962289104290875, 6.885809335188285 ] ] ] } },
{ "type": "Feature", "properties": { "id": "1836,3625", "grid_id": "1836,3625" }, "geometry": { "type": "Polygon", "coordinates": [ [ [ 79.964189627872713, 6.885813456120221 ], [ 79.966090152618207, 6.885817569501178 ], [ 79.966086039889703, 6.887716919770766 ], [ 79.964185507587516, 6.887712805244627 ], [ 79.964189627872713, 6.885813456120221 ] ] ] } },
{ "type": "Feature", "properties": { "id": "1837,3625", "grid_id": "1837,3625" }, "geometry": { "type": "Polygon", "coordinates": [ [ [ 79.966090152618207, 6.885817569501178 ], [ 79.967990678525211, 6.885821675331132 ], [ 79.967986573353414, 6.887721026743802 ], [ 79.966086039889703, 6.887716919770766 ], [ 79.966090152618207, 6.885817569501178 ] ] ] } },
{ "type": "Feature", "properties": { "id": "1838,3625", "grid_id": "1838,3625" }, "geometry": { "type": "Polygon", "coordinates": [ [ [ 79.967990678525211, 6.885821675331132 ], [ 79.969891205591594, 6.885825773610062 ], [ 79.969887107976533, 6.887725126163712 ], [ 79.967986573353414, 6.887721026743802 ], [ 79.967990678525211, 6.885821675331132 ] ] ] } },
{ "type": "Feature", "properties": { "id": "1839,3625", "grid_id": "1839,3625" }, "geometry": { "type": "Polygon", "coordinates": [ [ [ 79.969891205591594, 6.885825773610062 ], [ 79.971791733815238, 6.885829864337946 ], [ 79.971787643756926, 6.887729218030471 ], [ 79.969887107976533, 6.887725126163712 ], [ 79.969891205591594, 6.885825773610062 ] ] ] } },
{ "type": "Feature", "properties": { "id": "1840,3625", "grid_id": "1840,3625" }, "geometry": { "type": "Polygon", "coordinates": [ [ [ 79.971791733815238, 6.885829864337946 ], [ 79.973692263193968, 6.885833947514759 ], [ 79.973688180692449, 6.887733302344061 ], [ 79.971787643756926, 6.887729218030471 ], [ 79.971791733815238, 6.885829864337946 ] ] ] } },
{ "type": "Feature", "properties": { "id": "1841,3625", "grid_id": "1841,3625" }, "geometry": { "type": "Polygon", "coordinates": [ [ [ 79.973692263193968, 6.885833947514759 ], [ 79.975592793725696, 6.88583802314048 ], [ 79.975588718780998, 6.887737379104455 ], [ 79.973688180692449, 6.887733302344061 ], [ 79.973692263193968, 6.885833947514759 ] ] ] } },
{ "type": "Feature", "properties": { "id": "1842,3625", "grid_id": "1842,3625" }, "geometry": { "type": "Polygon", "coordinates": [ [ [ 79.975592793725696, 6.88583802314048 ], [ 79.977493325408261, 6.885842091215088 ], [ 79.977489258020384, 6.887741448311632 ], [ 79.975588718780998, 6.887737379104455 ], [ 79.975592793725696, 6.88583802314048 ] ] ] } },
{ "type": "Feature", "properties": { "id": "1843,3625", "grid_id": "1843,3625" }, "geometry": { "type": "Polygon", "coordinates": [ [ [ 79.977493325408261, 6.885842091215088 ], [ 79.979393858239547, 6.885846151738559 ], [ 79.979389798408505, 6.887745509965574 ], [ 79.977489258020384, 6.887741448311632 ], [ 79.977493325408261, 6.885842091215088 ] ] ] } },
{ "type": "Feature", "properties": { "id": "1844,3625", "grid_id": "1844,3625" }, "geometry": { "type": "Polygon", "coordinates": [ [ [ 79.979393858239547, 6.885846151738559 ], [ 79.981294392217393, 6.885850204710873 ], [ 79.981290339943243, 6.887749564066252 ], [ 79.979389798408505, 6.887745509965574 ], [ 79.979393858239547, 6.885846151738559 ] ] ] } },
{ "type": "Feature", "properties": { "id": "1845,3625", "grid_id": "1845,3625" }, "geometry": { "type": "Polygon", "coordinates": [ [ [ 79.981294392217393, 6.885850204710873 ], [ 79.983194927339696, 6.885854250132005 ], [ 79.983190882622438, 6.887753610613648 ], [ 79.981290339943243, 6.887749564066252 ], [ 79.981294392217393, 6.885850204710873 ] ] ] } },
{ "type": "Feature", "properties": { "id": "1846,3625", "grid_id": "1846,3625" }, "geometry": { "type": "Polygon", "coordinates": [ [ [ 79.983194927339696, 6.885854250132005 ], [ 79.985095463604296, 6.885858288001935 ], [ 79.985091426443958, 6.887757649607737 ], [ 79.983190882622438, 6.887753610613648 ], [ 79.983194927339696, 6.885854250132005 ] ] ] } },
{ "type": "Feature", "properties": { "id": "1847,3625", "grid_id": "1847,3625" }, "geometry": { "type": "Polygon", "coordinates": [ [ [ 79.985095463604296, 6.885858288001935 ], [ 79.986996001009075, 6.885862318320638 ], [ 79.986991971405686, 6.887761681048501 ], [ 79.985091426443958, 6.887757649607737 ], [ 79.985095463604296, 6.885858288001935 ] ] ] } },
{ "type": "Feature", "properties": { "id": "1848,3625", "grid_id": "1848,3625" }, "geometry": { "type": "Polygon", "coordinates": [ [ [ 79.986996001009075, 6.885862318320638 ], [ 79.988896539551902, 6.885866341088096 ], [ 79.988892517505462, 6.887765704935915 ], [ 79.986991971405686, 6.887761681048501 ], [ 79.986996001009075, 6.885862318320638 ] ] ] } },
{ "type": "Feature", "properties": { "id": "1849,3625", "grid_id": "1849,3625" }, "geometry": { "type": "Polygon", "coordinates": [ [ [ 79.988896539551902, 6.885866341088096 ], [ 79.990797079230632, 6.885870356304285 ], [ 79.990793064741169, 6.887769721269958 ], [ 79.988892517505462, 6.887765704935915 ], [ 79.988896539551902, 6.885866341088096 ] ] ] } },
{ "type": "Feature", "properties": { "id": "1850,3625", "grid_id": "1850,3625" }, "geometry": { "type": "Polygon", "coordinates": [ [ [ 79.990797079230632, 6.885870356304285 ], [ 79.992697620043117, 6.88587436396918 ], [ 79.99269361311066, 6.887773730050608 ], [ 79.990793064741169, 6.887769721269958 ], [ 79.990797079230632, 6.885870356304285 ] ] ] } },
{ "type": "Feature", "properties": { "id": "1851,3625", "grid_id": "1851,3625" }, "geometry": { "type": "Polygon", "coordinates": [ [ [ 79.992697620043117, 6.88587436396918 ], [ 79.994598161987255, 6.885878364082766 ], [ 79.994594162611833, 6.887777731277841 ], [ 79.99269361311066, 6.887773730050608 ], [ 79.992697620043117, 6.88587436396918 ] ] ] } },
{ "type": "Feature", "properties": { "id": "1852,3625", "grid_id": "1852,3625" }, "geometry": { "type": "Polygon", "coordinates": [ [ [ 79.994598161987255, 6.885878364082766 ], [ 79.996498705060887, 6.885882356645014 ], [ 79.996494713242527, 6.88778172495164 ], [ 79.994594162611833, 6.887777731277841 ], [ 79.994598161987255, 6.885878364082766 ] ] ] } },
{ "type": "Feature", "properties": { "id": "1853,3625", "grid_id": "1853,3625" }, "geometry": { "type": "Polygon", "coordinates": [ [ [ 79.996498705060887, 6.885882356645014 ], [ 79.99839924926188, 6.885886341655906 ], [ 79.998395265000596, 6.887785711071976 ], [ 79.996494713242527, 6.88778172495164 ], [ 79.996498705060887, 6.885882356645014 ] ] ] } },
{ "type": "Feature", "properties": { "id": "1854,3625", "grid_id": "1854,3625" }, "geometry": { "type": "Polygon", "coordinates": [ [ [ 79.99839924926188, 6.885886341655906 ], [ 80.00029979458813, 6.885890319115421 ], [ 80.000295817883924, 6.887789689638833 ], [ 79.998395265000596, 6.887785711071976 ], [ 79.99839924926188, 6.885886341655906 ] ] ] } },
{ "type": "Feature", "properties": { "id": "1855,3625", "grid_id": "1855,3625" }, "geometry": { "type": "Polygon", "coordinates": [ [ [ 80.00029979458813, 6.885890319115421 ], [ 80.002200341037465, 6.885894289023534 ], [ 80.002196371890378, 6.887793660652187 ], [ 80.000295817883924, 6.887789689638833 ], [ 80.00029979458813, 6.885890319115421 ] ] ] } },
{ "type": "Feature", "properties": { "id": "1856,3625", "grid_id": "1856,3625" }, "geometry": { "type": "Polygon", "coordinates": [ [ [ 80.002200341037465, 6.885894289023534 ], [ 80.004100888607766, 6.885898251380226 ], [ 80.004096927017827, 6.887797624112016 ], [ 80.002196371890378, 6.887793660652187 ], [ 80.002200341037465, 6.885894289023534 ] ] ] } },
{ "type": "Feature", "properties": { "id": "1857,3625", "grid_id": "1857,3625" }, "geometry": { "type": "Polygon", "coordinates": [ [ [ 80.004100888607766, 6.885898251380226 ], [ 80.006001437296902, 6.885902206185474 ], [ 80.005997483264125, 6.8878015800183 ], [ 80.004096927017827, 6.887797624112016 ], [ 80.004100888607766, 6.885898251380226 ] ] ] } },
{ "type": "Feature", "properties": { "id": "1858,3625", "grid_id": "1858,3625" }, "geometry": { "type": "Polygon", "coordinates": [ [ [ 80.006001437296902, 6.885902206185474 ], [ 80.007901987102727, 6.885906153439254 ], [ 80.00789804062714, 6.887805528371015 ], [ 80.005997483264125, 6.8878015800183 ], [ 80.006001437296902, 6.885902206185474 ] ] ] } },
{ "type": "Feature", "properties": { "id": "1859,3625", "grid_id": "1859,3625" }, "geometry": { "type": "Polygon", "coordinates": [ [ [ 80.007901987102727, 6.885906153439254 ], [ 80.009802538023123, 6.88591009314155 ], [ 80.009798599104741, 6.887809469170143 ], [ 80.00789804062714, 6.887805528371015 ], [ 80.007901987102727, 6.885906153439254 ] ] ] } },
{ "type": "Feature", "properties": { "id": "1860,3625", "grid_id": "1860,3625" }, "geometry": { "type": "Polygon", "coordinates": [ [ [ 80.009802538023123, 6.88591009314155 ], [ 80.01170309005596, 6.885914025292338 ], [ 80.011699158694796, 6.887813402415657 ], [ 80.009798599104741, 6.887809469170143 ], [ 80.009802538023123, 6.88591009314155 ] ] ] } },
{ "type": "Feature", "properties": { "id": "1861,3625", "grid_id": "1861,3625" }, "geometry": { "type": "Polygon", "coordinates": [ [ [ 80.01170309005596, 6.885914025292338 ], [ 80.013603643199076, 6.885917949891593 ], [ 80.013599719395145, 6.88781732810754 ], [ 80.011699158694796, 6.887813402415657 ], [ 80.01170309005596, 6.885914025292338 ] ] ] } },
{ "type": "Feature", "properties": { "id": "1866,3625", "grid_id": "1866,3625" }, "geometry": { "type": "Polygon", "coordinates": [ [ [ 80.021205866831806, 6.885933572772886 ], [ 80.023106425494376, 6.88593745961417 ], [ 80.023102539477037, 6.887836843261714 ], [ 80.021201973257092, 6.887832955338316 ], [ 80.021205866831806, 6.885933572772886 ] ] ] } },
{ "type": "Feature", "properties": { "id": "1867,3625", "grid_id": "1867,3625" }, "geometry": { "type": "Polygon", "coordinates": [ [ [ 80.023106425494376, 6.88593745961417 ], [ 80.02500698525445, 6.885941338903796 ], [ 80.025003106794472, 6.887840723631352 ], [ 80.023102539477037, 6.887836843261714 ], [ 80.023106425494376, 6.88593745961417 ] ] ] } },
{ "type": "Feature", "properties": { "id": "1868,3625", "grid_id": "1868,3625" }, "geometry": { "type": "Polygon", "coordinates": [ [ [ 80.02500698525445, 6.885941338903796 ], [ 80.026907546109868, 6.885945210641741 ], [ 80.026903675207294, 6.887844596447207 ], [ 80.025003106794472, 6.887840723631352 ], [ 80.02500698525445, 6.885941338903796 ] ] ] } },
{ "type": "Feature", "properties": { "id": "1869,3625", "grid_id": "1869,3625" }, "geometry": { "type": "Polygon", "coordinates": [ [ [ 80.026907546109868, 6.885945210641741 ], [ 80.028808108058513, 6.885949074827986 ], [ 80.028804244713356, 6.887848461709258 ], [ 80.026903675207294, 6.887844596447207 ], [ 80.026907546109868, 6.885945210641741 ] ] ] } },
{ "type": "Feature", "properties": { "id": "1870,3625", "grid_id": "1870,3625" }, "geometry": { "type": "Polygon", "coordinates": [ [ [ 80.028808108058513, 6.885949074827986 ], [ 80.030708671098225, 6.885952931462508 ], [ 80.030704815310514, 6.887852319417486 ], [ 80.028804244713356, 6.887848461709258 ], [ 80.028808108058513, 6.885949074827986 ] ] ] } },
{ "type": "Feature", "properties": { "id": "1871,3625", "grid_id": "1871,3625" }, "geometry": { "type": "Polygon", "coordinates": [ [ [ 80.030708671098225, 6.885952931462508 ], [ 80.032609235226914, 6.885956780545288 ], [ 80.032605386996664, 6.88785616957187 ], [ 80.030704815310514, 6.887852319417486 ], [ 80.030708671098225, 6.885952931462508 ] ] ] } },
{ "type": "Feature", "properties": { "id": "1872,3625", "grid_id": "1872,3625" }, "geometry": { "type": "Polygon", "coordinates": [ [ [ 80.032609235226914, 6.885956780545288 ], [ 80.034509800442407, 6.885960622076302 ], [ 80.034505959769632, 6.887860012172383 ], [ 80.032605386996664, 6.88785616957187 ], [ 80.032609235226914, 6.885956780545288 ] ] ] } },
{ "type": "Feature", "properties": { "id": "1873,3625", "grid_id": "1873,3625" }, "geometry": { "type": "Polygon", "coordinates": [ [ [ 80.034509800442407, 6.885960622076302 ], [ 80.036410366742587, 6.885964456055532 ], [ 80.036406533627328, 6.887863847219012 ], [ 80.034505959769632, 6.887860012172383 ], [ 80.034509800442407, 6.885960622076302 ] ] ] } },
{ "type": "Feature", "properties": { "id": "1874,3625", "grid_id": "1874,3625" }, "geometry": { "type": "Polygon", "coordinates": [ [ [ 80.036410366742587, 6.885964456055532 ], [ 80.03831093412532, 6.885968282482955 ], [ 80.038307108567579, 6.887867674711729 ], [ 80.036406533627328, 6.887863847219012 ], [ 80.036410366742587, 6.885964456055532 ] ] ] } },
{ "type": "Feature", "properties": { "id": "1812,3626", "grid_id": "1812,3626" }, "geometry": { "type": "Polygon", "coordinates": [ [ [ 79.918573086345305, 6.887611790745183 ], [ 79.920473590130328, 6.887616086538972 ], [ 79.920469294834803, 6.889515408590731 ], [ 79.918568783491494, 6.889511111601297 ], [ 79.918573086345305, 6.887611790745183 ] ] ] } },
{ "type": "Feature", "properties": { "id": "1813,3626", "grid_id": "1813,3626" }, "geometry": { "type": "Polygon", "coordinates": [ [ [ 79.920473590130328, 6.887616086538972 ], [ 79.92237409512812, 6.887620374780208 ], [ 79.922369807390879, 6.889519698025509 ], [ 79.920469294834803, 6.889515408590731 ], [ 79.920473590130328, 6.887616086538972 ] ] ] } },
{ "type": "Feature", "properties": { "id": "1814,3626", "grid_id": "1814,3626" }, "geometry": { "type": "Polygon", "coordinates": [ [ [ 79.92237409512812, 6.887620374780208 ], [ 79.924274601336535, 6.887624655468867 ], [ 79.924270321157607, 6.88952397990561 ], [ 79.922369807390879, 6.889519698025509 ], [ 79.92237409512812, 6.887620374780208 ] ] ] } },
{ "type": "Feature", "properties": { "id": "1815,3626", "grid_id": "1815,3626" }, "geometry": { "type": "Polygon", "coordinates": [ [ [ 79.924274601336535, 6.887624655468867 ], [ 79.926175108753441, 6.887628928604929 ], [ 79.926170836132854, 6.889528254231008 ], [ 79.924270321157607, 6.88952397990561 ], [ 79.924274601336535, 6.887624655468867 ] ] ] } },
{ "type": "Feature", "properties": { "id": "1816,3626", "grid_id": "1816,3626" }, "geometry": { "type": "Polygon", "coordinates": [ [ [ 79.926175108753441, 6.887628928604929 ], [ 79.928075617376692, 6.887633194188369 ], [ 79.928071352314475, 6.889532521001684 ], [ 79.926170836132854, 6.889528254231008 ], [ 79.926175108753441, 6.887628928604929 ] ] ] } },
{ "type": "Feature", "properties": { "id": "1817,3626", "grid_id": "1817,3626" }, "geometry": { "type": "Polygon", "coordinates": [ [ [ 79.928075617376692, 6.887633194188369 ], [ 79.929976127204171, 6.887637452219162 ], [ 79.929971869700339, 6.889536780217611 ], [ 79.928071352314475, 6.889532521001684 ], [ 79.928075617376692, 6.887633194188369 ] ] ] } },
{ "type": "Feature", "properties": { "id": "1818,3626", "grid_id": "1818,3626" }, "geometry": { "type": "Polygon", "coordinates": [ [ [ 79.929976127204171, 6.887637452219162 ], [ 79.931876638233732, 6.887641702697286 ], [ 79.931872388288312, 6.889541031878766 ], [ 79.929971869700339, 6.889536780217611 ], [ 79.929976127204171, 6.887637452219162 ] ] ] } },
{ "type": "Feature", "properties": { "id": "1819,3626", "grid_id": "1819,3626" }, "geometry": { "type": "Polygon", "coordinates": [ [ [ 79.931876638233732, 6.887641702697286 ], [ 79.933777150463243, 6.887645945622718 ], [ 79.93377290807625, 6.889545275985127 ], [ 79.931872388288312, 6.889541031878766 ], [ 79.931876638233732, 6.887641702697286 ] ] ] } },
{ "type": "Feature", "properties": { "id": "1820,3626", "grid_id": "1820,3626" }, "geometry": { "type": "Polygon", "coordinates": [ [ [ 79.933777150463243, 6.887645945622718 ], [ 79.935677663890573, 6.887650180995433 ], [ 79.935673429062049, 6.88954951253667 ], [ 79.93377290807625, 6.889545275985127 ], [ 79.933777150463243, 6.887645945622718 ] ] ] } },
{ "type": "Feature", "properties": { "id": "1821,3626", "grid_id": "1821,3626" }, "geometry": { "type": "Polygon", "coordinates": [ [ [ 79.935677663890573, 6.887650180995433 ], [ 79.93757817851359, 6.88765440881541 ], [ 79.937573951243536, 6.889553741533372 ], [ 79.935673429062049, 6.88954951253667 ], [ 79.935677663890573, 6.887650180995433 ] ] ] } },
{ "type": "Feature", "properties": { "id": "1822,3626", "grid_id": "1822,3626" }, "geometry": { "type": "Polygon", "coordinates": [ [ [ 79.93757817851359, 6.88765440881541 ], [ 79.939478694330148, 6.887658629082626 ], [ 79.939474474618606, 6.889557962975212 ], [ 79.937573951243536, 6.889553741533372 ], [ 79.93757817851359, 6.88765440881541 ] ] ] } },
{ "type": "Feature", "properties": { "id": "1823,3626", "grid_id": "1823,3626" }, "geometry": { "type": "Polygon", "coordinates": [ [ [ 79.939478694330148, 6.887658629082626 ], [ 79.941379211338131, 6.887662841797056 ], [ 79.941374999185129, 6.889562176862162 ], [ 79.939474474618606, 6.889557962975212 ], [ 79.939478694330148, 6.887658629082626 ] ] ] } },
{ "type": "Feature", "properties": { "id": "1824,3626", "grid_id": "1824,3626" }, "geometry": { "type": "Polygon", "coordinates": [ [ [ 79.941379211338131, 6.887662841797056 ], [ 79.943279729535391, 6.887667046958677 ], [ 79.94327552494093, 6.889566383194203 ], [ 79.941374999185129, 6.889562176862162 ], [ 79.941379211338131, 6.887662841797056 ] ] ] } },
{ "type": "Feature", "properties": { "id": "1825,3626", "grid_id": "1825,3626" }, "geometry": { "type": "Polygon", "coordinates": [ [ [ 79.943279729535391, 6.887667046958677 ], [ 79.945180248919797, 6.887671244567468 ], [ 79.945176051883919, 6.88957058197131 ], [ 79.94327552494093, 6.889566383194203 ], [ 79.943279729535391, 6.887667046958677 ] ] ] } },
{ "type": "Feature", "properties": { "id": "1826,3626", "grid_id": "1826,3626" }, "geometry": { "type": "Polygon", "coordinates": [ [ [ 79.945180248919797, 6.887671244567468 ], [ 79.947080769489219, 6.887675434623405 ], [ 79.947076580011938, 6.889574773193462 ], [ 79.945176051883919, 6.88957058197131 ], [ 79.945180248919797, 6.887671244567468 ] ] ] } },
{ "type": "Feature", "properties": { "id": "1827,3626", "grid_id": "1827,3626" }, "geometry": { "type": "Polygon", "coordinates": [ [ [ 79.947080769489219, 6.887675434623405 ], [ 79.948981291241523, 6.887679617126466 ], [ 79.948977109322854, 6.889578956860634 ], [ 79.947076580011938, 6.889574773193462 ], [ 79.947080769489219, 6.887675434623405 ] ] ] } },
{ "type": "Feature", "properties": { "id": "1828,3626", "grid_id": "1828,3626" }, "geometry": { "type": "Polygon", "coordinates": [ [ [ 79.948981291241523, 6.887679617126466 ], [ 79.950881814174579, 6.887683792076624 ], [ 79.95087763981455, 6.889583132972803 ], [ 79.948977109322854, 6.889578956860634 ], [ 79.948981291241523, 6.887679617126466 ] ] ] } },
{ "type": "Feature", "properties": { "id": "1829,3626", "grid_id": "1829,3626" }, "geometry": { "type": "Polygon", "coordinates": [ [ [ 79.950881814174579, 6.887683792076624 ], [ 79.952782338286241, 6.887687959473862 ], [ 79.95277817148488, 6.889587301529947 ], [ 79.95087763981455, 6.889583132972803 ], [ 79.950881814174579, 6.887683792076624 ] ] ] } },
{ "type": "Feature", "properties": { "id": "1830,3626", "grid_id": "1830,3626" }, "geometry": { "type": "Polygon", "coordinates": [ [ [ 79.952782338286241, 6.887687959473862 ], [ 79.954682863574376, 6.887692119318153 ], [ 79.954678704331698, 6.889591462532045 ], [ 79.95277817148488, 6.889587301529947 ], [ 79.952782338286241, 6.887687959473862 ] ] ] } },
{ "type": "Feature", "properties": { "id": "1831,3626", "grid_id": "1831,3626" }, "geometry": { "type": "Polygon", "coordinates": [ [ [ 79.954682863574376, 6.887692119318153 ], [ 79.956583390036855, 6.887696271609475 ], [ 79.956579238352887, 6.889595615979071 ], [ 79.954678704331698, 6.889591462532045 ], [ 79.954682863574376, 6.887692119318153 ] ] ] } },
{ "type": "Feature", "properties": { "id": "1832,3626", "grid_id": "1832,3626" }, "geometry": { "type": "Polygon", "coordinates": [ [ [ 79.956583390036855, 6.887696271609475 ], [ 79.958483917671543, 6.887700416347806 ], [ 79.958479773546316, 6.889599761871003 ], [ 79.956579238352887, 6.889595615979071 ], [ 79.956583390036855, 6.887696271609475 ] ] ] } },
{ "type": "Feature", "properties": { "id": "1833,3626", "grid_id": "1833,3626" }, "geometry": { "type": "Polygon", "coordinates": [ [ [ 79.958483917671543, 6.887700416347806 ], [ 79.960384446476297, 6.887704553533123 ], [ 79.960380309909837, 6.88960390020782 ], [ 79.958479773546316, 6.889599761871003 ], [ 79.958483917671543, 6.887700416347806 ] ] ] } },
{ "type": "Feature", "properties": { "id": "1834,3626", "grid_id": "1834,3626" }, "geometry": { "type": "Polygon", "coordinates": [ [ [ 79.960384446476297, 6.887704553533123 ], [ 79.962284976448998, 6.887708683165404 ], [ 79.96228084744132, 6.889608030989498 ], [ 79.960380309909837, 6.88960390020782 ], [ 79.960384446476297, 6.887704553533123 ] ] ] } },
{ "type": "Feature", "properties": { "id": "1835,3626", "grid_id": "1835,3626" }, "geometry": { "type": "Polygon", "coordinates": [ [ [ 79.962284976448998, 6.887708683165404 ], [ 79.964185507587516, 6.887712805244627 ], [ 79.964181386138634, 6.889612154216016 ], [ 79.96228084744132, 6.889608030989498 ], [ 79.962284976448998, 6.887708683165404 ] ] ] } },
{ "type": "Feature", "properties": { "id": "1836,3626", "grid_id": "1836,3626" }, "geometry": { "type": "Polygon", "coordinates": [ [ [ 79.964185507587516, 6.887712805244627 ], [ 79.966086039889703, 6.887716919770766 ], [ 79.966081925999646, 6.889616269887348 ], [ 79.964181386138634, 6.889612154216016 ], [ 79.964185507587516, 6.887712805244627 ] ] ] } },
{ "type": "Feature", "properties": { "id": "1837,3626", "grid_id": "1837,3626" }, "geometry": { "type": "Polygon", "coordinates": [ [ [ 79.966086039889703, 6.887716919770766 ], [ 79.967986573353414, 6.887721026743802 ], [ 79.96798246702221, 6.889620378003473 ], [ 79.966081925999646, 6.889616269887348 ], [ 79.966086039889703, 6.887716919770766 ] ] ] } },
{ "type": "Feature", "properties": { "id": "1838,3626", "grid_id": "1838,3626" }, "geometry": { "type": "Polygon", "coordinates": [ [ [ 79.967986573353414, 6.887721026743802 ], [ 79.969887107976533, 6.887725126163712 ], [ 79.969883009204196, 6.889624478564371 ], [ 79.96798246702221, 6.889620378003473 ], [ 79.967986573353414, 6.887721026743802 ] ] ] } },
{ "type": "Feature", "properties": { "id": "1839,3626", "grid_id": "1839,3626" }, "geometry": { "type": "Polygon", "coordinates": [ [ [ 79.969887107976533, 6.887725126163712 ], [ 79.971787643756926, 6.887729218030471 ], [ 79.971783552543499, 6.889628571570016 ], [ 79.969883009204196, 6.889624478564371 ], [ 79.969887107976533, 6.887725126163712 ] ] ] } },
{ "type": "Feature", "properties": { "id": "1840,3626", "grid_id": "1840,3626" }, "geometry": { "type": "Polygon", "coordinates": [ [ [ 79.971787643756926, 6.887729218030471 ], [ 79.973688180692449, 6.887733302344061 ], [ 79.973684097037932, 6.889632657020389 ], [ 79.971783552543499, 6.889628571570016 ], [ 79.971787643756926, 6.887729218030471 ] ] ] } },
{ "type": "Feature", "properties": { "id": "1841,3626", "grid_id": "1841,3626" }, "geometry": { "type": "Polygon", "coordinates": [ [ [ 79.973688180692449, 6.887733302344061 ], [ 79.975588718780998, 6.887737379104455 ], [ 79.975584642685405, 6.889636734915465 ], [ 79.973684097037932, 6.889632657020389 ], [ 79.973688180692449, 6.887733302344061 ] ] ] } },
{ "type": "Feature", "properties": { "id": "1842,3626", "grid_id": "1842,3626" }, "geometry": { "type": "Polygon", "coordinates": [ [ [ 79.975588718780998, 6.887737379104455 ], [ 79.977489258020384, 6.887741448311632 ], [ 79.977485189483758, 6.889640805255222 ], [ 79.975584642685405, 6.889636734915465 ], [ 79.975588718780998, 6.887737379104455 ] ] ] } },
{ "type": "Feature", "properties": { "id": "1843,3626", "grid_id": "1843,3626" }, "geometry": { "type": "Polygon", "coordinates": [ [ [ 79.977489258020384, 6.887741448311632 ], [ 79.979389798408505, 6.887745509965574 ], [ 79.979385737430889, 6.889644868039638 ], [ 79.977485189483758, 6.889640805255222 ], [ 79.977489258020384, 6.887741448311632 ] ] ] } },
{ "type": "Feature", "properties": { "id": "1844,3626", "grid_id": "1844,3626" }, "geometry": { "type": "Polygon", "coordinates": [ [ [ 79.979389798408505, 6.887745509965574 ], [ 79.981290339943243, 6.887749564066252 ], [ 79.981286286524622, 6.889648923268692 ], [ 79.979385737430889, 6.889644868039638 ], [ 79.979389798408505, 6.887745509965574 ] ] ] } },
{ "type": "Feature", "properties": { "id": "1845,3626", "grid_id": "1845,3626" }, "geometry": { "type": "Polygon", "coordinates": [ [ [ 79.981290339943243, 6.887749564066252 ], [ 79.983190882622438, 6.887753610613648 ], [ 79.98318683676284, 6.88965297094236 ], [ 79.981286286524622, 6.889648923268692 ], [ 79.981290339943243, 6.887749564066252 ] ] ] } },
{ "type": "Feature", "properties": { "id": "1846,3626", "grid_id": "1846,3626" }, "geometry": { "type": "Polygon", "coordinates": [ [ [ 79.983190882622438, 6.887753610613648 ], [ 79.985091426443958, 6.887757649607737 ], [ 79.985087388143413, 6.88965701106062 ], [ 79.98318683676284, 6.88965297094236 ], [ 79.983190882622438, 6.887753610613648 ] ] ] } },
{ "type": "Feature", "properties": { "id": "1847,3626", "grid_id": "1847,3626" }, "geometry": { "type": "Polygon", "coordinates": [ [ [ 79.985091426443958, 6.887757649607737 ], [ 79.986991971405686, 6.887761681048501 ], [ 79.986987940664221, 6.889661043623452 ], [ 79.985087388143413, 6.88965701106062 ], [ 79.985091426443958, 6.887757649607737 ] ] ] } },
{ "type": "Feature", "properties": { "id": "1848,3626", "grid_id": "1848,3626" }, "geometry": { "type": "Polygon", "coordinates": [ [ [ 79.986991971405686, 6.887761681048501 ], [ 79.988892517505462, 6.887765704935915 ], [ 79.988888494323078, 6.88966506863083 ], [ 79.986987940664221, 6.889661043623452 ], [ 79.986991971405686, 6.887761681048501 ] ] ] } },
{ "type": "Feature", "properties": { "id": "1849,3626", "grid_id": "1849,3626" }, "geometry": { "type": "Polygon", "coordinates": [ [ [ 79.988892517505462, 6.887765704935915 ], [ 79.990793064741169, 6.887769721269958 ], [ 79.990789049117922, 6.889669086082736 ], [ 79.988888494323078, 6.88966506863083 ], [ 79.988892517505462, 6.887765704935915 ] ] ] } },
{ "type": "Feature", "properties": { "id": "1850,3626", "grid_id": "1850,3626" }, "geometry": { "type": "Polygon", "coordinates": [ [ [ 79.990793064741169, 6.887769721269958 ], [ 79.99269361311066, 6.887773730050608 ], [ 79.99268960504655, 6.889673095979147 ], [ 79.990789049117922, 6.889669086082736 ], [ 79.990793064741169, 6.887769721269958 ] ] ] } },
{ "type": "Feature", "properties": { "id": "1851,3626", "grid_id": "1851,3626" }, "geometry": { "type": "Polygon", "coordinates": [ [ [ 79.99269361311066, 6.887773730050608 ], [ 79.994594162611833, 6.887777731277841 ], [ 79.994590162106888, 6.889677098320038 ], [ 79.99268960504655, 6.889673095979147 ], [ 79.99269361311066, 6.887773730050608 ] ] ] } },
{ "type": "Feature", "properties": { "id": "1852,3626", "grid_id": "1852,3626" }, "geometry": { "type": "Polygon", "coordinates": [ [ [ 79.994594162611833, 6.887777731277841 ], [ 79.996494713242527, 6.88778172495164 ], [ 79.996490720296762, 6.889681093105391 ], [ 79.994590162106888, 6.889677098320038 ], [ 79.994594162611833, 6.887777731277841 ] ] ] } },
{ "type": "Feature", "properties": { "id": "1853,3626", "grid_id": "1853,3626" }, "geometry": { "type": "Polygon", "coordinates": [ [ [ 79.996494713242527, 6.88778172495164 ], [ 79.998395265000596, 6.887785711071976 ], [ 79.998391279614054, 6.889685080335183 ], [ 79.996490720296762, 6.889681093105391 ], [ 79.996494713242527, 6.88778172495164 ] ] ] } },
{ "type": "Feature", "properties": { "id": "1854,3626", "grid_id": "1854,3626" }, "geometry": { "type": "Polygon", "coordinates": [ [ [ 79.998395265000596, 6.887785711071976 ], [ 80.000295817883924, 6.887789689638833 ], [ 80.000291840056605, 6.889689060009391 ], [ 79.998391279614054, 6.889685080335183 ], [ 79.998395265000596, 6.887785711071976 ] ] ] } },
{ "type": "Feature", "properties": { "id": "1855,3626", "grid_id": "1855,3626" }, "geometry": { "type": "Polygon", "coordinates": [ [ [ 80.000295817883924, 6.887789689638833 ], [ 80.002196371890378, 6.887793660652187 ], [ 80.002192401622324, 6.889693032127994 ], [ 80.000291840056605, 6.889689060009391 ], [ 80.000295817883924, 6.887789689638833 ] ] ] } },
{ "type": "Feature", "properties": { "id": "1856,3626", "grid_id": "1856,3626" }, "geometry": { "type": "Polygon", "coordinates": [ [ [ 80.002196371890378, 6.887793660652187 ], [ 80.004096927017827, 6.887797624112016 ], [ 80.004092964309024, 6.88969699669097 ], [ 80.002192401622324, 6.889693032127994 ], [ 80.002196371890378, 6.887793660652187 ] ] ] } },
{ "type": "Feature", "properties": { "id": "1857,3626", "grid_id": "1857,3626" }, "geometry": { "type": "Polygon", "coordinates": [ [ [ 80.004096927017827, 6.887797624112016 ], [ 80.005997483264125, 6.8878015800183 ], [ 80.005993528114629, 6.889700953698299 ], [ 80.004092964309024, 6.88969699669097 ], [ 80.004096927017827, 6.887797624112016 ] ] ] } },
{ "type": "Feature", "properties": { "id": "1858,3626", "grid_id": "1858,3626" }, "geometry": { "type": "Polygon", "coordinates": [ [ [ 80.005997483264125, 6.8878015800183 ], [ 80.00789804062714, 6.887805528371015 ], [ 80.007894093036953, 6.889704903149956 ], [ 80.005993528114629, 6.889700953698299 ], [ 80.005997483264125, 6.8878015800183 ] ] ] } },
{ "type": "Feature", "properties": { "id": "1859,3626", "grid_id": "1859,3626" }, "geometry": { "type": "Polygon", "coordinates": [ [ [ 80.00789804062714, 6.887805528371015 ], [ 80.009798599104741, 6.887809469170143 ], [ 80.00979465907389, 6.88970884504592 ], [ 80.007894093036953, 6.889704903149956 ], [ 80.00789804062714, 6.887805528371015 ] ] ] } },
{ "type": "Feature", "properties": { "id": "1860,3626", "grid_id": "1860,3626" }, "geometry": { "type": "Polygon", "coordinates": [ [ [ 80.009798599104741, 6.887809469170143 ], [ 80.011699158694796, 6.887813402415657 ], [ 80.01169522622331, 6.889712779386174 ], [ 80.00979465907389, 6.88970884504592 ], [ 80.009798599104741, 6.887809469170143 ] ] ] } },
{ "type": "Feature", "properties": { "id": "1861,3626", "grid_id": "1861,3626" }, "geometry": { "type": "Polygon", "coordinates": [ [ [ 80.011699158694796, 6.887813402415657 ], [ 80.013599719395145, 6.88781732810754 ], [ 80.013595794483052, 6.889716706170692 ], [ 80.01169522622331, 6.889712779386174 ], [ 80.011699158694796, 6.887813402415657 ] ] ] } },
{ "type": "Feature", "properties": { "id": "1865,3626", "grid_id": "1865,3626" }, "geometry": { "type": "Polygon", "coordinates": [ [ [ 80.019301408136812, 6.887829059861178 ], [ 80.021201973257092, 6.887832955338316 ], [ 80.021198078582742, 6.889732337750984 ], [ 80.019297505902983, 6.889728441189621 ], [ 80.019301408136812, 6.887829059861178 ] ] ] } },
{ "type": "Feature", "properties": { "id": "1866,3626", "grid_id": "1866,3626" }, "geometry": { "type": "Polygon", "coordinates": [ [ [ 80.021201973257092, 6.887832955338316 ], [ 80.023102539477037, 6.887836843261714 ], [ 80.023098652362165, 6.889736226756504 ], [ 80.021198078582742, 6.889732337750984 ], [ 80.021201973257092, 6.887832955338316 ] ] ] } },
{ "type": "Feature", "properties": { "id": "1867,3626", "grid_id": "1867,3626" }, "geometry": { "type": "Polygon", "coordinates": [ [ [ 80.023102539477037, 6.887836843261714 ], [ 80.025003106794472, 6.887840723631352 ], [ 80.024999227239121, 6.889740108206163 ], [ 80.023098652362165, 6.889736226756504 ], [ 80.023102539477037, 6.887836843261714 ] ] ] } },
{ "type": "Feature", "properties": { "id": "1868,3626", "grid_id": "1868,3626" }, "geometry": { "type": "Polygon", "coordinates": [ [ [ 80.025003106794472, 6.887840723631352 ], [ 80.026903675207294, 6.887844596447207 ], [ 80.026899803211478, 6.889743982099937 ], [ 80.024999227239121, 6.889740108206163 ], [ 80.025003106794472, 6.887840723631352 ] ] ] } },
{ "type": "Feature", "properties": { "id": "1869,3626", "grid_id": "1869,3626" }, "geometry": { "type": "Polygon", "coordinates": [ [ [ 80.026903675207294, 6.887844596447207 ], [ 80.028804244713356, 6.887848461709258 ], [ 80.02880038027709, 6.889747848437803 ], [ 80.026899803211478, 6.889743982099937 ], [ 80.026903675207294, 6.887844596447207 ] ] ] } },
{ "type": "Feature", "properties": { "id": "1870,3626", "grid_id": "1870,3626" }, "geometry": { "type": "Polygon", "coordinates": [ [ [ 80.028804244713356, 6.887848461709258 ], [ 80.030704815310514, 6.887852319417486 ], [ 80.03070095843384, 6.889751707219745 ], [ 80.02880038027709, 6.889747848437803 ], [ 80.028804244713356, 6.887848461709258 ] ] ] } },
{ "type": "Feature", "properties": { "id": "1871,3626", "grid_id": "1871,3626" }, "geometry": { "type": "Polygon", "coordinates": [ [ [ 80.030704815310514, 6.887852319417486 ], [ 80.032605386996664, 6.88785616957187 ], [ 80.032601537679582, 6.889755558445736 ], [ 80.03070095843384, 6.889751707219745 ], [ 80.030704815310514, 6.887852319417486 ] ] ] } },
{ "type": "Feature", "properties": { "id": "1872,3626", "grid_id": "1872,3626" }, "geometry": { "type": "Polygon", "coordinates": [ [ [ 80.032605386996664, 6.88785616957187 ], [ 80.034505959769632, 6.887860012172383 ], [ 80.034502118012185, 6.889759402115761 ], [ 80.032601537679582, 6.889755558445736 ], [ 80.032605386996664, 6.88785616957187 ] ] ] } },
{ "type": "Feature", "properties": { "id": "1873,3626", "grid_id": "1873,3626" }, "geometry": { "type": "Polygon", "coordinates": [ [ [ 80.034505959769632, 6.887860012172383 ], [ 80.036406533627328, 6.887863847219012 ], [ 80.036402699429502, 6.889763238229794 ], [ 80.034502118012185, 6.889759402115761 ], [ 80.034505959769632, 6.887860012172383 ] ] ] } },
{ "type": "Feature", "properties": { "id": "1874,3626", "grid_id": "1874,3626" }, "geometry": { "type": "Polygon", "coordinates": [ [ [ 80.036406533627328, 6.887863847219012 ], [ 80.038307108567579, 6.887867674711729 ], [ 80.038303281929402, 6.889767066787814 ], [ 80.036402699429502, 6.889763238229794 ], [ 80.036406533627328, 6.887863847219012 ] ] ] } },
{ "type": "Feature", "properties": { "id": "1810,3627", "grid_id": "1810,3627" }, "geometry": { "type": "Polygon", "coordinates": [ [ [ 79.914767764451767, 6.889502494958565 ], [ 79.916668273363115, 6.889506807057236 ], [ 79.916663961734017, 6.891406126562323 ], [ 79.914763445262309, 6.891401813263796 ], [ 79.914767764451767, 6.889502494958565 ] ] ] } },
{ "type": "Feature", "properties": { "id": "1811,3627", "grid_id": "1811,3627" }, "geometry": { "type": "Polygon", "coordinates": [ [ [ 79.916668273363115, 6.889506807057236 ], [ 79.918568783491494, 6.889511111601297 ], [ 79.918564479422784, 6.891410432304141 ], [ 79.916663961734017, 6.891406126562323 ], [ 79.916668273363115, 6.889506807057236 ] ] ] } },
{ "type": "Feature", "properties": { "id": "1812,3627", "grid_id": "1812,3627" }, "geometry": { "type": "Polygon", "coordinates": [ [ [ 79.918568783491494, 6.889511111601297 ], [ 79.920469294834803, 6.889515408590731 ], [ 79.920464998326494, 6.891414730489227 ], [ 79.918564479422784, 6.891410432304141 ], [ 79.918568783491494, 6.889511111601297 ] ] ] } },
{ "type": "Feature", "properties": { "id": "1813,3627", "grid_id": "1813,3627" }, "geometry": { "type": "Polygon", "coordinates": [ [ [ 79.920469294834803, 6.889515408590731 ], [ 79.922369807390879, 6.889519698025509 ], [ 79.922365518443002, 6.891419021117557 ], [ 79.920464998326494, 6.891414730489227 ], [ 79.920469294834803, 6.889515408590731 ] ] ] } },
{ "type": "Feature", "properties": { "id": "1814,3627", "grid_id": "1814,3627" }, "geometry": { "type": "Polygon", "coordinates": [ [ [ 79.922369807390879, 6.889519698025509 ], [ 79.924270321157607, 6.88952397990561 ], [ 79.924266039770174, 6.891423304189106 ], [ 79.922365518443002, 6.891419021117557 ], [ 79.922369807390879, 6.889519698025509 ] ] ] } },
{ "type": "Feature", "properties": { "id": "1815,3627", "grid_id": "1815,3627" }, "geometry": { "type": "Polygon", "coordinates": [ [ [ 79.924270321157607, 6.88952397990561 ], [ 79.926170836132854, 6.889528254231008 ], [ 79.926166562305895, 6.891427579703852 ], [ 79.924266039770174, 6.891423304189106 ], [ 79.924270321157607, 6.88952397990561 ] ] ] } },
{ "type": "Feature", "properties": { "id": "1816,3627", "grid_id": "1816,3627" }, "geometry": { "type": "Polygon", "coordinates": [ [ [ 79.926170836132854, 6.889528254231008 ], [ 79.928071352314475, 6.889532521001684 ], [ 79.928067086048017, 6.891431847661771 ], [ 79.926166562305895, 6.891427579703852 ], [ 79.926170836132854, 6.889528254231008 ] ] ] } },
{ "type": "Feature", "properties": { "id": "1817,3627", "grid_id": "1817,3627" }, "geometry": { "type": "Polygon", "coordinates": [ [ [ 79.928071352314475, 6.889532521001684 ], [ 79.929971869700339, 6.889536780217611 ], [ 79.929967610994396, 6.891436108062841 ], [ 79.928067086048017, 6.891431847661771 ], [ 79.928071352314475, 6.889532521001684 ] ] ] } },
{ "type": "Feature", "properties": { "id": "1818,3627", "grid_id": "1818,3627" }, "geometry": { "type": "Polygon", "coordinates": [ [ [ 79.929971869700339, 6.889536780217611 ], [ 79.931872388288312, 6.889541031878766 ], [ 79.931868137142914, 6.891440360907038 ], [ 79.929967610994396, 6.891436108062841 ], [ 79.929971869700339, 6.889536780217611 ] ] ] } },
{ "type": "Feature", "properties": { "id": "1819,3627", "grid_id": "1819,3627" }, "geometry": { "type": "Polygon", "coordinates": [ [ [ 79.931872388288312, 6.889541031878766 ], [ 79.93377290807625, 6.889545275985127 ], [ 79.933768664491424, 6.891444606194336 ], [ 79.931868137142914, 6.891440360907038 ], [ 79.931872388288312, 6.889541031878766 ] ] ] } },
{ "type": "Feature", "properties": { "id": "1820,3627", "grid_id": "1820,3627" }, "geometry": { "type": "Polygon", "coordinates": [ [ [ 79.93377290807625, 6.889545275985127 ], [ 79.935673429062049, 6.88954951253667 ], [ 79.93566919303781, 6.891448843924715 ], [ 79.933768664491424, 6.891444606194336 ], [ 79.93377290807625, 6.889545275985127 ] ] ] } },
{ "type": "Feature", "properties": { "id": "1821,3627", "grid_id": "1821,3627" }, "geometry": { "type": "Polygon", "coordinates": [ [ [ 79.935673429062049, 6.88954951253667 ], [ 79.937573951243536, 6.889553741533372 ], [ 79.937569722779912, 6.891453074098153 ], [ 79.93566919303781, 6.891448843924715 ], [ 79.935673429062049, 6.88954951253667 ] ] ] } },
{ "type": "Feature", "properties": { "id": "1822,3627", "grid_id": "1822,3627" }, "geometry": { "type": "Polygon", "coordinates": [ [ [ 79.937573951243536, 6.889553741533372 ], [ 79.939474474618606, 6.889557962975212 ], [ 79.939470253715626, 6.891457296714623 ], [ 79.937569722779912, 6.891453074098153 ], [ 79.937573951243536, 6.889553741533372 ] ] ] } },
{ "type": "Feature", "properties": { "id": "1823,3627", "grid_id": "1823,3627" }, "geometry": { "type": "Polygon", "coordinates": [ [ [ 79.939474474618606, 6.889557962975212 ], [ 79.941374999185129, 6.889562176862162 ], [ 79.941370785842793, 6.891461511774104 ], [ 79.939470253715626, 6.891457296714623 ], [ 79.939474474618606, 6.889557962975212 ] ] ] } },
{ "type": "Feature", "properties": { "id": "1824,3627", "grid_id": "1824,3627" }, "geometry": { "type": "Polygon", "coordinates": [ [ [ 79.941374999185129, 6.889562176862162 ], [ 79.94327552494093, 6.889566383194203 ], [ 79.943271319159294, 6.891465719276572 ], [ 79.941370785842793, 6.891461511774104 ], [ 79.941374999185129, 6.889562176862162 ] ] ] } },
{ "type": "Feature", "properties": { "id": "1825,3627", "grid_id": "1825,3627" }, "geometry": { "type": "Polygon", "coordinates": [ [ [ 79.94327552494093, 6.889566383194203 ], [ 79.945176051883919, 6.88957058197131 ], [ 79.945171853662998, 6.891469919222004 ], [ 79.943271319159294, 6.891465719276572 ], [ 79.94327552494093, 6.889566383194203 ] ] ] } },
{ "type": "Feature", "properties": { "id": "1826,3627", "grid_id": "1826,3627" }, "geometry": { "type": "Polygon", "coordinates": [ [ [ 79.945176051883919, 6.88957058197131 ], [ 79.947076580011938, 6.889574773193462 ], [ 79.947072389351732, 6.891474111610379 ], [ 79.945171853662998, 6.891469919222004 ], [ 79.945176051883919, 6.88957058197131 ] ] ] } },
{ "type": "Feature", "properties": { "id": "1827,3627", "grid_id": "1827,3627" }, "geometry": { "type": "Polygon", "coordinates": [ [ [ 79.947076580011938, 6.889574773193462 ], [ 79.948977109322854, 6.889578956860634 ], [ 79.948972926223419, 6.891478296441671 ], [ 79.947072389351732, 6.891474111610379 ], [ 79.947076580011938, 6.889574773193462 ] ] ] } },
{ "type": "Feature", "properties": { "id": "1828,3627", "grid_id": "1828,3627" }, "geometry": { "type": "Polygon", "coordinates": [ [ [ 79.948977109322854, 6.889578956860634 ], [ 79.95087763981455, 6.889583132972803 ], [ 79.950873464275887, 6.891482473715861 ], [ 79.948972926223419, 6.891478296441671 ], [ 79.948977109322854, 6.889578956860634 ] ] ] } },
{ "type": "Feature", "properties": { "id": "1829,3627", "grid_id": "1829,3627" }, "geometry": { "type": "Polygon", "coordinates": [ [ [ 79.95087763981455, 6.889583132972803 ], [ 79.95277817148488, 6.889587301529947 ], [ 79.952774003507017, 6.891486643432922 ], [ 79.950873464275887, 6.891482473715861 ], [ 79.95087763981455, 6.889583132972803 ] ] ] } },
{ "type": "Feature", "properties": { "id": "1830,3627", "grid_id": "1830,3627" }, "geometry": { "type": "Polygon", "coordinates": [ [ [ 79.95277817148488, 6.889587301529947 ], [ 79.954678704331698, 6.889591462532045 ], [ 79.954674543914663, 6.891490805592834 ], [ 79.952774003507017, 6.891486643432922 ], [ 79.95277817148488, 6.889587301529947 ] ] ] } },
{ "type": "Feature", "properties": { "id": "1831,3627", "grid_id": "1831,3627" }, "geometry": { "type": "Polygon", "coordinates": [ [ [ 79.954678704331698, 6.889591462532045 ], [ 79.956579238352887, 6.889595615979071 ], [ 79.956575085496695, 6.891494960195573 ], [ 79.954674543914663, 6.891490805592834 ], [ 79.954678704331698, 6.889591462532045 ] ] ] } },
{ "type": "Feature", "properties": { "id": "1832,3627", "grid_id": "1832,3627" }, "geometry": { "type": "Polygon", "coordinates": [ [ [ 79.956579238352887, 6.889595615979071 ], [ 79.958479773546316, 6.889599761871003 ], [ 79.958475628250994, 6.891499107241116 ], [ 79.956575085496695, 6.891494960195573 ], [ 79.956579238352887, 6.889595615979071 ] ] ] } },
{ "type": "Feature", "properties": { "id": "1833,3627", "grid_id": "1833,3627" }, "geometry": { "type": "Polygon", "coordinates": [ [ [ 79.958479773546316, 6.889599761871003 ], [ 79.960380309909837, 6.88960390020782 ], [ 79.960376172175401, 6.89150324672944 ], [ 79.958475628250994, 6.891499107241116 ], [ 79.958479773546316, 6.889599761871003 ] ] ] } },
{ "type": "Feature", "properties": { "id": "1834,3627", "grid_id": "1834,3627" }, "geometry": { "type": "Polygon", "coordinates": [ [ [ 79.960380309909837, 6.88960390020782 ], [ 79.96228084744132, 6.889608030989498 ], [ 79.962276717267812, 6.891507378660525 ], [ 79.960376172175401, 6.89150324672944 ], [ 79.960380309909837, 6.88960390020782 ] ] ] } },
{ "type": "Feature", "properties": { "id": "1835,3627", "grid_id": "1835,3627" }, "geometry": { "type": "Polygon", "coordinates": [ [ [ 79.96228084744132, 6.889608030989498 ], [ 79.964181386138634, 6.889612154216016 ], [ 79.964177263526054, 6.891511503034345 ], [ 79.962276717267812, 6.891507378660525 ], [ 79.96228084744132, 6.889608030989498 ] ] ] } },
{ "type": "Feature", "properties": { "id": "1836,3627", "grid_id": "1836,3627" }, "geometry": { "type": "Polygon", "coordinates": [ [ [ 79.964181386138634, 6.889612154216016 ], [ 79.966081925999646, 6.889616269887348 ], [ 79.966077810948022, 6.891515619850878 ], [ 79.964177263526054, 6.891511503034345 ], [ 79.964181386138634, 6.889612154216016 ] ] ] } },
{ "type": "Feature", "properties": { "id": "1837,3627", "grid_id": "1837,3627" }, "geometry": { "type": "Polygon", "coordinates": [ [ [ 79.966081925999646, 6.889616269887348 ], [ 79.96798246702221, 6.889620378003473 ], [ 79.967978359531571, 6.891519729110104 ], [ 79.966077810948022, 6.891515619850878 ], [ 79.966081925999646, 6.889616269887348 ] ] ] } },
{ "type": "Feature", "properties": { "id": "1838,3627", "grid_id": "1838,3627" }, "geometry": { "type": "Polygon", "coordinates": [ [ [ 79.96798246702221, 6.889620378003473 ], [ 79.969883009204196, 6.889624478564371 ], [ 79.969878909274584, 6.891523830811996 ], [ 79.967978359531571, 6.891519729110104 ], [ 79.96798246702221, 6.889620378003473 ] ] ] } },
{ "type": "Feature", "properties": { "id": "1839,3627", "grid_id": "1839,3627" }, "geometry": { "type": "Polygon", "coordinates": [ [ [ 79.969883009204196, 6.889624478564371 ], [ 79.971783552543499, 6.889628571570016 ], [ 79.971779460174901, 6.891527924956537 ], [ 79.969878909274584, 6.891523830811996 ], [ 79.969883009204196, 6.889624478564371 ] ] ] } },
{ "type": "Feature", "properties": { "id": "1840,3627", "grid_id": "1840,3627" }, "geometry": { "type": "Polygon", "coordinates": [ [ [ 79.971783552543499, 6.889628571570016 ], [ 79.973684097037932, 6.889632657020389 ], [ 79.973680012230403, 6.891532011543702 ], [ 79.971779460174901, 6.891527924956537 ], [ 79.971783552543499, 6.889628571570016 ] ] ] } },
{ "type": "Feature", "properties": { "id": "1841,3627", "grid_id": "1841,3627" }, "geometry": { "type": "Polygon", "coordinates": [ [ [ 79.973684097037932, 6.889632657020389 ], [ 79.975584642685405, 6.889636734915465 ], [ 79.975580565438932, 6.891536090573466 ], [ 79.973680012230403, 6.891532011543702 ], [ 79.973684097037932, 6.889632657020389 ] ] ] } },
{ "type": "Feature", "properties": { "id": "1842,3627", "grid_id": "1842,3627" }, "geometry": { "type": "Polygon", "coordinates": [ [ [ 79.975584642685405, 6.889636734915465 ], [ 79.977485189483758, 6.889640805255222 ], [ 79.977481119798398, 6.891540162045811 ], [ 79.975580565438932, 6.891536090573466 ], [ 79.975584642685405, 6.889636734915465 ] ] ] } },
{ "type": "Feature", "properties": { "id": "1843,3627", "grid_id": "1843,3627" }, "geometry": { "type": "Polygon", "coordinates": [ [ [ 79.977485189483758, 6.889640805255222 ], [ 79.979385737430889, 6.889644868039638 ], [ 79.979381675306641, 6.891544225960713 ], [ 79.977481119798398, 6.891540162045811 ], [ 79.977485189483758, 6.889640805255222 ] ] ] } },
{ "type": "Feature", "properties": { "id": "1844,3627", "grid_id": "1844,3627" }, "geometry": { "type": "Polygon", "coordinates": [ [ [ 79.979385737430889, 6.889644868039638 ], [ 79.981286286524622, 6.889648923268692 ], [ 79.981282231961515, 6.89154828231815 ], [ 79.979381675306641, 6.891544225960713 ], [ 79.979385737430889, 6.889644868039638 ] ] ] } },
{ "type": "Feature", "properties": { "id": "1845,3627", "grid_id": "1845,3627" }, "geometry": { "type": "Polygon", "coordinates": [ [ [ 79.981286286524622, 6.889648923268692 ], [ 79.98318683676284, 6.88965297094236 ], [ 79.983182789760903, 6.891552331118099 ], [ 79.981282231961515, 6.89154828231815 ], [ 79.981286286524622, 6.889648923268692 ] ] ] } },
{ "type": "Feature", "properties": { "id": "1846,3627", "grid_id": "1846,3627" }, "geometry": { "type": "Polygon", "coordinates": [ [ [ 79.98318683676284, 6.88965297094236 ], [ 79.985087388143413, 6.88965701106062 ], [ 79.985083348702673, 6.891556372360537 ], [ 79.983182789760903, 6.891552331118099 ], [ 79.98318683676284, 6.88965297094236 ] ] ] } },
{ "type": "Feature", "properties": { "id": "1847,3627", "grid_id": "1847,3627" }, "geometry": { "type": "Polygon", "coordinates": [ [ [ 79.985087388143413, 6.88965701106062 ], [ 79.986987940664221, 6.889661043623452 ], [ 79.986983908784666, 6.891560406045445 ], [ 79.985083348702673, 6.891556372360537 ], [ 79.985087388143413, 6.88965701106062 ] ] ] } },
{ "type": "Feature", "properties": { "id": "1848,3627", "grid_id": "1848,3627" }, "geometry": { "type": "Polygon", "coordinates": [ [ [ 79.986987940664221, 6.889661043623452 ], [ 79.988888494323078, 6.88966506863083 ], [ 79.988884470004777, 6.891564432172798 ], [ 79.986983908784666, 6.891560406045445 ], [ 79.986987940664221, 6.889661043623452 ] ] ] } },
{ "type": "Feature", "properties": { "id": "1849,3627", "grid_id": "1849,3627" }, "geometry": { "type": "Polygon", "coordinates": [ [ [ 79.988888494323078, 6.88966506863083 ], [ 79.990789049117922, 6.889669086082736 ], [ 79.990785032360861, 6.891568450742576 ], [ 79.988884470004777, 6.891564432172798 ], [ 79.988888494323078, 6.88966506863083 ] ] ] } },
{ "type": "Feature", "properties": { "id": "1850,3627", "grid_id": "1850,3627" }, "geometry": { "type": "Polygon", "coordinates": [ [ [ 79.990789049117922, 6.889669086082736 ], [ 79.99268960504655, 6.889673095979147 ], [ 79.992685595850787, 6.891572461754754 ], [ 79.990785032360861, 6.891568450742576 ], [ 79.990789049117922, 6.889669086082736 ] ] ] } },
{ "type": "Feature", "properties": { "id": "1851,3627", "grid_id": "1851,3627" }, "geometry": { "type": "Polygon", "coordinates": [ [ [ 79.99268960504655, 6.889673095979147 ], [ 79.994590162106888, 6.889677098320038 ], [ 79.994586160472394, 6.891576465209313 ], [ 79.992685595850787, 6.891572461754754 ], [ 79.99268960504655, 6.889673095979147 ] ] ] } },
{ "type": "Feature", "properties": { "id": "1852,3627", "grid_id": "1852,3627" }, "geometry": { "type": "Polygon", "coordinates": [ [ [ 79.994590162106888, 6.889677098320038 ], [ 79.996490720296762, 6.889681093105391 ], [ 79.996486726223594, 6.891580461106231 ], [ 79.994586160472394, 6.891576465209313 ], [ 79.994590162106888, 6.889677098320038 ] ] ] } },
{ "type": "Feature", "properties": { "id": "1853,3627", "grid_id": "1853,3627" }, "geometry": { "type": "Polygon", "coordinates": [ [ [ 79.996490720296762, 6.889681093105391 ], [ 79.998391279614054, 6.889685080335183 ], [ 79.998387293102212, 6.891584449445485 ], [ 79.996486726223594, 6.891580461106231 ], [ 79.996490720296762, 6.889681093105391 ] ] ] } },
{ "type": "Feature", "properties": { "id": "1854,3627", "grid_id": "1854,3627" }, "geometry": { "type": "Polygon", "coordinates": [ [ [ 79.998391279614054, 6.889685080335183 ], [ 80.000291840056605, 6.889689060009391 ], [ 80.000287861106131, 6.891588430227054 ], [ 79.998387293102212, 6.891584449445485 ], [ 79.998391279614054, 6.889685080335183 ] ] ] } },
{ "type": "Feature", "properties": { "id": "1855,3627", "grid_id": "1855,3627" }, "geometry": { "type": "Polygon", "coordinates": [ [ [ 80.000291840056605, 6.889689060009391 ], [ 80.002192401622324, 6.889693032127994 ], [ 80.002188430233232, 6.891592403450915 ], [ 80.000287861106131, 6.891588430227054 ], [ 80.000291840056605, 6.889689060009391 ] ] ] } },
{ "type": "Feature", "properties": { "id": "1856,3627", "grid_id": "1856,3627" }, "geometry": { "type": "Polygon", "coordinates": [ [ [ 80.002192401622324, 6.889693032127994 ], [ 80.004092964309024, 6.88969699669097 ], [ 80.004089000481358, 6.891596369117046 ], [ 80.002188430233232, 6.891592403450915 ], [ 80.002192401622324, 6.889693032127994 ] ] ] } },
{ "type": "Feature", "properties": { "id": "1857,3627", "grid_id": "1857,3627" }, "geometry": { "type": "Polygon", "coordinates": [ [ [ 80.004092964309024, 6.88969699669097 ], [ 80.005993528114629, 6.889700953698299 ], [ 80.005989571848374, 6.891600327225426 ], [ 80.004089000481358, 6.891596369117046 ], [ 80.004092964309024, 6.88969699669097 ] ] ] } },
{ "type": "Feature", "properties": { "id": "1858,3627", "grid_id": "1858,3627" }, "geometry": { "type": "Polygon", "coordinates": [ [ [ 80.005993528114629, 6.889700953698299 ], [ 80.007894093036953, 6.889704903149956 ], [ 80.007890144332166, 6.891604277776034 ], [ 80.005989571848374, 6.891600327225426 ], [ 80.005993528114629, 6.889700953698299 ] ] ] } },
{ "type": "Feature", "properties": { "id": "1859,3627", "grid_id": "1859,3627" }, "geometry": { "type": "Polygon", "coordinates": [ [ [ 80.007894093036953, 6.889704903149956 ], [ 80.00979465907389, 6.88970884504592 ], [ 80.009790717930571, 6.891608220768847 ], [ 80.007890144332166, 6.891604277776034 ], [ 80.007894093036953, 6.889704903149956 ] ] ] } },
{ "type": "Feature", "properties": { "id": "1860,3627", "grid_id": "1860,3627" }, "geometry": { "type": "Polygon", "coordinates": [ [ [ 80.00979465907389, 6.88970884504592 ], [ 80.01169522622331, 6.889712779386174 ], [ 80.011691292641473, 6.891612156203846 ], [ 80.009790717930571, 6.891608220768847 ], [ 80.00979465907389, 6.88970884504592 ] ] ] } },
{ "type": "Feature", "properties": { "id": "1861,3627", "grid_id": "1861,3627" }, "geometry": { "type": "Polygon", "coordinates": [ [ [ 80.01169522622331, 6.889712779386174 ], [ 80.013595794483052, 6.889716706170692 ], [ 80.013591868462754, 6.891616084081007 ], [ 80.011691292641473, 6.891612156203846 ], [ 80.01169522622331, 6.889712779386174 ] ] ] } },
{ "type": "Feature", "properties": { "id": "1862,3627", "grid_id": "1862,3627" }, "geometry": { "type": "Polygon", "coordinates": [ [ [ 80.013595794483052, 6.889716706170692 ], [ 80.015496363851, 6.889720625399454 ], [ 80.01549244539224, 6.891620004400309 ], [ 80.013591868462754, 6.891616084081007 ], [ 80.013595794483052, 6.889716706170692 ] ] ] } },
{ "type": "Feature", "properties": { "id": "1865,3627", "grid_id": "1865,3627" }, "geometry": { "type": "Polygon", "coordinates": [ [ [ 80.019297505902983, 6.889728441189621 ], [ 80.021198078582742, 6.889732337750984 ], [ 80.021194182808728, 6.891631720010847 ], [ 80.019293602567373, 6.89162782236525 ], [ 80.019297505902983, 6.889728441189621 ] ] ] } },
{ "type": "Feature", "properties": { "id": "1866,3627", "grid_id": "1866,3627" }, "geometry": { "type": "Polygon", "coordinates": [ [ [ 80.021198078582742, 6.889732337750984 ], [ 80.023098652362165, 6.889736226756504 ], [ 80.023094764149775, 6.8916356100985 ], [ 80.021194182808728, 6.891631720010847 ], [ 80.021198078582742, 6.889732337750984 ] ] ] } },
{ "type": "Feature", "properties": { "id": "1867,3627", "grid_id": "1867,3627" }, "geometry": { "type": "Polygon", "coordinates": [ [ [ 80.023098652362165, 6.889736226756504 ], [ 80.024999227239121, 6.889740108206163 ], [ 80.024995346588383, 6.891639492628187 ], [ 80.023094764149775, 6.8916356100985 ], [ 80.023098652362165, 6.889736226756504 ] ] ] } },
{ "type": "Feature", "properties": { "id": "1868,3627", "grid_id": "1868,3627" }, "geometry": { "type": "Polygon", "coordinates": [ [ [ 80.024999227239121, 6.889740108206163 ], [ 80.026899803211478, 6.889743982099937 ], [ 80.026895930122393, 6.891643367599885 ], [ 80.024995346588383, 6.891639492628187 ], [ 80.024999227239121, 6.889740108206163 ] ] ] } },
{ "type": "Feature", "properties": { "id": "1869,3627", "grid_id": "1869,3627" }, "geometry": { "type": "Polygon", "coordinates": [ [ [ 80.026899803211478, 6.889743982099937 ], [ 80.02880038027709, 6.889747848437803 ], [ 80.0287965147497, 6.891647235013577 ], [ 80.026895930122393, 6.891643367599885 ], [ 80.026899803211478, 6.889743982099937 ] ] ] } },
{ "type": "Feature", "properties": { "id": "1870,3627", "grid_id": "1870,3627" }, "geometry": { "type": "Polygon", "coordinates": [ [ [ 80.02880038027709, 6.889747848437803 ], [ 80.03070095843384, 6.889751707219745 ], [ 80.03069710046816, 6.89165109486924 ], [ 80.0287965147497, 6.891647235013577 ], [ 80.02880038027709, 6.889747848437803 ] ] ] } },
{ "type": "Feature", "properties": { "id": "1871,3627", "grid_id": "1871,3627" }, "geometry": { "type": "Polygon", "coordinates": [ [ [ 80.03070095843384, 6.889751707219745 ], [ 80.032601537679582, 6.889755558445736 ], [ 80.032597687275626, 6.891654947166851 ], [ 80.03069710046816, 6.89165109486924 ], [ 80.03070095843384, 6.889751707219745 ] ] ] } },
{ "type": "Feature", "properties": { "id": "1872,3627", "grid_id": "1872,3627" }, "geometry": { "type": "Polygon", "coordinates": [ [ [ 80.032601537679582, 6.889755558445736 ], [ 80.034502118012185, 6.889759402115761 ], [ 80.03449827516998, 6.89165879190639 ], [ 80.032597687275626, 6.891654947166851 ], [ 80.032601537679582, 6.889755558445736 ] ] ] } },
{ "type": "Feature", "properties": { "id": "1873,3627", "grid_id": "1873,3627" }, "geometry": { "type": "Polygon", "coordinates": [ [ [ 80.034502118012185, 6.889759402115761 ], [ 80.036402699429502, 6.889763238229794 ], [ 80.036398864149078, 6.891662629087838 ], [ 80.03449827516998, 6.89165879190639 ], [ 80.034502118012185, 6.889759402115761 ] ] ] } },
{ "type": "Feature", "properties": { "id": "1809,3628", "grid_id": "1809,3628" }, "geometry": { "type": "Polygon", "coordinates": [ [ [ 79.912862930009823, 6.891397492408583 ], [ 79.914763445262309, 6.891401813263796 ], [ 79.91475912485366, 6.893301131415693 ], [ 79.912858602038696, 6.893296809358511 ], [ 79.912862930009823, 6.891397492408583 ] ] ] } },
{ "type": "Feature", "properties": { "id": "1810,3628", "grid_id": "1810,3628" }, "geometry": { "type": "Polygon", "coordinates": [ [ [ 79.914763445262309, 6.891401813263796 ], [ 79.916663961734017, 6.891406126562323 ], [ 79.916659648887844, 6.893305445914088 ], [ 79.91475912485366, 6.893301131415693 ], [ 79.914763445262309, 6.891401813263796 ] ] ] } },
{ "type": "Feature", "properties": { "id": "1811,3628", "grid_id": "1811,3628" }, "geometry": { "type": "Polygon", "coordinates": [ [ [ 79.916663961734017, 6.891406126562323 ], [ 79.918564479422784, 6.891410432304141 ], [ 79.918560174139131, 6.89330975285367 ], [ 79.916659648887844, 6.893305445914088 ], [ 79.916663961734017, 6.891406126562323 ] ] ] } },
{ "type": "Feature", "properties": { "id": "1812,3628", "grid_id": "1812,3628" }, "geometry": { "type": "Polygon", "coordinates": [ [ [ 79.918564479422784, 6.891410432304141 ], [ 79.920464998326494, 6.891414730489227 ], [ 79.920460700605375, 6.893314052234417 ], [ 79.918560174139131, 6.89330975285367 ], [ 79.918564479422784, 6.891410432304141 ] ] ] } },
{ "type": "Feature", "properties": { "id": "1813,3628", "grid_id": "1813,3628" }, "geometry": { "type": "Polygon", "coordinates": [ [ [ 79.920464998326494, 6.891414730489227 ], [ 79.922365518443002, 6.891419021117557 ], [ 79.922361228284444, 6.893318344056307 ], [ 79.920460700605375, 6.893314052234417 ], [ 79.920464998326494, 6.891414730489227 ] ] ] } },
{ "type": "Feature", "properties": { "id": "1814,3628", "grid_id": "1814,3628" }, "geometry": { "type": "Polygon", "coordinates": [ [ [ 79.922365518443002, 6.891419021117557 ], [ 79.924266039770174, 6.891423304189106 ], [ 79.924261757174207, 6.893322628319314 ], [ 79.922361228284444, 6.893318344056307 ], [ 79.922365518443002, 6.891419021117557 ] ] ] } },
{ "type": "Feature", "properties": { "id": "1815,3628", "grid_id": "1815,3628" }, "geometry": { "type": "Polygon", "coordinates": [ [ [ 79.924266039770174, 6.891423304189106 ], [ 79.926166562305895, 6.891427579703852 ], [ 79.926162287272518, 6.893326905023416 ], [ 79.924261757174207, 6.893322628319314 ], [ 79.924266039770174, 6.891423304189106 ] ] ] } },
{ "type": "Feature", "properties": { "id": "1816,3628", "grid_id": "1816,3628" }, "geometry": { "type": "Polygon", "coordinates": [ [ [ 79.926166562305895, 6.891427579703852 ], [ 79.928067086048017, 6.891431847661771 ], [ 79.928062818577288, 6.893331174168589 ], [ 79.926162287272518, 6.893326905023416 ], [ 79.926166562305895, 6.891427579703852 ] ] ] } },
{ "type": "Feature", "properties": { "id": "1817,3628", "grid_id": "1817,3628" }, "geometry": { "type": "Polygon", "coordinates": [ [ [ 79.928067086048017, 6.891431847661771 ], [ 79.929967610994396, 6.891436108062841 ], [ 79.929963351086315, 6.893335435754812 ], [ 79.928062818577288, 6.893331174168589 ], [ 79.928067086048017, 6.891431847661771 ] ] ] } },
{ "type": "Feature", "properties": { "id": "1818,3628", "grid_id": "1818,3628" }, "geometry": { "type": "Polygon", "coordinates": [ [ [ 79.929967610994396, 6.891436108062841 ], [ 79.931868137142914, 6.891440360907038 ], [ 79.931863884797522, 6.893339689782057 ], [ 79.929963351086315, 6.893335435754812 ], [ 79.929967610994396, 6.891436108062841 ] ] ] } },
{ "type": "Feature", "properties": { "id": "1819,3628", "grid_id": "1819,3628" }, "geometry": { "type": "Polygon", "coordinates": [ [ [ 79.931868137142914, 6.891440360907038 ], [ 79.933768664491424, 6.891444606194336 ], [ 79.933764419708737, 6.893343936250305 ], [ 79.931863884797522, 6.893339689782057 ], [ 79.931868137142914, 6.891440360907038 ] ] ] } },
{ "type": "Feature", "properties": { "id": "1820,3628", "grid_id": "1820,3628" }, "geometry": { "type": "Polygon", "coordinates": [ [ [ 79.933768664491424, 6.891444606194336 ], [ 79.93566919303781, 6.891448843924715 ], [ 79.935664955817842, 6.893348175159529 ], [ 79.933764419708737, 6.893343936250305 ], [ 79.933768664491424, 6.891444606194336 ] ] ] } },
{ "type": "Feature", "properties": { "id": "1821,3628", "grid_id": "1821,3628" }, "geometry": { "type": "Polygon", "coordinates": [ [ [ 79.93566919303781, 6.891448843924715 ], [ 79.937569722779912, 6.891453074098153 ], [ 79.937565493122705, 6.893352406509709 ], [ 79.935664955817842, 6.893348175159529 ], [ 79.93566919303781, 6.891448843924715 ] ] ] } },
{ "type": "Feature", "properties": { "id": "1822,3628", "grid_id": "1822,3628" }, "geometry": { "type": "Polygon", "coordinates": [ [ [ 79.937569722779912, 6.891453074098153 ], [ 79.939470253715626, 6.891457296714623 ], [ 79.93946603162118, 6.89335663030082 ], [ 79.937565493122705, 6.893352406509709 ], [ 79.937569722779912, 6.891453074098153 ] ] ] } },
{ "type": "Feature", "properties": { "id": "1823,3628", "grid_id": "1823,3628" }, "geometry": { "type": "Polygon", "coordinates": [ [ [ 79.939470253715626, 6.891457296714623 ], [ 79.941370785842793, 6.891461511774104 ], [ 79.94136657131115, 6.89336084653284 ], [ 79.93946603162118, 6.89335663030082 ], [ 79.939470253715626, 6.891457296714623 ] ] ] } },
{ "type": "Feature", "properties": { "id": "1824,3628", "grid_id": "1824,3628" }, "geometry": { "type": "Polygon", "coordinates": [ [ [ 79.941370785842793, 6.891461511774104 ], [ 79.943271319159294, 6.891465719276572 ], [ 79.943267112190455, 6.893365055205745 ], [ 79.94136657131115, 6.89336084653284 ], [ 79.941370785842793, 6.891461511774104 ] ] ] } },
{ "type": "Feature", "properties": { "id": "1825,3628", "grid_id": "1825,3628" }, "geometry": { "type": "Polygon", "coordinates": [ [ [ 79.943271319159294, 6.891465719276572 ], [ 79.945171853662998, 6.891469919222004 ], [ 79.945167654257006, 6.893369256319511 ], [ 79.943267112190455, 6.893365055205745 ], [ 79.943271319159294, 6.891465719276572 ] ] ] } },
{ "type": "Feature", "properties": { "id": "1826,3628", "grid_id": "1826,3628" }, "geometry": { "type": "Polygon", "coordinates": [ [ [ 79.945171853662998, 6.891469919222004 ], [ 79.947072389351732, 6.891474111610379 ], [ 79.947068197508614, 6.893373449874119 ], [ 79.945167654257006, 6.893369256319511 ], [ 79.945171853662998, 6.891469919222004 ] ] ] } },
{ "type": "Feature", "properties": { "id": "1827,3628", "grid_id": "1827,3628" }, "geometry": { "type": "Polygon", "coordinates": [ [ [ 79.947072389351732, 6.891474111610379 ], [ 79.948972926223419, 6.891478296441671 ], [ 79.94896874194319, 6.893377635869543 ], [ 79.947068197508614, 6.893373449874119 ], [ 79.947072389351732, 6.891474111610379 ] ] ] } },
{ "type": "Feature", "properties": { "id": "1828,3628", "grid_id": "1828,3628" }, "geometry": { "type": "Polygon", "coordinates": [ [ [ 79.948972926223419, 6.891478296441671 ], [ 79.950873464275887, 6.891482473715861 ], [ 79.950869287558575, 6.893381814305758 ], [ 79.94896874194319, 6.893377635869543 ], [ 79.948972926223419, 6.891478296441671 ] ] ] } },
{ "type": "Feature", "properties": { "id": "1829,3628", "grid_id": "1829,3628" }, "geometry": { "type": "Polygon", "coordinates": [ [ [ 79.950873464275887, 6.891482473715861 ], [ 79.952774003507017, 6.891486643432922 ], [ 79.952769834352623, 6.893385985182745 ], [ 79.950869287558575, 6.893381814305758 ], [ 79.950873464275887, 6.891482473715861 ] ] ] } },
{ "type": "Feature", "properties": { "id": "1830,3628", "grid_id": "1830,3628" }, "geometry": { "type": "Polygon", "coordinates": [ [ [ 79.952774003507017, 6.891486643432922 ], [ 79.954674543914663, 6.891490805592834 ], [ 79.954670382323243, 6.89339014850048 ], [ 79.952769834352623, 6.893385985182745 ], [ 79.952774003507017, 6.891486643432922 ] ] ] } },
{ "type": "Feature", "properties": { "id": "1831,3628", "grid_id": "1831,3628" }, "geometry": { "type": "Polygon", "coordinates": [ [ [ 79.954674543914663, 6.891490805592834 ], [ 79.956575085496695, 6.891494960195573 ], [ 79.956570931468249, 6.89339430425894 ], [ 79.954670382323243, 6.89339014850048 ], [ 79.954674543914663, 6.891490805592834 ] ] ] } },
{ "type": "Feature", "properties": { "id": "1832,3628", "grid_id": "1832,3628" }, "geometry": { "type": "Polygon", "coordinates": [ [ [ 79.956575085496695, 6.891494960195573 ], [ 79.958475628250994, 6.891499107241116 ], [ 79.958471481785551, 6.893398452458102 ], [ 79.956570931468249, 6.89339430425894 ], [ 79.956575085496695, 6.891494960195573 ] ] ] } },
{ "type": "Feature", "properties": { "id": "1833,3628", "grid_id": "1833,3628" }, "geometry": { "type": "Polygon", "coordinates": [ [ [ 79.958475628250994, 6.891499107241116 ], [ 79.960376172175401, 6.89150324672944 ], [ 79.960372033272989, 6.893402593097944 ], [ 79.958471481785551, 6.893398452458102 ], [ 79.958475628250994, 6.891499107241116 ] ] ] } },
{ "type": "Feature", "properties": { "id": "1834,3628", "grid_id": "1834,3628" }, "geometry": { "type": "Polygon", "coordinates": [ [ [ 79.960376172175401, 6.89150324672944 ], [ 79.962276717267812, 6.891507378660525 ], [ 79.962272585928446, 6.893406726178442 ], [ 79.960372033272989, 6.893402593097944 ], [ 79.960376172175401, 6.89150324672944 ] ] ] } },
{ "type": "Feature", "properties": { "id": "1835,3628", "grid_id": "1835,3628" }, "geometry": { "type": "Polygon", "coordinates": [ [ [ 79.962276717267812, 6.891507378660525 ], [ 79.964177263526054, 6.891511503034345 ], [ 79.964173139749775, 6.893410851699574 ], [ 79.962272585928446, 6.893406726178442 ], [ 79.962276717267812, 6.891507378660525 ] ] ] } },
{ "type": "Feature", "properties": { "id": "1836,3628", "grid_id": "1836,3628" }, "geometry": { "type": "Polygon", "coordinates": [ [ [ 79.964177263526054, 6.891511503034345 ], [ 79.966077810948022, 6.891515619850878 ], [ 79.966073694734831, 6.893414969661317 ], [ 79.964173139749775, 6.893410851699574 ], [ 79.964177263526054, 6.891511503034345 ] ] ] } },
{ "type": "Feature", "properties": { "id": "1837,3628", "grid_id": "1837,3628" }, "geometry": { "type": "Polygon", "coordinates": [ [ [ 79.966077810948022, 6.891515619850878 ], [ 79.967978359531571, 6.891519729110104 ], [ 79.967974250881497, 6.893419080063651 ], [ 79.966073694734831, 6.893414969661317 ], [ 79.966077810948022, 6.891515619850878 ] ] ] } },
{ "type": "Feature", "properties": { "id": "1838,3628", "grid_id": "1838,3628" }, "geometry": { "type": "Polygon", "coordinates": [ [ [ 79.967978359531571, 6.891519729110104 ], [ 79.969878909274584, 6.891523830811996 ], [ 79.96987480818764, 6.893423182906549 ], [ 79.967974250881497, 6.893419080063651 ], [ 79.967978359531571, 6.891519729110104 ] ] ] } },
{ "type": "Feature", "properties": { "id": "1839,3628", "grid_id": "1839,3628" }, "geometry": { "type": "Polygon", "coordinates": [ [ [ 79.969878909274584, 6.891523830811996 ], [ 79.971779460174901, 6.891527924956537 ], [ 79.971775366651116, 6.893427278189992 ], [ 79.96987480818764, 6.893423182906549 ], [ 79.969878909274584, 6.891523830811996 ] ] ] } },
{ "type": "Feature", "properties": { "id": "1840,3628", "grid_id": "1840,3628" }, "geometry": { "type": "Polygon", "coordinates": [ [ [ 79.971779460174901, 6.891527924956537 ], [ 79.973680012230403, 6.891532011543702 ], [ 79.973675926269806, 6.893431365913957 ], [ 79.971775366651116, 6.893427278189992 ], [ 79.971779460174901, 6.891527924956537 ] ] ] } },
{ "type": "Feature", "properties": { "id": "1841,3628", "grid_id": "1841,3628" }, "geometry": { "type": "Polygon", "coordinates": [ [ [ 79.973680012230403, 6.891532011543702 ], [ 79.975580565438932, 6.891536090573466 ], [ 79.97557648704155, 6.893435446078422 ], [ 79.973675926269806, 6.893431365913957 ], [ 79.973680012230403, 6.891532011543702 ] ] ] } },
{ "type": "Feature", "properties": { "id": "1842,3628", "grid_id": "1842,3628" }, "geometry": { "type": "Polygon", "coordinates": [ [ [ 79.975580565438932, 6.891536090573466 ], [ 79.977481119798398, 6.891540162045811 ], [ 79.977477048964261, 6.893439518683363 ], [ 79.97557648704155, 6.893435446078422 ], [ 79.975580565438932, 6.891536090573466 ] ] ] } },
{ "type": "Feature", "properties": { "id": "1843,3628", "grid_id": "1843,3628" }, "geometry": { "type": "Polygon", "coordinates": [ [ [ 79.977481119798398, 6.891540162045811 ], [ 79.979381675306641, 6.891544225960713 ], [ 79.979377612035748, 6.89344358372876 ], [ 79.977477048964261, 6.893439518683363 ], [ 79.977481119798398, 6.891540162045811 ] ] ] } },
{ "type": "Feature", "properties": { "id": "1844,3628", "grid_id": "1844,3628" }, "geometry": { "type": "Polygon", "coordinates": [ [ [ 79.979381675306641, 6.891544225960713 ], [ 79.981282231961515, 6.89154828231815 ], [ 79.98127817625388, 6.893447641214587 ], [ 79.979377612035748, 6.89344358372876 ], [ 79.979381675306641, 6.891544225960713 ] ] ] } },
{ "type": "Feature", "properties": { "id": "1845,3628", "grid_id": "1845,3628" }, "geometry": { "type": "Polygon", "coordinates": [ [ [ 79.981282231961515, 6.89154828231815 ], [ 79.983182789760903, 6.891552331118099 ], [ 79.983178741616584, 6.893451691140825 ], [ 79.98127817625388, 6.893447641214587 ], [ 79.981282231961515, 6.89154828231815 ] ] ] } },
{ "type": "Feature", "properties": { "id": "1846,3628", "grid_id": "1846,3628" }, "geometry": { "type": "Polygon", "coordinates": [ [ [ 79.983182789760903, 6.891552331118099 ], [ 79.985083348702673, 6.891556372360537 ], [ 79.985079308121655, 6.893455733507451 ], [ 79.983178741616584, 6.893451691140825 ], [ 79.983182789760903, 6.891552331118099 ] ] ] } },
{ "type": "Feature", "properties": { "id": "1847,3628", "grid_id": "1847,3628" }, "geometry": { "type": "Polygon", "coordinates": [ [ [ 79.985083348702673, 6.891556372360537 ], [ 79.986983908784666, 6.891560406045445 ], [ 79.986979875767005, 6.893459768314443 ], [ 79.985079308121655, 6.893455733507451 ], [ 79.985083348702673, 6.891556372360537 ] ] ] } },
{ "type": "Feature", "properties": { "id": "1848,3628", "grid_id": "1848,3628" }, "geometry": { "type": "Polygon", "coordinates": [ [ [ 79.986983908784666, 6.891560406045445 ], [ 79.988884470004777, 6.891564432172798 ], [ 79.988880444550489, 6.893463795561779 ], [ 79.986979875767005, 6.893459768314443 ], [ 79.986983908784666, 6.891560406045445 ] ] ] } },
{ "type": "Feature", "properties": { "id": "1849,3628", "grid_id": "1849,3628" }, "geometry": { "type": "Polygon", "coordinates": [ [ [ 79.988884470004777, 6.891564432172798 ], [ 79.990785032360861, 6.891568450742576 ], [ 79.99078101446996, 6.893467815249435 ], [ 79.988880444550489, 6.893463795561779 ], [ 79.988884470004777, 6.891564432172798 ] ] ] } },
{ "type": "Feature", "properties": { "id": "1850,3628", "grid_id": "1850,3628" }, "geometry": { "type": "Polygon", "coordinates": [ [ [ 79.990785032360861, 6.891568450742576 ], [ 79.992685595850787, 6.891572461754754 ], [ 79.992681585523286, 6.893471827377394 ], [ 79.99078101446996, 6.893467815249435 ], [ 79.990785032360861, 6.891568450742576 ] ] ] } },
{ "type": "Feature", "properties": { "id": "1851,3628", "grid_id": "1851,3628" }, "geometry": { "type": "Polygon", "coordinates": [ [ [ 79.992685595850787, 6.891572461754754 ], [ 79.994586160472394, 6.891576465209313 ], [ 79.994582157708336, 6.893475831945628 ], [ 79.992681585523286, 6.893471827377394 ], [ 79.992685595850787, 6.891572461754754 ] ] ] } },
{ "type": "Feature", "properties": { "id": "1852,3628", "grid_id": "1852,3628" }, "geometry": { "type": "Polygon", "coordinates": [ [ [ 79.994586160472394, 6.891576465209313 ], [ 79.996486726223594, 6.891580461106231 ], [ 79.996482731022979, 6.893479828954118 ], [ 79.994582157708336, 6.893475831945628 ], [ 79.994586160472394, 6.891576465209313 ] ] ] } },
{ "type": "Feature", "properties": { "id": "1853,3628", "grid_id": "1853,3628" }, "geometry": { "type": "Polygon", "coordinates": [ [ [ 79.996486726223594, 6.891580461106231 ], [ 79.998387293102212, 6.891584449445485 ], [ 79.998383305465083, 6.893483818402842 ], [ 79.996482731022979, 6.893479828954118 ], [ 79.996486726223594, 6.891580461106231 ] ] ] } },
{ "type": "Feature", "properties": { "id": "1854,3628", "grid_id": "1854,3628" }, "geometry": { "type": "Polygon", "coordinates": [ [ [ 79.998387293102212, 6.891584449445485 ], [ 80.000287861106131, 6.891588430227054 ], [ 80.000283881032516, 6.893487800291779 ], [ 79.998383305465083, 6.893483818402842 ], [ 79.998387293102212, 6.891584449445485 ] ] ] } },
{ "type": "Feature", "properties": { "id": "1855,3628", "grid_id": "1855,3628" }, "geometry": { "type": "Polygon", "coordinates": [ [ [ 80.000287861106131, 6.891588430227054 ], [ 80.002188430233232, 6.891592403450915 ], [ 80.002184457723118, 6.893491774620904 ], [ 80.000283881032516, 6.893487800291779 ], [ 80.000287861106131, 6.891588430227054 ] ] ] } },
{ "type": "Feature", "properties": { "id": "1856,3628", "grid_id": "1856,3628" }, "geometry": { "type": "Polygon", "coordinates": [ [ [ 80.002188430233232, 6.891592403450915 ], [ 80.004089000481358, 6.891596369117046 ], [ 80.004085035534786, 6.8934957413902 ], [ 80.002184457723118, 6.893491774620904 ], [ 80.002188430233232, 6.891592403450915 ] ] ] } },
{ "type": "Feature", "properties": { "id": "1857,3628", "grid_id": "1857,3628" }, "geometry": { "type": "Polygon", "coordinates": [ [ [ 80.004089000481358, 6.891596369117046 ], [ 80.005989571848374, 6.891600327225426 ], [ 80.005985614465374, 6.893499700599643 ], [ 80.004085035534786, 6.8934957413902 ], [ 80.004089000481358, 6.891596369117046 ] ] ] } },
{ "type": "Feature", "properties": { "id": "1858,3628", "grid_id": "1858,3628" }, "geometry": { "type": "Polygon", "coordinates": [ [ [ 80.005989571848374, 6.891600327225426 ], [ 80.007890144332166, 6.891604277776034 ], [ 80.00788619451275, 6.893503652249208 ], [ 80.005985614465374, 6.893499700599643 ], [ 80.005989571848374, 6.891600327225426 ] ] ] } },
{ "type": "Feature", "properties": { "id": "1859,3628", "grid_id": "1859,3628" }, "geometry": { "type": "Polygon", "coordinates": [ [ [ 80.007890144332166, 6.891604277776034 ], [ 80.009790717930571, 6.891608220768847 ], [ 80.009786775674769, 6.893507596338878 ], [ 80.00788619451275, 6.893503652249208 ], [ 80.007890144332166, 6.891604277776034 ] ] ] } },
{ "type": "Feature", "properties": { "id": "1860,3628", "grid_id": "1860,3628" }, "geometry": { "type": "Polygon", "coordinates": [ [ [ 80.009790717930571, 6.891608220768847 ], [ 80.011691292641473, 6.891612156203846 ], [ 80.011687357949313, 6.893511532868631 ], [ 80.009786775674769, 6.893507596338878 ], [ 80.009790717930571, 6.891608220768847 ] ] ] } },
{ "type": "Feature", "properties": { "id": "1861,3628", "grid_id": "1861,3628" }, "geometry": { "type": "Polygon", "coordinates": [ [ [ 80.011691292641473, 6.891612156203846 ], [ 80.013591868462754, 6.891616084081007 ], [ 80.013587941334222, 6.893515461838444 ], [ 80.011687357949313, 6.893511532868631 ], [ 80.011691292641473, 6.891612156203846 ] ] ] } },
{ "type": "Feature", "properties": { "id": "1862,3628", "grid_id": "1862,3628" }, "geometry": { "type": "Polygon", "coordinates": [ [ [ 80.013591868462754, 6.891616084081007 ], [ 80.01549244539224, 6.891620004400309 ], [ 80.015488525827379, 6.893519383248294 ], [ 80.013587941334222, 6.893515461838444 ], [ 80.013591868462754, 6.891616084081007 ] ] ] } },
{ "type": "Feature", "properties": { "id": "1863,3628", "grid_id": "1863,3628" }, "geometry": { "type": "Polygon", "coordinates": [ [ [ 80.01549244539224, 6.891620004400309 ], [ 80.017393023427829, 6.891623917161732 ], [ 80.017389111426667, 6.893523297098163 ], [ 80.015488525827379, 6.893519383248294 ], [ 80.01549244539224, 6.891620004400309 ] ] ] } },
{ "type": "Feature", "properties": { "id": "1864,3628", "grid_id": "1864,3628" }, "geometry": { "type": "Polygon", "coordinates": [ [ [ 80.017393023427829, 6.891623917161732 ], [ 80.019293602567373, 6.89162782236525 ], [ 80.019289698129924, 6.893527203388026 ], [ 80.017389111426667, 6.893523297098163 ], [ 80.017393023427829, 6.891623917161732 ] ] ] } },
{ "type": "Feature", "properties": { "id": "1865,3628", "grid_id": "1865,3628" }, "geometry": { "type": "Polygon", "coordinates": [ [ [ 80.019293602567373, 6.89162782236525 ], [ 80.021194182808728, 6.891631720010847 ], [ 80.02119028593502, 6.893531102117866 ], [ 80.019289698129924, 6.893527203388026 ], [ 80.019293602567373, 6.89162782236525 ] ] ] } },
{ "type": "Feature", "properties": { "id": "1866,3628", "grid_id": "1866,3628" }, "geometry": { "type": "Polygon", "coordinates": [ [ [ 80.021194182808728, 6.891631720010847 ], [ 80.023094764149775, 6.8916356100985 ], [ 80.023090874839838, 6.893534993287657 ], [ 80.02119028593502, 6.893531102117866 ], [ 80.021194182808728, 6.891631720010847 ] ] ] } },
{ "type": "Feature", "properties": { "id": "1867,3628", "grid_id": "1867,3628" }, "geometry": { "type": "Polygon", "coordinates": [ [ [ 80.023094764149775, 6.8916356100985 ], [ 80.024995346588383, 6.891639492628187 ], [ 80.024991464842216, 6.893538876897381 ], [ 80.023090874839838, 6.893534993287657 ], [ 80.023094764149775, 6.8916356100985 ] ] ] } },
{ "type": "Feature", "properties": { "id": "1868,3628", "grid_id": "1868,3628" }, "geometry": { "type": "Polygon", "coordinates": [ [ [ 80.024995346588383, 6.891639492628187 ], [ 80.026895930122393, 6.891643367599885 ], [ 80.026892055940039, 6.893542752947015 ], [ 80.024991464842216, 6.893538876897381 ], [ 80.024995346588383, 6.891639492628187 ] ] ] } },
{ "type": "Feature", "properties": { "id": "1869,3628", "grid_id": "1869,3628" }, "geometry": { "type": "Polygon", "coordinates": [ [ [ 80.026895930122393, 6.891643367599885 ], [ 80.0287965147497, 6.891647235013577 ], [ 80.028792648131159, 6.893546621436538 ], [ 80.026892055940039, 6.893542752947015 ], [ 80.026895930122393, 6.891643367599885 ] ] ] } },
{ "type": "Feature", "properties": { "id": "1870,3628", "grid_id": "1870,3628" }, "geometry": { "type": "Polygon", "coordinates": [ [ [ 80.0287965147497, 6.891647235013577 ], [ 80.03069710046816, 6.89165109486924 ], [ 80.030693241413459, 6.893550482365931 ], [ 80.028792648131159, 6.893546621436538 ], [ 80.0287965147497, 6.891647235013577 ] ] ] } },
{ "type": "Feature", "properties": { "id": "1871,3628", "grid_id": "1871,3628" }, "geometry": { "type": "Polygon", "coordinates": [ [ [ 80.03069710046816, 6.89165109486924 ], [ 80.032597687275626, 6.891654947166851 ], [ 80.032593835784809, 6.893554335735168 ], [ 80.030693241413459, 6.893550482365931 ], [ 80.03069710046816, 6.89165109486924 ] ] ] } },
{ "type": "Feature", "properties": { "id": "1872,3628", "grid_id": "1872,3628" }, "geometry": { "type": "Polygon", "coordinates": [ [ [ 80.032597687275626, 6.891654947166851 ], [ 80.03449827516998, 6.89165879190639 ], [ 80.034494431243047, 6.893558181544233 ], [ 80.032593835784809, 6.893554335735168 ], [ 80.032597687275626, 6.891654947166851 ] ] ] } },
{ "type": "Feature", "properties": { "id": "1873,3628", "grid_id": "1873,3628" }, "geometry": { "type": "Polygon", "coordinates": [ [ [ 80.03449827516998, 6.89165879190639 ], [ 80.036398864149078, 6.891662629087838 ], [ 80.036395027786043, 6.893562019793102 ], [ 80.034494431243047, 6.893558181544233 ], [ 80.03449827516998, 6.89165879190639 ] ] ] } },
{ "type": "Feature", "properties": { "id": "1809,3629", "grid_id": "1809,3629" }, "geometry": { "type": "Polygon", "coordinates": [ [ [ 79.912858602038696, 6.893296809358511 ], [ 79.91475912485366, 6.893301131415693 ], [ 79.914754803225776, 6.895200449414216 ], [ 79.912854272846218, 6.895196126155057 ], [ 79.912858602038696, 6.893296809358511 ] ] ] } },
{ "type": "Feature", "properties": { "id": "1810,3629", "grid_id": "1810,3629" }, "geometry": { "type": "Polygon", "coordinates": [ [ [ 79.91475912485366, 6.893301131415693 ], [ 79.916659648887844, 6.893305445914088 ], [ 79.916655334824583, 6.895204765112487 ], [ 79.914754803225776, 6.895200449414216 ], [ 79.91475912485366, 6.893301131415693 ] ] ] } },
{ "type": "Feature", "properties": { "id": "1811,3629", "grid_id": "1811,3629" }, "geometry": { "type": "Polygon", "coordinates": [ [ [ 79.916659648887844, 6.893305445914088 ], [ 79.918560174139131, 6.89330975285367 ], [ 79.918555867640507, 6.895209073249843 ], [ 79.916655334824583, 6.895204765112487 ], [ 79.916659648887844, 6.893305445914088 ] ] ] } },
{ "type": "Feature", "properties": { "id": "1812,3629", "grid_id": "1812,3629" }, "geometry": { "type": "Polygon", "coordinates": [ [ [ 79.918560174139131, 6.89330975285367 ], [ 79.920460700605375, 6.893314052234417 ], [ 79.92045640167143, 6.895213373826262 ], [ 79.918555867640507, 6.895209073249843 ], [ 79.918560174139131, 6.89330975285367 ] ] ] } },
{ "type": "Feature", "properties": { "id": "1813,3629", "grid_id": "1813,3629" }, "geometry": { "type": "Polygon", "coordinates": [ [ [ 79.920460700605375, 6.893314052234417 ], [ 79.922361228284444, 6.893318344056307 ], [ 79.922356936915193, 6.89521766684172 ], [ 79.92045640167143, 6.895213373826262 ], [ 79.920460700605375, 6.893314052234417 ] ] ] } },
{ "type": "Feature", "properties": { "id": "1814,3629", "grid_id": "1814,3629" }, "geometry": { "type": "Polygon", "coordinates": [ [ [ 79.922361228284444, 6.893318344056307 ], [ 79.924261757174207, 6.893322628319314 ], [ 79.924257473369678, 6.895221952296195 ], [ 79.922356936915193, 6.89521766684172 ], [ 79.922361228284444, 6.893318344056307 ] ] ] } },
{ "type": "Feature", "properties": { "id": "1815,3629", "grid_id": "1815,3629" }, "geometry": { "type": "Polygon", "coordinates": [ [ [ 79.924261757174207, 6.893322628319314 ], [ 79.926162287272518, 6.893326905023416 ], [ 79.926158011032754, 6.895226230189663 ], [ 79.924257473369678, 6.895221952296195 ], [ 79.924261757174207, 6.893322628319314 ] ] ] } },
{ "type": "Feature", "properties": { "id": "1816,3629", "grid_id": "1816,3629" }, "geometry": { "type": "Polygon", "coordinates": [ [ [ 79.926162287272518, 6.893326905023416 ], [ 79.928062818577288, 6.893331174168589 ], [ 79.928058549902261, 6.895230500522099 ], [ 79.926158011032754, 6.895226230189663 ], [ 79.926162287272518, 6.893326905023416 ] ] ] } },
{ "type": "Feature", "properties": { "id": "1817,3629", "grid_id": "1817,3629" }, "geometry": { "type": "Polygon", "coordinates": [ [ [ 79.928062818577288, 6.893331174168589 ], [ 79.929963351086315, 6.893335435754812 ], [ 79.929959089976094, 6.895234763293481 ], [ 79.928058549902261, 6.895230500522099 ], [ 79.928062818577288, 6.893331174168589 ] ] ] } },
{ "type": "Feature", "properties": { "id": "1818,3629", "grid_id": "1818,3629" }, "geometry": { "type": "Polygon", "coordinates": [ [ [ 79.929963351086315, 6.893335435754812 ], [ 79.931863884797522, 6.893339689782057 ], [ 79.931859631252109, 6.895239018503785 ], [ 79.929959089976094, 6.895234763293481 ], [ 79.929963351086315, 6.893335435754812 ] ] ] } },
{ "type": "Feature", "properties": { "id": "1819,3629", "grid_id": "1819,3629" }, "geometry": { "type": "Polygon", "coordinates": [ [ [ 79.931863884797522, 6.893339689782057 ], [ 79.933764419708737, 6.893343936250305 ], [ 79.93376017372816, 6.895243266152989 ], [ 79.931859631252109, 6.895239018503785 ], [ 79.931863884797522, 6.893339689782057 ] ] ] } },
{ "type": "Feature", "properties": { "id": "1820,3629", "grid_id": "1820,3629" }, "geometry": { "type": "Polygon", "coordinates": [ [ [ 79.933764419708737, 6.893343936250305 ], [ 79.935664955817842, 6.893348175159529 ], [ 79.935660717402115, 6.895247506241067 ], [ 79.93376017372816, 6.895243266152989 ], [ 79.933764419708737, 6.893343936250305 ] ] ] } },
{ "type": "Feature", "properties": { "id": "1821,3629", "grid_id": "1821,3629" }, "geometry": { "type": "Polygon", "coordinates": [ [ [ 79.935664955817842, 6.893348175159529 ], [ 79.937565493122705, 6.893352406509709 ], [ 79.937561262271856, 6.895251738768 ], [ 79.935660717402115, 6.895247506241067 ], [ 79.935664955817842, 6.893348175159529 ] ] ] } },
{ "type": "Feature", "properties": { "id": "1822,3629", "grid_id": "1822,3629" }, "geometry": { "type": "Polygon", "coordinates": [ [ [ 79.937565493122705, 6.893352406509709 ], [ 79.93946603162118, 6.89335663030082 ], [ 79.939461808335238, 6.89525596373376 ], [ 79.937561262271856, 6.895251738768 ], [ 79.937565493122705, 6.893352406509709 ] ] ] } },
{ "type": "Feature", "properties": { "id": "1823,3629", "grid_id": "1823,3629" }, "geometry": { "type": "Polygon", "coordinates": [ [ [ 79.93946603162118, 6.89335663030082 ], [ 79.94136657131115, 6.89336084653284 ], [ 79.941362355590144, 6.895260181138328 ], [ 79.939461808335238, 6.89525596373376 ], [ 79.93946603162118, 6.89335663030082 ] ] ] } },
{ "type": "Feature", "properties": { "id": "1824,3629", "grid_id": "1824,3629" }, "geometry": { "type": "Polygon", "coordinates": [ [ [ 79.94136657131115, 6.89336084653284 ], [ 79.943267112190455, 6.893365055205745 ], [ 79.943262904034412, 6.895264390981677 ], [ 79.941362355590144, 6.895260181138328 ], [ 79.94136657131115, 6.89336084653284 ] ] ] } },
{ "type": "Feature", "properties": { "id": "1825,3629", "grid_id": "1825,3629" }, "geometry": { "type": "Polygon", "coordinates": [ [ [ 79.943267112190455, 6.893365055205745 ], [ 79.945167654257006, 6.893369256319511 ], [ 79.945163453665927, 6.895268593263789 ], [ 79.943262904034412, 6.895264390981677 ], [ 79.943267112190455, 6.893365055205745 ] ] ] } },
{ "type": "Feature", "properties": { "id": "1826,3629", "grid_id": "1826,3629" }, "geometry": { "type": "Polygon", "coordinates": [ [ [ 79.945167654257006, 6.893369256319511 ], [ 79.947068197508614, 6.893373449874119 ], [ 79.947064004482556, 6.895272787984637 ], [ 79.945163453665927, 6.895268593263789 ], [ 79.945167654257006, 6.893369256319511 ] ] ] } },
{ "type": "Feature", "properties": { "id": "1827,3629", "grid_id": "1827,3629" }, "geometry": { "type": "Polygon", "coordinates": [ [ [ 79.947068197508614, 6.893373449874119 ], [ 79.94896874194319, 6.893377635869543 ], [ 79.948964556482139, 6.895276975144198 ], [ 79.947064004482556, 6.895272787984637 ], [ 79.947068197508614, 6.893373449874119 ] ] ] } },
{ "type": "Feature", "properties": { "id": "1828,3629", "grid_id": "1828,3629" }, "geometry": { "type": "Polygon", "coordinates": [ [ [ 79.94896874194319, 6.893377635869543 ], [ 79.950869287558575, 6.893381814305758 ], [ 79.950865109662558, 6.895281154742452 ], [ 79.948964556482139, 6.895276975144198 ], [ 79.94896874194319, 6.893377635869543 ] ] ] } },
{ "type": "Feature", "properties": { "id": "1829,3629", "grid_id": "1829,3629" }, "geometry": { "type": "Polygon", "coordinates": [ [ [ 79.950869287558575, 6.893381814305758 ], [ 79.952769834352623, 6.893385985182745 ], [ 79.952765664021697, 6.895285326779373 ], [ 79.950865109662558, 6.895281154742452 ], [ 79.950869287558575, 6.893381814305758 ] ] ] } },
{ "type": "Feature", "properties": { "id": "1830,3629", "grid_id": "1830,3629" }, "geometry": { "type": "Polygon", "coordinates": [ [ [ 79.952769834352623, 6.893385985182745 ], [ 79.954670382323243, 6.89339014850048 ], [ 79.954666219557396, 6.89528949125494 ], [ 79.952765664021697, 6.895285326779373 ], [ 79.952769834352623, 6.893385985182745 ] ] ] } },
{ "type": "Feature", "properties": { "id": "1831,3629", "grid_id": "1831,3629" }, "geometry": { "type": "Polygon", "coordinates": [ [ [ 79.954670382323243, 6.89339014850048 ], [ 79.956570931468249, 6.89339430425894 ], [ 79.956566776267536, 6.89529364816913 ], [ 79.954666219557396, 6.89528949125494 ], [ 79.954670382323243, 6.89339014850048 ] ] ] } },
{ "type": "Feature", "properties": { "id": "1832,3629", "grid_id": "1832,3629" }, "geometry": { "type": "Polygon", "coordinates": [ [ [ 79.956570931468249, 6.89339430425894 ], [ 79.958471481785551, 6.893398452458102 ], [ 79.958467334149958, 6.895297797521918 ], [ 79.956566776267536, 6.89529364816913 ], [ 79.956570931468249, 6.89339430425894 ] ] ] } },
{ "type": "Feature", "properties": { "id": "1833,3629", "grid_id": "1833,3629" }, "geometry": { "type": "Polygon", "coordinates": [ [ [ 79.958471481785551, 6.893398452458102 ], [ 79.960372033272989, 6.893402593097944 ], [ 79.960367893202559, 6.895301939313287 ], [ 79.958467334149958, 6.895297797521918 ], [ 79.958471481785551, 6.893398452458102 ] ] ] } },
{ "type": "Feature", "properties": { "id": "1834,3629", "grid_id": "1834,3629" }, "geometry": { "type": "Polygon", "coordinates": [ [ [ 79.960372033272989, 6.893402593097944 ], [ 79.962272585928446, 6.893406726178442 ], [ 79.962268453423206, 6.895306073543208 ], [ 79.960367893202559, 6.895301939313287 ], [ 79.960372033272989, 6.893402593097944 ] ] ] } },
{ "type": "Feature", "properties": { "id": "1835,3629", "grid_id": "1835,3629" }, "geometry": { "type": "Polygon", "coordinates": [ [ [ 79.962272585928446, 6.893406726178442 ], [ 79.964173139749775, 6.893410851699574 ], [ 79.964169014809727, 6.89531020021166 ], [ 79.962268453423206, 6.895306073543208 ], [ 79.962272585928446, 6.893406726178442 ] ] ] } },
{ "type": "Feature", "properties": { "id": "1836,3629", "grid_id": "1836,3629" }, "geometry": { "type": "Polygon", "coordinates": [ [ [ 79.964173139749775, 6.893410851699574 ], [ 79.966073694734831, 6.893414969661317 ], [ 79.966069577360031, 6.895314319318624 ], [ 79.964169014809727, 6.89531020021166 ], [ 79.964173139749775, 6.893410851699574 ] ] ] } },
{ "type": "Feature", "properties": { "id": "1837,3629", "grid_id": "1837,3629" }, "geometry": { "type": "Polygon", "coordinates": [ [ [ 79.966073694734831, 6.893414969661317 ], [ 79.967974250881497, 6.893419080063651 ], [ 79.967970141071959, 6.895318430864073 ], [ 79.966069577360031, 6.895314319318624 ], [ 79.966073694734831, 6.893414969661317 ] ] ] } },
{ "type": "Feature", "properties": { "id": "1838,3629", "grid_id": "1838,3629" }, "geometry": { "type": "Polygon", "coordinates": [ [ [ 79.967974250881497, 6.893419080063651 ], [ 79.96987480818764, 6.893423182906549 ], [ 79.969870705943364, 6.895322534847987 ], [ 79.967970141071959, 6.895318430864073 ], [ 79.967974250881497, 6.893419080063651 ] ] ] } },
{ "type": "Feature", "properties": { "id": "1839,3629", "grid_id": "1839,3629" }, "geometry": { "type": "Polygon", "coordinates": [ [ [ 79.96987480818764, 6.893423182906549 ], [ 79.971775366651116, 6.893427278189992 ], [ 79.971771271972145, 6.895326631270342 ], [ 79.969870705943364, 6.895322534847987 ], [ 79.96987480818764, 6.893423182906549 ] ] ] } },
{ "type": "Feature", "properties": { "id": "1840,3629", "grid_id": "1840,3629" }, "geometry": { "type": "Polygon", "coordinates": [ [ [ 79.971775366651116, 6.893427278189992 ], [ 79.973675926269806, 6.893431365913957 ], [ 79.973671839156154, 6.895330720131116 ], [ 79.971771271972145, 6.895326631270342 ], [ 79.971775366651116, 6.893427278189992 ] ] ] } },
{ "type": "Feature", "properties": { "id": "1841,3629", "grid_id": "1841,3629" }, "geometry": { "type": "Polygon", "coordinates": [ [ [ 79.973675926269806, 6.893431365913957 ], [ 79.97557648704155, 6.893435446078422 ], [ 79.975572407493246, 6.895334801430287 ], [ 79.973671839156154, 6.895330720131116 ], [ 79.973675926269806, 6.893431365913957 ] ] ] } },
{ "type": "Feature", "properties": { "id": "1842,3629", "grid_id": "1842,3629" }, "geometry": { "type": "Polygon", "coordinates": [ [ [ 79.97557648704155, 6.893435446078422 ], [ 79.977477048964261, 6.893439518683363 ], [ 79.977472976981304, 6.895338875167834 ], [ 79.975572407493246, 6.895334801430287 ], [ 79.97557648704155, 6.893435446078422 ] ] ] } },
{ "type": "Feature", "properties": { "id": "1843,3629", "grid_id": "1843,3629" }, "geometry": { "type": "Polygon", "coordinates": [ [ [ 79.977477048964261, 6.893439518683363 ], [ 79.979377612035748, 6.89344358372876 ], [ 79.979373547618167, 6.895342941343731 ], [ 79.977472976981304, 6.895338875167834 ], [ 79.977477048964261, 6.893439518683363 ] ] ] } },
{ "type": "Feature", "properties": { "id": "1844,3629", "grid_id": "1844,3629" }, "geometry": { "type": "Polygon", "coordinates": [ [ [ 79.979377612035748, 6.89344358372876 ], [ 79.98127817625388, 6.893447641214587 ], [ 79.981274119401746, 6.89534699995796 ], [ 79.979373547618167, 6.895342941343731 ], [ 79.979377612035748, 6.89344358372876 ] ] ] } },
{ "type": "Feature", "properties": { "id": "1845,3629", "grid_id": "1845,3629" }, "geometry": { "type": "Polygon", "coordinates": [ [ [ 79.98127817625388, 6.893447641214587 ], [ 79.983178741616584, 6.893451691140825 ], [ 79.983174692329868, 6.895351051010496 ], [ 79.981274119401746, 6.89534699995796 ], [ 79.98127817625388, 6.893447641214587 ] ] ] } },
{ "type": "Feature", "properties": { "id": "1846,3629", "grid_id": "1846,3629" }, "geometry": { "type": "Polygon", "coordinates": [ [ [ 79.983178741616584, 6.893451691140825 ], [ 79.985079308121655, 6.893455733507451 ], [ 79.985075266400401, 6.895355094501319 ], [ 79.983174692329868, 6.895351051010496 ], [ 79.983178741616584, 6.893451691140825 ] ] ] } },
{ "type": "Feature", "properties": { "id": "1847,3629", "grid_id": "1847,3629" }, "geometry": { "type": "Polygon", "coordinates": [ [ [ 79.985079308121655, 6.893455733507451 ], [ 79.986979875767005, 6.893459768314443 ], [ 79.986975841611226, 6.895359130430404 ], [ 79.985075266400401, 6.895355094501319 ], [ 79.985079308121655, 6.893455733507451 ] ] ] } },
{ "type": "Feature", "properties": { "id": "1848,3629", "grid_id": "1848,3629" }, "geometry": { "type": "Polygon", "coordinates": [ [ [ 79.986979875767005, 6.893459768314443 ], [ 79.988880444550489, 6.893463795561779 ], [ 79.988876417960199, 6.89536315879773 ], [ 79.986975841611226, 6.895359130430404 ], [ 79.986979875767005, 6.893459768314443 ] ] ] } },
{ "type": "Feature", "properties": { "id": "1849,3629", "grid_id": "1849,3629" }, "geometry": { "type": "Polygon", "coordinates": [ [ [ 79.988880444550489, 6.893463795561779 ], [ 79.99078101446996, 6.893467815249435 ], [ 79.990776995445202, 6.895367179603276 ], [ 79.988876417960199, 6.89536315879773 ], [ 79.988880444550489, 6.893463795561779 ] ] ] } },
{ "type": "Feature", "properties": { "id": "1850,3629", "grid_id": "1850,3629" }, "geometry": { "type": "Polygon", "coordinates": [ [ [ 79.99078101446996, 6.893467815249435 ], [ 79.992681585523286, 6.893471827377394 ], [ 79.992677574064061, 6.895371192847019 ], [ 79.990776995445202, 6.895367179603276 ], [ 79.99078101446996, 6.893467815249435 ] ] ] } },
{ "type": "Feature", "properties": { "id": "1851,3629", "grid_id": "1851,3629" }, "geometry": { "type": "Polygon", "coordinates": [ [ [ 79.992681585523286, 6.893471827377394 ], [ 79.994582157708336, 6.893475831945628 ], [ 79.994578153814686, 6.895375198528938 ], [ 79.992677574064061, 6.895371192847019 ], [ 79.992681585523286, 6.893471827377394 ] ] ] } },
{ "type": "Feature", "properties": { "id": "1852,3629", "grid_id": "1852,3629" }, "geometry": { "type": "Polygon", "coordinates": [ [ [ 79.994582157708336, 6.893475831945628 ], [ 79.996482731022979, 6.893479828954118 ], [ 79.996478734694918, 6.895379196649009 ], [ 79.994578153814686, 6.895375198528938 ], [ 79.994582157708336, 6.893475831945628 ] ] ] } },
{ "type": "Feature", "properties": { "id": "1853,3629", "grid_id": "1853,3629" }, "geometry": { "type": "Polygon", "coordinates": [ [ [ 79.996482731022979, 6.893479828954118 ], [ 79.998383305465083, 6.893483818402842 ], [ 79.998379316702639, 6.895383187207212 ], [ 79.996478734694918, 6.895379196649009 ], [ 79.996482731022979, 6.893479828954118 ] ] ] } },
{ "type": "Feature", "properties": { "id": "1854,3629", "grid_id": "1854,3629" }, "geometry": { "type": "Polygon", "coordinates": [ [ [ 79.998383305465083, 6.893483818402842 ], [ 80.000283881032516, 6.893487800291779 ], [ 80.000279899835689, 6.895387170203525 ], [ 79.998379316702639, 6.895383187207212 ], [ 79.998383305465083, 6.893483818402842 ] ] ] } },
{ "type": "Feature", "properties": { "id": "1855,3629", "grid_id": "1855,3629" }, "geometry": { "type": "Polygon", "coordinates": [ [ [ 80.000283881032516, 6.893487800291779 ], [ 80.002184457723118, 6.893491774620904 ], [ 80.002180484091966, 6.895391145637927 ], [ 80.000279899835689, 6.895387170203525 ], [ 80.000283881032516, 6.893487800291779 ] ] ] } },
{ "type": "Feature", "properties": { "id": "1856,3629", "grid_id": "1856,3629" }, "geometry": { "type": "Polygon", "coordinates": [ [ [ 80.002184457723118, 6.893491774620904 ], [ 80.004085035534786, 6.8934957413902 ], [ 80.004081069469308, 6.895395113510394 ], [ 80.002180484091966, 6.895391145637927 ], [ 80.002184457723118, 6.893491774620904 ] ] ] } },
{ "type": "Feature", "properties": { "id": "1857,3629", "grid_id": "1857,3629" }, "geometry": { "type": "Polygon", "coordinates": [ [ [ 80.004085035534786, 6.8934957413902 ], [ 80.005985614465374, 6.893499700599643 ], [ 80.005981655965584, 6.895399073820904 ], [ 80.004081069469308, 6.895395113510394 ], [ 80.004085035534786, 6.8934957413902 ] ] ] } },
{ "type": "Feature", "properties": { "id": "1858,3629", "grid_id": "1858,3629" }, "geometry": { "type": "Polygon", "coordinates": [ [ [ 80.005985614465374, 6.893499700599643 ], [ 80.00788619451275, 6.893503652249208 ], [ 80.007882243578678, 6.895403026569438 ], [ 80.005981655965584, 6.895399073820904 ], [ 80.005985614465374, 6.893499700599643 ] ] ] } },
{ "type": "Feature", "properties": { "id": "1859,3629", "grid_id": "1859,3629" }, "geometry": { "type": "Polygon", "coordinates": [ [ [ 80.00788619451275, 6.893503652249208 ], [ 80.009786775674769, 6.893507596338878 ], [ 80.009782832306442, 6.895406971755975 ], [ 80.007882243578678, 6.895403026569438 ], [ 80.00788619451275, 6.893503652249208 ] ] ] } },
{ "type": "Feature", "properties": { "id": "1860,3629", "grid_id": "1860,3629" }, "geometry": { "type": "Polygon", "coordinates": [ [ [ 80.009786775674769, 6.893507596338878 ], [ 80.011687357949313, 6.893511532868631 ], [ 80.011683422146746, 6.895410909380488 ], [ 80.009782832306442, 6.895406971755975 ], [ 80.009786775674769, 6.893507596338878 ] ] ] } },
{ "type": "Feature", "properties": { "id": "1861,3629", "grid_id": "1861,3629" }, "geometry": { "type": "Polygon", "coordinates": [ [ [ 80.011687357949313, 6.893511532868631 ], [ 80.013587941334222, 6.893515461838444 ], [ 80.013584013097443, 6.895414839442961 ], [ 80.011683422146746, 6.895410909380488 ], [ 80.011687357949313, 6.893511532868631 ] ] ] } },
{ "type": "Feature", "properties": { "id": "1862,3629", "grid_id": "1862,3629" }, "geometry": { "type": "Polygon", "coordinates": [ [ [ 80.013587941334222, 6.893515461838444 ], [ 80.015488525827379, 6.893519383248294 ], [ 80.015484605156416, 6.895418761943369 ], [ 80.013584013097443, 6.895414839442961 ], [ 80.013587941334222, 6.893515461838444 ] ] ] } },
{ "type": "Feature", "properties": { "id": "1863,3629", "grid_id": "1863,3629" }, "geometry": { "type": "Polygon", "coordinates": [ [ [ 80.015488525827379, 6.893519383248294 ], [ 80.017389111426667, 6.893523297098163 ], [ 80.017385198321534, 6.895422676881692 ], [ 80.015484605156416, 6.895418761943369 ], [ 80.015488525827379, 6.893519383248294 ] ] ] } },
{ "type": "Feature", "properties": { "id": "1864,3629", "grid_id": "1864,3629" }, "geometry": { "type": "Polygon", "coordinates": [ [ [ 80.017389111426667, 6.893523297098163 ], [ 80.019289698129924, 6.893527203388026 ], [ 80.019285792590637, 6.895426584257908 ], [ 80.017385198321534, 6.895422676881692 ], [ 80.017389111426667, 6.893523297098163 ] ] ] } },
{ "type": "Feature", "properties": { "id": "1865,3629", "grid_id": "1865,3629" }, "geometry": { "type": "Polygon", "coordinates": [ [ [ 80.019289698129924, 6.893527203388026 ], [ 80.02119028593502, 6.893531102117866 ], [ 80.021186387961606, 6.895430484071997 ], [ 80.019285792590637, 6.895426584257908 ], [ 80.019289698129924, 6.893527203388026 ] ] ] } },
{ "type": "Feature", "properties": { "id": "1866,3629", "grid_id": "1866,3629" }, "geometry": { "type": "Polygon", "coordinates": [ [ [ 80.02119028593502, 6.893531102117866 ], [ 80.023090874839838, 6.893534993287657 ], [ 80.023086984432311, 6.895434376323938 ], [ 80.021186387961606, 6.895430484071997 ], [ 80.02119028593502, 6.893531102117866 ] ] ] } },
{ "type": "Feature", "properties": { "id": "1867,3629", "grid_id": "1867,3629" }, "geometry": { "type": "Polygon", "coordinates": [ [ [ 80.023090874839838, 6.893534993287657 ], [ 80.024991464842216, 6.893538876897381 ], [ 80.024987582000605, 6.895438261013704 ], [ 80.023086984432311, 6.895434376323938 ], [ 80.023090874839838, 6.893534993287657 ] ] ] } },
{ "type": "Feature", "properties": { "id": "1868,3629", "grid_id": "1868,3629" }, "geometry": { "type": "Polygon", "coordinates": [ [ [ 80.024991464842216, 6.893538876897381 ], [ 80.026892055940039, 6.893542752947015 ], [ 80.026888180664372, 6.895442138141282 ], [ 80.024987582000605, 6.895438261013704 ], [ 80.024991464842216, 6.893538876897381 ] ] ] } },
{ "type": "Feature", "properties": { "id": "1869,3629", "grid_id": "1869,3629" }, "geometry": { "type": "Polygon", "coordinates": [ [ [ 80.026892055940039, 6.893542752947015 ], [ 80.028792648131159, 6.893546621436538 ], [ 80.028788780421451, 6.895446007706645 ], [ 80.026888180664372, 6.895442138141282 ], [ 80.026892055940039, 6.893542752947015 ] ] ] } },
{ "type": "Feature", "properties": { "id": "1870,3629", "grid_id": "1870,3629" }, "geometry": { "type": "Polygon", "coordinates": [ [ [ 80.028792648131159, 6.893546621436538 ], [ 80.030693241413459, 6.893550482365931 ], [ 80.030689381269724, 6.895449869709775 ], [ 80.028788780421451, 6.895446007706645 ], [ 80.028792648131159, 6.893546621436538 ] ] ] } },
{ "type": "Feature", "properties": { "id": "1871,3629", "grid_id": "1871,3629" }, "geometry": { "type": "Polygon", "coordinates": [ [ [ 80.030693241413459, 6.893550482365931 ], [ 80.032593835784809, 6.893554335735168 ], [ 80.032589983207075, 6.895453724150649 ], [ 80.030689381269724, 6.895449869709775 ], [ 80.030693241413459, 6.893550482365931 ] ] ] } },
{ "type": "Feature", "properties": { "id": "1872,3629", "grid_id": "1872,3629" }, "geometry": { "type": "Polygon", "coordinates": [ [ [ 80.032593835784809, 6.893554335735168 ], [ 80.034494431243047, 6.893558181544233 ], [ 80.034490586231328, 6.895457571029246 ], [ 80.032589983207075, 6.895453724150649 ], [ 80.032593835784809, 6.893554335735168 ] ] ] } },
{ "type": "Feature", "properties": { "id": "1873,3629", "grid_id": "1873,3629" }, "geometry": { "type": "Polygon", "coordinates": [ [ [ 80.034494431243047, 6.893558181544233 ], [ 80.036395027786043, 6.893562019793102 ], [ 80.036391190340382, 6.895461410345545 ], [ 80.034490586231328, 6.895457571029246 ], [ 80.034494431243047, 6.893558181544233 ] ] ] } },
{ "type": "Feature", "properties": { "id": "1808,3630", "grid_id": "1808,3630" }, "geometry": { "type": "Polygon", "coordinates": [ [ [ 79.91095374368804, 6.895191795335032 ], [ 79.912854272846218, 6.895196126155057 ], [ 79.912849942432345, 6.897095442798178 ], [ 79.910949405707456, 6.897091110774063 ], [ 79.91095374368804, 6.895191795335032 ] ] ] } },
{ "type": "Feature", "properties": { "id": "1809,3630", "grid_id": "1809,3630" }, "geometry": { "type": "Polygon", "coordinates": [ [ [ 79.912854272846218, 6.895196126155057 ], [ 79.914754803225776, 6.895200449414216 ], [ 79.914750480378629, 6.897099767259324 ], [ 79.912849942432345, 6.897095442798178 ], [ 79.912854272846218, 6.895196126155057 ] ] ] } },
{ "type": "Feature", "properties": { "id": "1810,3630", "grid_id": "1810,3630" }, "geometry": { "type": "Polygon", "coordinates": [ [ [ 79.914754803225776, 6.895200449414216 ], [ 79.916655334824583, 6.895204765112487 ], [ 79.91665101954419, 6.897104084157479 ], [ 79.914750480378629, 6.897099767259324 ], [ 79.914754803225776, 6.895200449414216 ] ] ] } },
{ "type": "Feature", "properties": { "id": "1811,3630", "grid_id": "1811,3630" }, "geometry": { "type": "Polygon", "coordinates": [ [ [ 79.916655334824583, 6.895204765112487 ], [ 79.918555867640507, 6.895209073249843 ], [ 79.918551559926911, 6.897108393492618 ], [ 79.91665101954419, 6.897104084157479 ], [ 79.916655334824583, 6.895204765112487 ] ] ] } },
{ "type": "Feature", "properties": { "id": "1812,3630", "grid_id": "1812,3630" }, "geometry": { "type": "Polygon", "coordinates": [ [ [ 79.918555867640507, 6.895209073249843 ], [ 79.92045640167143, 6.895213373826262 ], [ 79.920452101524631, 6.897112695264718 ], [ 79.918551559926911, 6.897108393492618 ], [ 79.918555867640507, 6.895209073249843 ] ] ] } },
{ "type": "Feature", "properties": { "id": "1813,3630", "grid_id": "1813,3630" }, "geometry": { "type": "Polygon", "coordinates": [ [ [ 79.92045640167143, 6.895213373826262 ], [ 79.922356936915193, 6.89521766684172 ], [ 79.922352644335234, 6.897116989473754 ], [ 79.920452101524631, 6.897112695264718 ], [ 79.92045640167143, 6.895213373826262 ] ] ] } },
{ "type": "Feature", "properties": { "id": "1814,3630", "grid_id": "1814,3630" }, "geometry": { "type": "Polygon", "coordinates": [ [ [ 79.922356936915193, 6.89521766684172 ], [ 79.924257473369678, 6.895221952296195 ], [ 79.924253188356573, 6.897121276119705 ], [ 79.922352644335234, 6.897116989473754 ], [ 79.922356936915193, 6.89521766684172 ] ] ] } },
{ "type": "Feature", "properties": { "id": "1815,3630", "grid_id": "1815,3630" }, "geometry": { "type": "Polygon", "coordinates": [ [ [ 79.924257473369678, 6.895221952296195 ], [ 79.926158011032754, 6.895226230189663 ], [ 79.926153733586503, 6.897125555202547 ], [ 79.924253188356573, 6.897121276119705 ], [ 79.924257473369678, 6.895221952296195 ] ] ] } },
{ "type": "Feature", "properties": { "id": "1816,3630", "grid_id": "1816,3630" }, "geometry": { "type": "Polygon", "coordinates": [ [ [ 79.926158011032754, 6.895226230189663 ], [ 79.928058549902261, 6.895230500522099 ], [ 79.92805428002292, 6.897129826722255 ], [ 79.926153733586503, 6.897125555202547 ], [ 79.926158011032754, 6.895226230189663 ] ] ] } },
{ "type": "Feature", "properties": { "id": "1817,3630", "grid_id": "1817,3630" }, "geometry": { "type": "Polygon", "coordinates": [ [ [ 79.928058549902261, 6.895230500522099 ], [ 79.929959089976094, 6.895234763293481 ], [ 79.929954827663678, 6.897134090678807 ], [ 79.92805428002292, 6.897129826722255 ], [ 79.928058549902261, 6.895230500522099 ] ] ] } },
{ "type": "Feature", "properties": { "id": "1818,3630", "grid_id": "1818,3630" }, "geometry": { "type": "Polygon", "coordinates": [ [ [ 79.929959089976094, 6.895234763293481 ], [ 79.931859631252109, 6.895239018503785 ], [ 79.931855376506633, 6.897138347072179 ], [ 79.929954827663678, 6.897134090678807 ], [ 79.929959089976094, 6.895234763293481 ] ] ] } },
{ "type": "Feature", "properties": { "id": "1819,3630", "grid_id": "1819,3630" }, "geometry": { "type": "Polygon", "coordinates": [ [ [ 79.931859631252109, 6.895239018503785 ], [ 79.93376017372816, 6.895243266152989 ], [ 79.933755926549665, 6.897142595902348 ], [ 79.931855376506633, 6.897138347072179 ], [ 79.931859631252109, 6.895239018503785 ] ] ] } },
{ "type": "Feature", "properties": { "id": "1820,3630", "grid_id": "1820,3630" }, "geometry": { "type": "Polygon", "coordinates": [ [ [ 79.93376017372816, 6.895243266152989 ], [ 79.935660717402115, 6.895247506241067 ], [ 79.935656477790616, 6.897146837169291 ], [ 79.933755926549665, 6.897142595902348 ], [ 79.93376017372816, 6.895243266152989 ] ] ] } },
{ "type": "Feature", "properties": { "id": "1821,3630", "grid_id": "1821,3630" }, "geometry": { "type": "Polygon", "coordinates": [ [ [ 79.935660717402115, 6.895247506241067 ], [ 79.937561262271856, 6.895251738768 ], [ 79.937557030227381, 6.897151070872983 ], [ 79.935656477790616, 6.897146837169291 ], [ 79.935660717402115, 6.895247506241067 ] ] ] } },
{ "type": "Feature", "properties": { "id": "1822,3630", "grid_id": "1822,3630" }, "geometry": { "type": "Polygon", "coordinates": [ [ [ 79.937561262271856, 6.895251738768 ], [ 79.939461808335238, 6.89525596373376 ], [ 79.939457583857816, 6.897155297013403 ], [ 79.937557030227381, 6.897151070872983 ], [ 79.937561262271856, 6.895251738768 ] ] ] } },
{ "type": "Feature", "properties": { "id": "1823,3630", "grid_id": "1823,3630" }, "geometry": { "type": "Polygon", "coordinates": [ [ [ 79.939461808335238, 6.89525596373376 ], [ 79.941362355590144, 6.895260181138328 ], [ 79.941358138679774, 6.897159515590526 ], [ 79.939457583857816, 6.897155297013403 ], [ 79.939461808335238, 6.89525596373376 ] ] ] } },
{ "type": "Feature", "properties": { "id": "1824,3630", "grid_id": "1824,3630" }, "geometry": { "type": "Polygon", "coordinates": [ [ [ 79.941362355590144, 6.895260181138328 ], [ 79.943262904034412, 6.895264390981677 ], [ 79.943258694691124, 6.897163726604331 ], [ 79.941358138679774, 6.897159515590526 ], [ 79.941362355590144, 6.895260181138328 ] ] ] } },
{ "type": "Feature", "properties": { "id": "1825,3630", "grid_id": "1825,3630" }, "geometry": { "type": "Polygon", "coordinates": [ [ [ 79.943262904034412, 6.895264390981677 ], [ 79.945163453665927, 6.895268593263789 ], [ 79.945159251889763, 6.897167930054794 ], [ 79.943258694691124, 6.897163726604331 ], [ 79.943262904034412, 6.895264390981677 ] ] ] } },
{ "type": "Feature", "properties": { "id": "1826,3630", "grid_id": "1826,3630" }, "geometry": { "type": "Polygon", "coordinates": [ [ [ 79.945163453665927, 6.895268593263789 ], [ 79.947064004482556, 6.895272787984637 ], [ 79.947059810273501, 6.897172125941892 ], [ 79.945159251889763, 6.897167930054794 ], [ 79.945163453665927, 6.895268593263789 ] ] ] } },
{ "type": "Feature", "properties": { "id": "1827,3630", "grid_id": "1827,3630" }, "geometry": { "type": "Polygon", "coordinates": [ [ [ 79.947064004482556, 6.895272787984637 ], [ 79.948964556482139, 6.895276975144198 ], [ 79.94896036984025, 6.897176314265601 ], [ 79.947059810273501, 6.897172125941892 ], [ 79.947064004482556, 6.895272787984637 ] ] ] } },
{ "type": "Feature", "properties": { "id": "1828,3630", "grid_id": "1828,3630" }, "geometry": { "type": "Polygon", "coordinates": [ [ [ 79.948964556482139, 6.895276975144198 ], [ 79.950865109662558, 6.895281154742452 ], [ 79.950860930587865, 6.897180495025901 ], [ 79.94896036984025, 6.897176314265601 ], [ 79.948964556482139, 6.895276975144198 ] ] ] } },
{ "type": "Feature", "properties": { "id": "1829,3630", "grid_id": "1829,3630" }, "geometry": { "type": "Polygon", "coordinates": [ [ [ 79.950865109662558, 6.895281154742452 ], [ 79.952765664021697, 6.895285326779373 ], [ 79.952761492514199, 6.897184668222765 ], [ 79.950860930587865, 6.897180495025901 ], [ 79.950865109662558, 6.895281154742452 ] ] ] } },
{ "type": "Feature", "properties": { "id": "1830,3630", "grid_id": "1830,3630" }, "geometry": { "type": "Polygon", "coordinates": [ [ [ 79.952765664021697, 6.895285326779373 ], [ 79.954666219557396, 6.89528949125494 ], [ 79.954662055617121, 6.897188833856175 ], [ 79.952761492514199, 6.897184668222765 ], [ 79.952765664021697, 6.895285326779373 ] ] ] } },
{ "type": "Feature", "properties": { "id": "1831,3630", "grid_id": "1831,3630" }, "geometry": { "type": "Polygon", "coordinates": [ [ [ 79.954666219557396, 6.89528949125494 ], [ 79.956566776267536, 6.89529364816913 ], [ 79.956562619894498, 6.897192991926103 ], [ 79.954662055617121, 6.897188833856175 ], [ 79.954666219557396, 6.89528949125494 ] ] ] } },
{ "type": "Feature", "properties": { "id": "1832,3630", "grid_id": "1832,3630" }, "geometry": { "type": "Polygon", "coordinates": [ [ [ 79.956566776267536, 6.89529364816913 ], [ 79.958467334149958, 6.895297797521918 ], [ 79.958463185344215, 6.897197142432529 ], [ 79.956562619894498, 6.897192991926103 ], [ 79.956566776267536, 6.89529364816913 ] ] ] } },
{ "type": "Feature", "properties": { "id": "1833,3630", "grid_id": "1833,3630" }, "geometry": { "type": "Polygon", "coordinates": [ [ [ 79.958467334149958, 6.895297797521918 ], [ 79.960367893202559, 6.895301939313287 ], [ 79.96036375196411, 6.89720128537543 ], [ 79.958463185344215, 6.897197142432529 ], [ 79.958467334149958, 6.895297797521918 ] ] ] } },
{ "type": "Feature", "properties": { "id": "1834,3630", "grid_id": "1834,3630" }, "geometry": { "type": "Polygon", "coordinates": [ [ [ 79.960367893202559, 6.895301939313287 ], [ 79.962268453423206, 6.895306073543208 ], [ 79.962264319752066, 6.897205420754783 ], [ 79.96036375196411, 6.89720128537543 ], [ 79.960367893202559, 6.895301939313287 ] ] ] } },
{ "type": "Feature", "properties": { "id": "1835,3630", "grid_id": "1835,3630" }, "geometry": { "type": "Polygon", "coordinates": [ [ [ 79.962268453423206, 6.895306073543208 ], [ 79.964169014809727, 6.89531020021166 ], [ 79.964164888705938, 6.897209548570566 ], [ 79.962264319752066, 6.897205420754783 ], [ 79.962268453423206, 6.895306073543208 ] ] ] } },
{ "type": "Feature", "properties": { "id": "1836,3630", "grid_id": "1836,3630" }, "geometry": { "type": "Polygon", "coordinates": [ [ [ 79.964169014809727, 6.89531020021166 ], [ 79.966069577360031, 6.895314319318624 ], [ 79.966065458823607, 6.897213668822755 ], [ 79.964164888705938, 6.897209548570566 ], [ 79.964169014809727, 6.89531020021166 ] ] ] } },
{ "type": "Feature", "properties": { "id": "1837,3630", "grid_id": "1837,3630" }, "geometry": { "type": "Polygon", "coordinates": [ [ [ 79.966069577360031, 6.895314319318624 ], [ 79.967970141071959, 6.895318430864073 ], [ 79.9679660301029, 6.897217781511331 ], [ 79.966065458823607, 6.897213668822755 ], [ 79.966069577360031, 6.895314319318624 ] ] ] } },
{ "type": "Feature", "properties": { "id": "1838,3630", "grid_id": "1838,3630" }, "geometry": { "type": "Polygon", "coordinates": [ [ [ 79.967970141071959, 6.895318430864073 ], [ 79.969870705943364, 6.895322534847987 ], [ 79.969866602541742, 6.897221886636265 ], [ 79.9679660301029, 6.897217781511331 ], [ 79.967970141071959, 6.895318430864073 ] ] ] } },
{ "type": "Feature", "properties": { "id": "1839,3630", "grid_id": "1839,3630" }, "geometry": { "type": "Polygon", "coordinates": [ [ [ 79.969870705943364, 6.895322534847987 ], [ 79.971771271972145, 6.895326631270342 ], [ 79.971767176137945, 6.897225984197542 ], [ 79.969866602541742, 6.897221886636265 ], [ 79.969870705943364, 6.895322534847987 ] ] ] } },
{ "type": "Feature", "properties": { "id": "1840,3630", "grid_id": "1840,3630" }, "geometry": { "type": "Polygon", "coordinates": [ [ [ 79.971771271972145, 6.895326631270342 ], [ 79.973671839156154, 6.895330720131116 ], [ 79.973667750889405, 6.897230074195135 ], [ 79.971767176137945, 6.897225984197542 ], [ 79.971771271972145, 6.895326631270342 ] ] ] } },
{ "type": "Feature", "properties": { "id": "1841,3630", "grid_id": "1841,3630" }, "geometry": { "type": "Polygon", "coordinates": [ [ [ 79.973671839156154, 6.895330720131116 ], [ 79.975572407493246, 6.895334801430287 ], [ 79.975568326793976, 6.897234156629023 ], [ 79.973667750889405, 6.897230074195135 ], [ 79.973671839156154, 6.895330720131116 ] ] ] } },
{ "type": "Feature", "properties": { "id": "1842,3630", "grid_id": "1842,3630" }, "geometry": { "type": "Polygon", "coordinates": [ [ [ 79.975572407493246, 6.895334801430287 ], [ 79.977472976981304, 6.895338875167834 ], [ 79.977468903849527, 6.897238231499181 ], [ 79.975568326793976, 6.897234156629023 ], [ 79.975572407493246, 6.895334801430287 ] ] ] } },
{ "type": "Feature", "properties": { "id": "1843,3630", "grid_id": "1843,3630" }, "geometry": { "type": "Polygon", "coordinates": [ [ [ 79.977472976981304, 6.895338875167834 ], [ 79.979373547618167, 6.895342941343731 ], [ 79.97936948205394, 6.897242298805591 ], [ 79.977468903849527, 6.897238231499181 ], [ 79.977472976981304, 6.895338875167834 ] ] ] } },
{ "type": "Feature", "properties": { "id": "1844,3630", "grid_id": "1844,3630" }, "geometry": { "type": "Polygon", "coordinates": [ [ [ 79.979373547618167, 6.895342941343731 ], [ 79.981274119401746, 6.89534699995796 ], [ 79.981270061405041, 6.897246358548228 ], [ 79.97936948205394, 6.897242298805591 ], [ 79.979373547618167, 6.895342941343731 ] ] ] } },
{ "type": "Feature", "properties": { "id": "1845,3630", "grid_id": "1845,3630" }, "geometry": { "type": "Polygon", "coordinates": [ [ [ 79.981274119401746, 6.89534699995796 ], [ 79.983174692329868, 6.895351051010496 ], [ 79.983170641900728, 6.897250410727071 ], [ 79.981270061405041, 6.897246358548228 ], [ 79.981274119401746, 6.89534699995796 ] ] ] } },
{ "type": "Feature", "properties": { "id": "1846,3630", "grid_id": "1846,3630" }, "geometry": { "type": "Polygon", "coordinates": [ [ [ 79.983174692329868, 6.895351051010496 ], [ 79.985075266400401, 6.895355094501319 ], [ 79.985071223538867, 6.897254455342098 ], [ 79.983170641900728, 6.897250410727071 ], [ 79.983174692329868, 6.895351051010496 ] ] ] } },
{ "type": "Feature", "properties": { "id": "1847,3630", "grid_id": "1847,3630" }, "geometry": { "type": "Polygon", "coordinates": [ [ [ 79.985075266400401, 6.895355094501319 ], [ 79.986975841611226, 6.895359130430404 ], [ 79.9869718063173, 6.897258492393284 ], [ 79.985071223538867, 6.897254455342098 ], [ 79.985075266400401, 6.895355094501319 ] ] ] } },
{ "type": "Feature", "properties": { "id": "1848,3630", "grid_id": "1848,3630" }, "geometry": { "type": "Polygon", "coordinates": [ [ [ 79.986975841611226, 6.895359130430404 ], [ 79.988876417960199, 6.89536315879773 ], [ 79.988872390233894, 6.89726252188061 ], [ 79.9869718063173, 6.897258492393284 ], [ 79.986975841611226, 6.895359130430404 ] ] ] } },
{ "type": "Feature", "properties": { "id": "1849,3630", "grid_id": "1849,3630" }, "geometry": { "type": "Polygon", "coordinates": [ [ [ 79.988876417960199, 6.89536315879773 ], [ 79.990776995445202, 6.895367179603276 ], [ 79.990772975286546, 6.897266543804053 ], [ 79.988872390233894, 6.89726252188061 ], [ 79.988876417960199, 6.89536315879773 ] ] ] } },
{ "type": "Feature", "properties": { "id": "1850,3630", "grid_id": "1850,3630" }, "geometry": { "type": "Polygon", "coordinates": [ [ [ 79.990776995445202, 6.895367179603276 ], [ 79.992677574064061, 6.895371192847019 ], [ 79.992673561473097, 6.89727055816359 ], [ 79.990772975286546, 6.897266543804053 ], [ 79.990776995445202, 6.895367179603276 ] ] ] } },
{ "type": "Feature", "properties": { "id": "1851,3630", "grid_id": "1851,3630" }, "geometry": { "type": "Polygon", "coordinates": [ [ [ 79.992677574064061, 6.895371192847019 ], [ 79.994578153814686, 6.895375198528938 ], [ 79.994574148791415, 6.897274564959202 ], [ 79.992673561473097, 6.89727055816359 ], [ 79.992677574064061, 6.895371192847019 ] ] ] } },
{ "type": "Feature", "properties": { "id": "1852,3630", "grid_id": "1852,3630" }, "geometry": { "type": "Polygon", "coordinates": [ [ [ 79.994578153814686, 6.895375198528938 ], [ 79.996478734694918, 6.895379196649009 ], [ 79.996474737239382, 6.897278564190864 ], [ 79.994574148791415, 6.897274564959202 ], [ 79.994578153814686, 6.895375198528938 ] ] ] } },
{ "type": "Feature", "properties": { "id": "1853,3630", "grid_id": "1853,3630" }, "geometry": { "type": "Polygon", "coordinates": [ [ [ 79.996478734694918, 6.895379196649009 ], [ 79.998379316702639, 6.895383187207212 ], [ 79.998375326814838, 6.897282555858555 ], [ 79.996474737239382, 6.897278564190864 ], [ 79.996478734694918, 6.895379196649009 ] ] ] } },
{ "type": "Feature", "properties": { "id": "1854,3630", "grid_id": "1854,3630" }, "geometry": { "type": "Polygon", "coordinates": [ [ [ 79.998379316702639, 6.895383187207212 ], [ 80.000279899835689, 6.895387170203525 ], [ 80.000275917515665, 6.897286539962252 ], [ 79.998375326814838, 6.897282555858555 ], [ 79.998379316702639, 6.895383187207212 ] ] ] } },
{ "type": "Feature", "properties": { "id": "1855,3630", "grid_id": "1855,3630" }, "geometry": { "type": "Polygon", "coordinates": [ [ [ 80.000279899835689, 6.895387170203525 ], [ 80.002180484091966, 6.895391145637927 ], [ 80.002176509339733, 6.897290516501936 ], [ 80.000275917515665, 6.897286539962252 ], [ 80.000279899835689, 6.895387170203525 ] ] ] } },
{ "type": "Feature", "properties": { "id": "1856,3630", "grid_id": "1856,3630" }, "geometry": { "type": "Polygon", "coordinates": [ [ [ 80.002180484091966, 6.895391145637927 ], [ 80.004081069469308, 6.895395113510394 ], [ 80.004077102284882, 6.897294485477586 ], [ 80.002176509339733, 6.897290516501936 ], [ 80.002180484091966, 6.895391145637927 ] ] ] } },
{ "type": "Feature", "properties": { "id": "1857,3630", "grid_id": "1857,3630" }, "geometry": { "type": "Polygon", "coordinates": [ [ [ 80.004081069469308, 6.895395113510394 ], [ 80.005981655965584, 6.895399073820904 ], [ 80.005977696348992, 6.897298446889173 ], [ 80.004077102284882, 6.897294485477586 ], [ 80.004081069469308, 6.895395113510394 ] ] ] } },
{ "type": "Feature", "properties": { "id": "1858,3630", "grid_id": "1858,3630" }, "geometry": { "type": "Polygon", "coordinates": [ [ [ 80.005981655965584, 6.895399073820904 ], [ 80.007882243578678, 6.895403026569438 ], [ 80.007878291529934, 6.897302400736684 ], [ 80.005977696348992, 6.897298446889173 ], [ 80.005981655965584, 6.895399073820904 ] ] ] } },
{ "type": "Feature", "properties": { "id": "1859,3630", "grid_id": "1859,3630" }, "geometry": { "type": "Polygon", "coordinates": [ [ [ 80.007882243578678, 6.895403026569438 ], [ 80.009782832306442, 6.895406971755975 ], [ 80.009778887825576, 6.89730634702009 ], [ 80.007878291529934, 6.897302400736684 ], [ 80.007882243578678, 6.895403026569438 ] ] ] } },
{ "type": "Feature", "properties": { "id": "1860,3630", "grid_id": "1860,3630" }, "geometry": { "type": "Polygon", "coordinates": [ [ [ 80.009782832306442, 6.895406971755975 ], [ 80.011683422146746, 6.895410909380488 ], [ 80.01167948523377, 6.897310285739376 ], [ 80.009778887825576, 6.89730634702009 ], [ 80.009782832306442, 6.895406971755975 ] ] ] } },
{ "type": "Feature", "properties": { "id": "1861,3630", "grid_id": "1861,3630" }, "geometry": { "type": "Polygon", "coordinates": [ [ [ 80.011683422146746, 6.895410909380488 ], [ 80.013584013097443, 6.895414839442961 ], [ 80.013580083752402, 6.897314216894515 ], [ 80.01167948523377, 6.897310285739376 ], [ 80.011683422146746, 6.895410909380488 ] ] ] } },
{ "type": "Feature", "properties": { "id": "1862,3630", "grid_id": "1862,3630" }, "geometry": { "type": "Polygon", "coordinates": [ [ [ 80.013584013097443, 6.895414839442961 ], [ 80.015484605156416, 6.895418761943369 ], [ 80.015480683379323, 6.897318140485489 ], [ 80.013580083752402, 6.897314216894515 ], [ 80.013584013097443, 6.895414839442961 ] ] ] } },
{ "type": "Feature", "properties": { "id": "1863,3630", "grid_id": "1863,3630" }, "geometry": { "type": "Polygon", "coordinates": [ [ [ 80.015484605156416, 6.895418761943369 ], [ 80.017385198321534, 6.895422676881692 ], [ 80.017381284112389, 6.897322056512277 ], [ 80.015480683379323, 6.897318140485489 ], [ 80.015484605156416, 6.895418761943369 ] ] ] } },
{ "type": "Feature", "properties": { "id": "1864,3630", "grid_id": "1864,3630" }, "geometry": { "type": "Polygon", "coordinates": [ [ [ 80.017385198321534, 6.895422676881692 ], [ 80.019285792590637, 6.895426584257908 ], [ 80.019281885949482, 6.897325964974855 ], [ 80.017381284112389, 6.897322056512277 ], [ 80.017385198321534, 6.895422676881692 ] ] ] } },
{ "type": "Feature", "properties": { "id": "1865,3630", "grid_id": "1865,3630" }, "geometry": { "type": "Polygon", "coordinates": [ [ [ 80.019285792590637, 6.895426584257908 ], [ 80.021186387961606, 6.895430484071997 ], [ 80.021182488888456, 6.897329865873201 ], [ 80.019281885949482, 6.897325964974855 ], [ 80.019285792590637, 6.895426584257908 ] ] ] } },
{ "type": "Feature", "properties": { "id": "1866,3630", "grid_id": "1866,3630" }, "geometry": { "type": "Polygon", "coordinates": [ [ [ 80.021186387961606, 6.895430484071997 ], [ 80.023086984432311, 6.895434376323938 ], [ 80.023083092927195, 6.897333759207297 ], [ 80.021182488888456, 6.897329865873201 ], [ 80.021186387961606, 6.895430484071997 ] ] ] } },
{ "type": "Feature", "properties": { "id": "1867,3630", "grid_id": "1867,3630" }, "geometry": { "type": "Polygon", "coordinates": [ [ [ 80.023086984432311, 6.895434376323938 ], [ 80.024987582000605, 6.895438261013704 ], [ 80.024983698063537, 6.897337644977119 ], [ 80.023083092927195, 6.897333759207297 ], [ 80.023086984432311, 6.895434376323938 ] ] ] } },
{ "type": "Feature", "properties": { "id": "1868,3630", "grid_id": "1868,3630" }, "geometry": { "type": "Polygon", "coordinates": [ [ [ 80.024987582000605, 6.895438261013704 ], [ 80.026888180664372, 6.895442138141282 ], [ 80.026884304295379, 6.897341523182646 ], [ 80.024983698063537, 6.897337644977119 ], [ 80.024987582000605, 6.895438261013704 ] ] ] } },
{ "type": "Feature", "properties": { "id": "1869,3630", "grid_id": "1869,3630" }, "geometry": { "type": "Polygon", "coordinates": [ [ [ 80.026888180664372, 6.895442138141282 ], [ 80.028788780421451, 6.895446007706645 ], [ 80.028784911620548, 6.897345393823858 ], [ 80.026884304295379, 6.897341523182646 ], [ 80.026888180664372, 6.895442138141282 ] ] ] } },
{ "type": "Feature", "properties": { "id": "1870,3630", "grid_id": "1870,3630" }, "geometry": { "type": "Polygon", "coordinates": [ [ [ 80.028788780421451, 6.895446007706645 ], [ 80.030689381269724, 6.895449869709775 ], [ 80.03068552003694, 6.897349256900733 ], [ 80.028784911620548, 6.897345393823858 ], [ 80.028788780421451, 6.895446007706645 ] ] ] } },
{ "type": "Feature", "properties": { "id": "1871,3630", "grid_id": "1871,3630" }, "geometry": { "type": "Polygon", "coordinates": [ [ [ 80.030689381269724, 6.895449869709775 ], [ 80.032589983207075, 6.895453724150649 ], [ 80.032586129542423, 6.897353112413251 ], [ 80.03068552003694, 6.897349256900733 ], [ 80.030689381269724, 6.895449869709775 ] ] ] } },
{ "type": "Feature", "properties": { "id": "1872,3630", "grid_id": "1872,3630" }, "geometry": { "type": "Polygon", "coordinates": [ [ [ 80.032589983207075, 6.895453724150649 ], [ 80.034490586231328, 6.895457571029246 ], [ 80.034486740134838, 6.897356960361389 ], [ 80.032586129542423, 6.897353112413251 ], [ 80.032589983207075, 6.895453724150649 ] ] ] } },
{ "type": "Feature", "properties": { "id": "1873,3630", "grid_id": "1873,3630" }, "geometry": { "type": "Polygon", "coordinates": [ [ [ 80.034490586231328, 6.895457571029246 ], [ 80.036391190340382, 6.895461410345545 ], [ 80.036387351812067, 6.897360800745126 ], [ 80.034486740134838, 6.897356960361389 ], [ 80.034490586231328, 6.895457571029246 ] ] ] } },
{ "type": "Feature", "properties": { "id": "1807,3631", "grid_id": "1807,3631" }, "geometry": { "type": "Polygon", "coordinates": [ [ [ 79.909048870206121, 6.897086771187004 ], [ 79.910949405707456, 6.897091110774063 ], [ 79.910945066503331, 6.898990426059619 ], [ 79.909044523433167, 6.89898608526636 ], [ 79.909048870206121, 6.897086771187004 ] ] ] } },
{ "type": "Feature", "properties": { "id": "1808,3631", "grid_id": "1808,3631" }, "geometry": { "type": "Polygon", "coordinates": [ [ [ 79.910949405707456, 6.897091110774063 ], [ 79.912849942432345, 6.897095442798178 ], [ 79.912845610797049, 6.898994759287833 ], [ 79.910945066503331, 6.898990426059619 ], [ 79.910949405707456, 6.897091110774063 ] ] ] } },
{ "type": "Feature", "properties": { "id": "1809,3631", "grid_id": "1809,3631" }, "geometry": { "type": "Polygon", "coordinates": [ [ [ 79.912849942432345, 6.897095442798178 ], [ 79.914750480378629, 6.897099767259324 ], [ 79.914746156312219, 6.898999084950974 ], [ 79.912845610797049, 6.898994759287833 ], [ 79.912849942432345, 6.897095442798178 ] ] ] } },
{ "type": "Feature", "properties": { "id": "1810,3631", "grid_id": "1810,3631" }, "geometry": { "type": "Polygon", "coordinates": [ [ [ 79.914750480378629, 6.897099767259324 ], [ 79.91665101954419, 6.897104084157479 ], [ 79.91664670304668, 6.899003403049022 ], [ 79.914746156312219, 6.898999084950974 ], [ 79.914750480378629, 6.897099767259324 ] ] ] } },
{ "type": "Feature", "properties": { "id": "1811,3631", "grid_id": "1811,3631" }, "geometry": { "type": "Polygon", "coordinates": [ [ [ 79.91665101954419, 6.897104084157479 ], [ 79.918551559926911, 6.897108393492618 ], [ 79.918547250998301, 6.899007713581953 ], [ 79.91664670304668, 6.899003403049022 ], [ 79.91665101954419, 6.897104084157479 ] ] ] } },
{ "type": "Feature", "properties": { "id": "1812,3631", "grid_id": "1812,3631" }, "geometry": { "type": "Polygon", "coordinates": [ [ [ 79.918551559926911, 6.897108393492618 ], [ 79.920452101524631, 6.897112695264718 ], [ 79.920447800164965, 6.899012016549744 ], [ 79.918547250998301, 6.899007713581953 ], [ 79.918551559926911, 6.897108393492618 ] ] ] } },
{ "type": "Feature", "properties": { "id": "1813,3631", "grid_id": "1813,3631" }, "geometry": { "type": "Polygon", "coordinates": [ [ [ 79.920452101524631, 6.897112695264718 ], [ 79.922352644335234, 6.897116989473754 ], [ 79.922348350544524, 6.899016311952368 ], [ 79.920447800164965, 6.899012016549744 ], [ 79.920452101524631, 6.897112695264718 ] ] ] } },
{ "type": "Feature", "properties": { "id": "1814,3631", "grid_id": "1814,3631" }, "geometry": { "type": "Polygon", "coordinates": [ [ [ 79.922352644335234, 6.897116989473754 ], [ 79.924253188356573, 6.897121276119705 ], [ 79.924248902134849, 6.899020599789803 ], [ 79.922348350544524, 6.899016311952368 ], [ 79.922352644335234, 6.897116989473754 ] ] ] } },
{ "type": "Feature", "properties": { "id": "1815,3631", "grid_id": "1815,3631" }, "geometry": { "type": "Polygon", "coordinates": [ [ [ 79.924253188356573, 6.897121276119705 ], [ 79.926153733586503, 6.897125555202547 ], [ 79.926149454933793, 6.899024880062028 ], [ 79.924248902134849, 6.899020599789803 ], [ 79.924253188356573, 6.897121276119705 ] ] ] } },
{ "type": "Feature", "properties": { "id": "1816,3631", "grid_id": "1816,3631" }, "geometry": { "type": "Polygon", "coordinates": [ [ [ 79.926153733586503, 6.897125555202547 ], [ 79.92805428002292, 6.897129826722255 ], [ 79.928050008939252, 6.899029152769017 ], [ 79.926149454933793, 6.899024880062028 ], [ 79.926153733586503, 6.897125555202547 ] ] ] } },
{ "type": "Feature", "properties": { "id": "1817,3631", "grid_id": "1817,3631" }, "geometry": { "type": "Polygon", "coordinates": [ [ [ 79.92805428002292, 6.897129826722255 ], [ 79.929954827663678, 6.897134090678807 ], [ 79.929950564149067, 6.899033417910749 ], [ 79.928050008939252, 6.899029152769017 ], [ 79.92805428002292, 6.897129826722255 ] ] ] } },
{ "type": "Feature", "properties": { "id": "1818,3631", "grid_id": "1818,3631" }, "geometry": { "type": "Polygon", "coordinates": [ [ [ 79.929954827663678, 6.897134090678807 ], [ 79.931855376506633, 6.897138347072179 ], [ 79.931851120561092, 6.899037675487196 ], [ 79.929950564149067, 6.899033417910749 ], [ 79.929954827663678, 6.897134090678807 ] ] ] } },
{ "type": "Feature", "properties": { "id": "1819,3631", "grid_id": "1819,3631" }, "geometry": { "type": "Polygon", "coordinates": [ [ [ 79.931855376506633, 6.897138347072179 ], [ 79.933755926549665, 6.897142595902348 ], [ 79.933751678173238, 6.89904192549834 ], [ 79.931851120561092, 6.899037675487196 ], [ 79.931855376506633, 6.897138347072179 ] ] ] } },
{ "type": "Feature", "properties": { "id": "1820,3631", "grid_id": "1820,3631" }, "geometry": { "type": "Polygon", "coordinates": [ [ [ 79.933755926549665, 6.897142595902348 ], [ 79.935656477790616, 6.897146837169291 ], [ 79.935652236983316, 6.899046167944154 ], [ 79.933751678173238, 6.89904192549834 ], [ 79.933755926549665, 6.897142595902348 ] ] ] } },
{ "type": "Feature", "properties": { "id": "1821,3631", "grid_id": "1821,3631" }, "geometry": { "type": "Polygon", "coordinates": [ [ [ 79.935656477790616, 6.897146837169291 ], [ 79.937557030227381, 6.897151070872983 ], [ 79.937552796989237, 6.899050402824617 ], [ 79.935652236983316, 6.899046167944154 ], [ 79.935656477790616, 6.897146837169291 ] ] ] } },
{ "type": "Feature", "properties": { "id": "1822,3631", "grid_id": "1822,3631" }, "geometry": { "type": "Polygon", "coordinates": [ [ [ 79.937557030227381, 6.897151070872983 ], [ 79.939457583857816, 6.897155297013403 ], [ 79.939453358188842, 6.899054630139705 ], [ 79.937552796989237, 6.899050402824617 ], [ 79.937557030227381, 6.897151070872983 ] ] ] } },
{ "type": "Feature", "properties": { "id": "1823,3631", "grid_id": "1823,3631" }, "geometry": { "type": "Polygon", "coordinates": [ [ [ 79.939457583857816, 6.897155297013403 ], [ 79.941358138679774, 6.897159515590526 ], [ 79.941353920579999, 6.899058849889395 ], [ 79.939453358188842, 6.899054630139705 ], [ 79.939457583857816, 6.897155297013403 ] ] ] } },
{ "type": "Feature", "properties": { "id": "1824,3631", "grid_id": "1824,3631" }, "geometry": { "type": "Polygon", "coordinates": [ [ [ 79.941358138679774, 6.897159515590526 ], [ 79.943258694691124, 6.897163726604331 ], [ 79.943254484160576, 6.899063062073664 ], [ 79.941353920579999, 6.899058849889395 ], [ 79.941358138679774, 6.897159515590526 ] ] ] } },
{ "type": "Feature", "properties": { "id": "1825,3631", "grid_id": "1825,3631" }, "geometry": { "type": "Polygon", "coordinates": [ [ [ 79.943258694691124, 6.897163726604331 ], [ 79.945159251889763, 6.897167930054794 ], [ 79.945155048928441, 6.899067266692486 ], [ 79.943254484160576, 6.899063062073664 ], [ 79.943258694691124, 6.897163726604331 ] ] ] } },
{ "type": "Feature", "properties": { "id": "1826,3631", "grid_id": "1826,3631" }, "geometry": { "type": "Polygon", "coordinates": [ [ [ 79.945159251889763, 6.897167930054794 ], [ 79.947059810273501, 6.897172125941892 ], [ 79.947055614881464, 6.899071463745843 ], [ 79.945155048928441, 6.899067266692486 ], [ 79.945159251889763, 6.897167930054794 ] ] ] } },
{ "type": "Feature", "properties": { "id": "1827,3631", "grid_id": "1827,3631" }, "geometry": { "type": "Polygon", "coordinates": [ [ [ 79.947059810273501, 6.897172125941892 ], [ 79.94896036984025, 6.897176314265601 ], [ 79.948956182017497, 6.89907565323371 ], [ 79.947055614881464, 6.899071463745843 ], [ 79.947059810273501, 6.897172125941892 ] ] ] } },
{ "type": "Feature", "properties": { "id": "1828,3631", "grid_id": "1828,3631" }, "geometry": { "type": "Polygon", "coordinates": [ [ [ 79.94896036984025, 6.897176314265601 ], [ 79.950860930587865, 6.897180495025901 ], [ 79.950856750334424, 6.899079835156063 ], [ 79.948956182017497, 6.89907565323371 ], [ 79.94896036984025, 6.897176314265601 ] ] ] } },
{ "type": "Feature", "properties": { "id": "1829,3631", "grid_id": "1829,3631" }, "geometry": { "type": "Polygon", "coordinates": [ [ [ 79.950860930587865, 6.897180495025901 ], [ 79.952761492514199, 6.897184668222765 ], [ 79.952757319830098, 6.899084009512881 ], [ 79.950856750334424, 6.899079835156063 ], [ 79.950860930587865, 6.897180495025901 ] ] ] } },
{ "type": "Feature", "properties": { "id": "1830,3631", "grid_id": "1830,3631" }, "geometry": { "type": "Polygon", "coordinates": [ [ [ 79.952761492514199, 6.897184668222765 ], [ 79.954662055617121, 6.897188833856175 ], [ 79.954657890502389, 6.899088176304138 ], [ 79.952757319830098, 6.899084009512881 ], [ 79.952761492514199, 6.897184668222765 ] ] ] } },
{ "type": "Feature", "properties": { "id": "1831,3631", "grid_id": "1831,3631" }, "geometry": { "type": "Polygon", "coordinates": [ [ [ 79.954662055617121, 6.897188833856175 ], [ 79.956562619894498, 6.897192991926103 ], [ 79.956558462349165, 6.899092335529815 ], [ 79.954657890502389, 6.899088176304138 ], [ 79.954662055617121, 6.897188833856175 ] ] ] } },
{ "type": "Feature", "properties": { "id": "1832,3631", "grid_id": "1832,3631" }, "geometry": { "type": "Polygon", "coordinates": [ [ [ 79.956562619894498, 6.897192991926103 ], [ 79.958463185344215, 6.897197142432529 ], [ 79.958459035368278, 6.899096487189886 ], [ 79.956558462349165, 6.899092335529815 ], [ 79.956562619894498, 6.897192991926103 ] ] ] } },
{ "type": "Feature", "properties": { "id": "1833,3631", "grid_id": "1833,3631" }, "geometry": { "type": "Polygon", "coordinates": [ [ [ 79.958463185344215, 6.897197142432529 ], [ 79.96036375196411, 6.89720128537543 ], [ 79.960359609557599, 6.899100631284329 ], [ 79.958459035368278, 6.899096487189886 ], [ 79.958463185344215, 6.897197142432529 ] ] ] } },
{ "type": "Feature", "properties": { "id": "1834,3631", "grid_id": "1834,3631" }, "geometry": { "type": "Polygon", "coordinates": [ [ [ 79.96036375196411, 6.89720128537543 ], [ 79.962264319752066, 6.897205420754783 ], [ 79.96226018491501, 6.899104767813124 ], [ 79.960359609557599, 6.899100631284329 ], [ 79.96036375196411, 6.89720128537543 ] ] ] } },
{ "type": "Feature", "properties": { "id": "1835,3631", "grid_id": "1835,3631" }, "geometry": { "type": "Polygon", "coordinates": [ [ [ 79.962264319752066, 6.897205420754783 ], [ 79.964164888705938, 6.897209548570566 ], [ 79.96416076143835, 6.899108896776245 ], [ 79.96226018491501, 6.899104767813124 ], [ 79.962264319752066, 6.897205420754783 ] ] ] } },
{ "type": "Feature", "properties": { "id": "1836,3631", "grid_id": "1836,3631" }, "geometry": { "type": "Polygon", "coordinates": [ [ [ 79.964164888705938, 6.897209548570566 ], [ 79.966065458823607, 6.897213668822755 ], [ 79.966061339125503, 6.899113018173671 ], [ 79.96416076143835, 6.899108896776245 ], [ 79.964164888705938, 6.897209548570566 ] ] ] } },
{ "type": "Feature", "properties": { "id": "1837,3631", "grid_id": "1837,3631" }, "geometry": { "type": "Polygon", "coordinates": [ [ [ 79.966065458823607, 6.897213668822755 ], [ 79.9679660301029, 6.897217781511331 ], [ 79.967961917974336, 6.899117132005379 ], [ 79.966061339125503, 6.899113018173671 ], [ 79.966065458823607, 6.897213668822755 ] ] ] } },
{ "type": "Feature", "properties": { "id": "1838,3631", "grid_id": "1838,3631" }, "geometry": { "type": "Polygon", "coordinates": [ [ [ 79.9679660301029, 6.897217781511331 ], [ 79.969866602541742, 6.897221886636265 ], [ 79.969862497982717, 6.899121238271348 ], [ 79.967961917974336, 6.899117132005379 ], [ 79.9679660301029, 6.897217781511331 ] ] ] } },
{ "type": "Feature", "properties": { "id": "1839,3631", "grid_id": "1839,3631" }, "geometry": { "type": "Polygon", "coordinates": [ [ [ 79.969866602541742, 6.897221886636265 ], [ 79.971767176137945, 6.897225984197542 ], [ 79.971763079148502, 6.899125336971552 ], [ 79.969862497982717, 6.899121238271348 ], [ 79.969866602541742, 6.897221886636265 ] ] ] } },
{ "type": "Feature", "properties": { "id": "1840,3631", "grid_id": "1840,3631" }, "geometry": { "type": "Polygon", "coordinates": [ [ [ 79.971767176137945, 6.897225984197542 ], [ 79.973667750889405, 6.897230074195135 ], [ 79.973663661469544, 6.899129428105972 ], [ 79.971763079148502, 6.899125336971552 ], [ 79.971767176137945, 6.897225984197542 ] ] ] } },
{ "type": "Feature", "properties": { "id": "1841,3631", "grid_id": "1841,3631" }, "geometry": { "type": "Polygon", "coordinates": [ [ [ 79.973667750889405, 6.897230074195135 ], [ 79.975568326793976, 6.897234156629023 ], [ 79.975564244943726, 6.899133511674584 ], [ 79.973663661469544, 6.899129428105972 ], [ 79.973667750889405, 6.897230074195135 ] ] ] } },
{ "type": "Feature", "properties": { "id": "1842,3631", "grid_id": "1842,3631" }, "geometry": { "type": "Polygon", "coordinates": [ [ [ 79.975568326793976, 6.897234156629023 ], [ 79.977468903849527, 6.897238231499181 ], [ 79.977464829568916, 6.899137587677366 ], [ 79.975564244943726, 6.899133511674584 ], [ 79.975568326793976, 6.897234156629023 ] ] ] } },
{ "type": "Feature", "properties": { "id": "1843,3631", "grid_id": "1843,3631" }, "geometry": { "type": "Polygon", "coordinates": [ [ [ 79.977468903849527, 6.897238231499181 ], [ 79.97936948205394, 6.897242298805591 ], [ 79.979365415342969, 6.899141656114295 ], [ 79.977464829568916, 6.899137587677366 ], [ 79.977468903849527, 6.897238231499181 ] ] ] } },
{ "type": "Feature", "properties": { "id": "1844,3631", "grid_id": "1844,3631" }, "geometry": { "type": "Polygon", "coordinates": [ [ [ 79.97936948205394, 6.897242298805591 ], [ 79.981270061405041, 6.897246358548228 ], [ 79.981266002263766, 6.89914571698535 ], [ 79.979365415342969, 6.899141656114295 ], [ 79.97936948205394, 6.897242298805591 ] ] ] } },
{ "type": "Feature", "properties": { "id": "1845,3631", "grid_id": "1845,3631" }, "geometry": { "type": "Polygon", "coordinates": [ [ [ 79.981270061405041, 6.897246358548228 ], [ 79.983170641900728, 6.897250410727071 ], [ 79.983166590329148, 6.899149770290507 ], [ 79.981266002263766, 6.89914571698535 ], [ 79.981270061405041, 6.897246358548228 ] ] ] } },
{ "type": "Feature", "properties": { "id": "1846,3631", "grid_id": "1846,3631" }, "geometry": { "type": "Polygon", "coordinates": [ [ [ 79.983170641900728, 6.897250410727071 ], [ 79.985071223538867, 6.897254455342098 ], [ 79.985067179536998, 6.899153816029746 ], [ 79.983166590329148, 6.899149770290507 ], [ 79.983170641900728, 6.897250410727071 ] ] ] } },
{ "type": "Feature", "properties": { "id": "1847,3631", "grid_id": "1847,3631" }, "geometry": { "type": "Polygon", "coordinates": [ [ [ 79.985071223538867, 6.897254455342098 ], [ 79.9869718063173, 6.897258492393284 ], [ 79.986967769885183, 6.899157854203043 ], [ 79.985067179536998, 6.899153816029746 ], [ 79.985071223538867, 6.897254455342098 ] ] ] } },
{ "type": "Feature", "properties": { "id": "1848,3631", "grid_id": "1848,3631" }, "geometry": { "type": "Polygon", "coordinates": [ [ [ 79.9869718063173, 6.897258492393284 ], [ 79.988872390233894, 6.89726252188061 ], [ 79.988868361371559, 6.899161884810379 ], [ 79.986967769885183, 6.899157854203043 ], [ 79.9869718063173, 6.897258492393284 ] ] ] } },
{ "type": "Feature", "properties": { "id": "1849,3631", "grid_id": "1849,3631" }, "geometry": { "type": "Polygon", "coordinates": [ [ [ 79.988872390233894, 6.89726252188061 ], [ 79.990772975286546, 6.897266543804053 ], [ 79.990768953994007, 6.899165907851726 ], [ 79.988868361371559, 6.899161884810379 ], [ 79.988872390233894, 6.89726252188061 ] ] ] } },
{ "type": "Feature", "properties": { "id": "1850,3631", "grid_id": "1850,3631" }, "geometry": { "type": "Polygon", "coordinates": [ [ [ 79.990772975286546, 6.897266543804053 ], [ 79.992673561473097, 6.89727055816359 ], [ 79.992669547750367, 6.899169923327067 ], [ 79.990768953994007, 6.899165907851726 ], [ 79.990772975286546, 6.897266543804053 ] ] ] } },
{ "type": "Feature", "properties": { "id": "1851,3631", "grid_id": "1851,3631" }, "geometry": { "type": "Polygon", "coordinates": [ [ [ 79.992673561473097, 6.89727055816359 ], [ 79.994574148791415, 6.897274564959202 ], [ 79.994570142638523, 6.899173931236379 ], [ 79.992669547750367, 6.899169923327067 ], [ 79.992673561473097, 6.89727055816359 ] ] ] } },
{ "type": "Feature", "properties": { "id": "1852,3631", "grid_id": "1852,3631" }, "geometry": { "type": "Polygon", "coordinates": [ [ [ 79.994574148791415, 6.897274564959202 ], [ 79.996474737239382, 6.897278564190864 ], [ 79.996470738656342, 6.899177931579639 ], [ 79.994570142638523, 6.899173931236379 ], [ 79.994574148791415, 6.897274564959202 ] ] ] } },
{ "type": "Feature", "properties": { "id": "1853,3631", "grid_id": "1853,3631" }, "geometry": { "type": "Polygon", "coordinates": [ [ [ 79.996474737239382, 6.897278564190864 ], [ 79.998375326814838, 6.897282555858555 ], [ 79.998371335801679, 6.899181924356826 ], [ 79.996470738656342, 6.899177931579639 ], [ 79.996474737239382, 6.897278564190864 ] ] ] } },
{ "type": "Feature", "properties": { "id": "1854,3631", "grid_id": "1854,3631" }, "geometry": { "type": "Polygon", "coordinates": [ [ [ 79.998375326814838, 6.897282555858555 ], [ 80.000275917515665, 6.897286539962252 ], [ 80.000271934072401, 6.899185909567918 ], [ 79.998371335801679, 6.899181924356826 ], [ 79.998375326814838, 6.897282555858555 ] ] ] } },
{ "type": "Feature", "properties": { "id": "1855,3631", "grid_id": "1855,3631" }, "geometry": { "type": "Polygon", "coordinates": [ [ [ 80.000275917515665, 6.897286539962252 ], [ 80.002176509339733, 6.897290516501936 ], [ 80.002172533466378, 6.899189887212894 ], [ 80.000271934072401, 6.899185909567918 ], [ 80.000275917515665, 6.897286539962252 ] ] ] } },
{ "type": "Feature", "properties": { "id": "1856,3631", "grid_id": "1856,3631" }, "geometry": { "type": "Polygon", "coordinates": [ [ [ 80.002176509339733, 6.897290516501936 ], [ 80.004077102284882, 6.897294485477586 ], [ 80.004073133981493, 6.89919385729173 ], [ 80.002172533466378, 6.899189887212894 ], [ 80.002176509339733, 6.897290516501936 ] ] ] } },
{ "type": "Feature", "properties": { "id": "1857,3631", "grid_id": "1857,3631" }, "geometry": { "type": "Polygon", "coordinates": [ [ [ 80.004077102284882, 6.897294485477586 ], [ 80.005977696348992, 6.897298446889173 ], [ 80.005973735615569, 6.899197819804405 ], [ 80.004073133981493, 6.89919385729173 ], [ 80.004077102284882, 6.897294485477586 ] ] ] } },
{ "type": "Feature", "properties": { "id": "1858,3631", "grid_id": "1858,3631" }, "geometry": { "type": "Polygon", "coordinates": [ [ [ 80.005977696348992, 6.897298446889173 ], [ 80.007878291529934, 6.897302400736684 ], [ 80.007874338366506, 6.899201774750899 ], [ 80.005973735615569, 6.899197819804405 ], [ 80.005977696348992, 6.897298446889173 ] ] ] } },
{ "type": "Feature", "properties": { "id": "1859,3631", "grid_id": "1859,3631" }, "geometry": { "type": "Polygon", "coordinates": [ [ [ 80.007878291529934, 6.897302400736684 ], [ 80.009778887825576, 6.89730634702009 ], [ 80.009774942232156, 6.899205722131188 ], [ 80.007874338366506, 6.899201774750899 ], [ 80.007878291529934, 6.897302400736684 ] ] ] } },
{ "type": "Feature", "properties": { "id": "1860,3631", "grid_id": "1860,3631" }, "geometry": { "type": "Polygon", "coordinates": [ [ [ 80.009778887825576, 6.89730634702009 ], [ 80.01167948523377, 6.897310285739376 ], [ 80.011675547210388, 6.899209661945251 ], [ 80.009774942232156, 6.899205722131188 ], [ 80.009778887825576, 6.89730634702009 ] ] ] } },
{ "type": "Feature", "properties": { "id": "1861,3631", "grid_id": "1861,3631" }, "geometry": { "type": "Polygon", "coordinates": [ [ [ 80.01167948523377, 6.897310285739376 ], [ 80.013580083752402, 6.897314216894515 ], [ 80.01357615329907, 6.899213594193069 ], [ 80.011675547210388, 6.899209661945251 ], [ 80.01167948523377, 6.897310285739376 ] ] ] } },
{ "type": "Feature", "properties": { "id": "1862,3631", "grid_id": "1862,3631" }, "geometry": { "type": "Polygon", "coordinates": [ [ [ 80.013580083752402, 6.897314216894515 ], [ 80.015480683379323, 6.897318140485489 ], [ 80.015476760496071, 6.899217518874617 ], [ 80.01357615329907, 6.899213594193069 ], [ 80.013580083752402, 6.897314216894515 ] ] ] } },
{ "type": "Feature", "properties": { "id": "1863,3631", "grid_id": "1863,3631" }, "geometry": { "type": "Polygon", "coordinates": [ [ [ 80.015480683379323, 6.897318140485489 ], [ 80.017381284112389, 6.897322056512277 ], [ 80.017377368799231, 6.899221435989875 ], [ 80.015476760496071, 6.899217518874617 ], [ 80.015480683379323, 6.897318140485489 ] ] ] } },
{ "type": "Feature", "properties": { "id": "1864,3631", "grid_id": "1864,3631" }, "geometry": { "type": "Polygon", "coordinates": [ [ [ 80.017381284112389, 6.897322056512277 ], [ 80.019281885949482, 6.897325964974855 ], [ 80.019277978206432, 6.899225345538822 ], [ 80.017377368799231, 6.899221435989875 ], [ 80.017381284112389, 6.897322056512277 ] ] ] } },
{ "type": "Feature", "properties": { "id": "1865,3631", "grid_id": "1865,3631" }, "geometry": { "type": "Polygon", "coordinates": [ [ [ 80.019281885949482, 6.897325964974855 ], [ 80.021182488888456, 6.897329865873201 ], [ 80.021178588715557, 6.899229247521435 ], [ 80.019277978206432, 6.899225345538822 ], [ 80.019281885949482, 6.897325964974855 ] ] ] } },
{ "type": "Feature", "properties": { "id": "1866,3631", "grid_id": "1866,3631" }, "geometry": { "type": "Polygon", "coordinates": [ [ [ 80.021182488888456, 6.897329865873201 ], [ 80.023083092927195, 6.897333759207297 ], [ 80.02307920032446, 6.899233141937695 ], [ 80.021178588715557, 6.899229247521435 ], [ 80.021182488888456, 6.897329865873201 ] ] ] } },
{ "type": "Feature", "properties": { "id": "1867,3631", "grid_id": "1867,3631" }, "geometry": { "type": "Polygon", "coordinates": [ [ [ 80.023083092927195, 6.897333759207297 ], [ 80.024983698063537, 6.897337644977119 ], [ 80.024979813030981, 6.899237028787578 ], [ 80.02307920032446, 6.899233141937695 ], [ 80.023083092927195, 6.897333759207297 ] ] ] } },
{ "type": "Feature", "properties": { "id": "1868,3631", "grid_id": "1868,3631" }, "geometry": { "type": "Polygon", "coordinates": [ [ [ 80.024983698063537, 6.897337644977119 ], [ 80.026884304295379, 6.897341523182646 ], [ 80.026880426833017, 6.899240908071064 ], [ 80.024979813030981, 6.899237028787578 ], [ 80.024983698063537, 6.897337644977119 ] ] ] } },
{ "type": "Feature", "properties": { "id": "1869,3631", "grid_id": "1869,3631" }, "geometry": { "type": "Polygon", "coordinates": [ [ [ 80.026884304295379, 6.897341523182646 ], [ 80.028784911620548, 6.897345393823858 ], [ 80.028781041728436, 6.899244779788134 ], [ 80.026880426833017, 6.899240908071064 ], [ 80.026884304295379, 6.897341523182646 ] ] ] } },
{ "type": "Feature", "properties": { "id": "1870,3631", "grid_id": "1870,3631" }, "geometry": { "type": "Polygon", "coordinates": [ [ [ 80.028784911620548, 6.897345393823858 ], [ 80.03068552003694, 6.897349256900733 ], [ 80.030681657715078, 6.899248643938763 ], [ 80.028781041728436, 6.899244779788134 ], [ 80.028784911620548, 6.897345393823858 ] ] ] } },
{ "type": "Feature", "properties": { "id": "1871,3631", "grid_id": "1871,3631" }, "geometry": { "type": "Polygon", "coordinates": [ [ [ 80.03068552003694, 6.897349256900733 ], [ 80.032586129542423, 6.897353112413251 ], [ 80.032582274790812, 6.899252500522932 ], [ 80.030681657715078, 6.899248643938763 ], [ 80.03068552003694, 6.897349256900733 ] ] ] } },
{ "type": "Feature", "properties": { "id": "1872,3631", "grid_id": "1872,3631" }, "geometry": { "type": "Polygon", "coordinates": [ [ [ 80.032586129542423, 6.897353112413251 ], [ 80.034486740134838, 6.897356960361389 ], [ 80.034482892953534, 6.899256349540619 ], [ 80.032582274790812, 6.899252500522932 ], [ 80.032586129542423, 6.897353112413251 ] ] ] } },
{ "type": "Feature", "properties": { "id": "1873,3631", "grid_id": "1873,3631" }, "geometry": { "type": "Polygon", "coordinates": [ [ [ 80.034486740134838, 6.897356960361389 ], [ 80.036387351812067, 6.897360800745126 ], [ 80.03638351220107, 6.899260190991804 ], [ 80.034482892953534, 6.899256349540619 ], [ 80.034486740134838, 6.897356960361389 ] ] ] } },
{ "type": "Feature", "properties": { "id": "1807,3632", "grid_id": "1807,3632" }, "geometry": { "type": "Polygon", "coordinates": [ [ [ 79.909044523433167, 6.89898608526636 ], [ 79.910945066503331, 6.898990426059619 ], [ 79.910940726075623, 6.900889741191659 ], [ 79.909040175434527, 6.90088539919219 ], [ 79.909044523433167, 6.89898608526636 ] ] ] } },
{ "type": "Feature", "properties": { "id": "1808,3632", "grid_id": "1808,3632" }, "geometry": { "type": "Polygon", "coordinates": [ [ [ 79.910945066503331, 6.898990426059619 ], [ 79.912845610797049, 6.898994759287833 ], [ 79.912841277940331, 6.900894075623979 ], [ 79.910940726075623, 6.900889741191659 ], [ 79.910945066503331, 6.898990426059619 ] ] ] } },
{ "type": "Feature", "properties": { "id": "1809,3632", "grid_id": "1809,3632" }, "geometry": { "type": "Polygon", "coordinates": [ [ [ 79.912845610797049, 6.898994759287833 ], [ 79.914746156312219, 6.898999084950974 ], [ 79.91474183102649, 6.900898402489127 ], [ 79.912841277940331, 6.900894075623979 ], [ 79.912845610797049, 6.898994759287833 ] ] ] } },
{ "type": "Feature", "properties": { "id": "1810,3632", "grid_id": "1810,3632" }, "geometry": { "type": "Polygon", "coordinates": [ [ [ 79.914746156312219, 6.898999084950974 ], [ 79.91664670304668, 6.899003403049022 ], [ 79.916642385331983, 6.900902721787078 ], [ 79.91474183102649, 6.900898402489127 ], [ 79.914746156312219, 6.898999084950974 ] ] ] } },
{ "type": "Feature", "properties": { "id": "1811,3632", "grid_id": "1811,3632" }, "geometry": { "type": "Polygon", "coordinates": [ [ [ 79.91664670304668, 6.899003403049022 ], [ 79.918547250998301, 6.899007713581953 ], [ 79.918542940854664, 6.900907033517808 ], [ 79.916642385331983, 6.900902721787078 ], [ 79.91664670304668, 6.899003403049022 ] ] ] } },
{ "type": "Feature", "properties": { "id": "1812,3632", "grid_id": "1812,3632" }, "geometry": { "type": "Polygon", "coordinates": [ [ [ 79.918547250998301, 6.899007713581953 ], [ 79.920447800164965, 6.899012016549744 ], [ 79.920443497592402, 6.900911337681298 ], [ 79.918542940854664, 6.900907033517808 ], [ 79.918547250998301, 6.899007713581953 ] ] ] } },
{ "type": "Feature", "properties": { "id": "1813,3632", "grid_id": "1813,3632" }, "geometry": { "type": "Polygon", "coordinates": [ [ [ 79.920447800164965, 6.899012016549744 ], [ 79.922348350544524, 6.899016311952368 ], [ 79.92234405554305, 6.900915634277519 ], [ 79.920443497592402, 6.900911337681298 ], [ 79.920447800164965, 6.899012016549744 ] ] ] } },
{ "type": "Feature", "properties": { "id": "1814,3632", "grid_id": "1814,3632" }, "geometry": { "type": "Polygon", "coordinates": [ [ [ 79.922348350544524, 6.899016311952368 ], [ 79.924248902134849, 6.899020599789803 ], [ 79.924244614704492, 6.900919923306449 ], [ 79.92234405554305, 6.900915634277519 ], [ 79.922348350544524, 6.899016311952368 ] ] ] } },
{ "type": "Feature", "properties": { "id": "1815,3632", "grid_id": "1815,3632" }, "geometry": { "type": "Polygon", "coordinates": [ [ [ 79.924248902134849, 6.899020599789803 ], [ 79.926149454933793, 6.899024880062028 ], [ 79.926145175074595, 6.900924204768067 ], [ 79.924244614704492, 6.900919923306449 ], [ 79.924248902134849, 6.899020599789803 ] ] ] } },
{ "type": "Feature", "properties": { "id": "1816,3632", "grid_id": "1816,3632" }, "geometry": { "type": "Polygon", "coordinates": [ [ [ 79.926149454933793, 6.899024880062028 ], [ 79.928050008939252, 6.899029152769017 ], [ 79.928045736651214, 6.900928478662346 ], [ 79.926145175074595, 6.900924204768067 ], [ 79.926149454933793, 6.899024880062028 ] ] ] } },
{ "type": "Feature", "properties": { "id": "1817,3632", "grid_id": "1817,3632" }, "geometry": { "type": "Polygon", "coordinates": [ [ [ 79.928050008939252, 6.899029152769017 ], [ 79.929950564149067, 6.899033417910749 ], [ 79.929946299432217, 6.900932744989264 ], [ 79.928045736651214, 6.900928478662346 ], [ 79.928050008939252, 6.899029152769017 ] ] ] } },
{ "type": "Feature", "properties": { "id": "1818,3632", "grid_id": "1818,3632" }, "geometry": { "type": "Polygon", "coordinates": [ [ [ 79.929950564149067, 6.899033417910749 ], [ 79.931851120561092, 6.899037675487196 ], [ 79.931846863415473, 6.900937003748798 ], [ 79.929946299432217, 6.900932744989264 ], [ 79.929950564149067, 6.899033417910749 ] ] ] } },
{ "type": "Feature", "properties": { "id": "1819,3632", "grid_id": "1819,3632" }, "geometry": { "type": "Polygon", "coordinates": [ [ [ 79.931851120561092, 6.899037675487196 ], [ 79.933751678173238, 6.89904192549834 ], [ 79.933747428598849, 6.900941254940925 ], [ 79.931846863415473, 6.900937003748798 ], [ 79.931851120561092, 6.899037675487196 ] ] ] } },
{ "type": "Feature", "properties": { "id": "1820,3632", "grid_id": "1820,3632" }, "geometry": { "type": "Polygon", "coordinates": [ [ [ 79.933751678173238, 6.89904192549834 ], [ 79.935652236983316, 6.899046167944154 ], [ 79.935647994980201, 6.900945498565621 ], [ 79.933747428598849, 6.900941254940925 ], [ 79.933751678173238, 6.89904192549834 ] ] ] } },
{ "type": "Feature", "properties": { "id": "1821,3632", "grid_id": "1821,3632" }, "geometry": { "type": "Polygon", "coordinates": [ [ [ 79.935652236983316, 6.899046167944154 ], [ 79.937552796989237, 6.899050402824617 ], [ 79.93754856255741, 6.900949734622863 ], [ 79.935647994980201, 6.900945498565621 ], [ 79.935652236983316, 6.899046167944154 ] ] ] } },
{ "type": "Feature", "properties": { "id": "1822,3632", "grid_id": "1822,3632" }, "geometry": { "type": "Polygon", "coordinates": [ [ [ 79.937552796989237, 6.899050402824617 ], [ 79.939453358188842, 6.899054630139705 ], [ 79.939449131328303, 6.900953963112626 ], [ 79.93754856255741, 6.900949734622863 ], [ 79.937552796989237, 6.899050402824617 ] ] ] } },
{ "type": "Feature", "properties": { "id": "1823,3632", "grid_id": "1823,3632" }, "geometry": { "type": "Polygon", "coordinates": [ [ [ 79.939453358188842, 6.899054630139705 ], [ 79.941353920579999, 6.899058849889395 ], [ 79.941349701290804, 6.900958184034891 ], [ 79.939449131328303, 6.900953963112626 ], [ 79.939453358188842, 6.899054630139705 ] ] ] } },
{ "type": "Feature", "properties": { "id": "1824,3632", "grid_id": "1824,3632" }, "geometry": { "type": "Polygon", "coordinates": [ [ [ 79.941353920579999, 6.899058849889395 ], [ 79.943254484160576, 6.899063062073664 ], [ 79.943250272442739, 6.900962397389633 ], [ 79.941349701290804, 6.900958184034891 ], [ 79.941353920579999, 6.899058849889395 ] ] ] } },
{ "type": "Feature", "properties": { "id": "1825,3632", "grid_id": "1825,3632" }, "geometry": { "type": "Polygon", "coordinates": [ [ [ 79.943254484160576, 6.899063062073664 ], [ 79.945155048928441, 6.899067266692486 ], [ 79.945150844781992, 6.900966603176826 ], [ 79.943250272442739, 6.900962397389633 ], [ 79.943254484160576, 6.899063062073664 ] ] ] } },
{ "type": "Feature", "properties": { "id": "1826,3632", "grid_id": "1826,3632" }, "geometry": { "type": "Polygon", "coordinates": [ [ [ 79.945155048928441, 6.899067266692486 ], [ 79.947055614881464, 6.899071463745843 ], [ 79.947051418306415, 6.900970801396451 ], [ 79.945150844781992, 6.900966603176826 ], [ 79.945155048928441, 6.899067266692486 ] ] ] } },
{ "type": "Feature", "properties": { "id": "1827,3632", "grid_id": "1827,3632" }, "geometry": { "type": "Polygon", "coordinates": [ [ [ 79.947055614881464, 6.899071463745843 ], [ 79.948956182017497, 6.89907565323371 ], [ 79.948951993013878, 6.900974992048482 ], [ 79.947051418306415, 6.900970801396451 ], [ 79.947055614881464, 6.899071463745843 ] ] ] } },
{ "type": "Feature", "properties": { "id": "1828,3632", "grid_id": "1828,3632" }, "geometry": { "type": "Polygon", "coordinates": [ [ [ 79.948956182017497, 6.89907565323371 ], [ 79.950856750334424, 6.899079835156063 ], [ 79.950852568902249, 6.9009791751329 ], [ 79.948951993013878, 6.900974992048482 ], [ 79.948956182017497, 6.89907565323371 ] ] ] } },
{ "type": "Feature", "properties": { "id": "1829,3632", "grid_id": "1829,3632" }, "geometry": { "type": "Polygon", "coordinates": [ [ [ 79.950856750334424, 6.899079835156063 ], [ 79.952757319830098, 6.899084009512881 ], [ 79.952753145969396, 6.900983350649676 ], [ 79.950852568902249, 6.9009791751329 ], [ 79.950856750334424, 6.899079835156063 ] ] ] } },
{ "type": "Feature", "properties": { "id": "1830,3632", "grid_id": "1830,3632" }, "geometry": { "type": "Polygon", "coordinates": [ [ [ 79.952757319830098, 6.899084009512881 ], [ 79.954657890502389, 6.899088176304138 ], [ 79.954653724213188, 6.900987518598794 ], [ 79.952753145969396, 6.900983350649676 ], [ 79.952757319830098, 6.899084009512881 ] ] ] } },
{ "type": "Feature", "properties": { "id": "1831,3632", "grid_id": "1831,3632" }, "geometry": { "type": "Polygon", "coordinates": [ [ [ 79.954657890502389, 6.899088176304138 ], [ 79.956558462349165, 6.899092335529815 ], [ 79.956554303631464, 6.900991678980225 ], [ 79.954653724213188, 6.900987518598794 ], [ 79.954657890502389, 6.899088176304138 ] ] ] } },
{ "type": "Feature", "properties": { "id": "1832,3632", "grid_id": "1832,3632" }, "geometry": { "type": "Polygon", "coordinates": [ [ [ 79.956558462349165, 6.899092335529815 ], [ 79.958459035368278, 6.899096487189886 ], [ 79.958454884222121, 6.900995831793951 ], [ 79.956554303631464, 6.900991678980225 ], [ 79.956558462349165, 6.899092335529815 ] ] ] } },
{ "type": "Feature", "properties": { "id": "1833,3632", "grid_id": "1833,3632" }, "geometry": { "type": "Polygon", "coordinates": [ [ [ 79.958459035368278, 6.899096487189886 ], [ 79.960359609557599, 6.899100631284329 ], [ 79.960355465983014, 6.900999977039947 ], [ 79.958454884222121, 6.900995831793951 ], [ 79.958459035368278, 6.899096487189886 ] ] ] } },
{ "type": "Feature", "properties": { "id": "1834,3632", "grid_id": "1834,3632" }, "geometry": { "type": "Polygon", "coordinates": [ [ [ 79.960359609557599, 6.899100631284329 ], [ 79.96226018491501, 6.899104767813124 ], [ 79.96225604891201, 6.901004114718192 ], [ 79.960355465983014, 6.900999977039947 ], [ 79.960359609557599, 6.899100631284329 ] ] ] } },
{ "type": "Feature", "properties": { "id": "1835,3632", "grid_id": "1835,3632" }, "geometry": { "type": "Polygon", "coordinates": [ [ [ 79.96226018491501, 6.899104767813124 ], [ 79.96416076143835, 6.899108896776245 ], [ 79.964156633006965, 6.901008244828659 ], [ 79.96225604891201, 6.901004114718192 ], [ 79.96226018491501, 6.899104767813124 ] ] ] } },
{ "type": "Feature", "properties": { "id": "1836,3632", "grid_id": "1836,3632" }, "geometry": { "type": "Polygon", "coordinates": [ [ [ 79.96416076143835, 6.899108896776245 ], [ 79.966061339125503, 6.899113018173671 ], [ 79.966057218265746, 6.901012367371332 ], [ 79.964156633006965, 6.901008244828659 ], [ 79.96416076143835, 6.899108896776245 ] ] ] } },
{ "type": "Feature", "properties": { "id": "1837,3632", "grid_id": "1837,3632" }, "geometry": { "type": "Polygon", "coordinates": [ [ [ 79.966061339125503, 6.899113018173671 ], [ 79.967961917974336, 6.899117132005379 ], [ 79.967957804686236, 6.901016482346182 ], [ 79.966057218265746, 6.901012367371332 ], [ 79.966061339125503, 6.899113018173671 ] ] ] } },
{ "type": "Feature", "properties": { "id": "1838,3632", "grid_id": "1838,3632" }, "geometry": { "type": "Polygon", "coordinates": [ [ [ 79.967961917974336, 6.899117132005379 ], [ 79.969862497982717, 6.899121238271348 ], [ 79.969858392266289, 6.901020589753188 ], [ 79.967957804686236, 6.901016482346182 ], [ 79.967961917974336, 6.899117132005379 ] ] ] } },
{ "type": "Feature", "properties": { "id": "1839,3632", "grid_id": "1839,3632" }, "geometry": { "type": "Polygon", "coordinates": [ [ [ 79.969862497982717, 6.899121238271348 ], [ 79.971763079148502, 6.899125336971552 ], [ 79.971758981003759, 6.901024689592333 ], [ 79.969858392266289, 6.901020589753188 ], [ 79.969862497982717, 6.899121238271348 ] ] ] } },
{ "type": "Feature", "properties": { "id": "1840,3632", "grid_id": "1840,3632" }, "geometry": { "type": "Polygon", "coordinates": [ [ [ 79.971763079148502, 6.899125336971552 ], [ 79.973663661469544, 6.899129428105972 ], [ 79.973659570896544, 6.901028781863588 ], [ 79.971758981003759, 6.901024689592333 ], [ 79.971763079148502, 6.899125336971552 ] ] ] } },
{ "type": "Feature", "properties": { "id": "1841,3632", "grid_id": "1841,3632" }, "geometry": { "type": "Polygon", "coordinates": [ [ [ 79.973663661469544, 6.899129428105972 ], [ 79.975564244943726, 6.899133511674584 ], [ 79.975560161942468, 6.901032866566932 ], [ 79.973659570896544, 6.901028781863588 ], [ 79.973663661469544, 6.899129428105972 ] ] ] } },
{ "type": "Feature", "properties": { "id": "1842,3632", "grid_id": "1842,3632" }, "geometry": { "type": "Polygon", "coordinates": [ [ [ 79.975564244943726, 6.899133511674584 ], [ 79.977464829568916, 6.899137587677366 ], [ 79.977460754139429, 6.901036943702345 ], [ 79.975560161942468, 6.901032866566932 ], [ 79.975564244943726, 6.899133511674584 ] ] ] } },
{ "type": "Feature", "properties": { "id": "1843,3632", "grid_id": "1843,3632" }, "geometry": { "type": "Polygon", "coordinates": [ [ [ 79.977464829568916, 6.899137587677366 ], [ 79.979365415342969, 6.899141656114295 ], [ 79.979361347485266, 6.901041013269803 ], [ 79.977460754139429, 6.901036943702345 ], [ 79.977464829568916, 6.899137587677366 ] ] ] } },
{ "type": "Feature", "properties": { "id": "1844,3632", "grid_id": "1844,3632" }, "geometry": { "type": "Polygon", "coordinates": [ [ [ 79.979365415342969, 6.899141656114295 ], [ 79.981266002263766, 6.89914571698535 ], [ 79.981261941977877, 6.901045075269285 ], [ 79.979361347485266, 6.901041013269803 ], [ 79.979365415342969, 6.899141656114295 ] ] ] } },
{ "type": "Feature", "properties": { "id": "1845,3632", "grid_id": "1845,3632" }, "geometry": { "type": "Polygon", "coordinates": [ [ [ 79.981266002263766, 6.89914571698535 ], [ 79.983166590329148, 6.899149770290507 ], [ 79.983162537615101, 6.901049129700765 ], [ 79.981261941977877, 6.901045075269285 ], [ 79.981266002263766, 6.89914571698535 ] ] ] } },
{ "type": "Feature", "properties": { "id": "1846,3632", "grid_id": "1846,3632" }, "geometry": { "type": "Polygon", "coordinates": [ [ [ 79.983166590329148, 6.899149770290507 ], [ 79.985067179536998, 6.899153816029746 ], [ 79.985063134394821, 6.901053176564226 ], [ 79.983162537615101, 6.901049129700765 ], [ 79.983166590329148, 6.899149770290507 ] ] ] } },
{ "type": "Feature", "properties": { "id": "1847,3632", "grid_id": "1847,3632" }, "geometry": { "type": "Polygon", "coordinates": [ [ [ 79.985067179536998, 6.899153816029746 ], [ 79.986967769885183, 6.899157854203043 ], [ 79.986963732314877, 6.901057215859642 ], [ 79.985063134394821, 6.901053176564226 ], [ 79.985067179536998, 6.899153816029746 ] ] ] } },
{ "type": "Feature", "properties": { "id": "1848,3632", "grid_id": "1848,3632" }, "geometry": { "type": "Polygon", "coordinates": [ [ [ 79.986967769885183, 6.899157854203043 ], [ 79.988868361371559, 6.899161884810379 ], [ 79.988864331373165, 6.901061247586993 ], [ 79.986963732314877, 6.901057215859642 ], [ 79.986967769885183, 6.899157854203043 ] ] ] } },
{ "type": "Feature", "properties": { "id": "1849,3632", "grid_id": "1849,3632" }, "geometry": { "type": "Polygon", "coordinates": [ [ [ 79.988868361371559, 6.899161884810379 ], [ 79.990768953994007, 6.899165907851726 ], [ 79.990764931567526, 6.901065271746257 ], [ 79.988864331373165, 6.901061247586993 ], [ 79.988868361371559, 6.899161884810379 ] ] ] } },
{ "type": "Feature", "properties": { "id": "1850,3632", "grid_id": "1850,3632" }, "geometry": { "type": "Polygon", "coordinates": [ [ [ 79.990768953994007, 6.899165907851726 ], [ 79.992669547750367, 6.899169923327067 ], [ 79.992665532895842, 6.901069288337409 ], [ 79.990764931567526, 6.901065271746257 ], [ 79.990768953994007, 6.899165907851726 ] ] ] } },
{ "type": "Feature", "properties": { "id": "1851,3632", "grid_id": "1851,3632" }, "geometry": { "type": "Polygon", "coordinates": [ [ [ 79.992669547750367, 6.899169923327067 ], [ 79.994570142638523, 6.899173931236379 ], [ 79.994566135355967, 6.90107329736043 ], [ 79.992665532895842, 6.901069288337409 ], [ 79.992669547750367, 6.899169923327067 ] ] ] } },
{ "type": "Feature", "properties": { "id": "1852,3632", "grid_id": "1852,3632" }, "geometry": { "type": "Polygon", "coordinates": [ [ [ 79.994570142638523, 6.899173931236379 ], [ 79.996470738656342, 6.899177931579639 ], [ 79.99646673894577, 6.901077298815297 ], [ 79.994566135355967, 6.90107329736043 ], [ 79.994570142638523, 6.899173931236379 ] ] ] } },
{ "type": "Feature", "properties": { "id": "1853,3632", "grid_id": "1853,3632" }, "geometry": { "type": "Polygon", "coordinates": [ [ [ 79.996470738656342, 6.899177931579639 ], [ 79.998371335801679, 6.899181924356826 ], [ 79.998367343663119, 6.901081292701988 ], [ 79.99646673894577, 6.901077298815297 ], [ 79.996470738656342, 6.899177931579639 ] ] ] } },
{ "type": "Feature", "properties": { "id": "1854,3632", "grid_id": "1854,3632" }, "geometry": { "type": "Polygon", "coordinates": [ [ [ 79.998371335801679, 6.899181924356826 ], [ 80.000271934072401, 6.899185909567918 ], [ 80.000267949505883, 6.901085279020482 ], [ 79.998367343663119, 6.901081292701988 ], [ 79.998371335801679, 6.899181924356826 ] ] ] } },
{ "type": "Feature", "properties": { "id": "1855,3632", "grid_id": "1855,3632" }, "geometry": { "type": "Polygon", "coordinates": [ [ [ 80.000271934072401, 6.899185909567918 ], [ 80.002172533466378, 6.899189887212894 ], [ 80.002168556471929, 6.901089257770757 ], [ 80.000267949505883, 6.901085279020482 ], [ 80.000271934072401, 6.899185909567918 ] ] ] } },
{ "type": "Feature", "properties": { "id": "1856,3632", "grid_id": "1856,3632" }, "geometry": { "type": "Polygon", "coordinates": [ [ [ 80.002172533466378, 6.899189887212894 ], [ 80.004073133981493, 6.89919385729173 ], [ 80.004069164559112, 6.90109322895279 ], [ 80.002168556471929, 6.901089257770757 ], [ 80.002172533466378, 6.899189887212894 ] ] ] } },
{ "type": "Feature", "properties": { "id": "1857,3632", "grid_id": "1857,3632" }, "geometry": { "type": "Polygon", "coordinates": [ [ [ 80.004073133981493, 6.89919385729173 ], [ 80.005973735615569, 6.899197819804405 ], [ 80.005969773765287, 6.90109719256656 ], [ 80.004069164559112, 6.90109322895279 ], [ 80.004073133981493, 6.89919385729173 ] ] ] } },
{ "type": "Feature", "properties": { "id": "1858,3632", "grid_id": "1858,3632" }, "geometry": { "type": "Polygon", "coordinates": [ [ [ 80.005973735615569, 6.899197819804405 ], [ 80.007874338366506, 6.899201774750899 ], [ 80.007870384088363, 6.901101148612047 ], [ 80.005969773765287, 6.90109719256656 ], [ 80.005973735615569, 6.899197819804405 ] ] ] } },
{ "type": "Feature", "properties": { "id": "1859,3632", "grid_id": "1859,3632" }, "geometry": { "type": "Polygon", "coordinates": [ [ [ 80.007874338366506, 6.899201774750899 ], [ 80.009774942232156, 6.899205722131188 ], [ 80.009770995526154, 6.901105097089225 ], [ 80.007870384088363, 6.901101148612047 ], [ 80.007874338366506, 6.899201774750899 ] ] ] } },
{ "type": "Feature", "properties": { "id": "1860,3632", "grid_id": "1860,3632" }, "geometry": { "type": "Polygon", "coordinates": [ [ [ 80.009774942232156, 6.899205722131188 ], [ 80.011675547210388, 6.899209661945251 ], [ 80.011671608076554, 6.901109037998077 ], [ 80.009770995526154, 6.901105097089225 ], [ 80.009774942232156, 6.899205722131188 ] ] ] } },
{ "type": "Feature", "properties": { "id": "1861,3632", "grid_id": "1861,3632" }, "geometry": { "type": "Polygon", "coordinates": [ [ [ 80.011675547210388, 6.899209661945251 ], [ 80.01357615329907, 6.899213594193069 ], [ 80.013572221737419, 6.901112971338578 ], [ 80.011671608076554, 6.901109037998077 ], [ 80.011675547210388, 6.899209661945251 ] ] ] } },
{ "type": "Feature", "properties": { "id": "1862,3632", "grid_id": "1862,3632" }, "geometry": { "type": "Polygon", "coordinates": [ [ [ 80.01357615329907, 6.899213594193069 ], [ 80.015476760496071, 6.899217518874617 ], [ 80.015472836506618, 6.901116897110708 ], [ 80.013572221737419, 6.901112971338578 ], [ 80.01357615329907, 6.899213594193069 ] ] ] } },
{ "type": "Feature", "properties": { "id": "1863,3632", "grid_id": "1863,3632" }, "geometry": { "type": "Polygon", "coordinates": [ [ [ 80.015476760496071, 6.899217518874617 ], [ 80.017377368799231, 6.899221435989875 ], [ 80.017373452382031, 6.901120815314447 ], [ 80.015472836506618, 6.901116897110708 ], [ 80.015476760496071, 6.899217518874617 ] ] ] } },
{ "type": "Feature", "properties": { "id": "1864,3632", "grid_id": "1864,3632" }, "geometry": { "type": "Polygon", "coordinates": [ [ [ 80.017377368799231, 6.899221435989875 ], [ 80.019277978206432, 6.899225345538822 ], [ 80.019274069361501, 6.901124725949771 ], [ 80.017373452382031, 6.901120815314447 ], [ 80.017377368799231, 6.899221435989875 ] ] ] } },
{ "type": "Feature", "properties": { "id": "1865,3632", "grid_id": "1865,3632" }, "geometry": { "type": "Polygon", "coordinates": [ [ [ 80.019277978206432, 6.899225345538822 ], [ 80.021178588715557, 6.899229247521435 ], [ 80.021174687442894, 6.901128629016658 ], [ 80.019274069361501, 6.901124725949771 ], [ 80.019277978206432, 6.899225345538822 ] ] ] } },
{ "type": "Feature", "properties": { "id": "1866,3632", "grid_id": "1866,3632" }, "geometry": { "type": "Polygon", "coordinates": [ [ [ 80.021178588715557, 6.899229247521435 ], [ 80.02307920032446, 6.899233141937695 ], [ 80.023075306624079, 6.901132524515091 ], [ 80.021174687442894, 6.901128629016658 ], [ 80.021178588715557, 6.899229247521435 ] ] ] } },
{ "type": "Feature", "properties": { "id": "1867,3632", "grid_id": "1867,3632" }, "geometry": { "type": "Polygon", "coordinates": [ [ [ 80.02307920032446, 6.899233141937695 ], [ 80.024979813030981, 6.899237028787578 ], [ 80.024975926902925, 6.901136412445044 ], [ 80.023075306624079, 6.901132524515091 ], [ 80.02307920032446, 6.899233141937695 ] ] ] } },
{ "type": "Feature", "properties": { "id": "1868,3632", "grid_id": "1868,3632" }, "geometry": { "type": "Polygon", "coordinates": [ [ [ 80.024979813030981, 6.899237028787578 ], [ 80.026880426833017, 6.899240908071064 ], [ 80.026876548277315, 6.901140292806499 ], [ 80.024975926902925, 6.901136412445044 ], [ 80.024979813030981, 6.899237028787578 ] ] ] } },
{ "type": "Feature", "properties": { "id": "1869,3632", "grid_id": "1869,3632" }, "geometry": { "type": "Polygon", "coordinates": [ [ [ 80.026880426833017, 6.899240908071064 ], [ 80.028781041728436, 6.899244779788134 ], [ 80.028777170745087, 6.901144165599432 ], [ 80.026876548277315, 6.901140292806499 ], [ 80.026880426833017, 6.899240908071064 ] ] ] } },
{ "type": "Feature", "properties": { "id": "1870,3632", "grid_id": "1870,3632" }, "geometry": { "type": "Polygon", "coordinates": [ [ [ 80.028781041728436, 6.899244779788134 ], [ 80.030681657715078, 6.899248643938763 ], [ 80.030677794304111, 6.901148030823824 ], [ 80.028777170745087, 6.901144165599432 ], [ 80.028781041728436, 6.899244779788134 ] ] ] } },
{ "type": "Feature", "properties": { "id": "1871,3632", "grid_id": "1871,3632" }, "geometry": { "type": "Polygon", "coordinates": [ [ [ 80.030681657715078, 6.899248643938763 ], [ 80.032582274790812, 6.899252500522932 ], [ 80.032578418952255, 6.901151888479653 ], [ 80.030677794304111, 6.901148030823824 ], [ 80.030681657715078, 6.899248643938763 ] ] ] } },
{ "type": "Feature", "properties": { "id": "1872,3632", "grid_id": "1872,3632" }, "geometry": { "type": "Polygon", "coordinates": [ [ [ 80.032582274790812, 6.899252500522932 ], [ 80.034482892953534, 6.899256349540619 ], [ 80.034479044687387, 6.901155738566898 ], [ 80.032578418952255, 6.901151888479653 ], [ 80.032582274790812, 6.899252500522932 ] ] ] } },
{ "type": "Feature", "properties": { "id": "1873,3632", "grid_id": "1873,3632" }, "geometry": { "type": "Polygon", "coordinates": [ [ [ 80.034482892953534, 6.899256349540619 ], [ 80.03638351220107, 6.899260190991804 ], [ 80.03637967150739, 6.901159581085536 ], [ 80.034479044687387, 6.901155738566898 ], [ 80.034482892953534, 6.899256349540619 ] ] ] } },
{ "type": "Feature", "properties": { "id": "1806,3633", "grid_id": "1806,3633" }, "geometry": { "type": "Polygon", "coordinates": [ [ [ 79.907139626019145, 6.900881049625597 ], [ 79.909040175434527, 6.90088539919219 ], [ 79.909035826210143, 6.902784712964452 ], [ 79.907135269221683, 6.902780362189538 ], [ 79.907139626019145, 6.900881049625597 ] ] ] } },
{ "type": "Feature", "properties": { "id": "1807,3633", "grid_id": "1807,3633" }, "geometry": { "type": "Polygon", "coordinates": [ [ [ 79.909040175434527, 6.90088539919219 ], [ 79.910940726075623, 6.900889741191659 ], [ 79.910936384424332, 6.902789056170139 ], [ 79.909035826210143, 6.902784712964452 ], [ 79.909040175434527, 6.90088539919219 ] ] ] } },
{ "type": "Feature", "properties": { "id": "1808,3633", "grid_id": "1808,3633" }, "geometry": { "type": "Polygon", "coordinates": [ [ [ 79.910940726075623, 6.900889741191659 ], [ 79.912841277940331, 6.900894075623979 ], [ 79.91283694386216, 6.902793391806576 ], [ 79.910936384424332, 6.902789056170139 ], [ 79.910940726075623, 6.900889741191659 ] ] ] } },
{ "type": "Feature", "properties": { "id": "1809,3633", "grid_id": "1809,3633" }, "geometry": { "type": "Polygon", "coordinates": [ [ [ 79.912841277940331, 6.900894075623979 ], [ 79.91474183102649, 6.900898402489127 ], [ 79.91473750452144, 6.902797719873738 ], [ 79.91283694386216, 6.902793391806576 ], [ 79.912841277940331, 6.900894075623979 ] ] ] } },
{ "type": "Feature", "properties": { "id": "1810,3633", "grid_id": "1810,3633" }, "geometry": { "type": "Polygon", "coordinates": [ [ [ 79.91474183102649, 6.900898402489127 ], [ 79.916642385331983, 6.900902721787078 ], [ 79.916638066400097, 6.902802040371601 ], [ 79.91473750452144, 6.902797719873738 ], [ 79.91474183102649, 6.900898402489127 ] ] ] } },
{ "type": "Feature", "properties": { "id": "1811,3633", "grid_id": "1811,3633" }, "geometry": { "type": "Polygon", "coordinates": [ [ [ 79.916642385331983, 6.900902721787078 ], [ 79.918542940854664, 6.900907033517808 ], [ 79.91853862949597, 6.902806353300144 ], [ 79.916638066400097, 6.902802040371601 ], [ 79.916642385331983, 6.900902721787078 ] ] ] } },
{ "type": "Feature", "properties": { "id": "1812,3633", "grid_id": "1812,3633" }, "geometry": { "type": "Polygon", "coordinates": [ [ [ 79.918542940854664, 6.900907033517808 ], [ 79.920443497592402, 6.900911337681298 ], [ 79.920439193806899, 6.90281065865934 ], [ 79.91853862949597, 6.902806353300144 ], [ 79.918542940854664, 6.900907033517808 ] ] ] } },
{ "type": "Feature", "properties": { "id": "1813,3633", "grid_id": "1813,3633" }, "geometry": { "type": "Polygon", "coordinates": [ [ [ 79.920443497592402, 6.900911337681298 ], [ 79.92234405554305, 6.900915634277519 ], [ 79.922339759330796, 6.902814956449167 ], [ 79.920439193806899, 6.90281065865934 ], [ 79.920443497592402, 6.900911337681298 ] ] ] } },
{ "type": "Feature", "properties": { "id": "1814,3633", "grid_id": "1814,3633" }, "geometry": { "type": "Polygon", "coordinates": [ [ [ 79.92234405554305, 6.900915634277519 ], [ 79.924244614704492, 6.900919923306449 ], [ 79.924240326065487, 6.9028192466696 ], [ 79.922339759330796, 6.902814956449167 ], [ 79.92234405554305, 6.900915634277519 ] ] ] } },
{ "type": "Feature", "properties": { "id": "1815,3633", "grid_id": "1815,3633" }, "geometry": { "type": "Polygon", "coordinates": [ [ [ 79.924244614704492, 6.900919923306449 ], [ 79.926145175074595, 6.900924204768067 ], [ 79.926140894008881, 6.902823529320619 ], [ 79.924240326065487, 6.9028192466696 ], [ 79.924244614704492, 6.900919923306449 ] ] ] } },
{ "type": "Feature", "properties": { "id": "1816,3633", "grid_id": "1816,3633" }, "geometry": { "type": "Polygon", "coordinates": [ [ [ 79.926145175074595, 6.900924204768067 ], [ 79.928045736651214, 6.900928478662346 ], [ 79.928041463158806, 6.902827804402197 ], [ 79.926140894008881, 6.902823529320619 ], [ 79.926145175074595, 6.900924204768067 ] ] ] } },
{ "type": "Feature", "properties": { "id": "1817,3633", "grid_id": "1817,3633" }, "geometry": { "type": "Polygon", "coordinates": [ [ [ 79.928045736651214, 6.900928478662346 ], [ 79.929946299432217, 6.900932744989264 ], [ 79.929942033513129, 6.902832071914313 ], [ 79.928041463158806, 6.902827804402197 ], [ 79.928045736651214, 6.900928478662346 ] ] ] } },
{ "type": "Feature", "properties": { "id": "1818,3633", "grid_id": "1818,3633" }, "geometry": { "type": "Polygon", "coordinates": [ [ [ 79.929946299432217, 6.900932744989264 ], [ 79.931846863415473, 6.900937003748798 ], [ 79.931842605069733, 6.902836331856941 ], [ 79.929942033513129, 6.902832071914313 ], [ 79.929946299432217, 6.900932744989264 ] ] ] } },
{ "type": "Feature", "properties": { "id": "1819,3633", "grid_id": "1819,3633" }, "geometry": { "type": "Polygon", "coordinates": [ [ [ 79.931846863415473, 6.900937003748798 ], [ 79.933747428598849, 6.900941254940925 ], [ 79.933743177826472, 6.90284058423006 ], [ 79.931842605069733, 6.902836331856941 ], [ 79.931846863415473, 6.900937003748798 ] ] ] } },
{ "type": "Feature", "properties": { "id": "1820,3633", "grid_id": "1820,3633" }, "geometry": { "type": "Polygon", "coordinates": [ [ [ 79.933747428598849, 6.900941254940925 ], [ 79.935647994980201, 6.900945498565621 ], [ 79.935643751781228, 6.902844829033646 ], [ 79.933743177826472, 6.90284058423006 ], [ 79.933747428598849, 6.900941254940925 ] ] ] } },
{ "type": "Feature", "properties": { "id": "1821,3633", "grid_id": "1821,3633" }, "geometry": { "type": "Polygon", "coordinates": [ [ [ 79.935647994980201, 6.900945498565621 ], [ 79.93754856255741, 6.900949734622863 ], [ 79.937544326931842, 6.902849066267676 ], [ 79.935643751781228, 6.902844829033646 ], [ 79.935647994980201, 6.900945498565621 ] ] ] } },
{ "type": "Feature", "properties": { "id": "1822,3633", "grid_id": "1822,3633" }, "geometry": { "type": "Polygon", "coordinates": [ [ [ 79.93754856255741, 6.900949734622863 ], [ 79.939449131328303, 6.900953963112626 ], [ 79.939444903276211, 6.902853295932127 ], [ 79.937544326931842, 6.902849066267676 ], [ 79.93754856255741, 6.900949734622863 ] ] ] } },
{ "type": "Feature", "properties": { "id": "1823,3633", "grid_id": "1823,3633" }, "geometry": { "type": "Polygon", "coordinates": [ [ [ 79.939449131328303, 6.900953963112626 ], [ 79.941349701290804, 6.900958184034891 ], [ 79.94134548081216, 6.902857518026974 ], [ 79.939444903276211, 6.902853295932127 ], [ 79.939449131328303, 6.900953963112626 ] ] ] } },
{ "type": "Feature", "properties": { "id": "1824,3633", "grid_id": "1824,3633" }, "geometry": { "type": "Polygon", "coordinates": [ [ [ 79.941349701290804, 6.900958184034891 ], [ 79.943250272442739, 6.900962397389633 ], [ 79.943246059537586, 6.902861732552195 ], [ 79.94134548081216, 6.902857518026974 ], [ 79.941349701290804, 6.900958184034891 ] ] ] } },
{ "type": "Feature", "properties": { "id": "1825,3633", "grid_id": "1825,3633" }, "geometry": { "type": "Polygon", "coordinates": [ [ [ 79.943250272442739, 6.900962397389633 ], [ 79.945150844781992, 6.900966603176826 ], [ 79.945146639450357, 6.902865939507769 ], [ 79.943246059537586, 6.902861732552195 ], [ 79.943250272442739, 6.900962397389633 ] ] ] } },
{ "type": "Feature", "properties": { "id": "1826,3633", "grid_id": "1826,3633" }, "geometry": { "type": "Polygon", "coordinates": [ [ [ 79.945150844781992, 6.900966603176826 ], [ 79.947051418306415, 6.900970801396451 ], [ 79.947047220548313, 6.90287013889367 ], [ 79.945146639450357, 6.902865939507769 ], [ 79.945150844781992, 6.900966603176826 ] ] ] } },
{ "type": "Feature", "properties": { "id": "1827,3633", "grid_id": "1827,3633" }, "geometry": { "type": "Polygon", "coordinates": [ [ [ 79.947051418306415, 6.900970801396451 ], [ 79.948951993013878, 6.900974992048482 ], [ 79.948947802829338, 6.902874330709877 ], [ 79.947047220548313, 6.90287013889367 ], [ 79.947051418306415, 6.900970801396451 ] ] ] } },
{ "type": "Feature", "properties": { "id": "1828,3633", "grid_id": "1828,3633" }, "geometry": { "type": "Polygon", "coordinates": [ [ [ 79.948951993013878, 6.900974992048482 ], [ 79.950852568902249, 6.9009791751329 ], [ 79.950848386291298, 6.902878514956365 ], [ 79.948947802829338, 6.902874330709877 ], [ 79.948951993013878, 6.900974992048482 ] ] ] } },
{ "type": "Feature", "properties": { "id": "1829,3633", "grid_id": "1829,3633" }, "geometry": { "type": "Polygon", "coordinates": [ [ [ 79.950852568902249, 6.9009791751329 ], [ 79.952753145969396, 6.900983350649676 ], [ 79.952748970932049, 6.902882691633113 ], [ 79.950848386291298, 6.902878514956365 ], [ 79.950852568902249, 6.9009791751329 ] ] ] } },
{ "type": "Feature", "properties": { "id": "1830,3633", "grid_id": "1830,3633" }, "geometry": { "type": "Polygon", "coordinates": [ [ [ 79.952753145969396, 6.900983350649676 ], [ 79.954653724213188, 6.900987518598794 ], [ 79.954649556749459, 6.902886860740098 ], [ 79.952748970932049, 6.902882691633113 ], [ 79.952753145969396, 6.900983350649676 ] ] ] } },
{ "type": "Feature", "properties": { "id": "1831,3633", "grid_id": "1831,3633" }, "geometry": { "type": "Polygon", "coordinates": [ [ [ 79.954653724213188, 6.900987518598794 ], [ 79.956554303631464, 6.900991678980225 ], [ 79.956550143741396, 6.902891022277296 ], [ 79.954649556749459, 6.902886860740098 ], [ 79.954653724213188, 6.900987518598794 ] ] ] } },
{ "type": "Feature", "properties": { "id": "1832,3633", "grid_id": "1832,3633" }, "geometry": { "type": "Polygon", "coordinates": [ [ [ 79.956554303631464, 6.900991678980225 ], [ 79.958454884222121, 6.900995831793951 ], [ 79.958450731905742, 6.902895176244683 ], [ 79.956550143741396, 6.902891022277296 ], [ 79.956554303631464, 6.900991678980225 ] ] ] } },
{ "type": "Feature", "properties": { "id": "1833,3633", "grid_id": "1833,3633" }, "geometry": { "type": "Polygon", "coordinates": [ [ [ 79.958454884222121, 6.900995831793951 ], [ 79.960355465983014, 6.900999977039947 ], [ 79.960351321240324, 6.90289932264224 ], [ 79.958450731905742, 6.902895176244683 ], [ 79.958454884222121, 6.900995831793951 ] ] ] } },
{ "type": "Feature", "properties": { "id": "1834,3633", "grid_id": "1834,3633" }, "geometry": { "type": "Polygon", "coordinates": [ [ [ 79.960355465983014, 6.900999977039947 ], [ 79.96225604891201, 6.901004114718192 ], [ 79.962251911743039, 6.902903461469942 ], [ 79.960351321240324, 6.90289932264224 ], [ 79.960355465983014, 6.900999977039947 ] ] ] } },
{ "type": "Feature", "properties": { "id": "1835,3633", "grid_id": "1835,3633" }, "geometry": { "type": "Polygon", "coordinates": [ [ [ 79.96225604891201, 6.901004114718192 ], [ 79.964156633006965, 6.901008244828659 ], [ 79.964152503411739, 6.902907592727766 ], [ 79.962251911743039, 6.902903461469942 ], [ 79.96225604891201, 6.901004114718192 ] ] ] } },
{ "type": "Feature", "properties": { "id": "1836,3633", "grid_id": "1836,3633" }, "geometry": { "type": "Polygon", "coordinates": [ [ [ 79.964156633006965, 6.901008244828659 ], [ 79.966057218265746, 6.901012367371332 ], [ 79.966053096244295, 6.902911716415691 ], [ 79.964152503411739, 6.902907592727766 ], [ 79.964156633006965, 6.901008244828659 ] ] ] } },
{ "type": "Feature", "properties": { "id": "1837,3633", "grid_id": "1837,3633" }, "geometry": { "type": "Polygon", "coordinates": [ [ [ 79.966057218265746, 6.901012367371332 ], [ 79.967957804686236, 6.901016482346182 ], [ 79.967953690238573, 6.902915832533694 ], [ 79.966053096244295, 6.902911716415691 ], [ 79.966057218265746, 6.901012367371332 ] ] ] } },
{ "type": "Feature", "properties": { "id": "1838,3633", "grid_id": "1838,3633" }, "geometry": { "type": "Polygon", "coordinates": [ [ [ 79.967957804686236, 6.901016482346182 ], [ 79.969858392266289, 6.901020589753188 ], [ 79.969854285392444, 6.902919941081751 ], [ 79.967953690238573, 6.902915832533694 ], [ 79.967957804686236, 6.901016482346182 ] ] ] } },
{ "type": "Feature", "properties": { "id": "1839,3633", "grid_id": "1839,3633" }, "geometry": { "type": "Polygon", "coordinates": [ [ [ 79.969858392266289, 6.901020589753188 ], [ 79.971758981003759, 6.901024689592333 ], [ 79.97175488170376, 6.90292404205984 ], [ 79.969854285392444, 6.902919941081751 ], [ 79.969858392266289, 6.901020589753188 ] ] ] } },
{ "type": "Feature", "properties": { "id": "1840,3633", "grid_id": "1840,3633" }, "geometry": { "type": "Polygon", "coordinates": [ [ [ 79.971758981003759, 6.901024689592333 ], [ 79.973659570896544, 6.901028781863588 ], [ 79.97365547917039, 6.902928135467939 ], [ 79.97175488170376, 6.90292404205984 ], [ 79.971758981003759, 6.901024689592333 ] ] ] } },
{ "type": "Feature", "properties": { "id": "1841,3633", "grid_id": "1841,3633" }, "geometry": { "type": "Polygon", "coordinates": [ [ [ 79.973659570896544, 6.901028781863588 ], [ 79.975560161942468, 6.901032866566932 ], [ 79.975556077790188, 6.902932221306026 ], [ 79.97365547917039, 6.902928135467939 ], [ 79.973659570896544, 6.901028781863588 ] ] ] } },
{ "type": "Feature", "properties": { "id": "1842,3633", "grid_id": "1842,3633" }, "geometry": { "type": "Polygon", "coordinates": [ [ [ 79.975560161942468, 6.901032866566932 ], [ 79.977460754139429, 6.901036943702345 ], [ 79.977456677561065, 6.902936299574079 ], [ 79.975556077790188, 6.902932221306026 ], [ 79.975560161942468, 6.901032866566932 ] ] ] } },
{ "type": "Feature", "properties": { "id": "1843,3633", "grid_id": "1843,3633" }, "geometry": { "type": "Polygon", "coordinates": [ [ [ 79.977460754139429, 6.901036943702345 ], [ 79.979361347485266, 6.901041013269803 ], [ 79.979357278480833, 6.902940370272074 ], [ 79.977456677561065, 6.902936299574079 ], [ 79.977460754139429, 6.901036943702345 ] ] ] } },
{ "type": "Feature", "properties": { "id": "1844,3633", "grid_id": "1844,3633" }, "geometry": { "type": "Polygon", "coordinates": [ [ [ 79.979361347485266, 6.901041013269803 ], [ 79.981261941977877, 6.901045075269285 ], [ 79.981257880547389, 6.902944433399989 ], [ 79.979357278480833, 6.902940370272074 ], [ 79.979361347485266, 6.901041013269803 ] ] ] } },
{ "type": "Feature", "properties": { "id": "1845,3633", "grid_id": "1845,3633" }, "geometry": { "type": "Polygon", "coordinates": [ [ [ 79.981261941977877, 6.901045075269285 ], [ 79.983162537615101, 6.901049129700765 ], [ 79.983158483758586, 6.902948488957803 ], [ 79.981257880547389, 6.902944433399989 ], [ 79.981261941977877, 6.901045075269285 ] ] ] } },
{ "type": "Feature", "properties": { "id": "1846,3633", "grid_id": "1846,3633" }, "geometry": { "type": "Polygon", "coordinates": [ [ [ 79.983162537615101, 6.901049129700765 ], [ 79.985063134394821, 6.901053176564226 ], [ 79.98505908811228, 6.902952536945493 ], [ 79.983158483758586, 6.902948488957803 ], [ 79.983162537615101, 6.901049129700765 ] ] ] } },
{ "type": "Feature", "properties": { "id": "1847,3633", "grid_id": "1847,3633" }, "geometry": { "type": "Polygon", "coordinates": [ [ [ 79.985063134394821, 6.901053176564226 ], [ 79.986963732314877, 6.901057215859642 ], [ 79.986959693606352, 6.902956577363037 ], [ 79.98505908811228, 6.902952536945493 ], [ 79.985063134394821, 6.901053176564226 ] ] ] } },
{ "type": "Feature", "properties": { "id": "1848,3633", "grid_id": "1848,3633" }, "geometry": { "type": "Polygon", "coordinates": [ [ [ 79.986963732314877, 6.901057215859642 ], [ 79.988864331373165, 6.901061247586993 ], [ 79.988860300238684, 6.902960610210412 ], [ 79.986959693606352, 6.902956577363037 ], [ 79.986963732314877, 6.901057215859642 ] ] ] } },
{ "type": "Feature", "properties": { "id": "1849,3633", "grid_id": "1849,3633" }, "geometry": { "type": "Polygon", "coordinates": [ [ [ 79.988864331373165, 6.901061247586993 ], [ 79.990764931567526, 6.901065271746257 ], [ 79.990760908007104, 6.902964635487598 ], [ 79.988860300238684, 6.902960610210412 ], [ 79.988864331373165, 6.901061247586993 ] ] ] } },
{ "type": "Feature", "properties": { "id": "1850,3633", "grid_id": "1850,3633" }, "geometry": { "type": "Polygon", "coordinates": [ [ [ 79.990764931567526, 6.901065271746257 ], [ 79.992665532895842, 6.901069288337409 ], [ 79.992661516909493, 6.902968653194571 ], [ 79.990760908007104, 6.902964635487598 ], [ 79.990764931567526, 6.901065271746257 ] ] ] } },
{ "type": "Feature", "properties": { "id": "1851,3633", "grid_id": "1851,3633" }, "geometry": { "type": "Polygon", "coordinates": [ [ [ 79.992665532895842, 6.901069288337409 ], [ 79.994566135355967, 6.90107329736043 ], [ 79.994562126943734, 6.902972663331311 ], [ 79.992661516909493, 6.902968653194571 ], [ 79.992665532895842, 6.901069288337409 ] ] ] } },
{ "type": "Feature", "properties": { "id": "1852,3633", "grid_id": "1852,3633" }, "geometry": { "type": "Polygon", "coordinates": [ [ [ 79.994566135355967, 6.90107329736043 ], [ 79.99646673894577, 6.901077298815297 ], [ 79.996462738107667, 6.902976665897793 ], [ 79.994562126943734, 6.902972663331311 ], [ 79.994566135355967, 6.90107329736043 ] ] ] } },
{ "type": "Feature", "properties": { "id": "1853,3633", "grid_id": "1853,3633" }, "geometry": { "type": "Polygon", "coordinates": [ [ [ 79.99646673894577, 6.901077298815297 ], [ 79.998367343663119, 6.901081292701988 ], [ 79.99836335039916, 6.902980660893998 ], [ 79.996462738107667, 6.902976665897793 ], [ 79.99646673894577, 6.901077298815297 ] ] ] } },
{ "type": "Feature", "properties": { "id": "1854,3633", "grid_id": "1854,3633" }, "geometry": { "type": "Polygon", "coordinates": [ [ [ 79.998367343663119, 6.901081292701988 ], [ 80.000267949505883, 6.901085279020482 ], [ 80.000263963816096, 6.902984648319902 ], [ 79.99836335039916, 6.902980660893998 ], [ 79.998367343663119, 6.901081292701988 ] ] ] } },
{ "type": "Feature", "properties": { "id": "1855,3633", "grid_id": "1855,3633" }, "geometry": { "type": "Polygon", "coordinates": [ [ [ 80.000267949505883, 6.901085279020482 ], [ 80.002168556471929, 6.901089257770757 ], [ 80.002164578356329, 6.902988628175484 ], [ 80.000263963816096, 6.902984648319902 ], [ 80.000267949505883, 6.901085279020482 ] ] ] } },
{ "type": "Feature", "properties": { "id": "1856,3633", "grid_id": "1856,3633" }, "geometry": { "type": "Polygon", "coordinates": [ [ [ 80.002168556471929, 6.901089257770757 ], [ 80.004069164559112, 6.90109322895279 ], [ 80.004065194017727, 6.902992600460723 ], [ 80.002164578356329, 6.902988628175484 ], [ 80.002168556471929, 6.901089257770757 ] ] ] } },
{ "type": "Feature", "properties": { "id": "1857,3633", "grid_id": "1857,3633" }, "geometry": { "type": "Polygon", "coordinates": [ [ [ 80.004069164559112, 6.90109322895279 ], [ 80.005969773765287, 6.90109719256656 ], [ 80.005965810798159, 6.902996565175596 ], [ 80.004065194017727, 6.902992600460723 ], [ 80.004069164559112, 6.90109322895279 ] ] ] } },
{ "type": "Feature", "properties": { "id": "1858,3633", "grid_id": "1858,3633" }, "geometry": { "type": "Polygon", "coordinates": [ [ [ 80.005969773765287, 6.90109719256656 ], [ 80.007870384088363, 6.901101148612047 ], [ 80.007866428695479, 6.903000522320082 ], [ 80.005965810798159, 6.902996565175596 ], [ 80.005969773765287, 6.90109719256656 ] ] ] } },
{ "type": "Feature", "properties": { "id": "1859,3633", "grid_id": "1859,3633" }, "geometry": { "type": "Polygon", "coordinates": [ [ [ 80.007870384088363, 6.901101148612047 ], [ 80.009770995526154, 6.901105097089225 ], [ 80.009767047707555, 6.90300447189416 ], [ 80.007866428695479, 6.903000522320082 ], [ 80.007870384088363, 6.901101148612047 ] ] ] } },
{ "type": "Feature", "properties": { "id": "1860,3633", "grid_id": "1860,3633" }, "geometry": { "type": "Polygon", "coordinates": [ [ [ 80.009770995526154, 6.901105097089225 ], [ 80.011671608076554, 6.901109037998077 ], [ 80.011667667832242, 6.903008413897808 ], [ 80.009767047707555, 6.90300447189416 ], [ 80.009770995526154, 6.901105097089225 ] ] ] } },
{ "type": "Feature", "properties": { "id": "1861,3633", "grid_id": "1861,3633" }, "geometry": { "type": "Polygon", "coordinates": [ [ [ 80.011671608076554, 6.901109037998077 ], [ 80.013572221737419, 6.901112971338578 ], [ 80.01356828906745, 6.903012348331001 ], [ 80.011667667832242, 6.903008413897808 ], [ 80.011671608076554, 6.901109037998077 ] ] ] } },
{ "type": "Feature", "properties": { "id": "1862,3633", "grid_id": "1862,3633" }, "geometry": { "type": "Polygon", "coordinates": [ [ [ 80.013572221737419, 6.901112971338578 ], [ 80.015472836506618, 6.901116897110708 ], [ 80.015468911410991, 6.903016275193723 ], [ 80.01356828906745, 6.903012348331001 ], [ 80.013572221737419, 6.901112971338578 ] ] ] } },
{ "type": "Feature", "properties": { "id": "1863,3633", "grid_id": "1863,3633" }, "geometry": { "type": "Polygon", "coordinates": [ [ [ 80.015472836506618, 6.901116897110708 ], [ 80.017373452382031, 6.901120815314447 ], [ 80.017369534860762, 6.903020194485949 ], [ 80.015468911410991, 6.903016275193723 ], [ 80.015472836506618, 6.901116897110708 ] ] ] } },
{ "type": "Feature", "properties": { "id": "1864,3633", "grid_id": "1864,3633" }, "geometry": { "type": "Polygon", "coordinates": [ [ [ 80.017373452382031, 6.901120815314447 ], [ 80.019274069361501, 6.901124725949771 ], [ 80.019270159414617, 6.903024106207659 ], [ 80.017369534860762, 6.903020194485949 ], [ 80.017373452382031, 6.901120815314447 ] ] ] } },
{ "type": "Feature", "properties": { "id": "1865,3633", "grid_id": "1865,3633" }, "geometry": { "type": "Polygon", "coordinates": [ [ [ 80.019274069361501, 6.901124725949771 ], [ 80.021174687442894, 6.901128629016658 ], [ 80.021170785070424, 6.903028010358831 ], [ 80.019270159414617, 6.903024106207659 ], [ 80.019274069361501, 6.901124725949771 ] ] ] } },
{ "type": "Feature", "properties": { "id": "1866,3633", "grid_id": "1866,3633" }, "geometry": { "type": "Polygon", "coordinates": [ [ [ 80.021174687442894, 6.901128629016658 ], [ 80.023075306624079, 6.901132524515091 ], [ 80.023071411826052, 6.903031906939443 ], [ 80.021170785070424, 6.903028010358831 ], [ 80.021174687442894, 6.901128629016658 ] ] ] } },
{ "type": "Feature", "properties": { "id": "1867,3633", "grid_id": "1867,3633" }, "geometry": { "type": "Polygon", "coordinates": [ [ [ 80.023075306624079, 6.901132524515091 ], [ 80.024975926902925, 6.901136412445044 ], [ 80.024972039679355, 6.903035795949475 ], [ 80.023071411826052, 6.903031906939443 ], [ 80.023075306624079, 6.901132524515091 ] ] ] } },
{ "type": "Feature", "properties": { "id": "1868,3633", "grid_id": "1868,3633" }, "geometry": { "type": "Polygon", "coordinates": [ [ [ 80.024975926902925, 6.901136412445044 ], [ 80.026876548277315, 6.901140292806499 ], [ 80.026872668628215, 6.903039677388905 ], [ 80.024972039679355, 6.903035795949475 ], [ 80.024975926902925, 6.901136412445044 ] ] ] } },
{ "type": "Feature", "properties": { "id": "1869,3633", "grid_id": "1869,3633" }, "geometry": { "type": "Polygon", "coordinates": [ [ [ 80.026876548277315, 6.901140292806499 ], [ 80.028777170745087, 6.901144165599432 ], [ 80.028773298670473, 6.903043551257711 ], [ 80.026872668628215, 6.903039677388905 ], [ 80.026876548277315, 6.901140292806499 ] ] ] } },
{ "type": "Feature", "properties": { "id": "1870,3633", "grid_id": "1870,3633" }, "geometry": { "type": "Polygon", "coordinates": [ [ [ 80.028777170745087, 6.901144165599432 ], [ 80.030677794304111, 6.901148030823824 ], [ 80.03067392980401, 6.903047417555874 ], [ 80.028773298670473, 6.903043551257711 ], [ 80.028777170745087, 6.901144165599432 ] ] ] } },
{ "type": "Feature", "properties": { "id": "1871,3633", "grid_id": "1871,3633" }, "geometry": { "type": "Polygon", "coordinates": [ [ [ 80.030677794304111, 6.901148030823824 ], [ 80.032578418952255, 6.901151888479653 ], [ 80.03257456202671, 6.90305127628337 ], [ 80.03067392980401, 6.903047417555874 ], [ 80.030677794304111, 6.901148030823824 ] ] ] } },
{ "type": "Feature", "properties": { "id": "1872,3633", "grid_id": "1872,3633" }, "geometry": { "type": "Polygon", "coordinates": [ [ [ 80.032578418952255, 6.901151888479653 ], [ 80.034479044687387, 6.901155738566898 ], [ 80.034475195336398, 6.903055127440179 ], [ 80.03257456202671, 6.90305127628337 ], [ 80.032578418952255, 6.901151888479653 ] ] ] } },
{ "type": "Feature", "properties": { "id": "1873,3633", "grid_id": "1873,3633" }, "geometry": { "type": "Polygon", "coordinates": [ [ [ 80.034479044687387, 6.901155738566898 ], [ 80.03637967150739, 6.901159581085536 ], [ 80.036375829730972, 6.903058971026281 ], [ 80.034475195336398, 6.903055127440179 ], [ 80.034479044687387, 6.901155738566898 ] ] ] } },
{ "type": "Feature", "properties": { "id": "1874,3633", "grid_id": "1874,3633" }, "geometry": { "type": "Polygon", "coordinates": [ [ [ 80.03637967150739, 6.901159581085536 ], [ 80.038280299410076, 6.90116341603555 ], [ 80.038276465208284, 6.903062807041656 ], [ 80.036375829730972, 6.903058971026281 ], [ 80.03637967150739, 6.901159581085536 ] ] ] } },
{ "type": "Feature", "properties": { "id": "1805,3634", "grid_id": "1805,3634" }, "geometry": { "type": "Polygon", "coordinates": [ [ [ 79.905234713461141, 6.902776003845418 ], [ 79.907135269221683, 6.902780362189538 ], [ 79.907130911196361, 6.904679674599862 ], [ 79.905230347860623, 6.904675315045312 ], [ 79.905234713461141, 6.902776003845418 ] ] ] } },
{ "type": "Feature", "properties": { "id": "1806,3634", "grid_id": "1806,3634" }, "geometry": { "type": "Polygon", "coordinates": [ [ [ 79.907135269221683, 6.902780362189538 ], [ 79.909035826210143, 6.902784712964452 ], [ 79.909031475760003, 6.904684026583105 ], [ 79.907130911196361, 6.904679674599862 ], [ 79.907135269221683, 6.902780362189538 ] ] ] } },
{ "type": "Feature", "properties": { "id": "1807,3634", "grid_id": "1807,3634" }, "geometry": { "type": "Polygon", "coordinates": [ [ [ 79.909035826210143, 6.902784712964452 ], [ 79.910936384424332, 6.902789056170139 ], [ 79.91093204154943, 6.904688370995022 ], [ 79.909031475760003, 6.904684026583105 ], [ 79.909035826210143, 6.902784712964452 ] ] ] } },
{ "type": "Feature", "properties": { "id": "1808,3634", "grid_id": "1808,3634" }, "geometry": { "type": "Polygon", "coordinates": [ [ [ 79.910936384424332, 6.902789056170139 ], [ 79.91283694386216, 6.902793391806576 ], [ 79.912832608562496, 6.904692707835584 ], [ 79.91093204154943, 6.904688370995022 ], [ 79.910936384424332, 6.902789056170139 ] ] ] } },
{ "type": "Feature", "properties": { "id": "1809,3634", "grid_id": "1809,3634" }, "geometry": { "type": "Polygon", "coordinates": [ [ [ 79.91283694386216, 6.902793391806576 ], [ 79.91473750452144, 6.902797719873738 ], [ 79.914733176797071, 6.90469703710477 ], [ 79.912832608562496, 6.904692707835584 ], [ 79.91283694386216, 6.902793391806576 ] ] ] } },
{ "type": "Feature", "properties": { "id": "1810,3634", "grid_id": "1810,3634" }, "geometry": { "type": "Polygon", "coordinates": [ [ [ 79.91473750452144, 6.902797719873738 ], [ 79.916638066400097, 6.902802040371601 ], [ 79.916633746250994, 6.904701358802554 ], [ 79.914733176797071, 6.90469703710477 ], [ 79.91473750452144, 6.902797719873738 ] ] ] } },
{ "type": "Feature", "properties": { "id": "1811,3634", "grid_id": "1811,3634" }, "geometry": { "type": "Polygon", "coordinates": [ [ [ 79.916638066400097, 6.902802040371601 ], [ 79.91853862949597, 6.902806353300144 ], [ 79.918534316922177, 6.904705672928915 ], [ 79.916633746250994, 6.904701358802554 ], [ 79.916638066400097, 6.902802040371601 ] ] ] } },
{ "type": "Feature", "properties": { "id": "1812,3634", "grid_id": "1812,3634" }, "geometry": { "type": "Polygon", "coordinates": [ [ [ 79.91853862949597, 6.902806353300144 ], [ 79.920439193806899, 6.90281065865934 ], [ 79.920434888808472, 6.90470997948383 ], [ 79.918534316922177, 6.904705672928915 ], [ 79.91853862949597, 6.902806353300144 ] ] ] } },
{ "type": "Feature", "properties": { "id": "1813,3634", "grid_id": "1813,3634" }, "geometry": { "type": "Polygon", "coordinates": [ [ [ 79.920439193806899, 6.90281065865934 ], [ 79.922339759330796, 6.902814956449167 ], [ 79.922335461907721, 6.904714278467272 ], [ 79.920434888808472, 6.90470997948383 ], [ 79.920439193806899, 6.90281065865934 ] ] ] } },
{ "type": "Feature", "properties": { "id": "1814,3634", "grid_id": "1814,3634" }, "geometry": { "type": "Polygon", "coordinates": [ [ [ 79.922339759330796, 6.902814956449167 ], [ 79.924240326065487, 6.9028192466696 ], [ 79.924236036217806, 6.904718569879218 ], [ 79.922335461907721, 6.904714278467272 ], [ 79.922339759330796, 6.902814956449167 ] ] ] } },
{ "type": "Feature", "properties": { "id": "1815,3634", "grid_id": "1815,3634" }, "geometry": { "type": "Polygon", "coordinates": [ [ [ 79.924240326065487, 6.9028192466696 ], [ 79.926140894008881, 6.902823529320619 ], [ 79.926136611736609, 6.904722853719646 ], [ 79.924236036217806, 6.904718569879218 ], [ 79.924240326065487, 6.9028192466696 ] ] ] } },
{ "type": "Feature", "properties": { "id": "1816,3634", "grid_id": "1816,3634" }, "geometry": { "type": "Polygon", "coordinates": [ [ [ 79.926140894008881, 6.902823529320619 ], [ 79.928041463158806, 6.902827804402197 ], [ 79.928037188461957, 6.904727129988533 ], [ 79.926136611736609, 6.904722853719646 ], [ 79.926140894008881, 6.902823529320619 ] ] ] } },
{ "type": "Feature", "properties": { "id": "1817,3634", "grid_id": "1817,3634" }, "geometry": { "type": "Polygon", "coordinates": [ [ [ 79.928041463158806, 6.902827804402197 ], [ 79.929942033513129, 6.902832071914313 ], [ 79.92993776639176, 6.904731398685854 ], [ 79.928037188461957, 6.904727129988533 ], [ 79.928041463158806, 6.902827804402197 ] ] ] } },
{ "type": "Feature", "properties": { "id": "1818,3634", "grid_id": "1818,3634" }, "geometry": { "type": "Polygon", "coordinates": [ [ [ 79.929942033513129, 6.902832071914313 ], [ 79.931842605069733, 6.902836331856941 ], [ 79.931838345523857, 6.904735659811587 ], [ 79.92993776639176, 6.904731398685854 ], [ 79.929942033513129, 6.902832071914313 ] ] ] } },
{ "type": "Feature", "properties": { "id": "1819,3634", "grid_id": "1819,3634" }, "geometry": { "type": "Polygon", "coordinates": [ [ [ 79.931842605069733, 6.902836331856941 ], [ 79.933743177826472, 6.90284058423006 ], [ 79.93373892585609, 6.904739913365709 ], [ 79.931838345523857, 6.904735659811587 ], [ 79.931842605069733, 6.902836331856941 ] ] ] } },
{ "type": "Feature", "properties": { "id": "1820,3634", "grid_id": "1820,3634" }, "geometry": { "type": "Polygon", "coordinates": [ [ [ 79.933743177826472, 6.90284058423006 ], [ 79.935643751781228, 6.902844829033646 ], [ 79.935639507386384, 6.904744159348192 ], [ 79.93373892585609, 6.904739913365709 ], [ 79.933743177826472, 6.90284058423006 ] ] ] } },
{ "type": "Feature", "properties": { "id": "1821,3634", "grid_id": "1821,3634" }, "geometry": { "type": "Polygon", "coordinates": [ [ [ 79.935643751781228, 6.902844829033646 ], [ 79.937544326931842, 6.902849066267676 ], [ 79.937540090112563, 6.904748397759017 ], [ 79.935639507386384, 6.904744159348192 ], [ 79.935643751781228, 6.902844829033646 ] ] ] } },
{ "type": "Feature", "properties": { "id": "1822,3634", "grid_id": "1822,3634" }, "geometry": { "type": "Polygon", "coordinates": [ [ [ 79.937544326931842, 6.902849066267676 ], [ 79.939444903276211, 6.902853295932127 ], [ 79.939440674032497, 6.904752628598165 ], [ 79.937540090112563, 6.904748397759017 ], [ 79.937544326931842, 6.902849066267676 ] ] ] } },
{ "type": "Feature", "properties": { "id": "1823,3634", "grid_id": "1823,3634" }, "geometry": { "type": "Polygon", "coordinates": [ [ [ 79.939444903276211, 6.902853295932127 ], [ 79.94134548081216, 6.902857518026974 ], [ 79.941341259144068, 6.904756851865604 ], [ 79.939440674032497, 6.904752628598165 ], [ 79.939444903276211, 6.902853295932127 ] ] ] } },
{ "type": "Feature", "properties": { "id": "1824,3634", "grid_id": "1824,3634" }, "geometry": { "type": "Polygon", "coordinates": [ [ [ 79.94134548081216, 6.902857518026974 ], [ 79.943246059537586, 6.902861732552195 ], [ 79.943241845445115, 6.904761067561315 ], [ 79.941341259144068, 6.904756851865604 ], [ 79.94134548081216, 6.902857518026974 ] ] ] } },
{ "type": "Feature", "properties": { "id": "1825,3634", "grid_id": "1825,3634" }, "geometry": { "type": "Polygon", "coordinates": [ [ [ 79.943246059537586, 6.902861732552195 ], [ 79.945146639450357, 6.902865939507769 ], [ 79.945142432933523, 6.904765275685278 ], [ 79.943241845445115, 6.904761067561315 ], [ 79.943246059537586, 6.902861732552195 ] ] ] } },
{ "type": "Feature", "properties": { "id": "1826,3634", "grid_id": "1826,3634" }, "geometry": { "type": "Polygon", "coordinates": [ [ [ 79.945146639450357, 6.902865939507769 ], [ 79.947047220548313, 6.90287013889367 ], [ 79.947043021607143, 6.904769476237465 ], [ 79.945142432933523, 6.904765275685278 ], [ 79.945146639450357, 6.902865939507769 ] ] ] } },
{ "type": "Feature", "properties": { "id": "1827,3634", "grid_id": "1827,3634" }, "geometry": { "type": "Polygon", "coordinates": [ [ [ 79.947047220548313, 6.90287013889367 ], [ 79.948947802829338, 6.902874330709877 ], [ 79.948943611463875, 6.904773669217854 ], [ 79.947043021607143, 6.904769476237465 ], [ 79.947047220548313, 6.90287013889367 ] ] ] } },
{ "type": "Feature", "properties": { "id": "1828,3634", "grid_id": "1828,3634" }, "geometry": { "type": "Polygon", "coordinates": [ [ [ 79.948947802829338, 6.902874330709877 ], [ 79.950848386291298, 6.902878514956365 ], [ 79.950844202501543, 6.904777854626424 ], [ 79.948943611463875, 6.904773669217854 ], [ 79.948947802829338, 6.902874330709877 ] ] ] } },
{ "type": "Feature", "properties": { "id": "1829,3634", "grid_id": "1829,3634" }, "geometry": { "type": "Polygon", "coordinates": [ [ [ 79.950848386291298, 6.902878514956365 ], [ 79.952748970932049, 6.902882691633113 ], [ 79.952744794718043, 6.90478203246315 ], [ 79.950844202501543, 6.904777854626424 ], [ 79.950848386291298, 6.902878514956365 ] ] ] } },
{ "type": "Feature", "properties": { "id": "1830,3634", "grid_id": "1830,3634" }, "geometry": { "type": "Polygon", "coordinates": [ [ [ 79.952748970932049, 6.902882691633113 ], [ 79.954649556749459, 6.902886860740098 ], [ 79.954645388111217, 6.90478620272801 ], [ 79.952744794718043, 6.90478203246315 ], [ 79.952748970932049, 6.902882691633113 ] ] ] } },
{ "type": "Feature", "properties": { "id": "1831,3634", "grid_id": "1831,3634" }, "geometry": { "type": "Polygon", "coordinates": [ [ [ 79.954649556749459, 6.902886860740098 ], [ 79.956550143741396, 6.902891022277296 ], [ 79.956545982678946, 6.904790365420983 ], [ 79.954645388111217, 6.90478620272801 ], [ 79.954649556749459, 6.902886860740098 ] ] ] } },
{ "type": "Feature", "properties": { "id": "1832,3634", "grid_id": "1832,3634" }, "geometry": { "type": "Polygon", "coordinates": [ [ [ 79.956550143741396, 6.902891022277296 ], [ 79.958450731905742, 6.902895176244683 ], [ 79.958446578419085, 6.904794520542042 ], [ 79.956545982678946, 6.904790365420983 ], [ 79.956550143741396, 6.902891022277296 ] ] ] } },
{ "type": "Feature", "properties": { "id": "1833,3634", "grid_id": "1833,3634" }, "geometry": { "type": "Polygon", "coordinates": [ [ [ 79.958450731905742, 6.902895176244683 ], [ 79.960351321240324, 6.90289932264224 ], [ 79.960347175329517, 6.904798668091168 ], [ 79.958446578419085, 6.904794520542042 ], [ 79.958450731905742, 6.902895176244683 ] ] ] } },
{ "type": "Feature", "properties": { "id": "1834,3634", "grid_id": "1834,3634" }, "geometry": { "type": "Polygon", "coordinates": [ [ [ 79.960351321240324, 6.90289932264224 ], [ 79.962251911743039, 6.902903461469942 ], [ 79.96224777340808, 6.904802808068338 ], [ 79.960347175329517, 6.904798668091168 ], [ 79.960351321240324, 6.90289932264224 ] ] ] } },
{ "type": "Feature", "properties": { "id": "1835,3634", "grid_id": "1835,3634" }, "geometry": { "type": "Polygon", "coordinates": [ [ [ 79.962251911743039, 6.902903461469942 ], [ 79.964152503411739, 6.902907592727766 ], [ 79.964148372652673, 6.904806940473526 ], [ 79.96224777340808, 6.904802808068338 ], [ 79.962251911743039, 6.902903461469942 ] ] ] } },
{ "type": "Feature", "properties": { "id": "1836,3634", "grid_id": "1836,3634" }, "geometry": { "type": "Polygon", "coordinates": [ [ [ 79.964152503411739, 6.902907592727766 ], [ 79.966053096244295, 6.902911716415691 ], [ 79.96604897306112, 6.904811065306714 ], [ 79.964148372652673, 6.904806940473526 ], [ 79.964152503411739, 6.902907592727766 ] ] ] } },
{ "type": "Feature", "properties": { "id": "1837,3634", "grid_id": "1837,3634" }, "geometry": { "type": "Polygon", "coordinates": [ [ [ 79.966053096244295, 6.902911716415691 ], [ 79.967953690238573, 6.902915832533694 ], [ 79.967949574631334, 6.904815182567877 ], [ 79.96604897306112, 6.904811065306714 ], [ 79.966053096244295, 6.902911716415691 ] ] ] } },
{ "type": "Feature", "properties": { "id": "1838,3634", "grid_id": "1838,3634" }, "geometry": { "type": "Polygon", "coordinates": [ [ [ 79.967953690238573, 6.902915832533694 ], [ 79.969854285392444, 6.902919941081751 ], [ 79.969850177361124, 6.904819292256989 ], [ 79.967949574631334, 6.904815182567877 ], [ 79.967953690238573, 6.902915832533694 ] ] ] } },
{ "type": "Feature", "properties": { "id": "1839,3634", "grid_id": "1839,3634" }, "geometry": { "type": "Polygon", "coordinates": [ [ [ 79.969854285392444, 6.902919941081751 ], [ 79.97175488170376, 6.90292404205984 ], [ 79.971750781248417, 6.904823394374034 ], [ 79.969850177361124, 6.904819292256989 ], [ 79.969854285392444, 6.902919941081751 ] ] ] } },
{ "type": "Feature", "properties": { "id": "1840,3634", "grid_id": "1840,3634" }, "geometry": { "type": "Polygon", "coordinates": [ [ [ 79.97175488170376, 6.90292404205984 ], [ 79.97365547917039, 6.902928135467939 ], [ 79.973651386291053, 6.904827488918988 ], [ 79.971750781248417, 6.904823394374034 ], [ 79.97175488170376, 6.90292404205984 ] ] ] } },
{ "type": "Feature", "properties": { "id": "1841,3634", "grid_id": "1841,3634" }, "geometry": { "type": "Polygon", "coordinates": [ [ [ 79.97365547917039, 6.902928135467939 ], [ 79.975556077790188, 6.902932221306026 ], [ 79.975551992486871, 6.904831575891826 ], [ 79.973651386291053, 6.904827488918988 ], [ 79.97365547917039, 6.902928135467939 ] ] ] } },
{ "type": "Feature", "properties": { "id": "1842,3634", "grid_id": "1842,3634" }, "geometry": { "type": "Polygon", "coordinates": [ [ [ 79.975556077790188, 6.902932221306026 ], [ 79.977456677561065, 6.902936299574079 ], [ 79.977452599833768, 6.904835655292525 ], [ 79.975551992486871, 6.904831575891826 ], [ 79.975556077790188, 6.902932221306026 ] ] ] } },
{ "type": "Feature", "properties": { "id": "1843,3634", "grid_id": "1843,3634" }, "geometry": { "type": "Polygon", "coordinates": [ [ [ 79.977456677561065, 6.902936299574079 ], [ 79.979357278480833, 6.902940370272074 ], [ 79.979353208329599, 6.904839727121066 ], [ 79.977452599833768, 6.904835655292525 ], [ 79.977456677561065, 6.902936299574079 ] ] ] } },
{ "type": "Feature", "properties": { "id": "1844,3634", "grid_id": "1844,3634" }, "geometry": { "type": "Polygon", "coordinates": [ [ [ 79.979357278480833, 6.902940370272074 ], [ 79.981257880547389, 6.902944433399989 ], [ 79.981253817972231, 6.904843791377425 ], [ 79.979353208329599, 6.904839727121066 ], [ 79.979357278480833, 6.902940370272074 ] ] ] } },
{ "type": "Feature", "properties": { "id": "1845,3634", "grid_id": "1845,3634" }, "geometry": { "type": "Polygon", "coordinates": [ [ [ 79.981257880547389, 6.902944433399989 ], [ 79.983158483758586, 6.902948488957803 ], [ 79.983154428759534, 6.904847848061581 ], [ 79.981253817972231, 6.904843791377425 ], [ 79.981257880547389, 6.902944433399989 ] ] ] } },
{ "type": "Feature", "properties": { "id": "1846,3634", "grid_id": "1846,3634" }, "geometry": { "type": "Polygon", "coordinates": [ [ [ 79.983158483758586, 6.902948488957803 ], [ 79.98505908811228, 6.902952536945493 ], [ 79.985055040689375, 6.904851897173509 ], [ 79.983154428759534, 6.904847848061581 ], [ 79.983158483758586, 6.902948488957803 ] ] ] } },
{ "type": "Feature", "properties": { "id": "1847,3634", "grid_id": "1847,3634" }, "geometry": { "type": "Polygon", "coordinates": [ [ [ 79.98505908811228, 6.902952536945493 ], [ 79.986959693606352, 6.902956577363037 ], [ 79.986955653759594, 6.904855938713188 ], [ 79.985055040689375, 6.904851897173509 ], [ 79.98505908811228, 6.902952536945493 ] ] ] } },
{ "type": "Feature", "properties": { "id": "1848,3634", "grid_id": "1848,3634" }, "geometry": { "type": "Polygon", "coordinates": [ [ [ 79.986959693606352, 6.902956577363037 ], [ 79.988860300238684, 6.902960610210412 ], [ 79.988856267968089, 6.904859972680598 ], [ 79.986955653759594, 6.904855938713188 ], [ 79.986959693606352, 6.902956577363037 ] ] ] } },
{ "type": "Feature", "properties": { "id": "1849,3634", "grid_id": "1849,3634" }, "geometry": { "type": "Polygon", "coordinates": [ [ [ 79.988860300238684, 6.902960610210412 ], [ 79.990760908007104, 6.902964635487598 ], [ 79.990756883312699, 6.904863999075714 ], [ 79.988856267968089, 6.904859972680598 ], [ 79.988860300238684, 6.902960610210412 ] ] ] } },
{ "type": "Feature", "properties": { "id": "1850,3634", "grid_id": "1850,3634" }, "geometry": { "type": "Polygon", "coordinates": [ [ [ 79.990760908007104, 6.902964635487598 ], [ 79.992661516909493, 6.902968653194571 ], [ 79.992657499791335, 6.904868017898517 ], [ 79.990756883312699, 6.904863999075714 ], [ 79.990760908007104, 6.902964635487598 ] ] ] } },
{ "type": "Feature", "properties": { "id": "1851,3634", "grid_id": "1851,3634" }, "geometry": { "type": "Polygon", "coordinates": [ [ [ 79.992661516909493, 6.902968653194571 ], [ 79.994562126943734, 6.902972663331311 ], [ 79.994558117401795, 6.904872029148982 ], [ 79.992657499791335, 6.904868017898517 ], [ 79.992661516909493, 6.902968653194571 ] ] ] } },
{ "type": "Feature", "properties": { "id": "1852,3634", "grid_id": "1852,3634" }, "geometry": { "type": "Polygon", "coordinates": [ [ [ 79.994562126943734, 6.902972663331311 ], [ 79.996462738107667, 6.902976665897793 ], [ 79.996458736141989, 6.904876032827088 ], [ 79.994558117401795, 6.904872029148982 ], [ 79.994562126943734, 6.902972663331311 ] ] ] } },
{ "type": "Feature", "properties": { "id": "1853,3634", "grid_id": "1853,3634" }, "geometry": { "type": "Polygon", "coordinates": [ [ [ 79.996462738107667, 6.902976665897793 ], [ 79.99836335039916, 6.902980660893998 ], [ 79.998359356009772, 6.904880028932814 ], [ 79.996458736141989, 6.904876032827088 ], [ 79.996462738107667, 6.902976665897793 ] ] ] } },
{ "type": "Feature", "properties": { "id": "1854,3634", "grid_id": "1854,3634" }, "geometry": { "type": "Polygon", "coordinates": [ [ [ 79.99836335039916, 6.902980660893998 ], [ 80.000263963816096, 6.902984648319902 ], [ 80.000259977003012, 6.904884017466138 ], [ 79.998359356009772, 6.904880028932814 ], [ 79.99836335039916, 6.902980660893998 ] ] ] } },
{ "type": "Feature", "properties": { "id": "1855,3634", "grid_id": "1855,3634" }, "geometry": { "type": "Polygon", "coordinates": [ [ [ 80.000263963816096, 6.902984648319902 ], [ 80.002164578356329, 6.902988628175484 ], [ 80.002160599119577, 6.904887998427037 ], [ 80.000259977003012, 6.904884017466138 ], [ 80.000263963816096, 6.902984648319902 ] ] ] } },
{ "type": "Feature", "properties": { "id": "1856,3634", "grid_id": "1856,3634" }, "geometry": { "type": "Polygon", "coordinates": [ [ [ 80.002164578356329, 6.902988628175484 ], [ 80.004065194017727, 6.902992600460723 ], [ 80.004061222357322, 6.904891971815489 ], [ 80.002160599119577, 6.904887998427037 ], [ 80.002164578356329, 6.902988628175484 ] ] ] } },
{ "type": "Feature", "properties": { "id": "1857,3634", "grid_id": "1857,3634" }, "geometry": { "type": "Polygon", "coordinates": [ [ [ 80.004065194017727, 6.902992600460723 ], [ 80.005965810798159, 6.902996565175596 ], [ 80.005961846714101, 6.904895937631474 ], [ 80.004061222357322, 6.904891971815489 ], [ 80.004065194017727, 6.902992600460723 ] ] ] } },
{ "type": "Feature", "properties": { "id": "1858,3634", "grid_id": "1858,3634" }, "geometry": { "type": "Polygon", "coordinates": [ [ [ 80.005965810798159, 6.902996565175596 ], [ 80.007866428695479, 6.903000522320082 ], [ 80.007862472187824, 6.904899895874968 ], [ 80.005961846714101, 6.904895937631474 ], [ 80.005965810798159, 6.902996565175596 ] ] ] } },
{ "type": "Feature", "properties": { "id": "1859,3634", "grid_id": "1859,3634" }, "geometry": { "type": "Polygon", "coordinates": [ [ [ 80.007866428695479, 6.903000522320082 ], [ 80.009767047707555, 6.90300447189416 ], [ 80.009763098776318, 6.904903846545954 ], [ 80.007862472187824, 6.904899895874968 ], [ 80.007866428695479, 6.903000522320082 ] ] ] } },
{ "type": "Feature", "properties": { "id": "1860,3634", "grid_id": "1860,3634" }, "geometry": { "type": "Polygon", "coordinates": [ [ [ 80.009767047707555, 6.90300447189416 ], [ 80.011667667832242, 6.903008413897808 ], [ 80.011663726477451, 6.904907789644404 ], [ 80.009763098776318, 6.904903846545954 ], [ 80.009767047707555, 6.90300447189416 ] ] ] } },
{ "type": "Feature", "properties": { "id": "1861,3634", "grid_id": "1861,3634" }, "geometry": { "type": "Polygon", "coordinates": [ [ [ 80.011667667832242, 6.903008413897808 ], [ 80.01356828906745, 6.903012348331001 ], [ 80.013564355289105, 6.9049117251703 ], [ 80.011663726477451, 6.904907789644404 ], [ 80.011667667832242, 6.903008413897808 ] ] ] } },
{ "type": "Feature", "properties": { "id": "1862,3634", "grid_id": "1862,3634" }, "geometry": { "type": "Polygon", "coordinates": [ [ [ 80.01356828906745, 6.903012348331001 ], [ 80.015468911410991, 6.903016275193723 ], [ 80.015464985209135, 6.904915653123622 ], [ 80.013564355289105, 6.9049117251703 ], [ 80.01356828906745, 6.903012348331001 ] ] ] } },
{ "type": "Feature", "properties": { "id": "1863,3634", "grid_id": "1863,3634" }, "geometry": { "type": "Polygon", "coordinates": [ [ [ 80.015468911410991, 6.903016275193723 ], [ 80.017369534860762, 6.903020194485949 ], [ 80.017365616235409, 6.904919573504344 ], [ 80.015464985209135, 6.904915653123622 ], [ 80.015468911410991, 6.903016275193723 ] ] ] } },
{ "type": "Feature", "properties": { "id": "1864,3634", "grid_id": "1864,3634" }, "geometry": { "type": "Polygon", "coordinates": [ [ [ 80.017369534860762, 6.903020194485949 ], [ 80.019270159414617, 6.903024106207659 ], [ 80.019266248365781, 6.904923486312448 ], [ 80.017365616235409, 6.904919573504344 ], [ 80.017369534860762, 6.903020194485949 ] ] ] } },
{ "type": "Feature", "properties": { "id": "1865,3634", "grid_id": "1865,3634" }, "geometry": { "type": "Polygon", "coordinates": [ [ [ 80.019270159414617, 6.903024106207659 ], [ 80.021170785070424, 6.903028010358831 ], [ 80.021166881598134, 6.90492739154791 ], [ 80.019266248365781, 6.904923486312448 ], [ 80.019270159414617, 6.903024106207659 ] ] ] } },
{ "type": "Feature", "properties": { "id": "1866,3634", "grid_id": "1866,3634" }, "geometry": { "type": "Polygon", "coordinates": [ [ [ 80.021170785070424, 6.903028010358831 ], [ 80.023071411826052, 6.903031906939443 ], [ 80.023067515930336, 6.904931289210712 ], [ 80.021166881598134, 6.90492739154791 ], [ 80.021170785070424, 6.903028010358831 ] ] ] } },
{ "type": "Feature", "properties": { "id": "1867,3634", "grid_id": "1867,3634" }, "geometry": { "type": "Polygon", "coordinates": [ [ [ 80.023071411826052, 6.903031906939443 ], [ 80.024972039679355, 6.903035795949475 ], [ 80.024968151360227, 6.90493517930083 ], [ 80.023067515930336, 6.904931289210712 ], [ 80.023071411826052, 6.903031906939443 ] ] ] } },
{ "type": "Feature", "properties": { "id": "1868,3634", "grid_id": "1868,3634" }, "geometry": { "type": "Polygon", "coordinates": [ [ [ 80.024972039679355, 6.903035795949475 ], [ 80.026872668628215, 6.903039677388905 ], [ 80.026868787885689, 6.904939061818244 ], [ 80.024968151360227, 6.90493517930083 ], [ 80.024972039679355, 6.903035795949475 ] ] ] } },
{ "type": "Feature", "properties": { "id": "1869,3634", "grid_id": "1869,3634" }, "geometry": { "type": "Polygon", "coordinates": [ [ [ 80.026872668628215, 6.903039677388905 ], [ 80.028773298670473, 6.903043551257711 ], [ 80.028769425504578, 6.904942936762931 ], [ 80.026868787885689, 6.904939061818244 ], [ 80.026872668628215, 6.903039677388905 ] ] ] } },
{ "type": "Feature", "properties": { "id": "1870,3634", "grid_id": "1870,3634" }, "geometry": { "type": "Polygon", "coordinates": [ [ [ 80.028773298670473, 6.903043551257711 ], [ 80.03067392980401, 6.903047417555874 ], [ 80.030670064214775, 6.904946804134872 ], [ 80.028769425504578, 6.904942936762931 ], [ 80.028773298670473, 6.903043551257711 ] ] ] } },
{ "type": "Feature", "properties": { "id": "1871,3634", "grid_id": "1871,3634" }, "geometry": { "type": "Polygon", "coordinates": [ [ [ 80.03067392980401, 6.903047417555874 ], [ 80.03257456202671, 6.90305127628337 ], [ 80.032570704014148, 6.904950663934046 ], [ 80.030670064214775, 6.904946804134872 ], [ 80.03067392980401, 6.903047417555874 ] ] ] } },
{ "type": "Feature", "properties": { "id": "1872,3634", "grid_id": "1872,3634" }, "geometry": { "type": "Polygon", "coordinates": [ [ [ 80.03257456202671, 6.90305127628337 ], [ 80.034475195336398, 6.903055127440179 ], [ 80.034471344900538, 6.904954516160427 ], [ 80.032570704014148, 6.904950663934046 ], [ 80.03257456202671, 6.90305127628337 ] ] ] } },
{ "type": "Feature", "properties": { "id": "1873,3634", "grid_id": "1873,3634" }, "geometry": { "type": "Polygon", "coordinates": [ [ [ 80.034475195336398, 6.903055127440179 ], [ 80.036375829730972, 6.903058971026281 ], [ 80.036371986871814, 6.904958360814001 ], [ 80.034471344900538, 6.904954516160427 ], [ 80.034475195336398, 6.903055127440179 ] ] ] } },
{ "type": "Feature", "properties": { "id": "1874,3634", "grid_id": "1874,3634" }, "geometry": { "type": "Polygon", "coordinates": [ [ [ 80.036375829730972, 6.903058971026281 ], [ 80.038276465208284, 6.903062807041656 ], [ 80.038272629925871, 6.904962197894743 ], [ 80.036371986871814, 6.904958360814001 ], [ 80.036375829730972, 6.903058971026281 ] ] ] } },
{ "type": "Feature", "properties": { "id": "1805,3635", "grid_id": "1805,3635" }, "geometry": { "type": "Polygon", "coordinates": [ [ [ 79.905230347860623, 6.904675315045312 ], [ 79.907130911196361, 6.904679674599862 ], [ 79.907126551943122, 6.906578986856524 ], [ 79.905225981030071, 6.906574626091532 ], [ 79.905230347860623, 6.904675315045312 ] ] ] } },
{ "type": "Feature", "properties": { "id": "1806,3635", "grid_id": "1806,3635" }, "geometry": { "type": "Polygon", "coordinates": [ [ [ 79.907130911196361, 6.904679674599862 ], [ 79.909031475760003, 6.904684026583105 ], [ 79.909027124084105, 6.906583340048109 ], [ 79.907126551943122, 6.906578986856524 ], [ 79.907130911196361, 6.904679674599862 ] ] ] } },
{ "type": "Feature", "properties": { "id": "1807,3635", "grid_id": "1807,3635" }, "geometry": { "type": "Polygon", "coordinates": [ [ [ 79.909031475760003, 6.904684026583105 ], [ 79.91093204154943, 6.904688370995022 ], [ 79.910927697450873, 6.906587685666261 ], [ 79.909027124084105, 6.906583340048109 ], [ 79.909031475760003, 6.904684026583105 ] ] ] } },
{ "type": "Feature", "properties": { "id": "1808,3635", "grid_id": "1808,3635" }, "geometry": { "type": "Polygon", "coordinates": [ [ [ 79.91093204154943, 6.904688370995022 ], [ 79.912832608562496, 6.904692707835584 ], [ 79.912828272041324, 6.906592023710958 ], [ 79.910927697450873, 6.906587685666261 ], [ 79.91093204154943, 6.904688370995022 ] ] ] } },
{ "type": "Feature", "properties": { "id": "1809,3635", "grid_id": "1809,3635" }, "geometry": { "type": "Polygon", "coordinates": [ [ [ 79.912832608562496, 6.904692707835584 ], [ 79.914733176797071, 6.90469703710477 ], [ 79.914728847853297, 6.906596354182178 ], [ 79.912828272041324, 6.906592023710958 ], [ 79.912832608562496, 6.904692707835584 ] ] ] } },
{ "type": "Feature", "properties": { "id": "1810,3635", "grid_id": "1810,3635" }, "geometry": { "type": "Polygon", "coordinates": [ [ [ 79.914733176797071, 6.90469703710477 ], [ 79.916633746250994, 6.904701358802554 ], [ 79.916629424884675, 6.906600677079893 ], [ 79.914728847853297, 6.906596354182178 ], [ 79.914733176797071, 6.90469703710477 ] ] ] } },
{ "type": "Feature", "properties": { "id": "1811,3635", "grid_id": "1811,3635" }, "geometry": { "type": "Polygon", "coordinates": [ [ [ 79.916633746250994, 6.904701358802554 ], [ 79.918534316922177, 6.904705672928915 ], [ 79.918530003133299, 6.906604992404082 ], [ 79.916629424884675, 6.906600677079893 ], [ 79.916633746250994, 6.904701358802554 ] ] ] } },
{ "type": "Feature", "properties": { "id": "1812,3635", "grid_id": "1812,3635" }, "geometry": { "type": "Polygon", "coordinates": [ [ [ 79.918534316922177, 6.904705672928915 ], [ 79.920434888808472, 6.90470997948383 ], [ 79.920430582597064, 6.90660930015472 ], [ 79.918530003133299, 6.906604992404082 ], [ 79.918534316922177, 6.904705672928915 ] ] ] } },
{ "type": "Feature", "properties": { "id": "1813,3635", "grid_id": "1813,3635" }, "geometry": { "type": "Polygon", "coordinates": [ [ [ 79.920434888808472, 6.90470997948383 ], [ 79.922335461907721, 6.904714278467272 ], [ 79.922331163273824, 6.906613600331787 ], [ 79.920430582597064, 6.90660930015472 ], [ 79.920434888808472, 6.90470997948383 ] ] ] } },
{ "type": "Feature", "properties": { "id": "1814,3635", "grid_id": "1814,3635" }, "geometry": { "type": "Polygon", "coordinates": [ [ [ 79.922335461907721, 6.904714278467272 ], [ 79.924236036217806, 6.904718569879218 ], [ 79.924231745161435, 6.906617892935256 ], [ 79.922331163273824, 6.906613600331787 ], [ 79.922335461907721, 6.904714278467272 ] ] ] } },
{ "type": "Feature", "properties": { "id": "1815,3635", "grid_id": "1815,3635" }, "geometry": { "type": "Polygon", "coordinates": [ [ [ 79.924236036217806, 6.904718569879218 ], [ 79.926136611736609, 6.904722853719646 ], [ 79.926132328257779, 6.906622177965105 ], [ 79.924231745161435, 6.906617892935256 ], [ 79.924236036217806, 6.904718569879218 ] ] ] } },
{ "type": "Feature", "properties": { "id": "1816,3635", "grid_id": "1816,3635" }, "geometry": { "type": "Polygon", "coordinates": [ [ [ 79.926136611736609, 6.904722853719646 ], [ 79.928037188461957, 6.904727129988533 ], [ 79.92803291256071, 6.906626455421308 ], [ 79.926132328257779, 6.906622177965105 ], [ 79.926136611736609, 6.904722853719646 ] ] ] } },
{ "type": "Feature", "properties": { "id": "1817,3635", "grid_id": "1817,3635" }, "geometry": { "type": "Polygon", "coordinates": [ [ [ 79.928037188461957, 6.904727129988533 ], [ 79.92993776639176, 6.904731398685854 ], [ 79.929933498068095, 6.906630725303843 ], [ 79.92803291256071, 6.906626455421308 ], [ 79.928037188461957, 6.904727129988533 ] ] ] } },
{ "type": "Feature", "properties": { "id": "1818,3635", "grid_id": "1818,3635" }, "geometry": { "type": "Polygon", "coordinates": [ [ [ 79.92993776639176, 6.904731398685854 ], [ 79.931838345523857, 6.904735659811587 ], [ 79.931834084777805, 6.90663498761269 ], [ 79.929933498068095, 6.906630725303843 ], [ 79.92993776639176, 6.904731398685854 ] ] ] } },
{ "type": "Feature", "properties": { "id": "1819,3635", "grid_id": "1819,3635" }, "geometry": { "type": "Polygon", "coordinates": [ [ [ 79.931838345523857, 6.904735659811587 ], [ 79.93373892585609, 6.904739913365709 ], [ 79.933734672687692, 6.90663924234782 ], [ 79.931834084777805, 6.90663498761269 ], [ 79.931838345523857, 6.904735659811587 ] ] ] } },
{ "type": "Feature", "properties": { "id": "1820,3635", "grid_id": "1820,3635" }, "geometry": { "type": "Polygon", "coordinates": [ [ [ 79.93373892585609, 6.904739913365709 ], [ 79.935639507386384, 6.904744159348192 ], [ 79.935635261795653, 6.906643489509215 ], [ 79.933734672687692, 6.90663924234782 ], [ 79.93373892585609, 6.904739913365709 ] ] ] } },
{ "type": "Feature", "properties": { "id": "1821,3635", "grid_id": "1821,3635" }, "geometry": { "type": "Polygon", "coordinates": [ [ [ 79.935639507386384, 6.904744159348192 ], [ 79.937540090112563, 6.904748397759017 ], [ 79.937535852099515, 6.906647729096847 ], [ 79.935635261795653, 6.906643489509215 ], [ 79.935639507386384, 6.904744159348192 ] ] ] } },
{ "type": "Feature", "properties": { "id": "1822,3635", "grid_id": "1822,3635" }, "geometry": { "type": "Polygon", "coordinates": [ [ [ 79.937540090112563, 6.904748397759017 ], [ 79.939440674032497, 6.904752628598165 ], [ 79.93943644359716, 6.906651961110694 ], [ 79.937535852099515, 6.906647729096847 ], [ 79.937540090112563, 6.904748397759017 ] ] ] } },
{ "type": "Feature", "properties": { "id": "1823,3635", "grid_id": "1823,3635" }, "geometry": { "type": "Polygon", "coordinates": [ [ [ 79.939440674032497, 6.904752628598165 ], [ 79.941341259144068, 6.904756851865604 ], [ 79.941337036286455, 6.906656185550737 ], [ 79.93943644359716, 6.906651961110694 ], [ 79.939440674032497, 6.904752628598165 ] ] ] } },
{ "type": "Feature", "properties": { "id": "1824,3635", "grid_id": "1824,3635" }, "geometry": { "type": "Polygon", "coordinates": [ [ [ 79.941341259144068, 6.904756851865604 ], [ 79.943241845445115, 6.904761067561315 ], [ 79.943237630165271, 6.906660402416948 ], [ 79.941337036286455, 6.906656185550737 ], [ 79.941341259144068, 6.904756851865604 ] ] ] } },
{ "type": "Feature", "properties": { "id": "1825,3635", "grid_id": "1825,3635" }, "geometry": { "type": "Polygon", "coordinates": [ [ [ 79.943241845445115, 6.904761067561315 ], [ 79.945142432933523, 6.904765275685278 ], [ 79.94513822523146, 6.906664611709306 ], [ 79.943237630165271, 6.906660402416948 ], [ 79.943241845445115, 6.904761067561315 ] ] ] } },
{ "type": "Feature", "properties": { "id": "1826,3635", "grid_id": "1826,3635" }, "geometry": { "type": "Polygon", "coordinates": [ [ [ 79.945142432933523, 6.904765275685278 ], [ 79.947043021607143, 6.904769476237465 ], [ 79.947038821482906, 6.906668813427786 ], [ 79.94513822523146, 6.906664611709306 ], [ 79.945142432933523, 6.904765275685278 ] ] ] } },
{ "type": "Feature", "properties": { "id": "1827,3635", "grid_id": "1827,3635" }, "geometry": { "type": "Polygon", "coordinates": [ [ [ 79.947043021607143, 6.904769476237465 ], [ 79.948943611463875, 6.904773669217854 ], [ 79.948939418917448, 6.90667300757237 ], [ 79.947038821482906, 6.906668813427786 ], [ 79.947043021607143, 6.904769476237465 ] ] ] } },
{ "type": "Feature", "properties": { "id": "1828,3635", "grid_id": "1828,3635" }, "geometry": { "type": "Polygon", "coordinates": [ [ [ 79.948943611463875, 6.904773669217854 ], [ 79.950844202501543, 6.904777854626424 ], [ 79.950840017532968, 6.906677194143029 ], [ 79.948939418917448, 6.90667300757237 ], [ 79.948943611463875, 6.904773669217854 ] ] ] } },
{ "type": "Feature", "properties": { "id": "1829,3635", "grid_id": "1829,3635" }, "geometry": { "type": "Polygon", "coordinates": [ [ [ 79.950844202501543, 6.904777854626424 ], [ 79.952744794718043, 6.90478203246315 ], [ 79.95274061732735, 6.906681373139743 ], [ 79.950840017532968, 6.906677194143029 ], [ 79.950844202501543, 6.904777854626424 ] ] ] } },
{ "type": "Feature", "properties": { "id": "1830,3635", "grid_id": "1830,3635" }, "geometry": { "type": "Polygon", "coordinates": [ [ [ 79.952744794718043, 6.90478203246315 ], [ 79.954645388111217, 6.90478620272801 ], [ 79.95464121829842, 6.906685544562488 ], [ 79.95274061732735, 6.906681373139743 ], [ 79.952744794718043, 6.90478203246315 ] ] ] } },
{ "type": "Feature", "properties": { "id": "1831,3635", "grid_id": "1831,3635" }, "geometry": { "type": "Polygon", "coordinates": [ [ [ 79.954645388111217, 6.90478620272801 ], [ 79.956545982678946, 6.904790365420983 ], [ 79.956541820444073, 6.906689708411244 ], [ 79.95464121829842, 6.906685544562488 ], [ 79.954645388111217, 6.90478620272801 ] ] ] } },
{ "type": "Feature", "properties": { "id": "1832,3635", "grid_id": "1832,3635" }, "geometry": { "type": "Polygon", "coordinates": [ [ [ 79.956545982678946, 6.904790365420983 ], [ 79.958446578419085, 6.904794520542042 ], [ 79.958442423762165, 6.906693864685985 ], [ 79.956541820444073, 6.906689708411244 ], [ 79.956545982678946, 6.904790365420983 ] ] ] } },
{ "type": "Feature", "properties": { "id": "1833,3635", "grid_id": "1833,3635" }, "geometry": { "type": "Polygon", "coordinates": [ [ [ 79.958446578419085, 6.904794520542042 ], [ 79.960347175329517, 6.904798668091168 ], [ 79.960343028250563, 6.906698013386689 ], [ 79.958442423762165, 6.906693864685985 ], [ 79.958446578419085, 6.904794520542042 ] ] ] } },
{ "type": "Feature", "properties": { "id": "1834,3635", "grid_id": "1834,3635" }, "geometry": { "type": "Polygon", "coordinates": [ [ [ 79.960347175329517, 6.904798668091168 ], [ 79.96224777340808, 6.904802808068338 ], [ 79.962243633907121, 6.906702154513333 ], [ 79.960343028250563, 6.906698013386689 ], [ 79.960347175329517, 6.904798668091168 ] ] ] } },
{ "type": "Feature", "properties": { "id": "1835,3635", "grid_id": "1835,3635" }, "geometry": { "type": "Polygon", "coordinates": [ [ [ 79.96224777340808, 6.904802808068338 ], [ 79.964148372652673, 6.904806940473526 ], [ 79.964144240729709, 6.906706288065896 ], [ 79.962243633907121, 6.906702154513333 ], [ 79.96224777340808, 6.904802808068338 ] ] ] } },
{ "type": "Feature", "properties": { "id": "1836,3635", "grid_id": "1836,3635" }, "geometry": { "type": "Polygon", "coordinates": [ [ [ 79.964148372652673, 6.904806940473526 ], [ 79.96604897306112, 6.904811065306714 ], [ 79.966044848716209, 6.906710414044353 ], [ 79.964144240729709, 6.906706288065896 ], [ 79.964148372652673, 6.904806940473526 ] ] ] } },
{ "type": "Feature", "properties": { "id": "1837,3635", "grid_id": "1837,3635" }, "geometry": { "type": "Polygon", "coordinates": [ [ [ 79.96604897306112, 6.904811065306714 ], [ 79.967949574631334, 6.904815182567877 ], [ 79.96794545786446, 6.906714532448686 ], [ 79.966044848716209, 6.906710414044353 ], [ 79.96604897306112, 6.904811065306714 ] ] ] } },
{ "type": "Feature", "properties": { "id": "1838,3635", "grid_id": "1838,3635" }, "geometry": { "type": "Polygon", "coordinates": [ [ [ 79.967949574631334, 6.904815182567877 ], [ 79.969850177361124, 6.904819292256989 ], [ 79.969846068172359, 6.906718643278866 ], [ 79.96794545786446, 6.906714532448686 ], [ 79.967949574631334, 6.904815182567877 ] ] ] } },
{ "type": "Feature", "properties": { "id": "1839,3635", "grid_id": "1839,3635" }, "geometry": { "type": "Polygon", "coordinates": [ [ [ 79.969850177361124, 6.904819292256989 ], [ 79.971750781248417, 6.904823394374034 ], [ 79.971746679637747, 6.906722746534875 ], [ 79.969846068172359, 6.906718643278866 ], [ 79.969850177361124, 6.904819292256989 ] ] ] } },
{ "type": "Feature", "properties": { "id": "1840,3635", "grid_id": "1840,3635" }, "geometry": { "type": "Polygon", "coordinates": [ [ [ 79.971750781248417, 6.904823394374034 ], [ 79.973651386291053, 6.904827488918988 ], [ 79.973647292258505, 6.906726842216688 ], [ 79.971746679637747, 6.906722746534875 ], [ 79.971750781248417, 6.904823394374034 ] ] ] } },
{ "type": "Feature", "properties": { "id": "1841,3635", "grid_id": "1841,3635" }, "geometry": { "type": "Polygon", "coordinates": [ [ [ 79.973651386291053, 6.904827488918988 ], [ 79.975551992486871, 6.904831575891826 ], [ 79.975547906032475, 6.906730930324286 ], [ 79.973647292258505, 6.906726842216688 ], [ 79.973651386291053, 6.904827488918988 ] ] ] } },
{ "type": "Feature", "properties": { "id": "1842,3635", "grid_id": "1842,3635" }, "geometry": { "type": "Polygon", "coordinates": [ [ [ 79.975551992486871, 6.904831575891826 ], [ 79.977452599833768, 6.904835655292525 ], [ 79.977448520957552, 6.906735010857642 ], [ 79.975547906032475, 6.906730930324286 ], [ 79.975551992486871, 6.904831575891826 ] ] ] } },
{ "type": "Feature", "properties": { "id": "1843,3635", "grid_id": "1843,3635" }, "geometry": { "type": "Polygon", "coordinates": [ [ [ 79.977452599833768, 6.904835655292525 ], [ 79.979353208329599, 6.904839727121066 ], [ 79.979349137031576, 6.906739083816738 ], [ 79.977448520957552, 6.906735010857642 ], [ 79.977452599833768, 6.904835655292525 ] ] ] } },
{ "type": "Feature", "properties": { "id": "1844,3635", "grid_id": "1844,3635" }, "geometry": { "type": "Polygon", "coordinates": [ [ [ 79.979353208329599, 6.904839727121066 ], [ 79.981253817972231, 6.904843791377425 ], [ 79.981249754252431, 6.906743149201548 ], [ 79.979349137031576, 6.906739083816738 ], [ 79.979353208329599, 6.904839727121066 ] ] ] } },
{ "type": "Feature", "properties": { "id": "1845,3635", "grid_id": "1845,3635" }, "geometry": { "type": "Polygon", "coordinates": [ [ [ 79.981253817972231, 6.904843791377425 ], [ 79.983154428759534, 6.904847848061581 ], [ 79.98315037261797, 6.906747207012053 ], [ 79.981249754252431, 6.906743149201548 ], [ 79.981253817972231, 6.904843791377425 ] ] ] } },
{ "type": "Feature", "properties": { "id": "1846,3635", "grid_id": "1846,3635" }, "geometry": { "type": "Polygon", "coordinates": [ [ [ 79.983154428759534, 6.904847848061581 ], [ 79.985055040689375, 6.904851897173509 ], [ 79.985050992126062, 6.906751257248228 ], [ 79.98315037261797, 6.906747207012053 ], [ 79.983154428759534, 6.904847848061581 ] ] ] } },
{ "type": "Feature", "properties": { "id": "1847,3635", "grid_id": "1847,3635" }, "geometry": { "type": "Polygon", "coordinates": [ [ [ 79.985055040689375, 6.904851897173509 ], [ 79.986955653759594, 6.904855938713188 ], [ 79.986951612774575, 6.906755299910052 ], [ 79.985050992126062, 6.906751257248228 ], [ 79.985055040689375, 6.904851897173509 ] ] ] } },
{ "type": "Feature", "properties": { "id": "1848,3635", "grid_id": "1848,3635" }, "geometry": { "type": "Polygon", "coordinates": [ [ [ 79.986955653759594, 6.904855938713188 ], [ 79.988856267968089, 6.904859972680598 ], [ 79.988852234561364, 6.906759334997504 ], [ 79.986951612774575, 6.906755299910052 ], [ 79.986955653759594, 6.904855938713188 ] ] ] } },
{ "type": "Feature", "properties": { "id": "1849,3635", "grid_id": "1849,3635" }, "geometry": { "type": "Polygon", "coordinates": [ [ [ 79.988856267968089, 6.904859972680598 ], [ 79.990756883312699, 6.904863999075714 ], [ 79.990752857484324, 6.906763362510561 ], [ 79.988852234561364, 6.906759334997504 ], [ 79.988856267968089, 6.904859972680598 ] ] ] } },
{ "type": "Feature", "properties": { "id": "1850,3635", "grid_id": "1850,3635" }, "geometry": { "type": "Polygon", "coordinates": [ [ [ 79.990756883312699, 6.904863999075714 ], [ 79.992657499791335, 6.904868017898517 ], [ 79.992653481541296, 6.906767382449201 ], [ 79.990752857484324, 6.906763362510561 ], [ 79.990756883312699, 6.904863999075714 ] ] ] } },
{ "type": "Feature", "properties": { "id": "1851,3635", "grid_id": "1851,3635" }, "geometry": { "type": "Polygon", "coordinates": [ [ [ 79.992657499791335, 6.904868017898517 ], [ 79.994558117401795, 6.904872029148982 ], [ 79.994554106730135, 6.9067713948134 ], [ 79.992653481541296, 6.906767382449201 ], [ 79.992657499791335, 6.904868017898517 ] ] ] } },
{ "type": "Feature", "properties": { "id": "1852,3635", "grid_id": "1852,3635" }, "geometry": { "type": "Polygon", "coordinates": [ [ [ 79.994558117401795, 6.904872029148982 ], [ 79.996458736141989, 6.904876032827088 ], [ 79.996454733048722, 6.90677539960314 ], [ 79.994554106730135, 6.9067713948134 ], [ 79.994558117401795, 6.904872029148982 ] ] ] } },
{ "type": "Feature", "properties": { "id": "1853,3635", "grid_id": "1853,3635" }, "geometry": { "type": "Polygon", "coordinates": [ [ [ 79.996458736141989, 6.904876032827088 ], [ 79.998359356009772, 6.904880028932814 ], [ 79.998355360494926, 6.906779396818394 ], [ 79.996454733048722, 6.90677539960314 ], [ 79.996458736141989, 6.904876032827088 ] ] ] } },
{ "type": "Feature", "properties": { "id": "1854,3635", "grid_id": "1854,3635" }, "geometry": { "type": "Polygon", "coordinates": [ [ [ 79.998359356009772, 6.904880028932814 ], [ 80.000259977003012, 6.904884017466138 ], [ 80.000255989066602, 6.906783386459146 ], [ 79.998355360494926, 6.906779396818394 ], [ 79.998359356009772, 6.904880028932814 ] ] ] } },
{ "type": "Feature", "properties": { "id": "1855,3635", "grid_id": "1855,3635" }, "geometry": { "type": "Polygon", "coordinates": [ [ [ 80.000259977003012, 6.904884017466138 ], [ 80.002160599119577, 6.904887998427037 ], [ 80.002156618761617, 6.906787368525369 ], [ 80.000255989066602, 6.906783386459146 ], [ 80.000259977003012, 6.904884017466138 ] ] ] } },
{ "type": "Feature", "properties": { "id": "1856,3635", "grid_id": "1856,3635" }, "geometry": { "type": "Polygon", "coordinates": [ [ [ 80.002160599119577, 6.904887998427037 ], [ 80.004061222357322, 6.904891971815489 ], [ 80.004057249577855, 6.906791343017045 ], [ 80.002156618761617, 6.906787368525369 ], [ 80.002160599119577, 6.904887998427037 ] ] ] } },
{ "type": "Feature", "properties": { "id": "1857,3635", "grid_id": "1857,3635" }, "geometry": { "type": "Polygon", "coordinates": [ [ [ 80.004061222357322, 6.904891971815489 ], [ 80.005961846714101, 6.904895937631474 ], [ 80.005957881513154, 6.90679530993415 ], [ 80.004057249577855, 6.906791343017045 ], [ 80.004061222357322, 6.904891971815489 ] ] ] } },
{ "type": "Feature", "properties": { "id": "1858,3635", "grid_id": "1858,3635" }, "geometry": { "type": "Polygon", "coordinates": [ [ [ 80.005961846714101, 6.904895937631474 ], [ 80.007862472187824, 6.904899895874968 ], [ 80.007858514565385, 6.906799269276662 ], [ 80.005957881513154, 6.90679530993415 ], [ 80.005961846714101, 6.904895937631474 ] ] ] } },
{ "type": "Feature", "properties": { "id": "1859,3635", "grid_id": "1859,3635" }, "geometry": { "type": "Polygon", "coordinates": [ [ [ 80.007862472187824, 6.904899895874968 ], [ 80.009763098776318, 6.904903846545954 ], [ 80.009759148732442, 6.90680322104456 ], [ 80.007858514565385, 6.906799269276662 ], [ 80.007862472187824, 6.904899895874968 ] ] ] } },
{ "type": "Feature", "properties": { "id": "1860,3635", "grid_id": "1860,3635" }, "geometry": { "type": "Polygon", "coordinates": [ [ [ 80.009763098776318, 6.904903846545954 ], [ 80.011663726477451, 6.904907789644404 ], [ 80.011659784012153, 6.906807165237825 ], [ 80.009759148732442, 6.90680322104456 ], [ 80.009763098776318, 6.904903846545954 ] ] ] } },
{ "type": "Feature", "properties": { "id": "1861,3635", "grid_id": "1861,3635" }, "geometry": { "type": "Polygon", "coordinates": [ [ [ 80.011663726477451, 6.904907789644404 ], [ 80.013564355289105, 6.9049117251703 ], [ 80.013560420402399, 6.906811101856431 ], [ 80.011659784012153, 6.906807165237825 ], [ 80.011663726477451, 6.904907789644404 ] ] ] } },
{ "type": "Feature", "properties": { "id": "1862,3635", "grid_id": "1862,3635" }, "geometry": { "type": "Polygon", "coordinates": [ [ [ 80.013564355289105, 6.9049117251703 ], [ 80.015464985209135, 6.904915653123622 ], [ 80.015461057901035, 6.90681503090036 ], [ 80.013560420402399, 6.906811101856431 ], [ 80.013564355289105, 6.9049117251703 ] ] ] } },
{ "type": "Feature", "properties": { "id": "1863,3635", "grid_id": "1863,3635" }, "geometry": { "type": "Polygon", "coordinates": [ [ [ 80.015464985209135, 6.904915653123622 ], [ 80.017365616235409, 6.904919573504344 ], [ 80.017361696505944, 6.906818952369586 ], [ 80.015461057901035, 6.90681503090036 ], [ 80.015464985209135, 6.904915653123622 ] ] ] } },
{ "type": "Feature", "properties": { "id": "1864,3635", "grid_id": "1864,3635" }, "geometry": { "type": "Polygon", "coordinates": [ [ [ 80.017365616235409, 6.904919573504344 ], [ 80.019266248365781, 6.904923486312448 ], [ 80.019262336214993, 6.906822866264093 ], [ 80.017361696505944, 6.906818952369586 ], [ 80.017365616235409, 6.904919573504344 ] ] ] } },
{ "type": "Feature", "properties": { "id": "1865,3635", "grid_id": "1865,3635" }, "geometry": { "type": "Polygon", "coordinates": [ [ [ 80.019266248365781, 6.904923486312448 ], [ 80.021166881598134, 6.90492739154791 ], [ 80.021162977026023, 6.906826772583856 ], [ 80.019262336214993, 6.906822866264093 ], [ 80.019266248365781, 6.904923486312448 ] ] ] } },
{ "type": "Feature", "properties": { "id": "1866,3635", "grid_id": "1866,3635" }, "geometry": { "type": "Polygon", "coordinates": [ [ [ 80.021166881598134, 6.90492739154791 ], [ 80.023067515930336, 6.904931289210712 ], [ 80.023063618936902, 6.906830671328853 ], [ 80.021162977026023, 6.906826772583856 ], [ 80.021166881598134, 6.90492739154791 ] ] ] } },
{ "type": "Feature", "properties": { "id": "1867,3635", "grid_id": "1867,3635" }, "geometry": { "type": "Polygon", "coordinates": [ [ [ 80.023067515930336, 6.904931289210712 ], [ 80.024968151360227, 6.90493517930083 ], [ 80.024964261945527, 6.906834562499066 ], [ 80.023063618936902, 6.906830671328853 ], [ 80.023067515930336, 6.904931289210712 ] ] ] } },
{ "type": "Feature", "properties": { "id": "1868,3635", "grid_id": "1868,3635" }, "geometry": { "type": "Polygon", "coordinates": [ [ [ 80.024968151360227, 6.90493517930083 ], [ 80.026868787885689, 6.904939061818244 ], [ 80.026864906049738, 6.906838446094472 ], [ 80.024964261945527, 6.906834562499066 ], [ 80.024968151360227, 6.90493517930083 ] ] ] } },
{ "type": "Feature", "properties": { "id": "1869,3635", "grid_id": "1869,3635" }, "geometry": { "type": "Polygon", "coordinates": [ [ [ 80.026868787885689, 6.904939061818244 ], [ 80.028769425504578, 6.904942936762931 ], [ 80.028765551247403, 6.906842322115049 ], [ 80.026864906049738, 6.906838446094472 ], [ 80.026868787885689, 6.904939061818244 ] ] ] } },
{ "type": "Feature", "properties": { "id": "1870,3635", "grid_id": "1870,3635" }, "geometry": { "type": "Polygon", "coordinates": [ [ [ 80.028769425504578, 6.904942936762931 ], [ 80.030670064214775, 6.904946804134872 ], [ 80.030666197536391, 6.906846190560777 ], [ 80.028765551247403, 6.906842322115049 ], [ 80.028769425504578, 6.904942936762931 ] ] ] } },
{ "type": "Feature", "properties": { "id": "1871,3635", "grid_id": "1871,3635" }, "geometry": { "type": "Polygon", "coordinates": [ [ [ 80.030670064214775, 6.904946804134872 ], [ 80.032570704014148, 6.904950663934046 ], [ 80.032566844914555, 6.906850051431634 ], [ 80.030666197536391, 6.906846190560777 ], [ 80.030670064214775, 6.904946804134872 ] ] ] } },
{ "type": "Feature", "properties": { "id": "1872,3635", "grid_id": "1872,3635" }, "geometry": { "type": "Polygon", "coordinates": [ [ [ 80.032570704014148, 6.904950663934046 ], [ 80.034471344900538, 6.904954516160427 ], [ 80.034467493379779, 6.906853904727598 ], [ 80.032566844914555, 6.906850051431634 ], [ 80.032570704014148, 6.904950663934046 ] ] ] } },
{ "type": "Feature", "properties": { "id": "1873,3635", "grid_id": "1873,3635" }, "geometry": { "type": "Polygon", "coordinates": [ [ [ 80.034471344900538, 6.904954516160427 ], [ 80.036371986871814, 6.904958360814001 ], [ 80.036368142929916, 6.90685775044865 ], [ 80.034467493379779, 6.906853904727598 ], [ 80.034471344900538, 6.904954516160427 ] ] ] } },
{ "type": "Feature", "properties": { "id": "1804,3636", "grid_id": "1804,3636" }, "geometry": { "type": "Polygon", "coordinates": [ [ [ 79.903325411347097, 6.906570257753156 ], [ 79.905225981030071, 6.906574626091532 ], [ 79.905221612969456, 6.908473936984044 ], [ 79.903321035707052, 6.908469567433117 ], [ 79.903325411347097, 6.906570257753156 ] ] ] } },
{ "type": "Feature", "properties": { "id": "1805,3636", "grid_id": "1805,3636" }, "geometry": { "type": "Polygon", "coordinates": [ [ [ 79.905225981030071, 6.906574626091532 ], [ 79.907126551943122, 6.906578986856524 ], [ 79.907122191461937, 6.908478298959487 ], [ 79.905221612969456, 6.908473936984044 ], [ 79.905225981030071, 6.906574626091532 ] ] ] } },
{ "type": "Feature", "properties": { "id": "1806,3636", "grid_id": "1806,3636" }, "geometry": { "type": "Polygon", "coordinates": [ [ [ 79.907126551943122, 6.906578986856524 ], [ 79.909027124084105, 6.906583340048109 ], [ 79.909022771182379, 6.90848265335942 ], [ 79.907122191461937, 6.908478298959487 ], [ 79.907126551943122, 6.906578986856524 ] ] ] } },
{ "type": "Feature", "properties": { "id": "1807,3636", "grid_id": "1807,3636" }, "geometry": { "type": "Polygon", "coordinates": [ [ [ 79.909027124084105, 6.906583340048109 ], [ 79.910927697450873, 6.906587685666261 ], [ 79.910923352128648, 6.908487000183818 ], [ 79.909022771182379, 6.90848265335942 ], [ 79.909027124084105, 6.906583340048109 ] ] ] } },
{ "type": "Feature", "properties": { "id": "1808,3636", "grid_id": "1808,3636" }, "geometry": { "type": "Polygon", "coordinates": [ [ [ 79.910927697450873, 6.906587685666261 ], [ 79.912828272041324, 6.906592023710958 ], [ 79.912823934298615, 6.908491339432659 ], [ 79.910923352128648, 6.908487000183818 ], [ 79.910927697450873, 6.906587685666261 ] ] ] } },
{ "type": "Feature", "properties": { "id": "1809,3636", "grid_id": "1809,3636" }, "geometry": { "type": "Polygon", "coordinates": [ [ [ 79.912828272041324, 6.906592023710958 ], [ 79.914728847853297, 6.906596354182178 ], [ 79.914724517690132, 6.90849567110592 ], [ 79.912823934298615, 6.908491339432659 ], [ 79.912828272041324, 6.906592023710958 ] ] ] } },
{ "type": "Feature", "properties": { "id": "1810,3636", "grid_id": "1810,3636" }, "geometry": { "type": "Polygon", "coordinates": [ [ [ 79.914728847853297, 6.906596354182178 ], [ 79.916629424884675, 6.906600677079893 ], [ 79.916625102301069, 6.908499995203575 ], [ 79.914724517690132, 6.90849567110592 ], [ 79.914728847853297, 6.906596354182178 ] ] ] } },
{ "type": "Feature", "properties": { "id": "1811,3636", "grid_id": "1811,3636" }, "geometry": { "type": "Polygon", "coordinates": [ [ [ 79.916629424884675, 6.906600677079893 ], [ 79.918530003133299, 6.906604992404082 ], [ 79.918525688129293, 6.908504311725602 ], [ 79.916625102301069, 6.908499995203575 ], [ 79.916629424884675, 6.906600677079893 ] ] ] } },
{ "type": "Feature", "properties": { "id": "1812,3636", "grid_id": "1812,3636" }, "geometry": { "type": "Polygon", "coordinates": [ [ [ 79.918530003133299, 6.906604992404082 ], [ 79.920430582597064, 6.90660930015472 ], [ 79.920426275172673, 6.908508620671978 ], [ 79.918525688129293, 6.908504311725602 ], [ 79.918530003133299, 6.906604992404082 ] ] ] } },
{ "type": "Feature", "properties": { "id": "1813,3636", "grid_id": "1813,3636" }, "geometry": { "type": "Polygon", "coordinates": [ [ [ 79.920430582597064, 6.90660930015472 ], [ 79.922331163273824, 6.906613600331787 ], [ 79.922326863429063, 6.908512922042677 ], [ 79.920426275172673, 6.908508620671978 ], [ 79.920430582597064, 6.90660930015472 ] ] ] } },
{ "type": "Feature", "properties": { "id": "1814,3636", "grid_id": "1814,3636" }, "geometry": { "type": "Polygon", "coordinates": [ [ [ 79.922331163273824, 6.906613600331787 ], [ 79.924231745161435, 6.906617892935256 ], [ 79.924227452896332, 6.908517215837676 ], [ 79.922326863429063, 6.908512922042677 ], [ 79.922331163273824, 6.906613600331787 ] ] ] } },
{ "type": "Feature", "properties": { "id": "1815,3636", "grid_id": "1815,3636" }, "geometry": { "type": "Polygon", "coordinates": [ [ [ 79.924231745161435, 6.906617892935256 ], [ 79.926132328257779, 6.906622177965105 ], [ 79.926128043572348, 6.908521502056952 ], [ 79.924227452896332, 6.908517215837676 ], [ 79.924231745161435, 6.906617892935256 ] ] ] } },
{ "type": "Feature", "properties": { "id": "1816,3636", "grid_id": "1816,3636" }, "geometry": { "type": "Polygon", "coordinates": [ [ [ 79.926132328257779, 6.906622177965105 ], [ 79.92803291256071, 6.906626455421308 ], [ 79.928028635454993, 6.908525780700482 ], [ 79.926128043572348, 6.908521502056952 ], [ 79.926132328257779, 6.906622177965105 ] ] ] } },
{ "type": "Feature", "properties": { "id": "1817,3636", "grid_id": "1817,3636" }, "geometry": { "type": "Polygon", "coordinates": [ [ [ 79.92803291256071, 6.906626455421308 ], [ 79.929933498068095, 6.906630725303843 ], [ 79.929929228542107, 6.908530051768242 ], [ 79.928028635454993, 6.908525780700482 ], [ 79.92803291256071, 6.906626455421308 ] ] ] } },
{ "type": "Feature", "properties": { "id": "1818,3636", "grid_id": "1818,3636" }, "geometry": { "type": "Polygon", "coordinates": [ [ [ 79.929933498068095, 6.906630725303843 ], [ 79.931834084777805, 6.90663498761269 ], [ 79.93182982283156, 6.908534315260209 ], [ 79.929929228542107, 6.908530051768242 ], [ 79.929933498068095, 6.906630725303843 ] ] ] } },
{ "type": "Feature", "properties": { "id": "1819,3636", "grid_id": "1819,3636" }, "geometry": { "type": "Polygon", "coordinates": [ [ [ 79.931834084777805, 6.90663498761269 ], [ 79.933734672687692, 6.90663924234782 ], [ 79.933730418321232, 6.90853857117636 ], [ 79.93182982283156, 6.908534315260209 ], [ 79.931834084777805, 6.90663498761269 ] ] ] } },
{ "type": "Feature", "properties": { "id": "1820,3636", "grid_id": "1820,3636" }, "geometry": { "type": "Polygon", "coordinates": [ [ [ 79.933734672687692, 6.90663924234782 ], [ 79.935635261795653, 6.906643489509215 ], [ 79.935631015008994, 6.908542819516669 ], [ 79.933730418321232, 6.90853857117636 ], [ 79.933734672687692, 6.90663924234782 ] ] ] } },
{ "type": "Feature", "properties": { "id": "1821,3636", "grid_id": "1821,3636" }, "geometry": { "type": "Polygon", "coordinates": [ [ [ 79.935635261795653, 6.906643489509215 ], [ 79.937535852099515, 6.906647729096847 ], [ 79.937531612892684, 6.908547060281118 ], [ 79.935631015008994, 6.908542819516669 ], [ 79.935635261795653, 6.906643489509215 ] ] ] } },
{ "type": "Feature", "properties": { "id": "1822,3636", "grid_id": "1822,3636" }, "geometry": { "type": "Polygon", "coordinates": [ [ [ 79.937535852099515, 6.906647729096847 ], [ 79.93943644359716, 6.906651961110694 ], [ 79.939432211970171, 6.90855129346968 ], [ 79.937531612892684, 6.908547060281118 ], [ 79.937535852099515, 6.906647729096847 ] ] ] } },
{ "type": "Feature", "properties": { "id": "1823,3636", "grid_id": "1823,3636" }, "geometry": { "type": "Polygon", "coordinates": [ [ [ 79.93943644359716, 6.906651961110694 ], [ 79.941337036286455, 6.906656185550737 ], [ 79.941332812239338, 6.908555519082332 ], [ 79.939432211970171, 6.90855129346968 ], [ 79.93943644359716, 6.906651961110694 ] ] ] } },
{ "type": "Feature", "properties": { "id": "1824,3636", "grid_id": "1824,3636" }, "geometry": { "type": "Polygon", "coordinates": [ [ [ 79.941337036286455, 6.906656185550737 ], [ 79.943237630165271, 6.906660402416948 ], [ 79.943233413698053, 6.908559737119051 ], [ 79.941332812239338, 6.908555519082332 ], [ 79.941337036286455, 6.906656185550737 ] ] ] } },
{ "type": "Feature", "properties": { "id": "1825,3636", "grid_id": "1825,3636" }, "geometry": { "type": "Polygon", "coordinates": [ [ [ 79.943237630165271, 6.906660402416948 ], [ 79.94513822523146, 6.906664611709306 ], [ 79.94513401634417, 6.908563947579814 ], [ 79.943233413698053, 6.908559737119051 ], [ 79.943237630165271, 6.906660402416948 ] ] ] } },
{ "type": "Feature", "properties": { "id": "1826,3636", "grid_id": "1826,3636" }, "geometry": { "type": "Polygon", "coordinates": [ [ [ 79.94513822523146, 6.906664611709306 ], [ 79.947038821482906, 6.906668813427786 ], [ 79.947034620175543, 6.908568150464599 ], [ 79.94513401634417, 6.908563947579814 ], [ 79.94513822523146, 6.906664611709306 ] ] ] } },
{ "type": "Feature", "properties": { "id": "1827,3636", "grid_id": "1827,3636" }, "geometry": { "type": "Polygon", "coordinates": [ [ [ 79.947038821482906, 6.906668813427786 ], [ 79.948939418917448, 6.90667300757237 ], [ 79.948935225190056, 6.908572345773382 ], [ 79.947034620175543, 6.908568150464599 ], [ 79.947038821482906, 6.906668813427786 ] ] ] } },
{ "type": "Feature", "properties": { "id": "1828,3636", "grid_id": "1828,3636" }, "geometry": { "type": "Polygon", "coordinates": [ [ [ 79.948939418917448, 6.90667300757237 ], [ 79.950840017532968, 6.906677194143029 ], [ 79.950835831385575, 6.90857653350614 ], [ 79.948935225190056, 6.908572345773382 ], [ 79.948939418917448, 6.90667300757237 ] ] ] } },
{ "type": "Feature", "properties": { "id": "1829,3636", "grid_id": "1829,3636" }, "geometry": { "type": "Polygon", "coordinates": [ [ [ 79.950840017532968, 6.906677194143029 ], [ 79.95274061732735, 6.906681373139743 ], [ 79.952736438759956, 6.908580713662851 ], [ 79.950835831385575, 6.90857653350614 ], [ 79.950840017532968, 6.906677194143029 ] ] ] } },
{ "type": "Feature", "properties": { "id": "1830,3636", "grid_id": "1830,3636" }, "geometry": { "type": "Polygon", "coordinates": [ [ [ 79.95274061732735, 6.906681373139743 ], [ 79.95464121829842, 6.906685544562488 ], [ 79.954637047311053, 6.90858488624349 ], [ 79.952736438759956, 6.908580713662851 ], [ 79.95274061732735, 6.906681373139743 ] ] ] } },
{ "type": "Feature", "properties": { "id": "1831,3636", "grid_id": "1831,3636" }, "geometry": { "type": "Polygon", "coordinates": [ [ [ 79.95464121829842, 6.906685544562488 ], [ 79.956541820444073, 6.906689708411244 ], [ 79.956537657036776, 6.908589051248037 ], [ 79.954637047311053, 6.90858488624349 ], [ 79.95464121829842, 6.906685544562488 ] ] ] } },
{ "type": "Feature", "properties": { "id": "1832,3636", "grid_id": "1832,3636" }, "geometry": { "type": "Polygon", "coordinates": [ [ [ 79.956541820444073, 6.906689708411244 ], [ 79.958442423762165, 6.906693864685985 ], [ 79.958438267934937, 6.908593208676468 ], [ 79.956537657036776, 6.908589051248037 ], [ 79.956541820444073, 6.906689708411244 ] ] ] } },
{ "type": "Feature", "properties": { "id": "1833,3636", "grid_id": "1833,3636" }, "geometry": { "type": "Polygon", "coordinates": [ [ [ 79.958442423762165, 6.906693864685985 ], [ 79.960343028250563, 6.906698013386689 ], [ 79.960338880003434, 6.908597358528758 ], [ 79.958438267934937, 6.908593208676468 ], [ 79.958442423762165, 6.906693864685985 ] ] ] } },
{ "type": "Feature", "properties": { "id": "1834,3636", "grid_id": "1834,3636" }, "geometry": { "type": "Polygon", "coordinates": [ [ [ 79.960343028250563, 6.906698013386689 ], [ 79.962243633907121, 6.906702154513333 ], [ 79.962239493240119, 6.908601500804888 ], [ 79.960338880003434, 6.908597358528758 ], [ 79.960343028250563, 6.906698013386689 ] ] ] } },
{ "type": "Feature", "properties": { "id": "1835,3636", "grid_id": "1835,3636" }, "geometry": { "type": "Polygon", "coordinates": [ [ [ 79.962243633907121, 6.906702154513333 ], [ 79.964144240729709, 6.906706288065896 ], [ 79.964140107642848, 6.908605635504833 ], [ 79.962239493240119, 6.908601500804888 ], [ 79.962243633907121, 6.906702154513333 ] ] ] } },
{ "type": "Feature", "properties": { "id": "1836,3636", "grid_id": "1836,3636" }, "geometry": { "type": "Polygon", "coordinates": [ [ [ 79.964144240729709, 6.906706288065896 ], [ 79.966044848716209, 6.906710414044353 ], [ 79.966040723209531, 6.908609762628571 ], [ 79.964140107642848, 6.908605635504833 ], [ 79.964144240729709, 6.906706288065896 ] ] ] } },
{ "type": "Feature", "properties": { "id": "1837,3636", "grid_id": "1837,3636" }, "geometry": { "type": "Polygon", "coordinates": [ [ [ 79.966044848716209, 6.906710414044353 ], [ 79.96794545786446, 6.906714532448686 ], [ 79.96794133993798, 6.908613882176079 ], [ 79.966040723209531, 6.908609762628571 ], [ 79.966044848716209, 6.906710414044353 ] ] ] } },
{ "type": "Feature", "properties": { "id": "1838,3636", "grid_id": "1838,3636" }, "geometry": { "type": "Polygon", "coordinates": [ [ [ 79.96794545786446, 6.906714532448686 ], [ 79.969846068172359, 6.906718643278866 ], [ 79.969841957826091, 6.908617994147335 ], [ 79.96794133993798, 6.908613882176079 ], [ 79.96794545786446, 6.906714532448686 ] ] ] } },
{ "type": "Feature", "properties": { "id": "1839,3636", "grid_id": "1839,3636" }, "geometry": { "type": "Polygon", "coordinates": [ [ [ 79.969846068172359, 6.906718643278866 ], [ 79.971746679637747, 6.906722746534875 ], [ 79.971742576871705, 6.908622098542316 ], [ 79.969841957826091, 6.908617994147335 ], [ 79.969846068172359, 6.906718643278866 ] ] ] } },
{ "type": "Feature", "properties": { "id": "1840,3636", "grid_id": "1840,3636" }, "geometry": { "type": "Polygon", "coordinates": [ [ [ 79.971746679637747, 6.906722746534875 ], [ 79.973647292258505, 6.906726842216688 ], [ 79.973643197072732, 6.908626195361001 ], [ 79.971742576871705, 6.908622098542316 ], [ 79.971746679637747, 6.906722746534875 ] ] ] } },
{ "type": "Feature", "properties": { "id": "1841,3636", "grid_id": "1841,3636" }, "geometry": { "type": "Polygon", "coordinates": [ [ [ 79.973647292258505, 6.906726842216688 ], [ 79.975547906032475, 6.906730930324286 ], [ 79.975543818426999, 6.908630284603365 ], [ 79.973643197072732, 6.908626195361001 ], [ 79.973647292258505, 6.906726842216688 ] ] ] } },
{ "type": "Feature", "properties": { "id": "1842,3636", "grid_id": "1842,3636" }, "geometry": { "type": "Polygon", "coordinates": [ [ [ 79.975547906032475, 6.906730930324286 ], [ 79.977448520957552, 6.906735010857642 ], [ 79.977444440932359, 6.908634366269387 ], [ 79.975543818426999, 6.908630284603365 ], [ 79.975547906032475, 6.906730930324286 ] ] ] } },
{ "type": "Feature", "properties": { "id": "1843,3636", "grid_id": "1843,3636" }, "geometry": { "type": "Polygon", "coordinates": [ [ [ 79.977448520957552, 6.906735010857642 ], [ 79.979349137031576, 6.906739083816738 ], [ 79.979345064586724, 6.908638440359045 ], [ 79.977444440932359, 6.908634366269387 ], [ 79.977448520957552, 6.906735010857642 ] ] ] } },
{ "type": "Feature", "properties": { "id": "1844,3636", "grid_id": "1844,3636" }, "geometry": { "type": "Polygon", "coordinates": [ [ [ 79.979349137031576, 6.906739083816738 ], [ 79.981249754252431, 6.906743149201548 ], [ 79.981245689387919, 6.908642506872317 ], [ 79.979345064586724, 6.908638440359045 ], [ 79.979349137031576, 6.906739083816738 ] ] ] } },
{ "type": "Feature", "properties": { "id": "1845,3636", "grid_id": "1845,3636" }, "geometry": { "type": "Polygon", "coordinates": [ [ [ 79.981249754252431, 6.906743149201548 ], [ 79.98315037261797, 6.906747207012053 ], [ 79.98314631533384, 6.90864656580918 ], [ 79.981245689387919, 6.908642506872317 ], [ 79.981249754252431, 6.906743149201548 ] ] ] } },
{ "type": "Feature", "properties": { "id": "1846,3636", "grid_id": "1846,3636" }, "geometry": { "type": "Polygon", "coordinates": [ [ [ 79.98315037261797, 6.906747207012053 ], [ 79.985050992126062, 6.906751257248228 ], [ 79.985046942422343, 6.90865061716961 ], [ 79.98314631533384, 6.90864656580918 ], [ 79.98315037261797, 6.906747207012053 ] ] ] } },
{ "type": "Feature", "properties": { "id": "1847,3636", "grid_id": "1847,3636" }, "geometry": { "type": "Polygon", "coordinates": [ [ [ 79.985050992126062, 6.906751257248228 ], [ 79.986951612774575, 6.906755299910052 ], [ 79.986947570651267, 6.90865466095359 ], [ 79.985046942422343, 6.90865061716961 ], [ 79.985050992126062, 6.906751257248228 ] ] ] } },
{ "type": "Feature", "properties": { "id": "1848,3636", "grid_id": "1848,3636" }, "geometry": { "type": "Polygon", "coordinates": [ [ [ 79.986951612774575, 6.906755299910052 ], [ 79.988852234561364, 6.906759334997504 ], [ 79.988848200018509, 6.908658697161091 ], [ 79.986947570651267, 6.90865466095359 ], [ 79.986951612774575, 6.906755299910052 ] ] ] } },
{ "type": "Feature", "properties": { "id": "1849,3636", "grid_id": "1849,3636" }, "geometry": { "type": "Polygon", "coordinates": [ [ [ 79.988852234561364, 6.906759334997504 ], [ 79.990752857484324, 6.906763362510561 ], [ 79.990748830521909, 6.908662725792097 ], [ 79.988848200018509, 6.908658697161091 ], [ 79.988852234561364, 6.906759334997504 ] ] ] } },
{ "type": "Feature", "properties": { "id": "1850,3636", "grid_id": "1850,3636" }, "geometry": { "type": "Polygon", "coordinates": [ [ [ 79.990752857484324, 6.906763362510561 ], [ 79.992653481541296, 6.906767382449201 ], [ 79.992649462159363, 6.90866674684658 ], [ 79.990748830521909, 6.908662725792097 ], [ 79.990752857484324, 6.906763362510561 ] ] ] } },
{ "type": "Feature", "properties": { "id": "1851,3636", "grid_id": "1851,3636" }, "geometry": { "type": "Polygon", "coordinates": [ [ [ 79.992653481541296, 6.906767382449201 ], [ 79.994554106730135, 6.9067713948134 ], [ 79.994550094928712, 6.908670760324526 ], [ 79.992649462159363, 6.90866674684658 ], [ 79.992653481541296, 6.906767382449201 ] ] ] } },
{ "type": "Feature", "properties": { "id": "1852,3636", "grid_id": "1852,3636" }, "geometry": { "type": "Polygon", "coordinates": [ [ [ 79.994554106730135, 6.9067713948134 ], [ 79.996454733048722, 6.90677539960314 ], [ 79.996450728827838, 6.908674766225904 ], [ 79.994550094928712, 6.908670760324526 ], [ 79.994554106730135, 6.9067713948134 ] ] ] } },
{ "type": "Feature", "properties": { "id": "1853,3636", "grid_id": "1853,3636" }, "geometry": { "type": "Polygon", "coordinates": [ [ [ 79.996454733048722, 6.90677539960314 ], [ 79.998355360494926, 6.906779396818394 ], [ 79.998351363854596, 6.908678764550699 ], [ 79.996450728827838, 6.908674766225904 ], [ 79.996454733048722, 6.90677539960314 ] ] ] } },
{ "type": "Feature", "properties": { "id": "1854,3636", "grid_id": "1854,3636" }, "geometry": { "type": "Polygon", "coordinates": [ [ [ 79.998355360494926, 6.906779396818394 ], [ 80.000255989066602, 6.906783386459146 ], [ 80.000252000006853, 6.908682755298885 ], [ 79.998351363854596, 6.908678764550699 ], [ 79.998355360494926, 6.906779396818394 ] ] ] } },
{ "type": "Feature", "properties": { "id": "1855,3636", "grid_id": "1855,3636" }, "geometry": { "type": "Polygon", "coordinates": [ [ [ 80.000255989066602, 6.906783386459146 ], [ 80.002156618761617, 6.906787368525369 ], [ 80.002152637282464, 6.908686738470442 ], [ 80.000252000006853, 6.908682755298885 ], [ 80.000255989066602, 6.906783386459146 ] ] ] } },
{ "type": "Feature", "properties": { "id": "1856,3636", "grid_id": "1856,3636" }, "geometry": { "type": "Polygon", "coordinates": [ [ [ 80.002156618761617, 6.906787368525369 ], [ 80.004057249577855, 6.906791343017045 ], [ 80.004053275679311, 6.908690714065349 ], [ 80.002152637282464, 6.908686738470442 ], [ 80.002156618761617, 6.906787368525369 ] ] ] } },
{ "type": "Feature", "properties": { "id": "1857,3636", "grid_id": "1857,3636" }, "geometry": { "type": "Polygon", "coordinates": [ [ [ 80.004057249577855, 6.906791343017045 ], [ 80.005957881513154, 6.90679530993415 ], [ 80.005953915195263, 6.908694682083581 ], [ 80.004053275679311, 6.908690714065349 ], [ 80.004057249577855, 6.906791343017045 ] ] ] } },
{ "type": "Feature", "properties": { "id": "1858,3636", "grid_id": "1858,3636" }, "geometry": { "type": "Polygon", "coordinates": [ [ [ 80.005957881513154, 6.90679530993415 ], [ 80.007858514565385, 6.906799269276662 ], [ 80.00785455582816, 6.90869864252512 ], [ 80.005953915195263, 6.908694682083581 ], [ 80.005957881513154, 6.90679530993415 ] ] ] } },
{ "type": "Feature", "properties": { "id": "1859,3636", "grid_id": "1859,3636" }, "geometry": { "type": "Polygon", "coordinates": [ [ [ 80.007858514565385, 6.906799269276662 ], [ 80.009759148732442, 6.90680322104456 ], [ 80.009755197575885, 6.908702595389944 ], [ 80.00785455582816, 6.90869864252512 ], [ 80.007858514565385, 6.906799269276662 ] ] ] } },
{ "type": "Feature", "properties": { "id": "1860,3636", "grid_id": "1860,3636" }, "geometry": { "type": "Polygon", "coordinates": [ [ [ 80.009759148732442, 6.90680322104456 ], [ 80.011659784012153, 6.906807165237825 ], [ 80.011655840436305, 6.908706540678027 ], [ 80.009755197575885, 6.908702595389944 ], [ 80.009759148732442, 6.90680322104456 ] ] ] } },
{ "type": "Feature", "properties": { "id": "1861,3636", "grid_id": "1861,3636" }, "geometry": { "type": "Polygon", "coordinates": [ [ [ 80.011659784012153, 6.906807165237825 ], [ 80.013560420402399, 6.906811101856431 ], [ 80.013556484407289, 6.908710478389351 ], [ 80.011655840436305, 6.908706540678027 ], [ 80.011659784012153, 6.906807165237825 ] ] ] } },
{ "type": "Feature", "properties": { "id": "1862,3636", "grid_id": "1862,3636" }, "geometry": { "type": "Polygon", "coordinates": [ [ [ 80.013560420402399, 6.906811101856431 ], [ 80.015461057901035, 6.90681503090036 ], [ 80.015457129486677, 6.908714408523895 ], [ 80.013556484407289, 6.908710478389351 ], [ 80.013560420402399, 6.906811101856431 ] ] ] } },
{ "type": "Feature", "properties": { "id": "1863,3636", "grid_id": "1863,3636" }, "geometry": { "type": "Polygon", "coordinates": [ [ [ 80.015461057901035, 6.90681503090036 ], [ 80.017361696505944, 6.906818952369586 ], [ 80.017357775672352, 6.908718331081635 ], [ 80.015457129486677, 6.908714408523895 ], [ 80.015461057901035, 6.90681503090036 ] ] ] } },
{ "type": "Feature", "properties": { "id": "1864,3636", "grid_id": "1864,3636" }, "geometry": { "type": "Polygon", "coordinates": [ [ [ 80.017361696505944, 6.906818952369586 ], [ 80.019262336214993, 6.906822866264093 ], [ 80.019258422962181, 6.908722246062553 ], [ 80.017357775672352, 6.908718331081635 ], [ 80.017361696505944, 6.906818952369586 ] ] ] } },
{ "type": "Feature", "properties": { "id": "1865,3636", "grid_id": "1865,3636" }, "geometry": { "type": "Polygon", "coordinates": [ [ [ 80.019262336214993, 6.906822866264093 ], [ 80.021162977026023, 6.906826772583856 ], [ 80.021159071354035, 6.908726153466622 ], [ 80.019258422962181, 6.908722246062553 ], [ 80.019262336214993, 6.906822866264093 ] ] ] } },
{ "type": "Feature", "properties": { "id": "1866,3636", "grid_id": "1866,3636" }, "geometry": { "type": "Polygon", "coordinates": [ [ [ 80.021162977026023, 6.906826772583856 ], [ 80.023063618936902, 6.906830671328853 ], [ 80.023059720845765, 6.908730053293827 ], [ 80.021159071354035, 6.908726153466622 ], [ 80.021162977026023, 6.906826772583856 ] ] ] } },
{ "type": "Feature", "properties": { "id": "1867,3636", "grid_id": "1867,3636" }, "geometry": { "type": "Polygon", "coordinates": [ [ [ 80.023063618936902, 6.906830671328853 ], [ 80.024964261945527, 6.906834562499066 ], [ 80.024960371435242, 6.908733945544142 ], [ 80.023059720845765, 6.908730053293827 ], [ 80.023063618936902, 6.906830671328853 ] ] ] } },
{ "type": "Feature", "properties": { "id": "1868,3636", "grid_id": "1868,3636" }, "geometry": { "type": "Polygon", "coordinates": [ [ [ 80.024964261945527, 6.906834562499066 ], [ 80.026864906049738, 6.906838446094472 ], [ 80.026861023120333, 6.908737830217548 ], [ 80.024960371435242, 6.908733945544142 ], [ 80.024964261945527, 6.906834562499066 ] ] ] } },
{ "type": "Feature", "properties": { "id": "1869,3636", "grid_id": "1869,3636" }, "geometry": { "type": "Polygon", "coordinates": [ [ [ 80.026864906049738, 6.906838446094472 ], [ 80.028765551247403, 6.906842322115049 ], [ 80.028761675898892, 6.908741707314024 ], [ 80.026861023120333, 6.908737830217548 ], [ 80.026864906049738, 6.906838446094472 ] ] ] } },
{ "type": "Feature", "properties": { "id": "1870,3636", "grid_id": "1870,3636" }, "geometry": { "type": "Polygon", "coordinates": [ [ [ 80.028765551247403, 6.906842322115049 ], [ 80.030666197536391, 6.906846190560777 ], [ 80.030662329768802, 6.908745576833547 ], [ 80.028761675898892, 6.908741707314024 ], [ 80.028765551247403, 6.906842322115049 ] ] ] } },
{ "type": "Feature", "properties": { "id": "1871,3636", "grid_id": "1871,3636" }, "geometry": { "type": "Polygon", "coordinates": [ [ [ 80.030666197536391, 6.906846190560777 ], [ 80.032566844914555, 6.906850051431634 ], [ 80.032562984727903, 6.908749438776097 ], [ 80.030662329768802, 6.908745576833547 ], [ 80.030666197536391, 6.906846190560777 ] ] ] } },
{ "type": "Feature", "properties": { "id": "1872,3636", "grid_id": "1872,3636" }, "geometry": { "type": "Polygon", "coordinates": [ [ [ 80.032566844914555, 6.906850051431634 ], [ 80.034467493379779, 6.906853904727598 ], [ 80.034463640774092, 6.90875329314165 ], [ 80.032562984727903, 6.908749438776097 ], [ 80.032566844914555, 6.906850051431634 ] ] ] } },
{ "type": "Feature", "properties": { "id": "1873,3636", "grid_id": "1873,3636" }, "geometry": { "type": "Polygon", "coordinates": [ [ [ 80.034467493379779, 6.906853904727598 ], [ 80.036368142929916, 6.90685775044865 ], [ 80.036364297905223, 6.90875713993019 ], [ 80.034463640774092, 6.90875329314165 ], [ 80.034467493379779, 6.906853904727598 ] ] ] } },
{ "type": "Feature", "properties": { "id": "1874,3636", "grid_id": "1874,3636" }, "geometry": { "type": "Polygon", "coordinates": [ [ [ 80.036368142929916, 6.90685775044865 ], [ 80.038268793562835, 6.90686158859477 ], [ 80.03826495611915, 6.908760979141694 ], [ 80.036364297905223, 6.90875713993019 ], [ 80.036368142929916, 6.90685775044865 ] ] ] } },
{ "type": "Feature", "properties": { "id": "1804,3637", "grid_id": "1804,3637" }, "geometry": { "type": "Polygon", "coordinates": [ [ [ 79.903321035707052, 6.908469567433117 ], [ 79.905221612969456, 6.908473936984044 ], [ 79.905217243678734, 6.910373247722804 ], [ 79.903316658834797, 6.910368876959313 ], [ 79.903321035707052, 6.908469567433117 ] ] ] } },
{ "type": "Feature", "properties": { "id": "1805,3637", "grid_id": "1805,3637" }, "geometry": { "type": "Polygon", "coordinates": [ [ [ 79.905221612969456, 6.908473936984044 ], [ 79.907122191461937, 6.908478298959487 ], [ 79.907117829752806, 6.910377610908707 ], [ 79.905217243678734, 6.910373247722804 ], [ 79.905221612969456, 6.908473936984044 ] ] ] } },
{ "type": "Feature", "properties": { "id": "1806,3637", "grid_id": "1806,3637" }, "geometry": { "type": "Polygon", "coordinates": [ [ [ 79.907122191461937, 6.908478298959487 ], [ 79.909022771182379, 6.90848265335942 ], [ 79.909018417054853, 6.910381966516998 ], [ 79.907117829752806, 6.910377610908707 ], [ 79.907122191461937, 6.908478298959487 ] ] ] } },
{ "type": "Feature", "properties": { "id": "1807,3637", "grid_id": "1807,3637" }, "geometry": { "type": "Polygon", "coordinates": [ [ [ 79.909022771182379, 6.90848265335942 ], [ 79.910923352128648, 6.908487000183818 ], [ 79.910919005582755, 6.910386314547652 ], [ 79.909018417054853, 6.910381966516998 ], [ 79.909022771182379, 6.90848265335942 ] ] ] } },
{ "type": "Feature", "properties": { "id": "1808,3637", "grid_id": "1808,3637" }, "geometry": { "type": "Polygon", "coordinates": [ [ [ 79.910923352128648, 6.908487000183818 ], [ 79.912823934298615, 6.908491339432659 ], [ 79.912819595334355, 6.910390655000646 ], [ 79.910919005582755, 6.910386314547652 ], [ 79.910923352128648, 6.908487000183818 ] ] ] } },
{ "type": "Feature", "properties": { "id": "1809,3637", "grid_id": "1809,3637" }, "geometry": { "type": "Polygon", "coordinates": [ [ [ 79.912823934298615, 6.908491339432659 ], [ 79.914724517690132, 6.90849567110592 ], [ 79.914720186307548, 6.910394987875958 ], [ 79.912819595334355, 6.910390655000646 ], [ 79.912823934298615, 6.908491339432659 ] ] ] } },
{ "type": "Feature", "properties": { "id": "1810,3637", "grid_id": "1810,3637" }, "geometry": { "type": "Polygon", "coordinates": [ [ [ 79.914724517690132, 6.90849567110592 ], [ 79.916625102301069, 6.908499995203575 ], [ 79.916620778500175, 6.910399313173562 ], [ 79.914720186307548, 6.910394987875958 ], [ 79.914724517690132, 6.90849567110592 ] ] ] } },
{ "type": "Feature", "properties": { "id": "1811,3637", "grid_id": "1811,3637" }, "geometry": { "type": "Polygon", "coordinates": [ [ [ 79.916625102301069, 6.908499995203575 ], [ 79.918525688129293, 6.908504311725602 ], [ 79.918521371910131, 6.910403630893436 ], [ 79.916620778500175, 6.910399313173562 ], [ 79.916625102301069, 6.908499995203575 ] ] ] } },
{ "type": "Feature", "properties": { "id": "1812,3637", "grid_id": "1812,3637" }, "geometry": { "type": "Polygon", "coordinates": [ [ [ 79.918525688129293, 6.908504311725602 ], [ 79.920426275172673, 6.908508620671978 ], [ 79.920421966535258, 6.910407941035555 ], [ 79.918521371910131, 6.910403630893436 ], [ 79.918525688129293, 6.908504311725602 ] ] ] } },
{ "type": "Feature", "properties": { "id": "1813,3637", "grid_id": "1813,3637" }, "geometry": { "type": "Polygon", "coordinates": [ [ [ 79.920426275172673, 6.908508620671978 ], [ 79.922326863429063, 6.908512922042677 ], [ 79.922322562373409, 6.910412243599895 ], [ 79.920421966535258, 6.910407941035555 ], [ 79.920426275172673, 6.908508620671978 ] ] ] } },
{ "type": "Feature", "properties": { "id": "1814,3637", "grid_id": "1814,3637" }, "geometry": { "type": "Polygon", "coordinates": [ [ [ 79.922326863429063, 6.908512922042677 ], [ 79.924227452896332, 6.908517215837676 ], [ 79.924223159422482, 6.910416538586435 ], [ 79.922322562373409, 6.910412243599895 ], [ 79.922326863429063, 6.908512922042677 ] ] ] } },
{ "type": "Feature", "properties": { "id": "1815,3637", "grid_id": "1815,3637" }, "geometry": { "type": "Polygon", "coordinates": [ [ [ 79.924227452896332, 6.908517215837676 ], [ 79.926128043572348, 6.908521502056952 ], [ 79.926123757680315, 6.910420825995148 ], [ 79.924223159422482, 6.910416538586435 ], [ 79.924227452896332, 6.908517215837676 ] ] ] } },
{ "type": "Feature", "properties": { "id": "1816,3637", "grid_id": "1816,3637" }, "geometry": { "type": "Polygon", "coordinates": [ [ [ 79.926128043572348, 6.908521502056952 ], [ 79.928028635454993, 6.908525780700482 ], [ 79.928024357144793, 6.910425105826014 ], [ 79.926123757680315, 6.910420825995148 ], [ 79.926128043572348, 6.908521502056952 ] ] ] } },
{ "type": "Feature", "properties": { "id": "1817,3637", "grid_id": "1817,3637" }, "geometry": { "type": "Polygon", "coordinates": [ [ [ 79.928028635454993, 6.908525780700482 ], [ 79.929929228542107, 6.908530051768242 ], [ 79.929924957813782, 6.910429378079007 ], [ 79.928024357144793, 6.910425105826014 ], [ 79.928028635454993, 6.908525780700482 ] ] ] } },
{ "type": "Feature", "properties": { "id": "1818,3637", "grid_id": "1818,3637" }, "geometry": { "type": "Polygon", "coordinates": [ [ [ 79.929929228542107, 6.908530051768242 ], [ 79.93182982283156, 6.908534315260209 ], [ 79.931825559685123, 6.910433642754106 ], [ 79.929924957813782, 6.910429378079007 ], [ 79.929929228542107, 6.908530051768242 ] ] ] } },
{ "type": "Feature", "properties": { "id": "1819,3637", "grid_id": "1819,3637" }, "geometry": { "type": "Polygon", "coordinates": [ [ [ 79.93182982283156, 6.908534315260209 ], [ 79.933730418321232, 6.90853857117636 ], [ 79.933726162756713, 6.910437899851285 ], [ 79.931825559685123, 6.910433642754106 ], [ 79.93182982283156, 6.908534315260209 ] ] ] } },
{ "type": "Feature", "properties": { "id": "1820,3637", "grid_id": "1820,3637" }, "geometry": { "type": "Polygon", "coordinates": [ [ [ 79.933730418321232, 6.90853857117636 ], [ 79.935631015008994, 6.908542819516669 ], [ 79.935626767026392, 6.910442149370523 ], [ 79.933726162756713, 6.910437899851285 ], [ 79.933730418321232, 6.90853857117636 ] ] ] } },
{ "type": "Feature", "properties": { "id": "1821,3637", "grid_id": "1821,3637" }, "geometry": { "type": "Polygon", "coordinates": [ [ [ 79.935631015008994, 6.908542819516669 ], [ 79.937531612892684, 6.908547060281118 ], [ 79.937527372492042, 6.910446391311794 ], [ 79.935626767026392, 6.910442149370523 ], [ 79.935631015008994, 6.908542819516669 ] ] ] } },
{ "type": "Feature", "properties": { "id": "1822,3637", "grid_id": "1822,3637" }, "geometry": { "type": "Polygon", "coordinates": [ [ [ 79.937531612892684, 6.908547060281118 ], [ 79.939432211970171, 6.90855129346968 ], [ 79.939427979151517, 6.910450625675076 ], [ 79.937527372492042, 6.910446391311794 ], [ 79.937531612892684, 6.908547060281118 ] ] ] } },
{ "type": "Feature", "properties": { "id": "1823,3637", "grid_id": "1823,3637" }, "geometry": { "type": "Polygon", "coordinates": [ [ [ 79.939432211970171, 6.90855129346968 ], [ 79.941332812239338, 6.908555519082332 ], [ 79.941328587002701, 6.910454852460347 ], [ 79.939427979151517, 6.910450625675076 ], [ 79.939432211970171, 6.90855129346968 ] ] ] } },
{ "type": "Feature", "properties": { "id": "1824,3637", "grid_id": "1824,3637" }, "geometry": { "type": "Polygon", "coordinates": [ [ [ 79.941332812239338, 6.908555519082332 ], [ 79.943233413698053, 6.908559737119051 ], [ 79.943229196043433, 6.910459071667586 ], [ 79.941328587002701, 6.910454852460347 ], [ 79.941332812239338, 6.908555519082332 ] ] ] } },
{ "type": "Feature", "properties": { "id": "1825,3637", "grid_id": "1825,3637" }, "geometry": { "type": "Polygon", "coordinates": [ [ [ 79.943233413698053, 6.908559737119051 ], [ 79.94513401634417, 6.908563947579814 ], [ 79.945129806271595, 6.910463283296763 ], [ 79.943229196043433, 6.910459071667586 ], [ 79.943233413698053, 6.908559737119051 ] ] ] } },
{ "type": "Feature", "properties": { "id": "1826,3637", "grid_id": "1826,3637" }, "geometry": { "type": "Polygon", "coordinates": [ [ [ 79.94513401634417, 6.908563947579814 ], [ 79.947034620175543, 6.908568150464599 ], [ 79.947030417685042, 6.910467487347859 ], [ 79.945129806271595, 6.910463283296763 ], [ 79.94513401634417, 6.908563947579814 ] ] ] } },
{ "type": "Feature", "properties": { "id": "1827,3637", "grid_id": "1827,3637" }, "geometry": { "type": "Polygon", "coordinates": [ [ [ 79.947034620175543, 6.908568150464599 ], [ 79.948935225190056, 6.908572345773382 ], [ 79.94893103028167, 6.910471683820853 ], [ 79.947030417685042, 6.910467487347859 ], [ 79.947034620175543, 6.908568150464599 ] ] ] } },
{ "type": "Feature", "properties": { "id": "1828,3637", "grid_id": "1828,3637" }, "geometry": { "type": "Polygon", "coordinates": [ [ [ 79.948935225190056, 6.908572345773382 ], [ 79.950835831385575, 6.90857653350614 ], [ 79.950831644059306, 6.910475872715717 ], [ 79.94893103028167, 6.910471683820853 ], [ 79.948935225190056, 6.908572345773382 ] ] ] } },
{ "type": "Feature", "properties": { "id": "1829,3637", "grid_id": "1829,3637" }, "geometry": { "type": "Polygon", "coordinates": [ [ [ 79.950835831385575, 6.90857653350614 ], [ 79.952736438759956, 6.908580713662851 ], [ 79.952732259015832, 6.910480054032433 ], [ 79.950831644059306, 6.910475872715717 ], [ 79.950835831385575, 6.90857653350614 ] ] ] } },
{ "type": "Feature", "properties": { "id": "1830,3637", "grid_id": "1830,3637" }, "geometry": { "type": "Polygon", "coordinates": [ [ [ 79.952736438759956, 6.908580713662851 ], [ 79.954637047311053, 6.90858488624349 ], [ 79.954632875149088, 6.910484227770977 ], [ 79.952732259015832, 6.910480054032433 ], [ 79.952736438759956, 6.908580713662851 ] ] ] } },
{ "type": "Feature", "properties": { "id": "1831,3637", "grid_id": "1831,3637" }, "geometry": { "type": "Polygon", "coordinates": [ [ [ 79.954637047311053, 6.90858488624349 ], [ 79.956537657036776, 6.908589051248037 ], [ 79.956533492456998, 6.910488393931325 ], [ 79.954632875149088, 6.910484227770977 ], [ 79.954637047311053, 6.90858488624349 ] ] ] } },
{ "type": "Feature", "properties": { "id": "1832,3637", "grid_id": "1832,3637" }, "geometry": { "type": "Polygon", "coordinates": [ [ [ 79.956537657036776, 6.908589051248037 ], [ 79.958438267934937, 6.908593208676468 ], [ 79.958434110937375, 6.910492552513452 ], [ 79.956533492456998, 6.910488393931325 ], [ 79.956537657036776, 6.908589051248037 ] ] ] } },
{ "type": "Feature", "properties": { "id": "1833,3637", "grid_id": "1833,3637" }, "geometry": { "type": "Polygon", "coordinates": [ [ [ 79.958438267934937, 6.908593208676468 ], [ 79.960338880003434, 6.908597358528758 ], [ 79.960334730588102, 6.910496703517339 ], [ 79.958434110937375, 6.910492552513452 ], [ 79.958438267934937, 6.908593208676468 ] ] ] } },
{ "type": "Feature", "properties": { "id": "1834,3637", "grid_id": "1834,3637" }, "geometry": { "type": "Polygon", "coordinates": [ [ [ 79.960338880003434, 6.908597358528758 ], [ 79.962239493240119, 6.908601500804888 ], [ 79.96223535140706, 6.910500846942962 ], [ 79.960334730588102, 6.910496703517339 ], [ 79.960338880003434, 6.908597358528758 ] ] ] } },
{ "type": "Feature", "properties": { "id": "1835,3637", "grid_id": "1835,3637" }, "geometry": { "type": "Polygon", "coordinates": [ [ [ 79.962239493240119, 6.908601500804888 ], [ 79.964140107642848, 6.908605635504833 ], [ 79.964135973392075, 6.910504982790298 ], [ 79.96223535140706, 6.910500846942962 ], [ 79.962239493240119, 6.908601500804888 ] ] ] } },
{ "type": "Feature", "properties": { "id": "1836,3637", "grid_id": "1836,3637" }, "geometry": { "type": "Polygon", "coordinates": [ [ [ 79.964140107642848, 6.908605635504833 ], [ 79.966040723209531, 6.908609762628571 ], [ 79.966036596541045, 6.910509111059325 ], [ 79.964135973392075, 6.910504982790298 ], [ 79.964140107642848, 6.908605635504833 ] ] ] } },
{ "type": "Feature", "properties": { "id": "1837,3637", "grid_id": "1837,3637" }, "geometry": { "type": "Polygon", "coordinates": [ [ [ 79.966040723209531, 6.908609762628571 ], [ 79.96794133993798, 6.908613882176079 ], [ 79.967937220851837, 6.910513231750019 ], [ 79.966036596541045, 6.910509111059325 ], [ 79.966040723209531, 6.908609762628571 ] ] ] } },
{ "type": "Feature", "properties": { "id": "1838,3637", "grid_id": "1838,3637" }, "geometry": { "type": "Polygon", "coordinates": [ [ [ 79.96794133993798, 6.908613882176079 ], [ 79.969841957826091, 6.908617994147335 ], [ 79.969837846322292, 6.91051734486236 ], [ 79.967937220851837, 6.910513231750019 ], [ 79.96794133993798, 6.908613882176079 ] ] ] } },
{ "type": "Feature", "properties": { "id": "1839,3637", "grid_id": "1839,3637" }, "geometry": { "type": "Polygon", "coordinates": [ [ [ 79.969841957826091, 6.908617994147335 ], [ 79.971742576871705, 6.908622098542316 ], [ 79.971738472950292, 6.910521450396322 ], [ 79.969837846322292, 6.91051734486236 ], [ 79.969841957826091, 6.908617994147335 ] ] ] } },
{ "type": "Feature", "properties": { "id": "1840,3637", "grid_id": "1840,3637" }, "geometry": { "type": "Polygon", "coordinates": [ [ [ 79.971742576871705, 6.908622098542316 ], [ 79.973643197072732, 6.908626195361001 ], [ 79.973639100733706, 6.910525548351886 ], [ 79.971738472950292, 6.910521450396322 ], [ 79.971742576871705, 6.908622098542316 ] ] ] } },
{ "type": "Feature", "properties": { "id": "1841,3637", "grid_id": "1841,3637" }, "geometry": { "type": "Polygon", "coordinates": [ [ [ 79.973643197072732, 6.908626195361001 ], [ 79.975543818426999, 6.908630284603365 ], [ 79.975539729670388, 6.910529638729026 ], [ 79.973639100733706, 6.910525548351886 ], [ 79.973643197072732, 6.908626195361001 ] ] ] } },
{ "type": "Feature", "properties": { "id": "1842,3637", "grid_id": "1842,3637" }, "geometry": { "type": "Polygon", "coordinates": [ [ [ 79.975543818426999, 6.908630284603365 ], [ 79.977444440932359, 6.908634366269387 ], [ 79.977440359758205, 6.910533721527722 ], [ 79.975539729670388, 6.910529638729026 ], [ 79.975543818426999, 6.908630284603365 ] ] ] } },
{ "type": "Feature", "properties": { "id": "1843,3637", "grid_id": "1843,3637" }, "geometry": { "type": "Polygon", "coordinates": [ [ [ 79.977444440932359, 6.908634366269387 ], [ 79.979345064586724, 6.908638440359045 ], [ 79.979340990995027, 6.910537796747952 ], [ 79.977440359758205, 6.910533721527722 ], [ 79.977444440932359, 6.908634366269387 ] ] ] } },
{ "type": "Feature", "properties": { "id": "1844,3637", "grid_id": "1844,3637" }, "geometry": { "type": "Polygon", "coordinates": [ [ [ 79.979345064586724, 6.908638440359045 ], [ 79.981245689387919, 6.908642506872317 ], [ 79.981241623378708, 6.910541864389693 ], [ 79.979340990995027, 6.910537796747952 ], [ 79.979345064586724, 6.908638440359045 ] ] ] } },
{ "type": "Feature", "properties": { "id": "1845,3637", "grid_id": "1845,3637" }, "geometry": { "type": "Polygon", "coordinates": [ [ [ 79.981245689387919, 6.908642506872317 ], [ 79.98314631533384, 6.90864656580918 ], [ 79.983142256907129, 6.910545924452922 ], [ 79.981241623378708, 6.910541864389693 ], [ 79.981245689387919, 6.908642506872317 ] ] ] } },
{ "type": "Feature", "properties": { "id": "1846,3637", "grid_id": "1846,3637" }, "geometry": { "type": "Polygon", "coordinates": [ [ [ 79.98314631533384, 6.90864656580918 ], [ 79.985046942422343, 6.90865061716961 ], [ 79.985042891578161, 6.910549976937617 ], [ 79.983142256907129, 6.910545924452922 ], [ 79.98314631533384, 6.90864656580918 ] ] ] } },
{ "type": "Feature", "properties": { "id": "1847,3637", "grid_id": "1847,3637" }, "geometry": { "type": "Polygon", "coordinates": [ [ [ 79.985046942422343, 6.90865061716961 ], [ 79.986947570651267, 6.90865466095359 ], [ 79.986943527389656, 6.910554021843756 ], [ 79.985042891578161, 6.910549976937617 ], [ 79.985046942422343, 6.90865061716961 ] ] ] } },
{ "type": "Feature", "properties": { "id": "1848,3637", "grid_id": "1848,3637" }, "geometry": { "type": "Polygon", "coordinates": [ [ [ 79.986947570651267, 6.90865466095359 ], [ 79.988848200018509, 6.908658697161091 ], [ 79.988844164339469, 6.910558059171319 ], [ 79.986943527389656, 6.910554021843756 ], [ 79.986947570651267, 6.90865466095359 ] ] ] } },
{ "type": "Feature", "properties": { "id": "1849,3637", "grid_id": "1849,3637" }, "geometry": { "type": "Polygon", "coordinates": [ [ [ 79.988848200018509, 6.908658697161091 ], [ 79.990748830521909, 6.908662725792097 ], [ 79.990744802425482, 6.910562088920281 ], [ 79.988844164339469, 6.910558059171319 ], [ 79.988848200018509, 6.908658697161091 ] ] ] } },
{ "type": "Feature", "properties": { "id": "1850,3637", "grid_id": "1850,3637" }, "geometry": { "type": "Polygon", "coordinates": [ [ [ 79.990748830521909, 6.908662725792097 ], [ 79.992649462159363, 6.90866674684658 ], [ 79.99264544164555, 6.91056611109062 ], [ 79.990744802425482, 6.910562088920281 ], [ 79.990748830521909, 6.908662725792097 ] ] ] } },
{ "type": "Feature", "properties": { "id": "1851,3637", "grid_id": "1851,3637" }, "geometry": { "type": "Polygon", "coordinates": [ [ [ 79.992649462159363, 6.90866674684658 ], [ 79.994550094928712, 6.908670760324526 ], [ 79.994546081997541, 6.910570125682316 ], [ 79.99264544164555, 6.91056611109062 ], [ 79.992649462159363, 6.90866674684658 ] ] ] } },
{ "type": "Feature", "properties": { "id": "1852,3637", "grid_id": "1852,3637" }, "geometry": { "type": "Polygon", "coordinates": [ [ [ 79.994550094928712, 6.908670760324526 ], [ 79.996450728827838, 6.908674766225904 ], [ 79.996446723479337, 6.910574132695345 ], [ 79.994546081997541, 6.910570125682316 ], [ 79.994550094928712, 6.908670760324526 ] ] ] } },
{ "type": "Feature", "properties": { "id": "1853,3637", "grid_id": "1853,3637" }, "geometry": { "type": "Polygon", "coordinates": [ [ [ 79.996450728827838, 6.908674766225904 ], [ 79.998351363854596, 6.908678764550699 ], [ 79.99834736608878, 6.910578132129686 ], [ 79.996446723479337, 6.910574132695345 ], [ 79.996450728827838, 6.908674766225904 ] ] ] } },
{ "type": "Feature", "properties": { "id": "1854,3637", "grid_id": "1854,3637" }, "geometry": { "type": "Polygon", "coordinates": [ [ [ 79.998351363854596, 6.908678764550699 ], [ 80.000252000006853, 6.908682755298885 ], [ 80.000248009823736, 6.910582123985316 ], [ 79.99834736608878, 6.910578132129686 ], [ 79.998351363854596, 6.908678764550699 ] ] ] } },
{ "type": "Feature", "properties": { "id": "1855,3637", "grid_id": "1855,3637" }, "geometry": { "type": "Polygon", "coordinates": [ [ [ 80.000252000006853, 6.908682755298885 ], [ 80.002152637282464, 6.908686738470442 ], [ 80.002148654682088, 6.910586108262216 ], [ 80.000248009823736, 6.910582123985316 ], [ 80.000252000006853, 6.908682755298885 ] ] ] } },
{ "type": "Feature", "properties": { "id": "1856,3637", "grid_id": "1856,3637" }, "geometry": { "type": "Polygon", "coordinates": [ [ [ 80.002152637282464, 6.908686738470442 ], [ 80.004053275679311, 6.908690714065349 ], [ 80.004049300661691, 6.910590084960361 ], [ 80.002148654682088, 6.910586108262216 ], [ 80.002152637282464, 6.908686738470442 ] ] ] } },
{ "type": "Feature", "properties": { "id": "1857,3637", "grid_id": "1857,3637" }, "geometry": { "type": "Polygon", "coordinates": [ [ [ 80.004053275679311, 6.908690714065349 ], [ 80.005953915195263, 6.908694682083581 ], [ 80.005949947760413, 6.910594054079731 ], [ 80.004049300661691, 6.910590084960361 ], [ 80.004053275679311, 6.908690714065349 ] ] ] } },
{ "type": "Feature", "properties": { "id": "1858,3637", "grid_id": "1858,3637" }, "geometry": { "type": "Polygon", "coordinates": [ [ [ 80.005953915195263, 6.908694682083581 ], [ 80.00785455582816, 6.90869864252512 ], [ 80.007850595976109, 6.910598015620304 ], [ 80.005949947760413, 6.910594054079731 ], [ 80.005953915195263, 6.908694682083581 ] ] ] } },
{ "type": "Feature", "properties": { "id": "1859,3637", "grid_id": "1859,3637" }, "geometry": { "type": "Polygon", "coordinates": [ [ [ 80.00785455582816, 6.90869864252512 ], [ 80.009755197575885, 6.908702595389944 ], [ 80.00975124530666, 6.910601969582059 ], [ 80.007850595976109, 6.910598015620304 ], [ 80.00785455582816, 6.90869864252512 ] ] ] } },
{ "type": "Feature", "properties": { "id": "1860,3637", "grid_id": "1860,3637" }, "geometry": { "type": "Polygon", "coordinates": [ [ [ 80.009755197575885, 6.908702595389944 ], [ 80.011655840436305, 6.908706540678027 ], [ 80.011651895749921, 6.910605915964972 ], [ 80.00975124530666, 6.910601969582059 ], [ 80.009755197575885, 6.908702595389944 ] ] ] } },
{ "type": "Feature", "properties": { "id": "1861,3637", "grid_id": "1861,3637" }, "geometry": { "type": "Polygon", "coordinates": [ [ [ 80.011655840436305, 6.908706540678027 ], [ 80.013556484407289, 6.908710478389351 ], [ 80.013552547303746, 6.910609854769022 ], [ 80.011651895749921, 6.910605915964972 ], [ 80.011655840436305, 6.908706540678027 ] ] ] } },
{ "type": "Feature", "properties": { "id": "1862,3637", "grid_id": "1862,3637" }, "geometry": { "type": "Polygon", "coordinates": [ [ [ 80.013556484407289, 6.908710478389351 ], [ 80.015457129486677, 6.908714408523895 ], [ 80.015453199966018, 6.910613785994189 ], [ 80.013552547303746, 6.910609854769022 ], [ 80.013556484407289, 6.908710478389351 ] ] ] } },
{ "type": "Feature", "properties": { "id": "1863,3637", "grid_id": "1863,3637" }, "geometry": { "type": "Polygon", "coordinates": [ [ [ 80.015457129486677, 6.908714408523895 ], [ 80.017357775672352, 6.908718331081635 ], [ 80.017353853734619, 6.910617709640452 ], [ 80.015453199966018, 6.910613785994189 ], [ 80.015457129486677, 6.908714408523895 ] ] ] } },
{ "type": "Feature", "properties": { "id": "1864,3637", "grid_id": "1864,3637" }, "geometry": { "type": "Polygon", "coordinates": [ [ [ 80.017357775672352, 6.908718331081635 ], [ 80.019258422962181, 6.908722246062553 ], [ 80.019254508607375, 6.910621625707789 ], [ 80.017353853734619, 6.910617709640452 ], [ 80.017357775672352, 6.908718331081635 ] ] ] } },
{ "type": "Feature", "properties": { "id": "1865,3637", "grid_id": "1865,3637" }, "geometry": { "type": "Polygon", "coordinates": [ [ [ 80.019258422962181, 6.908722246062553 ], [ 80.021159071354035, 6.908726153466622 ], [ 80.021155164582169, 6.910625534196176 ], [ 80.019254508607375, 6.910621625707789 ], [ 80.019258422962181, 6.908722246062553 ] ] ] } },
{ "type": "Feature", "properties": { "id": "1866,3637", "grid_id": "1866,3637" }, "geometry": { "type": "Polygon", "coordinates": [ [ [ 80.021159071354035, 6.908726153466622 ], [ 80.023059720845765, 6.908730053293827 ], [ 80.023055821656868, 6.910629435105593 ], [ 80.021155164582169, 6.910625534196176 ], [ 80.021159071354035, 6.908726153466622 ] ] ] } },
{ "type": "Feature", "properties": { "id": "1867,3637", "grid_id": "1867,3637" }, "geometry": { "type": "Polygon", "coordinates": [ [ [ 80.023059720845765, 6.908730053293827 ], [ 80.024960371435242, 6.908733945544142 ], [ 80.024956479829328, 6.91063332843602 ], [ 80.023055821656868, 6.910629435105593 ], [ 80.023059720845765, 6.908730053293827 ] ] ] } },
{ "type": "Feature", "properties": { "id": "1868,3637", "grid_id": "1868,3637" }, "geometry": { "type": "Polygon", "coordinates": [ [ [ 80.024960371435242, 6.908733945544142 ], [ 80.026861023120333, 6.908737830217548 ], [ 80.02685713909743, 6.910637214187434 ], [ 80.024956479829328, 6.91063332843602 ], [ 80.024960371435242, 6.908733945544142 ] ] ] } },
{ "type": "Feature", "properties": { "id": "1869,3637", "grid_id": "1869,3637" }, "geometry": { "type": "Polygon", "coordinates": [ [ [ 80.026861023120333, 6.908737830217548 ], [ 80.028761675898892, 6.908741707314024 ], [ 80.028757799459044, 6.910641092359815 ], [ 80.02685713909743, 6.910637214187434 ], [ 80.026861023120333, 6.908737830217548 ] ] ] } },
{ "type": "Feature", "properties": { "id": "1870,3637", "grid_id": "1870,3637" }, "geometry": { "type": "Polygon", "coordinates": [ [ [ 80.028761675898892, 6.908741707314024 ], [ 80.030662329768802, 6.908745576833547 ], [ 80.030658460912008, 6.910644962953142 ], [ 80.028757799459044, 6.910641092359815 ], [ 80.028761675898892, 6.908741707314024 ] ] ] } },
{ "type": "Feature", "properties": { "id": "1871,3637", "grid_id": "1871,3637" }, "geometry": { "type": "Polygon", "coordinates": [ [ [ 80.030662329768802, 6.908745576833547 ], [ 80.032562984727903, 6.908749438776097 ], [ 80.032559123454192, 6.910648825967391 ], [ 80.030658460912008, 6.910644962953142 ], [ 80.030662329768802, 6.908745576833547 ] ] ] } },
{ "type": "Feature", "properties": { "id": "1872,3637", "grid_id": "1872,3637" }, "geometry": { "type": "Polygon", "coordinates": [ [ [ 80.032562984727903, 6.908749438776097 ], [ 80.034463640774092, 6.90875329314165 ], [ 80.034459787083492, 6.910652681402544 ], [ 80.032559123454192, 6.910648825967391 ], [ 80.032562984727903, 6.908749438776097 ] ] ] } },
{ "type": "Feature", "properties": { "id": "1873,3637", "grid_id": "1873,3637" }, "geometry": { "type": "Polygon", "coordinates": [ [ [ 80.034463640774092, 6.90875329314165 ], [ 80.036364297905223, 6.90875713993019 ], [ 80.036360451797734, 6.91065652925858 ], [ 80.034459787083492, 6.910652681402544 ], [ 80.034463640774092, 6.90875329314165 ] ] ] } },
{ "type": "Feature", "properties": { "id": "1874,3637", "grid_id": "1874,3637" }, "geometry": { "type": "Polygon", "coordinates": [ [ [ 80.036364297905223, 6.90875713993019 ], [ 80.03826495611915, 6.908760979141694 ], [ 80.0382611175948, 6.910660369535474 ], [ 80.036360451797734, 6.91065652925858 ], [ 80.036364297905223, 6.90875713993019 ] ] ] } },
{ "type": "Feature", "properties": { "id": "1803,3638", "grid_id": "1803,3638" }, "geometry": { "type": "Polygon", "coordinates": [ [ [ 79.901416075223082, 6.910364498618259 ], [ 79.903316658834797, 6.910368876959313 ], [ 79.903312280730262, 6.912268186331708 ], [ 79.901411689534896, 6.912263806775981 ], [ 79.901416075223082, 6.910364498618259 ] ] ] } },
{ "type": "Feature", "properties": { "id": "1804,3638", "grid_id": "1804,3638" }, "geometry": { "type": "Polygon", "coordinates": [ [ [ 79.903316658834797, 6.910368876959313 ], [ 79.905217243678734, 6.910373247722804 ], [ 79.905212873157907, 6.91227255830777 ], [ 79.903312280730262, 6.912268186331708 ], [ 79.903316658834797, 6.910368876959313 ] ] ] } },
{ "type": "Feature", "properties": { "id": "1805,3638", "grid_id": "1805,3638" }, "geometry": { "type": "Polygon", "coordinates": [ [ [ 79.905217243678734, 6.910373247722804 ], [ 79.907117829752806, 6.910377610908707 ], [ 79.907113466815687, 6.912276922704141 ], [ 79.905212873157907, 6.91227255830777 ], [ 79.905217243678734, 6.910373247722804 ] ] ] } },
{ "type": "Feature", "properties": { "id": "1806,3638", "grid_id": "1806,3638" }, "geometry": { "type": "Polygon", "coordinates": [ [ [ 79.907117829752806, 6.910377610908707 ], [ 79.909018417054853, 6.910381966516998 ], [ 79.90901406170147, 6.912281279520799 ], [ 79.907113466815687, 6.912276922704141 ], [ 79.907117829752806, 6.910377610908707 ] ] ] } },
{ "type": "Feature", "properties": { "id": "1807,3638", "grid_id": "1807,3638" }, "geometry": { "type": "Polygon", "coordinates": [ [ [ 79.909018417054853, 6.910381966516998 ], [ 79.910919005582755, 6.910386314547652 ], [ 79.910914657813123, 6.912285628757719 ], [ 79.90901406170147, 6.912281279520799 ], [ 79.909018417054853, 6.910381966516998 ] ] ] } },
{ "type": "Feature", "properties": { "id": "1808,3638", "grid_id": "1808,3638" }, "geometry": { "type": "Polygon", "coordinates": [ [ [ 79.910919005582755, 6.910386314547652 ], [ 79.912819595334355, 6.910390655000646 ], [ 79.91281525514853, 6.912289970414877 ], [ 79.910914657813123, 6.912285628757719 ], [ 79.910919005582755, 6.910386314547652 ] ] ] } },
{ "type": "Feature", "properties": { "id": "1809,3638", "grid_id": "1809,3638" }, "geometry": { "type": "Polygon", "coordinates": [ [ [ 79.912819595334355, 6.910390655000646 ], [ 79.914720186307548, 6.910394987875958 ], [ 79.914715853705516, 6.912294304492248 ], [ 79.91281525514853, 6.912289970414877 ], [ 79.912819595334355, 6.910390655000646 ] ] ] } },
{ "type": "Feature", "properties": { "id": "1810,3638", "grid_id": "1810,3638" }, "geometry": { "type": "Polygon", "coordinates": [ [ [ 79.914720186307548, 6.910394987875958 ], [ 79.916620778500175, 6.910399313173562 ], [ 79.916616453481993, 6.91229863098981 ], [ 79.914715853705516, 6.912294304492248 ], [ 79.914720186307548, 6.910394987875958 ] ] ] } },
{ "type": "Feature", "properties": { "id": "1811,3638", "grid_id": "1811,3638" }, "geometry": { "type": "Polygon", "coordinates": [ [ [ 79.916620778500175, 6.910399313173562 ], [ 79.918521371910131, 6.910403630893436 ], [ 79.918517054475799, 6.912302949907541 ], [ 79.916616453481993, 6.91229863098981 ], [ 79.916620778500175, 6.910399313173562 ] ] ] } },
{ "type": "Feature", "properties": { "id": "1812,3638", "grid_id": "1812,3638" }, "geometry": { "type": "Polygon", "coordinates": [ [ [ 79.918521371910131, 6.910403630893436 ], [ 79.920421966535258, 6.910407941035555 ], [ 79.920417656684791, 6.912307261245413 ], [ 79.918517054475799, 6.912302949907541 ], [ 79.918521371910131, 6.910403630893436 ] ] ] } },
{ "type": "Feature", "properties": { "id": "1813,3638", "grid_id": "1813,3638" }, "geometry": { "type": "Polygon", "coordinates": [ [ [ 79.920421966535258, 6.910407941035555 ], [ 79.922322562373409, 6.910412243599895 ], [ 79.922318260106849, 6.912311565003405 ], [ 79.920417656684791, 6.912307261245413 ], [ 79.920421966535258, 6.910407941035555 ] ] ] } },
{ "type": "Feature", "properties": { "id": "1814,3638", "grid_id": "1814,3638" }, "geometry": { "type": "Polygon", "coordinates": [ [ [ 79.922322562373409, 6.910412243599895 ], [ 79.924223159422482, 6.910416538586435 ], [ 79.924218864739842, 6.912315861181493 ], [ 79.922318260106849, 6.912311565003405 ], [ 79.922322562373409, 6.910412243599895 ] ] ] } },
{ "type": "Feature", "properties": { "id": "1815,3638", "grid_id": "1815,3638" }, "geometry": { "type": "Polygon", "coordinates": [ [ [ 79.924223159422482, 6.910416538586435 ], [ 79.926123757680315, 6.910420825995148 ], [ 79.926119470581639, 6.912320149779654 ], [ 79.924218864739842, 6.912315861181493 ], [ 79.924223159422482, 6.910416538586435 ] ] ] } },
{ "type": "Feature", "properties": { "id": "1816,3638", "grid_id": "1816,3638" }, "geometry": { "type": "Polygon", "coordinates": [ [ [ 79.926123757680315, 6.910420825995148 ], [ 79.928024357144793, 6.910425105826014 ], [ 79.928020077630094, 6.912324430797864 ], [ 79.926119470581639, 6.912320149779654 ], [ 79.926123757680315, 6.910420825995148 ] ] ] } },
{ "type": "Feature", "properties": { "id": "1817,3638", "grid_id": "1817,3638" }, "geometry": { "type": "Polygon", "coordinates": [ [ [ 79.928024357144793, 6.910425105826014 ], [ 79.929924957813782, 6.910429378079007 ], [ 79.929920685883076, 6.912328704236099 ], [ 79.928020077630094, 6.912324430797864 ], [ 79.928024357144793, 6.910425105826014 ] ] ] } },
{ "type": "Feature", "properties": { "id": "1818,3638", "grid_id": "1818,3638" }, "geometry": { "type": "Polygon", "coordinates": [ [ [ 79.929924957813782, 6.910429378079007 ], [ 79.931825559685123, 6.910433642754106 ], [ 79.931821295338452, 6.912332970094337 ], [ 79.929920685883076, 6.912328704236099 ], [ 79.929924957813782, 6.910429378079007 ] ] ] } },
{ "type": "Feature", "properties": { "id": "1819,3638", "grid_id": "1819,3638" }, "geometry": { "type": "Polygon", "coordinates": [ [ [ 79.931825559685123, 6.910433642754106 ], [ 79.933726162756713, 6.910437899851285 ], [ 79.933721905994076, 6.912337228372554 ], [ 79.931821295338452, 6.912332970094337 ], [ 79.931825559685123, 6.910433642754106 ] ] ] } },
{ "type": "Feature", "properties": { "id": "1820,3638", "grid_id": "1820,3638" }, "geometry": { "type": "Polygon", "coordinates": [ [ [ 79.933726162756713, 6.910437899851285 ], [ 79.935626767026392, 6.910442149370523 ], [ 79.935622517847833, 6.912341479070727 ], [ 79.933721905994076, 6.912337228372554 ], [ 79.933726162756713, 6.910437899851285 ] ] ] } },
{ "type": "Feature", "properties": { "id": "1821,3638", "grid_id": "1821,3638" }, "geometry": { "type": "Polygon", "coordinates": [ [ [ 79.935626767026392, 6.910442149370523 ], [ 79.937527372492042, 6.910446391311794 ], [ 79.937523130897574, 6.91234572218883 ], [ 79.935622517847833, 6.912341479070727 ], [ 79.935626767026392, 6.910442149370523 ] ] ] } },
{ "type": "Feature", "properties": { "id": "1822,3638", "grid_id": "1822,3638" }, "geometry": { "type": "Polygon", "coordinates": [ [ [ 79.937527372492042, 6.910446391311794 ], [ 79.939427979151517, 6.910450625675076 ], [ 79.93942374514117, 6.912349957726843 ], [ 79.937523130897574, 6.91234572218883 ], [ 79.937527372492042, 6.910446391311794 ] ] ] } },
{ "type": "Feature", "properties": { "id": "1823,3638", "grid_id": "1823,3638" }, "geometry": { "type": "Polygon", "coordinates": [ [ [ 79.939427979151517, 6.910450625675076 ], [ 79.941328587002701, 6.910454852460347 ], [ 79.941324360576488, 6.912354185684744 ], [ 79.93942374514117, 6.912349957726843 ], [ 79.939427979151517, 6.910450625675076 ] ] ] } },
{ "type": "Feature", "properties": { "id": "1824,3638", "grid_id": "1824,3638" }, "geometry": { "type": "Polygon", "coordinates": [ [ [ 79.941328587002701, 6.910454852460347 ], [ 79.943229196043433, 6.910459071667586 ], [ 79.943224977201382, 6.912358406062507 ], [ 79.941324360576488, 6.912354185684744 ], [ 79.941328587002701, 6.910454852460347 ] ] ] } },
{ "type": "Feature", "properties": { "id": "1825,3638", "grid_id": "1825,3638" }, "geometry": { "type": "Polygon", "coordinates": [ [ [ 79.943229196043433, 6.910459071667586 ], [ 79.945129806271595, 6.910463283296763 ], [ 79.945125595013735, 6.912362618860109 ], [ 79.943224977201382, 6.912358406062507 ], [ 79.943229196043433, 6.910459071667586 ] ] ] } },
{ "type": "Feature", "properties": { "id": "1826,3638", "grid_id": "1826,3638" }, "geometry": { "type": "Polygon", "coordinates": [ [ [ 79.945129806271595, 6.910463283296763 ], [ 79.947030417685042, 6.910467487347859 ], [ 79.947026214011387, 6.912366824077527 ], [ 79.945125595013735, 6.912362618860109 ], [ 79.945129806271595, 6.910463283296763 ] ] ] } },
{ "type": "Feature", "properties": { "id": "1827,3638", "grid_id": "1827,3638" }, "geometry": { "type": "Polygon", "coordinates": [ [ [ 79.947030417685042, 6.910467487347859 ], [ 79.94893103028167, 6.910471683820853 ], [ 79.94892683419225, 6.912371021714739 ], [ 79.947026214011387, 6.912366824077527 ], [ 79.947030417685042, 6.910467487347859 ] ] ] } },
{ "type": "Feature", "properties": { "id": "1828,3638", "grid_id": "1828,3638" }, "geometry": { "type": "Polygon", "coordinates": [ [ [ 79.94893103028167, 6.910471683820853 ], [ 79.950831644059306, 6.910475872715717 ], [ 79.950827455554133, 6.91237521177172 ], [ 79.94892683419225, 6.912371021714739 ], [ 79.94893103028167, 6.910471683820853 ] ] ] } },
{ "type": "Feature", "properties": { "id": "1829,3638", "grid_id": "1829,3638" }, "geometry": { "type": "Polygon", "coordinates": [ [ [ 79.950831644059306, 6.910475872715717 ], [ 79.952732259015832, 6.910480054032433 ], [ 79.952728078094935, 6.91237939424845 ], [ 79.950827455554133, 6.91237521177172 ], [ 79.950831644059306, 6.910475872715717 ] ] ] } },
{ "type": "Feature", "properties": { "id": "1830,3638", "grid_id": "1830,3638" }, "geometry": { "type": "Polygon", "coordinates": [ [ [ 79.952732259015832, 6.910480054032433 ], [ 79.954632875149088, 6.910484227770977 ], [ 79.95462870181251, 6.912383569144905 ], [ 79.952728078094935, 6.91237939424845 ], [ 79.952732259015832, 6.910480054032433 ] ] ] } },
{ "type": "Feature", "properties": { "id": "1831,3638", "grid_id": "1831,3638" }, "geometry": { "type": "Polygon", "coordinates": [ [ [ 79.954632875149088, 6.910484227770977 ], [ 79.956533492456998, 6.910488393931325 ], [ 79.956529326704739, 6.912387736461061 ], [ 79.95462870181251, 6.912383569144905 ], [ 79.954632875149088, 6.910484227770977 ] ] ] } },
{ "type": "Feature", "properties": { "id": "1832,3638", "grid_id": "1832,3638" }, "geometry": { "type": "Polygon", "coordinates": [ [ [ 79.956533492456998, 6.910488393931325 ], [ 79.958434110937375, 6.910492552513452 ], [ 79.958429952769464, 6.912391896196897 ], [ 79.956529326704739, 6.912387736461061 ], [ 79.956533492456998, 6.910488393931325 ] ] ] } },
{ "type": "Feature", "properties": { "id": "1833,3638", "grid_id": "1833,3638" }, "geometry": { "type": "Polygon", "coordinates": [ [ [ 79.958434110937375, 6.910492552513452 ], [ 79.960334730588102, 6.910496703517339 ], [ 79.960330580004566, 6.912396048352389 ], [ 79.958429952769464, 6.912391896196897 ], [ 79.958434110937375, 6.910492552513452 ] ] ] } },
{ "type": "Feature", "properties": { "id": "1834,3638", "grid_id": "1834,3638" }, "geometry": { "type": "Polygon", "coordinates": [ [ [ 79.960334730588102, 6.910496703517339 ], [ 79.96223535140706, 6.910500846942962 ], [ 79.962231208407914, 6.912400192927512 ], [ 79.960330580004566, 6.912396048352389 ], [ 79.960334730588102, 6.910496703517339 ] ] ] } },
{ "type": "Feature", "properties": { "id": "1835,3638", "grid_id": "1835,3638" }, "geometry": { "type": "Polygon", "coordinates": [ [ [ 79.96223535140706, 6.910500846942962 ], [ 79.964135973392075, 6.910504982790298 ], [ 79.964131837977362, 6.912404329922249 ], [ 79.962231208407914, 6.912400192927512 ], [ 79.96223535140706, 6.910500846942962 ] ] ] } },
{ "type": "Feature", "properties": { "id": "1836,3638", "grid_id": "1836,3638" }, "geometry": { "type": "Polygon", "coordinates": [ [ [ 79.964135973392075, 6.910504982790298 ], [ 79.966036596541045, 6.910509111059325 ], [ 79.966032468710765, 6.912408459336572 ], [ 79.964131837977362, 6.912404329922249 ], [ 79.964135973392075, 6.910504982790298 ] ] ] } },
{ "type": "Feature", "properties": { "id": "1837,3638", "grid_id": "1837,3638" }, "geometry": { "type": "Polygon", "coordinates": [ [ [ 79.966036596541045, 6.910509111059325 ], [ 79.967937220851837, 6.910513231750019 ], [ 79.967933100606018, 6.912412581170463 ], [ 79.966032468710765, 6.912408459336572 ], [ 79.966036596541045, 6.910509111059325 ] ] ] } },
{ "type": "Feature", "properties": { "id": "1838,3638", "grid_id": "1838,3638" }, "geometry": { "type": "Polygon", "coordinates": [ [ [ 79.967937220851837, 6.910513231750019 ], [ 79.969837846322292, 6.91051734486236 ], [ 79.969833733660948, 6.912416695423895 ], [ 79.967933100606018, 6.912412581170463 ], [ 79.967937220851837, 6.910513231750019 ] ] ] } },
{ "type": "Feature", "properties": { "id": "1839,3638", "grid_id": "1839,3638" }, "geometry": { "type": "Polygon", "coordinates": [ [ [ 79.969837846322292, 6.91051734486236 ], [ 79.971738472950292, 6.910521450396322 ], [ 79.971734367873466, 6.912420802096848 ], [ 79.969833733660948, 6.912416695423895 ], [ 79.969837846322292, 6.91051734486236 ] ] ] } },
{ "type": "Feature", "properties": { "id": "1840,3638", "grid_id": "1840,3638" }, "geometry": { "type": "Polygon", "coordinates": [ [ [ 79.971738472950292, 6.910521450396322 ], [ 79.973639100733706, 6.910525548351886 ], [ 79.973635003241398, 6.912424901189299 ], [ 79.971734367873466, 6.912420802096848 ], [ 79.971738472950292, 6.910521450396322 ] ] ] } },
{ "type": "Feature", "properties": { "id": "1841,3638", "grid_id": "1841,3638" }, "geometry": { "type": "Polygon", "coordinates": [ [ [ 79.973639100733706, 6.910525548351886 ], [ 79.975539729670388, 6.910529638729026 ], [ 79.975535639762654, 6.912428992701225 ], [ 79.973635003241398, 6.912424901189299 ], [ 79.973639100733706, 6.910525548351886 ] ] ] } },
{ "type": "Feature", "properties": { "id": "1842,3638", "grid_id": "1842,3638" }, "geometry": { "type": "Polygon", "coordinates": [ [ [ 79.975539729670388, 6.910529638729026 ], [ 79.977440359758205, 6.910533721527722 ], [ 79.977436277435046, 6.912433076632604 ], [ 79.975535639762654, 6.912428992701225 ], [ 79.975539729670388, 6.910529638729026 ] ] ] } },
{ "type": "Feature", "properties": { "id": "1843,3638", "grid_id": "1843,3638" }, "geometry": { "type": "Polygon", "coordinates": [ [ [ 79.977440359758205, 6.910533721527722 ], [ 79.979340990995027, 6.910537796747952 ], [ 79.979336916256472, 6.912437152983414 ], [ 79.977436277435046, 6.912433076632604 ], [ 79.977440359758205, 6.910533721527722 ] ] ] } },
{ "type": "Feature", "properties": { "id": "1844,3638", "grid_id": "1844,3638" }, "geometry": { "type": "Polygon", "coordinates": [ [ [ 79.979340990995027, 6.910537796747952 ], [ 79.981241623378708, 6.910541864389693 ], [ 79.981237556224769, 6.912441221753633 ], [ 79.979336916256472, 6.912437152983414 ], [ 79.979340990995027, 6.910537796747952 ] ] ] } },
{ "type": "Feature", "properties": { "id": "1845,3638", "grid_id": "1845,3638" }, "geometry": { "type": "Polygon", "coordinates": [ [ [ 79.981241623378708, 6.910541864389693 ], [ 79.983142256907129, 6.910545924452922 ], [ 79.983138197337837, 6.912445282943238 ], [ 79.981237556224769, 6.912441221753633 ], [ 79.981241623378708, 6.910541864389693 ] ] ] } },
{ "type": "Feature", "properties": { "id": "1846,3638", "grid_id": "1846,3638" }, "geometry": { "type": "Polygon", "coordinates": [ [ [ 79.983142256907129, 6.910545924452922 ], [ 79.985042891578161, 6.910549976937617 ], [ 79.985038839593528, 6.912449336552204 ], [ 79.983138197337837, 6.912445282943238 ], [ 79.983142256907129, 6.910545924452922 ] ] ] } },
{ "type": "Feature", "properties": { "id": "1847,3638", "grid_id": "1847,3638" }, "geometry": { "type": "Polygon", "coordinates": [ [ [ 79.985042891578161, 6.910549976937617 ], [ 79.986943527389656, 6.910554021843756 ], [ 79.986939482989698, 6.912453382580516 ], [ 79.985038839593528, 6.912449336552204 ], [ 79.985042891578161, 6.910549976937617 ] ] ] } },
{ "type": "Feature", "properties": { "id": "1848,3638", "grid_id": "1848,3638" }, "geometry": { "type": "Polygon", "coordinates": [ [ [ 79.986943527389656, 6.910554021843756 ], [ 79.988844164339469, 6.910558059171319 ], [ 79.988840127524227, 6.912457421028145 ], [ 79.986939482989698, 6.912453382580516 ], [ 79.986943527389656, 6.910554021843756 ] ] ] } },
{ "type": "Feature", "properties": { "id": "1849,3638", "grid_id": "1849,3638" }, "geometry": { "type": "Polygon", "coordinates": [ [ [ 79.988844164339469, 6.910558059171319 ], [ 79.990744802425482, 6.910562088920281 ], [ 79.990740773194986, 6.912461451895072 ], [ 79.988840127524227, 6.912457421028145 ], [ 79.988844164339469, 6.910558059171319 ] ] ] } },
{ "type": "Feature", "properties": { "id": "1850,3638", "grid_id": "1850,3638" }, "geometry": { "type": "Polygon", "coordinates": [ [ [ 79.990744802425482, 6.910562088920281 ], [ 79.99264544164555, 6.91056611109062 ], [ 79.992641419999799, 6.912465475181275 ], [ 79.990740773194986, 6.912461451895072 ], [ 79.990744802425482, 6.910562088920281 ] ] ] } },
{ "type": "Feature", "properties": { "id": "1851,3638", "grid_id": "1851,3638" }, "geometry": { "type": "Polygon", "coordinates": [ [ [ 79.99264544164555, 6.91056611109062 ], [ 79.994546081997541, 6.910570125682316 ], [ 79.994542067936578, 6.91246949088673 ], [ 79.992641419999799, 6.912465475181275 ], [ 79.99264544164555, 6.91056611109062 ] ] ] } },
{ "type": "Feature", "properties": { "id": "1852,3638", "grid_id": "1852,3638" }, "geometry": { "type": "Polygon", "coordinates": [ [ [ 79.994546081997541, 6.910570125682316 ], [ 79.996446723479337, 6.910574132695345 ], [ 79.996442717003163, 6.912473499011419 ], [ 79.994542067936578, 6.91246949088673 ], [ 79.994546081997541, 6.910570125682316 ] ] ] } },
{ "type": "Feature", "properties": { "id": "1853,3638", "grid_id": "1853,3638" }, "geometry": { "type": "Polygon", "coordinates": [ [ [ 79.996446723479337, 6.910574132695345 ], [ 79.99834736608878, 6.910578132129686 ], [ 79.998343367197421, 6.912477499555314 ], [ 79.996442717003163, 6.912473499011419 ], [ 79.996446723479337, 6.910574132695345 ] ] ] } },
{ "type": "Feature", "properties": { "id": "1854,3638", "grid_id": "1854,3638" }, "geometry": { "type": "Polygon", "coordinates": [ [ [ 79.99834736608878, 6.910578132129686 ], [ 80.000248009823736, 6.910582123985316 ], [ 80.000244018517236, 6.912481492518396 ], [ 79.998343367197421, 6.912477499555314 ], [ 79.99834736608878, 6.910578132129686 ] ] ] } },
{ "type": "Feature", "properties": { "id": "1855,3638", "grid_id": "1855,3638" }, "geometry": { "type": "Polygon", "coordinates": [ [ [ 80.000248009823736, 6.910582123985316 ], [ 80.002148654682088, 6.910586108262216 ], [ 80.002144670960462, 6.912485477900646 ], [ 80.000244018517236, 6.912481492518396 ], [ 80.000248009823736, 6.910582123985316 ] ] ] } },
{ "type": "Feature", "properties": { "id": "1856,3638", "grid_id": "1856,3638" }, "geometry": { "type": "Polygon", "coordinates": [ [ [ 80.002148654682088, 6.910586108262216 ], [ 80.004049300661691, 6.910590084960361 ], [ 80.004045324524952, 6.91248945570204 ], [ 80.002144670960462, 6.912485477900646 ], [ 80.002148654682088, 6.910586108262216 ] ] ] } },
{ "type": "Feature", "properties": { "id": "1857,3638", "grid_id": "1857,3638" }, "geometry": { "type": "Polygon", "coordinates": [ [ [ 80.004049300661691, 6.910590084960361 ], [ 80.005949947760413, 6.910594054079731 ], [ 80.005945979208576, 6.912493425922555 ], [ 80.004045324524952, 6.91248945570204 ], [ 80.004049300661691, 6.910590084960361 ] ] ] } },
{ "type": "Feature", "properties": { "id": "1858,3638", "grid_id": "1858,3638" }, "geometry": { "type": "Polygon", "coordinates": [ [ [ 80.005949947760413, 6.910594054079731 ], [ 80.007850595976109, 6.910598015620304 ], [ 80.007846635009216, 6.912497388562172 ], [ 80.005945979208576, 6.912493425922555 ], [ 80.005949947760413, 6.910594054079731 ] ] ] } },
{ "type": "Feature", "properties": { "id": "1859,3638", "grid_id": "1859,3638" }, "geometry": { "type": "Polygon", "coordinates": [ [ [ 80.007850595976109, 6.910598015620304 ], [ 80.00975124530666, 6.910601969582059 ], [ 80.009747291924711, 6.912501343620865 ], [ 80.007846635009216, 6.912497388562172 ], [ 80.007850595976109, 6.910598015620304 ] ] ] } },
{ "type": "Feature", "properties": { "id": "1860,3638", "grid_id": "1860,3638" }, "geometry": { "type": "Polygon", "coordinates": [ [ [ 80.00975124530666, 6.910601969582059 ], [ 80.011651895749921, 6.910605915964972 ], [ 80.011647949952945, 6.912505291098616 ], [ 80.009747291924711, 6.912501343620865 ], [ 80.00975124530666, 6.910601969582059 ] ] ] } },
{ "type": "Feature", "properties": { "id": "1861,3638", "grid_id": "1861,3638" }, "geometry": { "type": "Polygon", "coordinates": [ [ [ 80.011651895749921, 6.910605915964972 ], [ 80.013552547303746, 6.910609854769022 ], [ 80.013548609091771, 6.912509230995402 ], [ 80.011647949952945, 6.912505291098616 ], [ 80.011651895749921, 6.910605915964972 ] ] ] } },
{ "type": "Feature", "properties": { "id": "1862,3638", "grid_id": "1862,3638" }, "geometry": { "type": "Polygon", "coordinates": [ [ [ 80.013552547303746, 6.910609854769022 ], [ 80.015453199966018, 6.910613785994189 ], [ 80.015449269339072, 6.912513163311201 ], [ 80.013548609091771, 6.912509230995402 ], [ 80.013552547303746, 6.910609854769022 ] ] ] } },
{ "type": "Feature", "properties": { "id": "1863,3638", "grid_id": "1863,3638" }, "geometry": { "type": "Polygon", "coordinates": [ [ [ 80.015453199966018, 6.910613785994189 ], [ 80.017353853734619, 6.910617709640452 ], [ 80.017349930692703, 6.912517088045994 ], [ 80.015449269339072, 6.912513163311201 ], [ 80.015453199966018, 6.910613785994189 ] ] ] } },
{ "type": "Feature", "properties": { "id": "1864,3638", "grid_id": "1864,3638" }, "geometry": { "type": "Polygon", "coordinates": [ [ [ 80.017353853734619, 6.910617709640452 ], [ 80.019254508607375, 6.910621625707789 ], [ 80.019250593150517, 6.912521005199757 ], [ 80.017349930692703, 6.912517088045994 ], [ 80.017353853734619, 6.910617709640452 ] ] ] } },
{ "type": "Feature", "properties": { "id": "1865,3638", "grid_id": "1865,3638" }, "geometry": { "type": "Polygon", "coordinates": [ [ [ 80.019254508607375, 6.910621625707789 ], [ 80.021155164582169, 6.910625534196176 ], [ 80.021151256710397, 6.912524914772467 ], [ 80.019250593150517, 6.912521005199757 ], [ 80.019254508607375, 6.910621625707789 ] ] ] } },
{ "type": "Feature", "properties": { "id": "1866,3638", "grid_id": "1866,3638" }, "geometry": { "type": "Polygon", "coordinates": [ [ [ 80.021155164582169, 6.910625534196176 ], [ 80.023055821656868, 6.910629435105593 ], [ 80.023051921370211, 6.912528816764107 ], [ 80.021151256710397, 6.912524914772467 ], [ 80.021155164582169, 6.910625534196176 ] ] ] } },
{ "type": "Feature", "properties": { "id": "1867,3638", "grid_id": "1867,3638" }, "geometry": { "type": "Polygon", "coordinates": [ [ [ 80.023055821656868, 6.910629435105593 ], [ 80.024956479829328, 6.91063332843602 ], [ 80.024952587127814, 6.912532711174654 ], [ 80.023051921370211, 6.912528816764107 ], [ 80.023055821656868, 6.910629435105593 ] ] ] } },
{ "type": "Feature", "properties": { "id": "1868,3638", "grid_id": "1868,3638" }, "geometry": { "type": "Polygon", "coordinates": [ [ [ 80.024956479829328, 6.91063332843602 ], [ 80.02685713909743, 6.910637214187434 ], [ 80.026853253981059, 6.912536598004085 ], [ 80.024952587127814, 6.912532711174654 ], [ 80.024956479829328, 6.91063332843602 ] ] ] } },
{ "type": "Feature", "properties": { "id": "1869,3638", "grid_id": "1869,3638" }, "geometry": { "type": "Polygon", "coordinates": [ [ [ 80.02685713909743, 6.910637214187434 ], [ 80.028757799459044, 6.910641092359815 ], [ 80.02875392192783, 6.91254047725238 ], [ 80.026853253981059, 6.912536598004085 ], [ 80.02685713909743, 6.910637214187434 ] ] ] } },
{ "type": "Feature", "properties": { "id": "1870,3638", "grid_id": "1870,3638" }, "geometry": { "type": "Polygon", "coordinates": [ [ [ 80.028757799459044, 6.910641092359815 ], [ 80.030658460912008, 6.910644962953142 ], [ 80.03065459096598, 6.912544348919519 ], [ 80.02875392192783, 6.91254047725238 ], [ 80.028757799459044, 6.910641092359815 ] ] ] } },
{ "type": "Feature", "properties": { "id": "1871,3638", "grid_id": "1871,3638" }, "geometry": { "type": "Polygon", "coordinates": [ [ [ 80.030658460912008, 6.910644962953142 ], [ 80.032559123454192, 6.910648825967391 ], [ 80.032555261093378, 6.912548213005477 ], [ 80.03065459096598, 6.912544348919519 ], [ 80.030658460912008, 6.910644962953142 ] ] ] } },
{ "type": "Feature", "properties": { "id": "1872,3638", "grid_id": "1872,3638" }, "geometry": { "type": "Polygon", "coordinates": [ [ [ 80.032559123454192, 6.910648825967391 ], [ 80.034459787083492, 6.910652681402544 ], [ 80.034455932307907, 6.912552069510236 ], [ 80.032555261093378, 6.912548213005477 ], [ 80.032559123454192, 6.910648825967391 ] ] ] } },
{ "type": "Feature", "properties": { "id": "1873,3638", "grid_id": "1873,3638" }, "geometry": { "type": "Polygon", "coordinates": [ [ [ 80.034459787083492, 6.910652681402544 ], [ 80.036360451797734, 6.91065652925858 ], [ 80.03635660460742, 6.912555918433774 ], [ 80.034455932307907, 6.912552069510236 ], [ 80.034459787083492, 6.910652681402544 ] ] ] } },
{ "type": "Feature", "properties": { "id": "1874,3638", "grid_id": "1874,3638" }, "geometry": { "type": "Polygon", "coordinates": [ [ [ 80.036360451797734, 6.91065652925858 ], [ 80.0382611175948, 6.910660369535474 ], [ 80.038257277989771, 6.912559759776071 ], [ 80.03635660460742, 6.912555918433774 ], [ 80.036360451797734, 6.91065652925858 ] ] ] } },
{ "type": "Feature", "properties": { "id": "1876,3638", "grid_id": "1876,3638" }, "geometry": { "type": "Polygon", "coordinates": [ [ [ 80.040161784472559, 6.910664202233209 ], [ 80.042062452428866, 6.910668027351762 ], [ 80.04205862799445, 6.912567419716853 ], [ 80.040157952452816, 6.912563593537104 ], [ 80.040161784472559, 6.910664202233209 ] ] ] } },
{ "type": "Feature", "properties": { "id": "1877,3638", "grid_id": "1877,3638" }, "geometry": { "type": "Polygon", "coordinates": [ [ [ 80.042062452428866, 6.910668027351762 ], [ 80.043963121461616, 6.910671844891114 ], [ 80.043959304612528, 6.912571238315299 ], [ 80.04205862799445, 6.912567419716853 ], [ 80.042062452428866, 6.910668027351762 ] ] ] } },
{ "type": "Feature", "properties": { "id": "1802,3639", "grid_id": "1802,3639" }, "geometry": { "type": "Polygon", "coordinates": [ [ [ 79.899511099573957, 6.912259419640609 ], [ 79.901411689534896, 6.912263806775981 ], [ 79.901407302612313, 6.914163114779848 ], [ 79.89950670506559, 6.914158726427692 ], [ 79.899511099573957, 6.912259419640609 ] ] ] } },
{ "type": "Feature", "properties": { "id": "1803,3639", "grid_id": "1803,3639" }, "geometry": { "type": "Polygon", "coordinates": [ [ [ 79.901411689534896, 6.912263806775981 ], [ 79.903312280730262, 6.912268186331708 ], [ 79.903307901393475, 6.914167495550259 ], [ 79.901407302612313, 6.914163114779848 ], [ 79.901411689534896, 6.912263806775981 ] ] ] } },
{ "type": "Feature", "properties": { "id": "1804,3639", "grid_id": "1804,3639" }, "geometry": { "type": "Polygon", "coordinates": [ [ [ 79.903312280730262, 6.912268186331708 ], [ 79.905212873157907, 6.91227255830777 ], [ 79.905208501406932, 6.914171868738902 ], [ 79.903307901393475, 6.914167495550259 ], [ 79.903312280730262, 6.912268186331708 ] ] ] } },
{ "type": "Feature", "properties": { "id": "1805,3639", "grid_id": "1805,3639" }, "geometry": { "type": "Polygon", "coordinates": [ [ [ 79.905212873157907, 6.91227255830777 ], [ 79.907113466815687, 6.912276922704141 ], [ 79.907109102650551, 6.914176234345752 ], [ 79.905208501406932, 6.914171868738902 ], [ 79.905212873157907, 6.91227255830777 ] ] ] } },
{ "type": "Feature", "properties": { "id": "1806,3639", "grid_id": "1806,3639" }, "geometry": { "type": "Polygon", "coordinates": [ [ [ 79.907113466815687, 6.912276922704141 ], [ 79.90901406170147, 6.912281279520799 ], [ 79.909009705122216, 6.914180592370786 ], [ 79.907109102650551, 6.914176234345752 ], [ 79.907113466815687, 6.912276922704141 ] ] ] } },
{ "type": "Feature", "properties": { "id": "1807,3639", "grid_id": "1807,3639" }, "geometry": { "type": "Polygon", "coordinates": [ [ [ 79.90901406170147, 6.912281279520799 ], [ 79.910914657813123, 6.912285628757719 ], [ 79.910910308819766, 6.914184942813979 ], [ 79.909009705122216, 6.914180592370786 ], [ 79.90901406170147, 6.912281279520799 ] ] ] } },
{ "type": "Feature", "properties": { "id": "1808,3639", "grid_id": "1808,3639" }, "geometry": { "type": "Polygon", "coordinates": [ [ [ 79.910914657813123, 6.912285628757719 ], [ 79.91281525514853, 6.912289970414877 ], [ 79.912810913741083, 6.914189285675308 ], [ 79.910910308819766, 6.914184942813979 ], [ 79.910914657813123, 6.912285628757719 ] ] ] } },
{ "type": "Feature", "properties": { "id": "1809,3639", "grid_id": "1809,3639" }, "geometry": { "type": "Polygon", "coordinates": [ [ [ 79.91281525514853, 6.912289970414877 ], [ 79.914715853705516, 6.912294304492248 ], [ 79.914711519884023, 6.914193620954749 ], [ 79.912810913741083, 6.914189285675308 ], [ 79.91281525514853, 6.912289970414877 ] ] ] } },
{ "type": "Feature", "properties": { "id": "1810,3639", "grid_id": "1810,3639" }, "geometry": { "type": "Polygon", "coordinates": [ [ [ 79.914715853705516, 6.912294304492248 ], [ 79.916616453481993, 6.91229863098981 ], [ 79.916612127246452, 6.914197948652279 ], [ 79.914711519884023, 6.914193620954749 ], [ 79.914715853705516, 6.912294304492248 ] ] ] } },
{ "type": "Feature", "properties": { "id": "1811,3639", "grid_id": "1811,3639" }, "geometry": { "type": "Polygon", "coordinates": [ [ [ 79.916616453481993, 6.91229863098981 ], [ 79.918517054475799, 6.912302949907541 ], [ 79.918512735826241, 6.914202268767873 ], [ 79.916612127246452, 6.914197948652279 ], [ 79.916616453481993, 6.91229863098981 ] ] ] } },
{ "type": "Feature", "properties": { "id": "1812,3639", "grid_id": "1812,3639" }, "geometry": { "type": "Polygon", "coordinates": [ [ [ 79.918517054475799, 6.912302949907541 ], [ 79.920417656684791, 6.912307261245413 ], [ 79.92041334562127, 6.914206581301508 ], [ 79.918512735826241, 6.914202268767873 ], [ 79.918517054475799, 6.912302949907541 ] ] ] } },
{ "type": "Feature", "properties": { "id": "1813,3639", "grid_id": "1813,3639" }, "geometry": { "type": "Polygon", "coordinates": [ [ [ 79.920417656684791, 6.912307261245413 ], [ 79.922318260106849, 6.912311565003405 ], [ 79.922313956629367, 6.914210886253162 ], [ 79.92041334562127, 6.914206581301508 ], [ 79.920417656684791, 6.912307261245413 ] ] ] } },
{ "type": "Feature", "properties": { "id": "1814,3639", "grid_id": "1814,3639" }, "geometry": { "type": "Polygon", "coordinates": [ [ [ 79.922318260106849, 6.912311565003405 ], [ 79.924218864739842, 6.912315861181493 ], [ 79.924214568848427, 6.914215183622808 ], [ 79.922313956629367, 6.914210886253162 ], [ 79.922318260106849, 6.912311565003405 ] ] ] } },
{ "type": "Feature", "properties": { "id": "1815,3639", "grid_id": "1815,3639" }, "geometry": { "type": "Polygon", "coordinates": [ [ [ 79.924218864739842, 6.912315861181493 ], [ 79.926119470581639, 6.912320149779654 ], [ 79.926115182276305, 6.914219473410425 ], [ 79.924214568848427, 6.914215183622808 ], [ 79.924218864739842, 6.912315861181493 ] ] ] } },
{ "type": "Feature", "properties": { "id": "1816,3639", "grid_id": "1816,3639" }, "geometry": { "type": "Polygon", "coordinates": [ [ [ 79.926119470581639, 6.912320149779654 ], [ 79.928020077630094, 6.912324430797864 ], [ 79.92801579691087, 6.914223755615987 ], [ 79.926115182276305, 6.914219473410425 ], [ 79.926119470581639, 6.912320149779654 ] ] ] } },
{ "type": "Feature", "properties": { "id": "1817,3639", "grid_id": "1817,3639" }, "geometry": { "type": "Polygon", "coordinates": [ [ [ 79.928020077630094, 6.912324430797864 ], [ 79.929920685883076, 6.912328704236099 ], [ 79.929916412749989, 6.914228030239475 ], [ 79.92801579691087, 6.914223755615987 ], [ 79.928020077630094, 6.912324430797864 ] ] ] } },
{ "type": "Feature", "properties": { "id": "1818,3639", "grid_id": "1818,3639" }, "geometry": { "type": "Polygon", "coordinates": [ [ [ 79.929920685883076, 6.912328704236099 ], [ 79.931821295338452, 6.912332970094337 ], [ 79.931817029791517, 6.914232297280861 ], [ 79.929916412749989, 6.914228030239475 ], [ 79.929920685883076, 6.912328704236099 ] ] ] } },
{ "type": "Feature", "properties": { "id": "1819,3639", "grid_id": "1819,3639" }, "geometry": { "type": "Polygon", "coordinates": [ [ [ 79.931821295338452, 6.912332970094337 ], [ 79.933721905994076, 6.912337228372554 ], [ 79.933717648033323, 6.914236556740126 ], [ 79.931817029791517, 6.914232297280861 ], [ 79.931821295338452, 6.912332970094337 ] ] ] } },
{ "type": "Feature", "properties": { "id": "1820,3639", "grid_id": "1820,3639" }, "geometry": { "type": "Polygon", "coordinates": [ [ [ 79.933721905994076, 6.912337228372554 ], [ 79.935622517847833, 6.912341479070727 ], [ 79.935618267473274, 6.914240808617241 ], [ 79.933717648033323, 6.914236556740126 ], [ 79.933721905994076, 6.912337228372554 ] ] ] } },
{ "type": "Feature", "properties": { "id": "1821,3639", "grid_id": "1821,3639" }, "geometry": { "type": "Polygon", "coordinates": [ [ [ 79.935622517847833, 6.912341479070727 ], [ 79.937523130897574, 6.91234572218883 ], [ 79.937518888109238, 6.914245052912189 ], [ 79.935618267473274, 6.914240808617241 ], [ 79.935622517847833, 6.912341479070727 ] ] ] } },
{ "type": "Feature", "properties": { "id": "1822,3639", "grid_id": "1822,3639" }, "geometry": { "type": "Polygon", "coordinates": [ [ [ 79.937523130897574, 6.91234572218883 ], [ 79.93942374514117, 6.912349957726843 ], [ 79.9394195099391, 6.914249289624941 ], [ 79.937518888109238, 6.914245052912189 ], [ 79.937523130897574, 6.91234572218883 ] ] ] } },
{ "type": "Feature", "properties": { "id": "1823,3639", "grid_id": "1823,3639" }, "geometry": { "type": "Polygon", "coordinates": [ [ [ 79.93942374514117, 6.912349957726843 ], [ 79.941324360576488, 6.912354185684744 ], [ 79.941320132960684, 6.914253518755479 ], [ 79.9394195099391, 6.914249289624941 ], [ 79.93942374514117, 6.912349957726843 ] ] ] } },
{ "type": "Feature", "properties": { "id": "1824,3639", "grid_id": "1824,3639" }, "geometry": { "type": "Polygon", "coordinates": [ [ [ 79.941324360576488, 6.912354185684744 ], [ 79.943224977201382, 6.912358406062507 ], [ 79.943220757171886, 6.914257740303776 ], [ 79.941320132960684, 6.914253518755479 ], [ 79.941324360576488, 6.912354185684744 ] ] ] } },
{ "type": "Feature", "properties": { "id": "1825,3639", "grid_id": "1825,3639" }, "geometry": { "type": "Polygon", "coordinates": [ [ [ 79.943224977201382, 6.912358406062507 ], [ 79.945125595013735, 6.912362618860109 ], [ 79.945121382570562, 6.91426195426981 ], [ 79.943220757171886, 6.914257740303776 ], [ 79.943224977201382, 6.912358406062507 ] ] ] } },
{ "type": "Feature", "properties": { "id": "1826,3639", "grid_id": "1826,3639" }, "geometry": { "type": "Polygon", "coordinates": [ [ [ 79.945125595013735, 6.912362618860109 ], [ 79.947026214011387, 6.912366824077527 ], [ 79.947022009154566, 6.914266160653558 ], [ 79.945121382570562, 6.91426195426981 ], [ 79.945125595013735, 6.912362618860109 ] ] ] } },
{ "type": "Feature", "properties": { "id": "1827,3639", "grid_id": "1827,3639" }, "geometry": { "type": "Polygon", "coordinates": [ [ [ 79.947026214011387, 6.912366824077527 ], [ 79.94892683419225, 6.912371021714739 ], [ 79.948922636921779, 6.914270359454997 ], [ 79.947022009154566, 6.914266160653558 ], [ 79.947026214011387, 6.912366824077527 ] ] ] } },
{ "type": "Feature", "properties": { "id": "1828,3639", "grid_id": "1828,3639" }, "geometry": { "type": "Polygon", "coordinates": [ [ [ 79.94892683419225, 6.912371021714739 ], [ 79.950827455554133, 6.91237521177172 ], [ 79.950823265870056, 6.914274550674105 ], [ 79.948922636921779, 6.914270359454997 ], [ 79.94892683419225, 6.912371021714739 ] ] ] } },
{ "type": "Feature", "properties": { "id": "1829,3639", "grid_id": "1829,3639" }, "geometry": { "type": "Polygon", "coordinates": [ [ [ 79.950827455554133, 6.91237521177172 ], [ 79.952728078094935, 6.91237939424845 ], [ 79.952723895997281, 6.914278734310858 ], [ 79.950823265870056, 6.914274550674105 ], [ 79.950827455554133, 6.91237521177172 ] ] ] } },
{ "type": "Feature", "properties": { "id": "1830,3639", "grid_id": "1830,3639" }, "geometry": { "type": "Polygon", "coordinates": [ [ [ 79.952728078094935, 6.91237939424845 ], [ 79.95462870181251, 6.912383569144905 ], [ 79.954624527301291, 6.914282910365233 ], [ 79.952723895997281, 6.914278734310858 ], [ 79.952728078094935, 6.91237939424845 ] ] ] } },
{ "type": "Feature", "properties": { "id": "1831,3639", "grid_id": "1831,3639" }, "geometry": { "type": "Polygon", "coordinates": [ [ [ 79.95462870181251, 6.912383569144905 ], [ 79.956529326704739, 6.912387736461061 ], [ 79.956525159779972, 6.914287078837208 ], [ 79.954624527301291, 6.914282910365233 ], [ 79.95462870181251, 6.912383569144905 ] ] ] } },
{ "type": "Feature", "properties": { "id": "1832,3639", "grid_id": "1832,3639" }, "geometry": { "type": "Polygon", "coordinates": [ [ [ 79.956529326704739, 6.912387736461061 ], [ 79.958429952769464, 6.912391896196897 ], [ 79.958425793431189, 6.91429123972676 ], [ 79.956525159779972, 6.914287078837208 ], [ 79.956529326704739, 6.912387736461061 ] ] ] } },
{ "type": "Feature", "properties": { "id": "1833,3639", "grid_id": "1833,3639" }, "geometry": { "type": "Polygon", "coordinates": [ [ [ 79.958429952769464, 6.912391896196897 ], [ 79.960330580004566, 6.912396048352389 ], [ 79.960326428252799, 6.914295393033863 ], [ 79.958425793431189, 6.91429123972676 ], [ 79.958429952769464, 6.912391896196897 ] ] ] } },
{ "type": "Feature", "properties": { "id": "1834,3639", "grid_id": "1834,3639" }, "geometry": { "type": "Polygon", "coordinates": [ [ [ 79.960330580004566, 6.912396048352389 ], [ 79.962231208407914, 6.912400192927512 ], [ 79.962227064242668, 6.914299538758501 ], [ 79.960326428252799, 6.914295393033863 ], [ 79.960330580004566, 6.912396048352389 ] ] ] } },
{ "type": "Feature", "properties": { "id": "1835,3639", "grid_id": "1835,3639" }, "geometry": { "type": "Polygon", "coordinates": [ [ [ 79.962231208407914, 6.912400192927512 ], [ 79.964131837977362, 6.912404329922249 ], [ 79.964127701398667, 6.914303676900646 ], [ 79.962227064242668, 6.914299538758501 ], [ 79.962231208407914, 6.912400192927512 ] ] ] } },
{ "type": "Feature", "properties": { "id": "1836,3639", "grid_id": "1836,3639" }, "geometry": { "type": "Polygon", "coordinates": [ [ [ 79.964131837977362, 6.912404329922249 ], [ 79.966032468710765, 6.912408459336572 ], [ 79.966028339718648, 6.914307807460276 ], [ 79.964127701398667, 6.914303676900646 ], [ 79.964131837977362, 6.912404329922249 ] ] ] } },
{ "type": "Feature", "properties": { "id": "1837,3639", "grid_id": "1837,3639" }, "geometry": { "type": "Polygon", "coordinates": [ [ [ 79.966032468710765, 6.912408459336572 ], [ 79.967933100606018, 6.912412581170463 ], [ 79.967928979200494, 6.914311930437369 ], [ 79.966028339718648, 6.914307807460276 ], [ 79.966032468710765, 6.912408459336572 ] ] ] } },
{ "type": "Feature", "properties": { "id": "1838,3639", "grid_id": "1838,3639" }, "geometry": { "type": "Polygon", "coordinates": [ [ [ 79.967933100606018, 6.912412581170463 ], [ 79.969833733660948, 6.912416695423895 ], [ 79.969829619842059, 6.914316045831901 ], [ 79.967928979200494, 6.914311930437369 ], [ 79.967933100606018, 6.912412581170463 ] ] ] } },
{ "type": "Feature", "properties": { "id": "1839,3639", "grid_id": "1839,3639" }, "geometry": { "type": "Polygon", "coordinates": [ [ [ 79.969833733660948, 6.912416695423895 ], [ 79.971734367873466, 6.912420802096848 ], [ 79.971730261641213, 6.914320153643855 ], [ 79.969829619842059, 6.914316045831901 ], [ 79.969833733660948, 6.912416695423895 ] ] ] } },
{ "type": "Feature", "properties": { "id": "1840,3639", "grid_id": "1840,3639" }, "geometry": { "type": "Polygon", "coordinates": [ [ [ 79.971734367873466, 6.912420802096848 ], [ 79.973635003241398, 6.912424901189299 ], [ 79.973630904595822, 6.914324253873201 ], [ 79.971730261641213, 6.914320153643855 ], [ 79.971734367873466, 6.912420802096848 ] ] ] } },
{ "type": "Feature", "properties": { "id": "1841,3639", "grid_id": "1841,3639" }, "geometry": { "type": "Polygon", "coordinates": [ [ [ 79.973635003241398, 6.912424901189299 ], [ 79.975535639762654, 6.912428992701225 ], [ 79.975531548703742, 6.914328346519921 ], [ 79.973630904595822, 6.914324253873201 ], [ 79.973635003241398, 6.912424901189299 ] ] ] } },
{ "type": "Feature", "properties": { "id": "1842,3639", "grid_id": "1842,3639" }, "geometry": { "type": "Polygon", "coordinates": [ [ [ 79.975535639762654, 6.912428992701225 ], [ 79.977436277435046, 6.912433076632604 ], [ 79.977432193962841, 6.914332431583992 ], [ 79.975531548703742, 6.914328346519921 ], [ 79.975535639762654, 6.912428992701225 ] ] ] } },
{ "type": "Feature", "properties": { "id": "1843,3639", "grid_id": "1843,3639" }, "geometry": { "type": "Polygon", "coordinates": [ [ [ 79.977436277435046, 6.912433076632604 ], [ 79.979336916256472, 6.912437152983414 ], [ 79.979332840371015, 6.914336509065389 ], [ 79.977432193962841, 6.914332431583992 ], [ 79.977436277435046, 6.912433076632604 ] ] ] } },
{ "type": "Feature", "properties": { "id": "1844,3639", "grid_id": "1844,3639" }, "geometry": { "type": "Polygon", "coordinates": [ [ [ 79.979336916256472, 6.912437152983414 ], [ 79.981237556224769, 6.912441221753633 ], [ 79.981233487926076, 6.914340578964095 ], [ 79.979332840371015, 6.914336509065389 ], [ 79.979336916256472, 6.912437152983414 ] ] ] } },
{ "type": "Feature", "properties": { "id": "1845,3639", "grid_id": "1845,3639" }, "geometry": { "type": "Polygon", "coordinates": [ [ [ 79.981237556224769, 6.912441221753633 ], [ 79.983138197337837, 6.912445282943238 ], [ 79.983134136625921, 6.914344641280083 ], [ 79.981233487926076, 6.914340578964095 ], [ 79.981237556224769, 6.912441221753633 ] ] ] } },
{ "type": "Feature", "properties": { "id": "1846,3639", "grid_id": "1846,3639" }, "geometry": { "type": "Polygon", "coordinates": [ [ [ 79.983138197337837, 6.912445282943238 ], [ 79.985038839593528, 6.912449336552204 ], [ 79.985034786468404, 6.914348696013333 ], [ 79.983134136625921, 6.914344641280083 ], [ 79.983138197337837, 6.912445282943238 ] ] ] } },
{ "type": "Feature", "properties": { "id": "1847,3639", "grid_id": "1847,3639" }, "geometry": { "type": "Polygon", "coordinates": [ [ [ 79.985038839593528, 6.912449336552204 ], [ 79.986939482989698, 6.912453382580516 ], [ 79.986935437451407, 6.914352743163823 ], [ 79.985034786468404, 6.914348696013333 ], [ 79.985038839593528, 6.912449336552204 ] ] ] } },
{ "type": "Feature", "properties": { "id": "1848,3639", "grid_id": "1848,3639" }, "geometry": { "type": "Polygon", "coordinates": [ [ [ 79.986939482989698, 6.912453382580516 ], [ 79.988840127524227, 6.912457421028145 ], [ 79.988836089572786, 6.914356782731529 ], [ 79.986935437451407, 6.914352743163823 ], [ 79.986939482989698, 6.912453382580516 ] ] ] } },
{ "type": "Feature", "properties": { "id": "1849,3639", "grid_id": "1849,3639" }, "geometry": { "type": "Polygon", "coordinates": [ [ [ 79.988840127524227, 6.912457421028145 ], [ 79.990740773194986, 6.912461451895072 ], [ 79.990736742830393, 6.914360814716431 ], [ 79.988836089572786, 6.914356782731529 ], [ 79.988840127524227, 6.912457421028145 ] ] ] } },
{ "type": "Feature", "properties": { "id": "1850,3639", "grid_id": "1850,3639" }, "geometry": { "type": "Polygon", "coordinates": [ [ [ 79.990740773194986, 6.912461451895072 ], [ 79.992641419999799, 6.912465475181275 ], [ 79.992637397222111, 6.914364839118503 ], [ 79.990736742830393, 6.914360814716431 ], [ 79.990740773194986, 6.912461451895072 ] ] ] } },
{ "type": "Feature", "properties": { "id": "1851,3639", "grid_id": "1851,3639" }, "geometry": { "type": "Polygon", "coordinates": [ [ [ 79.992641419999799, 6.912465475181275 ], [ 79.994542067936578, 6.91246949088673 ], [ 79.994538052745796, 6.914368855937727 ], [ 79.992637397222111, 6.914364839118503 ], [ 79.992641419999799, 6.912465475181275 ] ] ] } },
{ "type": "Feature", "properties": { "id": "1852,3639", "grid_id": "1852,3639" }, "geometry": { "type": "Polygon", "coordinates": [ [ [ 79.994542067936578, 6.91246949088673 ], [ 79.996442717003163, 6.912473499011419 ], [ 79.996438709399328, 6.914372865174081 ], [ 79.994538052745796, 6.914368855937727 ], [ 79.994542067936578, 6.91246949088673 ] ] ] } },
{ "type": "Feature", "properties": { "id": "1853,3639", "grid_id": "1853,3639" }, "geometry": { "type": "Polygon", "coordinates": [ [ [ 79.996442717003163, 6.912473499011419 ], [ 79.998343367197421, 6.912477499555314 ], [ 79.998339367180549, 6.914376866827542 ], [ 79.996438709399328, 6.914372865174081 ], [ 79.996442717003163, 6.912473499011419 ] ] ] } },
{ "type": "Feature", "properties": { "id": "1854,3639", "grid_id": "1854,3639" }, "geometry": { "type": "Polygon", "coordinates": [ [ [ 79.998343367197421, 6.912477499555314 ], [ 80.000244018517236, 6.912481492518396 ], [ 80.00024002608734, 6.914380860898087 ], [ 79.998339367180549, 6.914376866827542 ], [ 79.998343367197421, 6.912477499555314 ] ] ] } },
{ "type": "Feature", "properties": { "id": "1855,3639", "grid_id": "1855,3639" }, "geometry": { "type": "Polygon", "coordinates": [ [ [ 80.000244018517236, 6.912481492518396 ], [ 80.002144670960462, 6.912485477900646 ], [ 80.002140686117556, 6.914384847385694 ], [ 80.00024002608734, 6.914380860898087 ], [ 80.000244018517236, 6.912481492518396 ] ] ] } },
{ "type": "Feature", "properties": { "id": "1856,3639", "grid_id": "1856,3639" }, "geometry": { "type": "Polygon", "coordinates": [ [ [ 80.002144670960462, 6.912485477900646 ], [ 80.004045324524952, 6.91248945570204 ], [ 80.004041347269066, 6.914388826290344 ], [ 80.002140686117556, 6.914384847385694 ], [ 80.002144670960462, 6.912485477900646 ] ] ] } },
{ "type": "Feature", "properties": { "id": "1857,3639", "grid_id": "1857,3639" }, "geometry": { "type": "Polygon", "coordinates": [ [ [ 80.004045324524952, 6.91248945570204 ], [ 80.005945979208576, 6.912493425922555 ], [ 80.005942009539737, 6.914392797612012 ], [ 80.004041347269066, 6.914388826290344 ], [ 80.004045324524952, 6.91248945570204 ] ] ] } },
{ "type": "Feature", "properties": { "id": "1858,3639", "grid_id": "1858,3639" }, "geometry": { "type": "Polygon", "coordinates": [ [ [ 80.005945979208576, 6.912493425922555 ], [ 80.007846635009216, 6.912497388562172 ], [ 80.007842672927438, 6.914396761350679 ], [ 80.005942009539737, 6.914392797612012 ], [ 80.005945979208576, 6.912493425922555 ] ] ] } },
{ "type": "Feature", "properties": { "id": "1859,3639", "grid_id": "1859,3639" }, "geometry": { "type": "Polygon", "coordinates": [ [ [ 80.007846635009216, 6.912497388562172 ], [ 80.009747291924711, 6.912501343620865 ], [ 80.009743337430024, 6.914400717506322 ], [ 80.007842672927438, 6.914396761350679 ], [ 80.007846635009216, 6.912497388562172 ] ] ] } },
{ "type": "Feature", "properties": { "id": "1860,3639", "grid_id": "1860,3639" }, "geometry": { "type": "Polygon", "coordinates": [ [ [ 80.009747291924711, 6.912501343620865 ], [ 80.011647949952945, 6.912505291098616 ], [ 80.011644003045362, 6.914404666078918 ], [ 80.009743337430024, 6.914400717506322 ], [ 80.009747291924711, 6.912501343620865 ] ] ] } },
{ "type": "Feature", "properties": { "id": "1861,3639", "grid_id": "1861,3639" }, "geometry": { "type": "Polygon", "coordinates": [ [ [ 80.011647949952945, 6.912505291098616 ], [ 80.013548609091771, 6.912509230995402 ], [ 80.013544669771335, 6.914408607068449 ], [ 80.011644003045362, 6.914404666078918 ], [ 80.011647949952945, 6.912505291098616 ] ] ] } },
{ "type": "Feature", "properties": { "id": "1862,3639", "grid_id": "1862,3639" }, "geometry": { "type": "Polygon", "coordinates": [ [ [ 80.013548609091771, 6.912509230995402 ], [ 80.015449269339072, 6.912513163311201 ], [ 80.015445337605797, 6.914412540474888 ], [ 80.013544669771335, 6.914408607068449 ], [ 80.013548609091771, 6.912509230995402 ] ] ] } },
{ "type": "Feature", "properties": { "id": "1863,3639", "grid_id": "1863,3639" }, "geometry": { "type": "Polygon", "coordinates": [ [ [ 80.015449269339072, 6.912513163311201 ], [ 80.017349930692703, 6.912517088045994 ], [ 80.017346006546589, 6.914416466298217 ], [ 80.015445337605797, 6.914412540474888 ], [ 80.015449269339072, 6.912513163311201 ] ] ] } },
{ "type": "Feature", "properties": { "id": "1864,3639", "grid_id": "1864,3639" }, "geometry": { "type": "Polygon", "coordinates": [ [ [ 80.017349930692703, 6.912517088045994 ], [ 80.019250593150517, 6.912521005199757 ], [ 80.019246676591607, 6.914420384538417 ], [ 80.017346006546589, 6.914416466298217 ], [ 80.017349930692703, 6.912517088045994 ] ] ] } },
{ "type": "Feature", "properties": { "id": "1865,3639", "grid_id": "1865,3639" }, "geometry": { "type": "Polygon", "coordinates": [ [ [ 80.019250593150517, 6.912521005199757 ], [ 80.021151256710397, 6.912524914772467 ], [ 80.021147347738705, 6.914424295195461 ], [ 80.019246676591607, 6.914420384538417 ], [ 80.019250593150517, 6.912521005199757 ] ] ] } },
{ "type": "Feature", "properties": { "id": "1866,3639", "grid_id": "1866,3639" }, "geometry": { "type": "Polygon", "coordinates": [ [ [ 80.021151256710397, 6.912524914772467 ], [ 80.023051921370211, 6.912528816764107 ], [ 80.023048019985751, 6.91442819826933 ], [ 80.021147347738705, 6.914424295195461 ], [ 80.021151256710397, 6.912524914772467 ] ] ] } },
{ "type": "Feature", "properties": { "id": "1867,3639", "grid_id": "1867,3639" }, "geometry": { "type": "Polygon", "coordinates": [ [ [ 80.023051921370211, 6.912528816764107 ], [ 80.024952587127814, 6.912532711174654 ], [ 80.024948693330614, 6.914432093760004 ], [ 80.023048019985751, 6.91442819826933 ], [ 80.023051921370211, 6.912528816764107 ] ] ] } },
{ "type": "Feature", "properties": { "id": "1868,3639", "grid_id": "1868,3639" }, "geometry": { "type": "Polygon", "coordinates": [ [ [ 80.024952587127814, 6.912532711174654 ], [ 80.026853253981059, 6.912536598004085 ], [ 80.026849367771149, 6.914435981667461 ], [ 80.024948693330614, 6.914432093760004 ], [ 80.024952587127814, 6.912532711174654 ] ] ] } },
{ "type": "Feature", "properties": { "id": "1869,3639", "grid_id": "1869,3639" }, "geometry": { "type": "Polygon", "coordinates": [ [ [ 80.026853253981059, 6.912536598004085 ], [ 80.02875392192783, 6.91254047725238 ], [ 80.028750043305223, 6.914439861991679 ], [ 80.026849367771149, 6.914435981667461 ], [ 80.026853253981059, 6.912536598004085 ] ] ] } },
{ "type": "Feature", "properties": { "id": "1870,3639", "grid_id": "1870,3639" }, "geometry": { "type": "Polygon", "coordinates": [ [ [ 80.02875392192783, 6.91254047725238 ], [ 80.03065459096598, 6.912544348919519 ], [ 80.030650719930705, 6.914443734732635 ], [ 80.028750043305223, 6.914439861991679 ], [ 80.02875392192783, 6.91254047725238 ] ] ] } },
{ "type": "Feature", "properties": { "id": "1871,3639", "grid_id": "1871,3639" }, "geometry": { "type": "Polygon", "coordinates": [ [ [ 80.03065459096598, 6.912544348919519 ], [ 80.032555261093378, 6.912548213005477 ], [ 80.032551397645477, 6.914447599890313 ], [ 80.030650719930705, 6.914443734732635 ], [ 80.03065459096598, 6.912544348919519 ] ] ] } },
{ "type": "Feature", "properties": { "id": "1872,3639", "grid_id": "1872,3639" }, "geometry": { "type": "Polygon", "coordinates": [ [ [ 80.032555261093378, 6.912548213005477 ], [ 80.034455932307907, 6.912552069510236 ], [ 80.034452076447366, 6.914451457464685 ], [ 80.032551397645477, 6.914447599890313 ], [ 80.032555261093378, 6.912548213005477 ] ] ] } },
{ "type": "Feature", "properties": { "id": "1873,3639", "grid_id": "1873,3639" }, "geometry": { "type": "Polygon", "coordinates": [ [ [ 80.034455932307907, 6.912552069510236 ], [ 80.03635660460742, 6.912555918433774 ], [ 80.036352756334253, 6.914455307455736 ], [ 80.034452076447366, 6.914451457464685 ], [ 80.034455932307907, 6.912552069510236 ] ] ] } },
{ "type": "Feature", "properties": { "id": "1874,3639", "grid_id": "1874,3639" }, "geometry": { "type": "Polygon", "coordinates": [ [ [ 80.03635660460742, 6.912555918433774 ], [ 80.038257277989771, 6.912559759776071 ], [ 80.038253437304007, 6.914459149863441 ], [ 80.036352756334253, 6.914455307455736 ], [ 80.03635660460742, 6.912555918433774 ] ] ] } },
{ "type": "Feature", "properties": { "id": "1875,3639", "grid_id": "1875,3639" }, "geometry": { "type": "Polygon", "coordinates": [ [ [ 80.038257277989771, 6.912559759776071 ], [ 80.040157952452816, 6.912563593537104 ], [ 80.040154119354511, 6.91446298468778 ], [ 80.038253437304007, 6.914459149863441 ], [ 80.038257277989771, 6.912559759776071 ] ] ] } },
{ "type": "Feature", "properties": { "id": "1876,3639", "grid_id": "1876,3639" }, "geometry": { "type": "Polygon", "coordinates": [ [ [ 80.040157952452816, 6.912563593537104 ], [ 80.04205862799445, 6.912567419716853 ], [ 80.042054802483591, 6.914466811928734 ], [ 80.040154119354511, 6.91446298468778 ], [ 80.040157952452816, 6.912563593537104 ] ] ] } },
{ "type": "Feature", "properties": { "id": "1877,3639", "grid_id": "1877,3639" }, "geometry": { "type": "Polygon", "coordinates": [ [ [ 80.04205862799445, 6.912567419716853 ], [ 80.043959304612528, 6.912571238315299 ], [ 80.043955486689143, 6.914470631586281 ], [ 80.042054802483591, 6.914466811928734 ], [ 80.04205862799445, 6.912567419716853 ] ] ] } },
{ "type": "Feature", "properties": { "id": "1878,3639", "grid_id": "1878,3639" }, "geometry": { "type": "Polygon", "coordinates": [ [ [ 80.043959304612528, 6.912571238315299 ], [ 80.045859982304904, 6.912575049332417 ], [ 80.045856171969007, 6.914474443660398 ], [ 80.043955486689143, 6.914470631586281 ], [ 80.043959304612528, 6.912571238315299 ] ] ] } },
{ "type": "Feature", "properties": { "id": "1803,3640", "grid_id": "1803,3640" }, "geometry": { "type": "Polygon", "coordinates": [ [ [ 79.901407302612313, 6.914163114779848 ], [ 79.903307901393475, 6.914167495550259 ], [ 79.90330352082438, 6.916066804614924 ], [ 79.901402914455289, 6.91606242262982 ], [ 79.901407302612313, 6.914163114779848 ] ] ] } },
{ "type": "Feature", "properties": { "id": "1804,3640", "grid_id": "1804,3640" }, "geometry": { "type": "Polygon", "coordinates": [ [ [ 79.903307901393475, 6.914167495550259 ], [ 79.905208501406932, 6.914171868738902 ], [ 79.905204128425794, 6.916071179016156 ], [ 79.90330352082438, 6.916066804614924 ], [ 79.903307901393475, 6.914167495550259 ] ] ] } },
{ "type": "Feature", "properties": { "id": "1805,3640", "grid_id": "1805,3640" }, "geometry": { "type": "Polygon", "coordinates": [ [ [ 79.905208501406932, 6.914171868738902 ], [ 79.907109102650551, 6.914176234345752 ], [ 79.907104737257399, 6.916075545833494 ], [ 79.905204128425794, 6.916071179016156 ], [ 79.905208501406932, 6.914171868738902 ] ] ] } },
{ "type": "Feature", "properties": { "id": "1806,3640", "grid_id": "1806,3640" }, "geometry": { "type": "Polygon", "coordinates": [ [ [ 79.907109102650551, 6.914176234345752 ], [ 79.909009705122216, 6.914180592370786 ], [ 79.909005347317063, 6.916079905066913 ], [ 79.907104737257399, 6.916075545833494 ], [ 79.907109102650551, 6.914176234345752 ] ] ] } },
{ "type": "Feature", "properties": { "id": "1807,3640", "grid_id": "1807,3640" }, "geometry": { "type": "Polygon", "coordinates": [ [ [ 79.909009705122216, 6.914180592370786 ], [ 79.910910308819766, 6.914184942813979 ], [ 79.910905958602655, 6.916084256716391 ], [ 79.909005347317063, 6.916079905066913 ], [ 79.909009705122216, 6.914180592370786 ] ] ] } },
{ "type": "Feature", "properties": { "id": "1808,3640", "grid_id": "1808,3640" }, "geometry": { "type": "Polygon", "coordinates": [ [ [ 79.910910308819766, 6.914184942813979 ], [ 79.912810913741083, 6.914189285675308 ], [ 79.912806571112014, 6.916088600781901 ], [ 79.910905958602655, 6.916084256716391 ], [ 79.910910308819766, 6.914184942813979 ] ] ] } },
{ "type": "Feature", "properties": { "id": "1809,3640", "grid_id": "1809,3640" }, "geometry": { "type": "Polygon", "coordinates": [ [ [ 79.912810913741083, 6.914189285675308 ], [ 79.914711519884023, 6.914193620954749 ], [ 79.914707184843039, 6.916092937263421 ], [ 79.912806571112014, 6.916088600781901 ], [ 79.912810913741083, 6.914189285675308 ] ] ] } },
{ "type": "Feature", "properties": { "id": "1810,3640", "grid_id": "1810,3640" }, "geometry": { "type": "Polygon", "coordinates": [ [ [ 79.914711519884023, 6.914193620954749 ], [ 79.916612127246452, 6.914197948652279 ], [ 79.916607799793567, 6.916097266160927 ], [ 79.914707184843039, 6.916092937263421 ], [ 79.914711519884023, 6.914193620954749 ] ] ] } },
{ "type": "Feature", "properties": { "id": "1811,3640", "grid_id": "1811,3640" }, "geometry": { "type": "Polygon", "coordinates": [ [ [ 79.916612127246452, 6.914197948652279 ], [ 79.918512735826241, 6.914202268767873 ], [ 79.918508415961483, 6.916101587474394 ], [ 79.916607799793567, 6.916097266160927 ], [ 79.916612127246452, 6.914197948652279 ] ] ] } },
{ "type": "Feature", "properties": { "id": "1812,3640", "grid_id": "1812,3640" }, "geometry": { "type": "Polygon", "coordinates": [ [ [ 79.918512735826241, 6.914202268767873 ], [ 79.92041334562127, 6.914206581301508 ], [ 79.920409033344654, 6.916105901203802 ], [ 79.918508415961483, 6.916101587474394 ], [ 79.918512735826241, 6.914202268767873 ] ] ] } },
{ "type": "Feature", "properties": { "id": "1813,3640", "grid_id": "1813,3640" }, "geometry": { "type": "Polygon", "coordinates": [ [ [ 79.92041334562127, 6.914206581301508 ], [ 79.922313956629367, 6.914210886253162 ], [ 79.922309651940935, 6.916110207349125 ], [ 79.920409033344654, 6.916105901203802 ], [ 79.92041334562127, 6.914206581301508 ] ] ] } },
{ "type": "Feature", "properties": { "id": "1814,3640", "grid_id": "1814,3640" }, "geometry": { "type": "Polygon", "coordinates": [ [ [ 79.922313956629367, 6.914210886253162 ], [ 79.924214568848427, 6.914215183622808 ], [ 79.924210271748194, 6.916114505910338 ], [ 79.922309651940935, 6.916110207349125 ], [ 79.922313956629367, 6.914210886253162 ] ] ] } },
{ "type": "Feature", "properties": { "id": "1815,3640", "grid_id": "1815,3640" }, "geometry": { "type": "Polygon", "coordinates": [ [ [ 79.924214568848427, 6.914215183622808 ], [ 79.926115182276305, 6.914219473410425 ], [ 79.926110892764285, 6.916118796887421 ], [ 79.924210271748194, 6.916114505910338 ], [ 79.924214568848427, 6.914215183622808 ] ] ] } },
{ "type": "Feature", "properties": { "id": "1816,3640", "grid_id": "1816,3640" }, "geometry": { "type": "Polygon", "coordinates": [ [ [ 79.926115182276305, 6.914219473410425 ], [ 79.92801579691087, 6.914223755615987 ], [ 79.928011514987091, 6.916123080280347 ], [ 79.926110892764285, 6.916118796887421 ], [ 79.926115182276305, 6.914219473410425 ] ] ] } },
{ "type": "Feature", "properties": { "id": "1817,3640", "grid_id": "1817,3640" }, "geometry": { "type": "Polygon", "coordinates": [ [ [ 79.92801579691087, 6.914223755615987 ], [ 79.929916412749989, 6.914228030239475 ], [ 79.92991213841448, 6.916127356089093 ], [ 79.928011514987091, 6.916123080280347 ], [ 79.92801579691087, 6.914223755615987 ] ] ] } },
{ "type": "Feature", "properties": { "id": "1818,3640", "grid_id": "1818,3640" }, "geometry": { "type": "Polygon", "coordinates": [ [ [ 79.929916412749989, 6.914228030239475 ], [ 79.931817029791517, 6.914232297280861 ], [ 79.931812763044292, 6.916131624313637 ], [ 79.92991213841448, 6.916127356089093 ], [ 79.929916412749989, 6.914228030239475 ] ] ] } },
{ "type": "Feature", "properties": { "id": "1819,3640", "grid_id": "1819,3640" }, "geometry": { "type": "Polygon", "coordinates": [ [ [ 79.931817029791517, 6.914232297280861 ], [ 79.933717648033323, 6.914236556740126 ], [ 79.933713388874423, 6.916135884953957 ], [ 79.931812763044292, 6.916131624313637 ], [ 79.931817029791517, 6.914232297280861 ] ] ] } },
{ "type": "Feature", "properties": { "id": "1820,3640", "grid_id": "1820,3640" }, "geometry": { "type": "Polygon", "coordinates": [ [ [ 79.933717648033323, 6.914236556740126 ], [ 79.935618267473274, 6.914240808617241 ], [ 79.935614015902729, 6.916140138010026 ], [ 79.933713388874423, 6.916135884953957 ], [ 79.933717648033323, 6.914236556740126 ] ] ] } },
{ "type": "Feature", "properties": { "id": "1821,3640", "grid_id": "1821,3640" }, "geometry": { "type": "Polygon", "coordinates": [ [ [ 79.935618267473274, 6.914240808617241 ], [ 79.937518888109238, 6.914245052912189 ], [ 79.937514644127049, 6.916144383481823 ], [ 79.935614015902729, 6.916140138010026 ], [ 79.935618267473274, 6.914240808617241 ] ] ] } },
{ "type": "Feature", "properties": { "id": "1822,3640", "grid_id": "1822,3640" }, "geometry": { "type": "Polygon", "coordinates": [ [ [ 79.937518888109238, 6.914245052912189 ], [ 79.9394195099391, 6.914249289624941 ], [ 79.939415273545293, 6.916148621369326 ], [ 79.937514644127049, 6.916144383481823 ], [ 79.937518888109238, 6.914245052912189 ] ] ] } },
{ "type": "Feature", "properties": { "id": "1823,3640", "grid_id": "1823,3640" }, "geometry": { "type": "Polygon", "coordinates": [ [ [ 79.9394195099391, 6.914249289624941 ], [ 79.941320132960684, 6.914253518755479 ], [ 79.941315904155289, 6.91615285167251 ], [ 79.939415273545293, 6.916148621369326 ], [ 79.9394195099391, 6.914249289624941 ] ] ] } },
{ "type": "Feature", "properties": { "id": "1824,3640", "grid_id": "1824,3640" }, "geometry": { "type": "Polygon", "coordinates": [ [ [ 79.941320132960684, 6.914253518755479 ], [ 79.943220757171886, 6.914257740303776 ], [ 79.943216535954903, 6.91615707439135 ], [ 79.941315904155289, 6.91615285167251 ], [ 79.941320132960684, 6.914253518755479 ] ] ] } },
{ "type": "Feature", "properties": { "id": "1825,3640", "grid_id": "1825,3640" }, "geometry": { "type": "Polygon", "coordinates": [ [ [ 79.943220757171886, 6.914257740303776 ], [ 79.945121382570562, 6.91426195426981 ], [ 79.945117168942033, 6.916161289525826 ], [ 79.943216535954903, 6.91615707439135 ], [ 79.943220757171886, 6.914257740303776 ] ] ] } },
{ "type": "Feature", "properties": { "id": "1826,3640", "grid_id": "1826,3640" }, "geometry": { "type": "Polygon", "coordinates": [ [ [ 79.945121382570562, 6.91426195426981 ], [ 79.947022009154566, 6.914266160653558 ], [ 79.94701780311452, 6.916165497075914 ], [ 79.945117168942033, 6.916161289525826 ], [ 79.945121382570562, 6.91426195426981 ] ] ] } },
{ "type": "Feature", "properties": { "id": "1827,3640", "grid_id": "1827,3640" }, "geometry": { "type": "Polygon", "coordinates": [ [ [ 79.947022009154566, 6.914266160653558 ], [ 79.948922636921779, 6.914270359454997 ], [ 79.948918438470244, 6.91616969704159 ], [ 79.94701780311452, 6.916165497075914 ], [ 79.947022009154566, 6.914266160653558 ] ] ] } },
{ "type": "Feature", "properties": { "id": "1828,3640", "grid_id": "1828,3640" }, "geometry": { "type": "Polygon", "coordinates": [ [ [ 79.948922636921779, 6.914270359454997 ], [ 79.950823265870056, 6.914274550674105 ], [ 79.950819075007061, 6.916173889422831 ], [ 79.948918438470244, 6.91616969704159 ], [ 79.948922636921779, 6.914270359454997 ] ] ] } },
{ "type": "Feature", "properties": { "id": "1829,3640", "grid_id": "1829,3640" }, "geometry": { "type": "Polygon", "coordinates": [ [ [ 79.950823265870056, 6.914274550674105 ], [ 79.952723895997281, 6.914278734310858 ], [ 79.952719712722811, 6.916178074219617 ], [ 79.950819075007061, 6.916173889422831 ], [ 79.950823265870056, 6.914274550674105 ] ] ] } },
{ "type": "Feature", "properties": { "id": "1830,3640", "grid_id": "1830,3640" }, "geometry": { "type": "Polygon", "coordinates": [ [ [ 79.952723895997281, 6.914278734310858 ], [ 79.954624527301291, 6.914282910365233 ], [ 79.954620351615404, 6.916182251431922 ], [ 79.952719712722811, 6.916178074219617 ], [ 79.952723895997281, 6.914278734310858 ] ] ] } },
{ "type": "Feature", "properties": { "id": "1831,3640", "grid_id": "1831,3640" }, "geometry": { "type": "Polygon", "coordinates": [ [ [ 79.954624527301291, 6.914282910365233 ], [ 79.956525159779972, 6.914287078837208 ], [ 79.95652099168268, 6.916186421059722 ], [ 79.954620351615404, 6.916182251431922 ], [ 79.954624527301291, 6.914282910365233 ] ] ] } },
{ "type": "Feature", "properties": { "id": "1832,3640", "grid_id": "1832,3640" }, "geometry": { "type": "Polygon", "coordinates": [ [ [ 79.956525159779972, 6.914287078837208 ], [ 79.958425793431189, 6.91429123972676 ], [ 79.958421632922509, 6.916190583102999 ], [ 79.95652099168268, 6.916186421059722 ], [ 79.956525159779972, 6.914287078837208 ] ] ] } },
{ "type": "Feature", "properties": { "id": "1833,3640", "grid_id": "1833,3640" }, "geometry": { "type": "Polygon", "coordinates": [ [ [ 79.958425793431189, 6.91429123972676 ], [ 79.960326428252799, 6.914295393033863 ], [ 79.960322275332757, 6.916194737561725 ], [ 79.958421632922509, 6.916190583102999 ], [ 79.958425793431189, 6.91429123972676 ] ] ] } },
{ "type": "Feature", "properties": { "id": "1834,3640", "grid_id": "1834,3640" }, "geometry": { "type": "Polygon", "coordinates": [ [ [ 79.960326428252799, 6.914295393033863 ], [ 79.962227064242668, 6.914299538758501 ], [ 79.962222918911294, 6.916198884435881 ], [ 79.960322275332757, 6.916194737561725 ], [ 79.960326428252799, 6.914295393033863 ] ] ] } },
{ "type": "Feature", "properties": { "id": "1835,3640", "grid_id": "1835,3640" }, "geometry": { "type": "Polygon", "coordinates": [ [ [ 79.962227064242668, 6.914299538758501 ], [ 79.964127701398667, 6.914303676900646 ], [ 79.964123563655974, 6.916203023725443 ], [ 79.962222918911294, 6.916198884435881 ], [ 79.962227064242668, 6.914299538758501 ] ] ] } },
{ "type": "Feature", "properties": { "id": "1836,3640", "grid_id": "1836,3640" }, "geometry": { "type": "Polygon", "coordinates": [ [ [ 79.964127701398667, 6.914303676900646 ], [ 79.966028339718648, 6.914307807460276 ], [ 79.966024209564679, 6.916207155430389 ], [ 79.964123563655974, 6.916203023725443 ], [ 79.964127701398667, 6.914303676900646 ] ] ] } },
{ "type": "Feature", "properties": { "id": "1837,3640", "grid_id": "1837,3640" }, "geometry": { "type": "Polygon", "coordinates": [ [ [ 79.966028339718648, 6.914307807460276 ], [ 79.967928979200494, 6.914311930437369 ], [ 79.96792485663525, 6.916211279550695 ], [ 79.966024209564679, 6.916207155430389 ], [ 79.966028339718648, 6.914307807460276 ] ] ] } },
{ "type": "Feature", "properties": { "id": "1838,3640", "grid_id": "1838,3640" }, "geometry": { "type": "Polygon", "coordinates": [ [ [ 79.967928979200494, 6.914311930437369 ], [ 79.969829619842059, 6.914316045831901 ], [ 79.969825504865568, 6.916215396086337 ], [ 79.96792485663525, 6.916211279550695 ], [ 79.967928979200494, 6.914311930437369 ] ] ] } },
{ "type": "Feature", "properties": { "id": "1839,3640", "grid_id": "1839,3640" }, "geometry": { "type": "Polygon", "coordinates": [ [ [ 79.969829619842059, 6.914316045831901 ], [ 79.971730261641213, 6.914320153643855 ], [ 79.971726154253503, 6.916219505037298 ], [ 79.969825504865568, 6.916215396086337 ], [ 79.969829619842059, 6.914316045831901 ] ] ] } },
{ "type": "Feature", "properties": { "id": "1840,3640", "grid_id": "1840,3640" }, "geometry": { "type": "Polygon", "coordinates": [ [ [ 79.971730261641213, 6.914320153643855 ], [ 79.973630904595822, 6.914324253873201 ], [ 79.973626804796908, 6.916223606403548 ], [ 79.971726154253503, 6.916219505037298 ], [ 79.971730261641213, 6.914320153643855 ] ] ] } },
{ "type": "Feature", "properties": { "id": "1841,3640", "grid_id": "1841,3640" }, "geometry": { "type": "Polygon", "coordinates": [ [ [ 79.973630904595822, 6.914324253873201 ], [ 79.975531548703742, 6.914328346519921 ], [ 79.975527456493666, 6.916227700185072 ], [ 79.973626804796908, 6.916223606403548 ], [ 79.973630904595822, 6.914324253873201 ] ] ] } },
{ "type": "Feature", "properties": { "id": "1842,3640", "grid_id": "1842,3640" }, "geometry": { "type": "Polygon", "coordinates": [ [ [ 79.975531548703742, 6.914328346519921 ], [ 79.977432193962841, 6.914332431583992 ], [ 79.977428109341616, 6.916231786381843 ], [ 79.975527456493666, 6.916227700185072 ], [ 79.975531548703742, 6.914328346519921 ] ] ] } },
{ "type": "Feature", "properties": { "id": "1843,3640", "grid_id": "1843,3640" }, "geometry": { "type": "Polygon", "coordinates": [ [ [ 79.977432193962841, 6.914332431583992 ], [ 79.979332840371015, 6.914336509065389 ], [ 79.979328763338629, 6.916235864993839 ], [ 79.977428109341616, 6.916231786381843 ], [ 79.977432193962841, 6.914332431583992 ] ] ] } },
{ "type": "Feature", "properties": { "id": "1844,3640", "grid_id": "1844,3640" }, "geometry": { "type": "Polygon", "coordinates": [ [ [ 79.979332840371015, 6.914336509065389 ], [ 79.981233487926076, 6.914340578964095 ], [ 79.981229418482584, 6.916239936021038 ], [ 79.979328763338629, 6.916235864993839 ], [ 79.979332840371015, 6.914336509065389 ] ] ] } },
{ "type": "Feature", "properties": { "id": "1845,3640", "grid_id": "1845,3640" }, "geometry": { "type": "Polygon", "coordinates": [ [ [ 79.981233487926076, 6.914340578964095 ], [ 79.983134136625921, 6.914344641280083 ], [ 79.983130074771353, 6.916243999463419 ], [ 79.981229418482584, 6.916239936021038 ], [ 79.981233487926076, 6.914340578964095 ] ] ] } },
{ "type": "Feature", "properties": { "id": "1846,3640", "grid_id": "1846,3640" }, "geometry": { "type": "Polygon", "coordinates": [ [ [ 79.983134136625921, 6.914344641280083 ], [ 79.985034786468404, 6.914348696013333 ], [ 79.985030732202773, 6.91624805532096 ], [ 79.983130074771353, 6.916243999463419 ], [ 79.983134136625921, 6.914344641280083 ] ] ] } },
{ "type": "Feature", "properties": { "id": "1847,3640", "grid_id": "1847,3640" }, "geometry": { "type": "Polygon", "coordinates": [ [ [ 79.985034786468404, 6.914348696013333 ], [ 79.986935437451407, 6.914352743163823 ], [ 79.986931390774743, 6.916252103593636 ], [ 79.985030732202773, 6.91624805532096 ], [ 79.985034786468404, 6.914348696013333 ] ] ] } },
{ "type": "Feature", "properties": { "id": "1848,3640", "grid_id": "1848,3640" }, "geometry": { "type": "Polygon", "coordinates": [ [ [ 79.986935437451407, 6.914352743163823 ], [ 79.988836089572786, 6.914356782731529 ], [ 79.988832050485101, 6.916256144281427 ], [ 79.986931390774743, 6.916252103593636 ], [ 79.986935437451407, 6.914352743163823 ] ] ] } },
{ "type": "Feature", "properties": { "id": "1849,3640", "grid_id": "1849,3640" }, "geometry": { "type": "Polygon", "coordinates": [ [ [ 79.988836089572786, 6.914356782731529 ], [ 79.990736742830393, 6.914360814716431 ], [ 79.990732711331702, 6.916260177384311 ], [ 79.988832050485101, 6.916256144281427 ], [ 79.988836089572786, 6.914356782731529 ] ] ] } },
{ "type": "Feature", "properties": { "id": "1850,3640", "grid_id": "1850,3640" }, "geometry": { "type": "Polygon", "coordinates": [ [ [ 79.990736742830393, 6.914360814716431 ], [ 79.992637397222111, 6.914364839118503 ], [ 79.992633373312458, 6.916264202902264 ], [ 79.990732711331702, 6.916260177384311 ], [ 79.990736742830393, 6.914360814716431 ] ] ] } },
{ "type": "Feature", "properties": { "id": "1851,3640", "grid_id": "1851,3640" }, "geometry": { "type": "Polygon", "coordinates": [ [ [ 79.992637397222111, 6.914364839118503 ], [ 79.994538052745796, 6.914368855937727 ], [ 79.994534036425193, 6.916268220835268 ], [ 79.992633373312458, 6.916264202902264 ], [ 79.992637397222111, 6.914364839118503 ] ] ] } },
{ "type": "Feature", "properties": { "id": "1852,3640", "grid_id": "1852,3640" }, "geometry": { "type": "Polygon", "coordinates": [ [ [ 79.994538052745796, 6.914368855937727 ], [ 79.996438709399328, 6.914372865174081 ], [ 79.996434700667777, 6.916272231183295 ], [ 79.994534036425193, 6.916268220835268 ], [ 79.994538052745796, 6.914368855937727 ] ] ] } },
{ "type": "Feature", "properties": { "id": "1853,3640", "grid_id": "1853,3640" }, "geometry": { "type": "Polygon", "coordinates": [ [ [ 79.996438709399328, 6.914372865174081 ], [ 79.998339367180549, 6.914376866827542 ], [ 79.998335366038091, 6.916276233946327 ], [ 79.996434700667777, 6.916272231183295 ], [ 79.996438709399328, 6.914372865174081 ] ] ] } },
{ "type": "Feature", "properties": { "id": "1854,3640", "grid_id": "1854,3640" }, "geometry": { "type": "Polygon", "coordinates": [ [ [ 79.998339367180549, 6.914376866827542 ], [ 80.00024002608734, 6.914380860898087 ], [ 80.000236032534005, 6.916280229124342 ], [ 79.998335366038091, 6.916276233946327 ], [ 79.998339367180549, 6.914376866827542 ] ] ] } },
{ "type": "Feature", "properties": { "id": "1855,3640", "grid_id": "1855,3640" }, "geometry": { "type": "Polygon", "coordinates": [ [ [ 80.00024002608734, 6.914380860898087 ], [ 80.002140686117556, 6.914384847385694 ], [ 80.002136700153343, 6.916284216717317 ], [ 80.000236032534005, 6.916280229124342 ], [ 80.00024002608734, 6.914380860898087 ] ] ] } },
{ "type": "Feature", "properties": { "id": "1856,3640", "grid_id": "1856,3640" }, "geometry": { "type": "Polygon", "coordinates": [ [ [ 80.002140686117556, 6.914384847385694 ], [ 80.004041347269066, 6.914388826290344 ], [ 80.004037368894018, 6.916288196725231 ], [ 80.002136700153343, 6.916284216717317 ], [ 80.002140686117556, 6.914384847385694 ] ] ] } },
{ "type": "Feature", "properties": { "id": "1857,3640", "grid_id": "1857,3640" }, "geometry": { "type": "Polygon", "coordinates": [ [ [ 80.004041347269066, 6.914388826290344 ], [ 80.005942009539737, 6.914392797612012 ], [ 80.005938038753868, 6.916292169148062 ], [ 80.004037368894018, 6.916288196725231 ], [ 80.004041347269066, 6.914388826290344 ] ] ] } },
{ "type": "Feature", "properties": { "id": "1858,3640", "grid_id": "1858,3640" }, "geometry": { "type": "Polygon", "coordinates": [ [ [ 80.005942009539737, 6.914392797612012 ], [ 80.007842672927438, 6.914396761350679 ], [ 80.007838709730777, 6.916296133985789 ], [ 80.005938038753868, 6.916292169148062 ], [ 80.005942009539737, 6.914392797612012 ] ] ] } },
{ "type": "Feature", "properties": { "id": "1859,3640", "grid_id": "1859,3640" }, "geometry": { "type": "Polygon", "coordinates": [ [ [ 80.007842672927438, 6.914396761350679 ], [ 80.009743337430024, 6.914400717506322 ], [ 80.009739381822584, 6.916300091238387 ], [ 80.007838709730777, 6.916296133985789 ], [ 80.007842672927438, 6.914396761350679 ] ] ] } },
{ "type": "Feature", "properties": { "id": "1860,3640", "grid_id": "1860,3640" }, "geometry": { "type": "Polygon", "coordinates": [ [ [ 80.009743337430024, 6.914400717506322 ], [ 80.011644003045362, 6.914404666078918 ], [ 80.011640055027172, 6.916304040905839 ], [ 80.009739381822584, 6.916300091238387 ], [ 80.009743337430024, 6.914400717506322 ] ] ] } },
{ "type": "Feature", "properties": { "id": "1861,3640", "grid_id": "1861,3640" }, "geometry": { "type": "Polygon", "coordinates": [ [ [ 80.011644003045362, 6.914404666078918 ], [ 80.013544669771335, 6.914408607068449 ], [ 80.013540729342409, 6.91630798298812 ], [ 80.011640055027172, 6.916304040905839 ], [ 80.011644003045362, 6.914404666078918 ] ] ] } },
{ "type": "Feature", "properties": { "id": "1862,3640", "grid_id": "1862,3640" }, "geometry": { "type": "Polygon", "coordinates": [ [ [ 80.013544669771335, 6.914408607068449 ], [ 80.015445337605797, 6.914412540474888 ], [ 80.01544140476615, 6.916311917485208 ], [ 80.013540729342409, 6.91630798298812 ], [ 80.013544669771335, 6.914408607068449 ] ] ] } },
{ "type": "Feature", "properties": { "id": "1863,3640", "grid_id": "1863,3640" }, "geometry": { "type": "Polygon", "coordinates": [ [ [ 80.015445337605797, 6.914412540474888 ], [ 80.017346006546589, 6.914416466298217 ], [ 80.017342081296277, 6.916315844397086 ], [ 80.01544140476615, 6.916311917485208 ], [ 80.015445337605797, 6.914412540474888 ] ] ] } },
{ "type": "Feature", "properties": { "id": "1864,3640", "grid_id": "1864,3640" }, "geometry": { "type": "Polygon", "coordinates": [ [ [ 80.017346006546589, 6.914416466298217 ], [ 80.019246676591607, 6.914420384538417 ], [ 80.019242758930616, 6.916319763723727 ], [ 80.017342081296277, 6.916315844397086 ], [ 80.017346006546589, 6.914416466298217 ] ] ] } },
{ "type": "Feature", "properties": { "id": "1865,3640", "grid_id": "1865,3640" }, "geometry": { "type": "Polygon", "coordinates": [ [ [ 80.019246676591607, 6.914420384538417 ], [ 80.021147347738705, 6.914424295195461 ], [ 80.021143437667078, 6.916323675465113 ], [ 80.019242758930616, 6.916319763723727 ], [ 80.019246676591607, 6.914420384538417 ] ] ] } },
{ "type": "Feature", "properties": { "id": "1866,3640", "grid_id": "1866,3640" }, "geometry": { "type": "Polygon", "coordinates": [ [ [ 80.021147347738705, 6.914424295195461 ], [ 80.023048019985751, 6.91442819826933 ], [ 80.023044117503488, 6.916327579621221 ], [ 80.021143437667078, 6.916323675465113 ], [ 80.021147347738705, 6.914424295195461 ] ] ] } },
{ "type": "Feature", "properties": { "id": "1867,3640", "grid_id": "1867,3640" }, "geometry": { "type": "Polygon", "coordinates": [ [ [ 80.023048019985751, 6.91442819826933 ], [ 80.024948693330614, 6.914432093760004 ], [ 80.024944798437744, 6.916331476192032 ], [ 80.023044117503488, 6.916327579621221 ], [ 80.023048019985751, 6.91442819826933 ] ] ] } },
{ "type": "Feature", "properties": { "id": "1868,3640", "grid_id": "1868,3640" }, "geometry": { "type": "Polygon", "coordinates": [ [ [ 80.024948693330614, 6.914432093760004 ], [ 80.026849367771149, 6.914435981667461 ], [ 80.026845480467713, 6.91633536517752 ], [ 80.024944798437744, 6.916331476192032 ], [ 80.024948693330614, 6.914432093760004 ] ] ] } },
{ "type": "Feature", "properties": { "id": "1869,3640", "grid_id": "1869,3640" }, "geometry": { "type": "Polygon", "coordinates": [ [ [ 80.026849367771149, 6.914435981667461 ], [ 80.028750043305223, 6.914439861991679 ], [ 80.028746163591222, 6.916339246577669 ], [ 80.026845480467713, 6.91633536517752 ], [ 80.026849367771149, 6.914435981667461 ] ] ] } },
{ "type": "Feature", "properties": { "id": "1870,3640", "grid_id": "1870,3640" }, "geometry": { "type": "Polygon", "coordinates": [ [ [ 80.028750043305223, 6.914439861991679 ], [ 80.030650719930705, 6.914443734732635 ], [ 80.030646847806167, 6.916343120392453 ], [ 80.028746163591222, 6.916339246577669 ], [ 80.028750043305223, 6.914439861991679 ] ] ] } },
{ "type": "Feature", "properties": { "id": "1871,3640", "grid_id": "1871,3640" }, "geometry": { "type": "Polygon", "coordinates": [ [ [ 80.030650719930705, 6.914443734732635 ], [ 80.032551397645477, 6.914447599890313 ], [ 80.032547533110403, 6.916346986621856 ], [ 80.030646847806167, 6.916343120392453 ], [ 80.030650719930705, 6.914443734732635 ] ] ] } },
{ "type": "Feature", "properties": { "id": "1872,3640", "grid_id": "1872,3640" }, "geometry": { "type": "Polygon", "coordinates": [ [ [ 80.032551397645477, 6.914447599890313 ], [ 80.034452076447366, 6.914451457464685 ], [ 80.034448219501797, 6.916350845265852 ], [ 80.032547533110403, 6.916346986621856 ], [ 80.032551397645477, 6.914447599890313 ] ] ] } },
{ "type": "Feature", "properties": { "id": "1873,3640", "grid_id": "1873,3640" }, "geometry": { "type": "Polygon", "coordinates": [ [ [ 80.034452076447366, 6.914451457464685 ], [ 80.036352756334253, 6.914455307455736 ], [ 80.036348906978233, 6.916354696324421 ], [ 80.034448219501797, 6.916350845265852 ], [ 80.034452076447366, 6.914451457464685 ] ] ] } },
{ "type": "Feature", "properties": { "id": "1874,3640", "grid_id": "1874,3640" }, "geometry": { "type": "Polygon", "coordinates": [ [ [ 80.036352756334253, 6.914455307455736 ], [ 80.038253437304007, 6.914459149863441 ], [ 80.038249595537522, 6.916358539797545 ], [ 80.036348906978233, 6.916354696324421 ], [ 80.036352756334253, 6.914455307455736 ] ] ] } },
{ "type": "Feature", "properties": { "id": "1875,3640", "grid_id": "1875,3640" }, "geometry": { "type": "Polygon", "coordinates": [ [ [ 80.038253437304007, 6.914459149863441 ], [ 80.040154119354511, 6.91446298468778 ], [ 80.040150285177589, 6.916362375685199 ], [ 80.038249595537522, 6.916358539797545 ], [ 80.038253437304007, 6.914459149863441 ] ] ] } },
{ "type": "Feature", "properties": { "id": "1876,3640", "grid_id": "1876,3640" }, "geometry": { "type": "Polygon", "coordinates": [ [ [ 80.040154119354511, 6.91446298468778 ], [ 80.042054802483591, 6.914466811928734 ], [ 80.042050975896274, 6.916366203987364 ], [ 80.040150285177589, 6.916362375685199 ], [ 80.040154119354511, 6.91446298468778 ] ] ] } },
{ "type": "Feature", "properties": { "id": "1877,3640", "grid_id": "1877,3640" }, "geometry": { "type": "Polygon", "coordinates": [ [ [ 80.042054802483591, 6.914466811928734 ], [ 80.043955486689143, 6.914470631586281 ], [ 80.043951667691417, 6.916370024704018 ], [ 80.042050975896274, 6.916366203987364 ], [ 80.042054802483591, 6.914466811928734 ] ] ] } },
{ "type": "Feature", "properties": { "id": "1878,3640", "grid_id": "1878,3640" }, "geometry": { "type": "Polygon", "coordinates": [ [ [ 80.043955486689143, 6.914470631586281 ], [ 80.045856171969007, 6.914474443660398 ], [ 80.045852360560929, 6.916373837835142 ], [ 80.043951667691417, 6.916370024704018 ], [ 80.043955486689143, 6.914470631586281 ] ] ] } },
{ "type": "Feature", "properties": { "id": "1805,3641", "grid_id": "1805,3641" }, "geometry": { "type": "Polygon", "coordinates": [ [ [ 79.905204128425794, 6.916071179016156 ], [ 79.907104737257399, 6.916075545833494 ], [ 79.907100370636201, 6.917974857167328 ], [ 79.905199754214465, 6.917970489139495 ], [ 79.905204128425794, 6.916071179016156 ] ] ] } },
{ "type": "Feature", "properties": { "id": "1806,3641", "grid_id": "1806,3641" }, "geometry": { "type": "Polygon", "coordinates": [ [ [ 79.907104737257399, 6.916075545833494 ], [ 79.909005347317063, 6.916079905066913 ], [ 79.909000988285996, 6.917979217609144 ], [ 79.907100370636201, 6.917974857167328 ], [ 79.907104737257399, 6.916075545833494 ] ] ] } },
{ "type": "Feature", "properties": { "id": "1807,3641", "grid_id": "1807,3641" }, "geometry": { "type": "Polygon", "coordinates": [ [ [ 79.909005347317063, 6.916079905066913 ], [ 79.910905958602655, 6.916084256716391 ], [ 79.910901607161748, 6.917983570464912 ], [ 79.909000988285996, 6.917979217609144 ], [ 79.909005347317063, 6.916079905066913 ] ] ] } },
{ "type": "Feature", "properties": { "id": "1808,3641", "grid_id": "1808,3641" }, "geometry": { "type": "Polygon", "coordinates": [ [ [ 79.910905958602655, 6.916084256716391 ], [ 79.912806571112014, 6.916088600781901 ], [ 79.912802227261295, 6.917987915734612 ], [ 79.910901607161748, 6.917983570464912 ], [ 79.910905958602655, 6.916084256716391 ] ] ] } },
{ "type": "Feature", "properties": { "id": "1809,3641", "grid_id": "1809,3641" }, "geometry": { "type": "Polygon", "coordinates": [ [ [ 79.912806571112014, 6.916088600781901 ], [ 79.914707184843039, 6.916092937263421 ], [ 79.914702848582536, 6.91799225341822 ], [ 79.912802227261295, 6.917987915734612 ], [ 79.912806571112014, 6.916088600781901 ] ] ] } },
{ "type": "Feature", "properties": { "id": "1810,3641", "grid_id": "1810,3641" }, "geometry": { "type": "Polygon", "coordinates": [ [ [ 79.914707184843039, 6.916092937263421 ], [ 79.916607799793567, 6.916097266160927 ], [ 79.91660347112331, 6.917996583515712 ], [ 79.914702848582536, 6.91799225341822 ], [ 79.914707184843039, 6.916092937263421 ] ] ] } },
{ "type": "Feature", "properties": { "id": "1811,3641", "grid_id": "1811,3641" }, "geometry": { "type": "Polygon", "coordinates": [ [ [ 79.916607799793567, 6.916097266160927 ], [ 79.918508415961483, 6.916101587474394 ], [ 79.918504094881484, 6.918000906027064 ], [ 79.91660347112331, 6.917996583515712 ], [ 79.916607799793567, 6.916097266160927 ] ] ] } },
{ "type": "Feature", "properties": { "id": "1812,3641", "grid_id": "1812,3641" }, "geometry": { "type": "Polygon", "coordinates": [ [ [ 79.918508415961483, 6.916101587474394 ], [ 79.920409033344654, 6.916105901203802 ], [ 79.920404719854929, 6.918005220952252 ], [ 79.918504094881484, 6.918000906027064 ], [ 79.918508415961483, 6.916101587474394 ] ] ] } },
{ "type": "Feature", "properties": { "id": "1813,3641", "grid_id": "1813,3641" }, "geometry": { "type": "Polygon", "coordinates": [ [ [ 79.920409033344654, 6.916105901203802 ], [ 79.922309651940935, 6.916110207349125 ], [ 79.922305346041526, 6.918009528291252 ], [ 79.920404719854929, 6.918005220952252 ], [ 79.920409033344654, 6.916105901203802 ] ] ] } },
{ "type": "Feature", "properties": { "id": "1814,3641", "grid_id": "1814,3641" }, "geometry": { "type": "Polygon", "coordinates": [ [ [ 79.922309651940935, 6.916110207349125 ], [ 79.924210271748194, 6.916114505910338 ], [ 79.924205973439101, 6.918013828044043 ], [ 79.922305346041526, 6.918009528291252 ], [ 79.922309651940935, 6.916110207349125 ] ] ] } },
{ "type": "Feature", "properties": { "id": "1815,3641", "grid_id": "1815,3641" }, "geometry": { "type": "Polygon", "coordinates": [ [ [ 79.924210271748194, 6.916114505910338 ], [ 79.926110892764285, 6.916118796887421 ], [ 79.92610660204555, 6.9180181202106 ], [ 79.924205973439101, 6.918013828044043 ], [ 79.924210271748194, 6.916114505910338 ] ] ] } },
{ "type": "Feature", "properties": { "id": "1816,3641", "grid_id": "1816,3641" }, "geometry": { "type": "Polygon", "coordinates": [ [ [ 79.926110892764285, 6.916118796887421 ], [ 79.928011514987091, 6.916123080280347 ], [ 79.928007231858743, 6.918022404790896 ], [ 79.92610660204555, 6.9180181202106 ], [ 79.926110892764285, 6.916118796887421 ] ] ] } },
{ "type": "Feature", "properties": { "id": "1817,3641", "grid_id": "1817,3641" }, "geometry": { "type": "Polygon", "coordinates": [ [ [ 79.928011514987091, 6.916123080280347 ], [ 79.92991213841448, 6.916127356089093 ], [ 79.929907862876519, 6.918026681784912 ], [ 79.928007231858743, 6.918022404790896 ], [ 79.928011514987091, 6.916123080280347 ] ] ] } },
{ "type": "Feature", "properties": { "id": "1818,3641", "grid_id": "1818,3641" }, "geometry": { "type": "Polygon", "coordinates": [ [ [ 79.92991213841448, 6.916127356089093 ], [ 79.931812763044292, 6.916131624313637 ], [ 79.931808495096774, 6.918030951192626 ], [ 79.929907862876519, 6.918026681784912 ], [ 79.92991213841448, 6.916127356089093 ] ] ] } },
{ "type": "Feature", "properties": { "id": "1819,3641", "grid_id": "1819,3641" }, "geometry": { "type": "Polygon", "coordinates": [ [ [ 79.931812763044292, 6.916131624313637 ], [ 79.933713388874423, 6.916135884953957 ], [ 79.93370912851735, 6.918035213014007 ], [ 79.931808495096774, 6.918030951192626 ], [ 79.931812763044292, 6.916131624313637 ] ] ] } },
{ "type": "Feature", "properties": { "id": "1820,3641", "grid_id": "1820,3641" }, "geometry": { "type": "Polygon", "coordinates": [ [ [ 79.933713388874423, 6.916135884953957 ], [ 79.935614015902729, 6.916140138010026 ], [ 79.935609763136128, 6.918039467249041 ], [ 79.93370912851735, 6.918035213014007 ], [ 79.933713388874423, 6.916135884953957 ] ] ] } },
{ "type": "Feature", "properties": { "id": "1821,3641", "grid_id": "1821,3641" }, "geometry": { "type": "Polygon", "coordinates": [ [ [ 79.935614015902729, 6.916140138010026 ], [ 79.937514644127049, 6.916144383481823 ], [ 79.937510398950948, 6.918043713897698 ], [ 79.935609763136128, 6.918039467249041 ], [ 79.935614015902729, 6.916140138010026 ] ] ] } },
{ "type": "Feature", "properties": { "id": "1822,3641", "grid_id": "1822,3641" }, "geometry": { "type": "Polygon", "coordinates": [ [ [ 79.937514644127049, 6.916144383481823 ], [ 79.939415273545293, 6.916148621369326 ], [ 79.939411035959708, 6.918047952959957 ], [ 79.937510398950948, 6.918043713897698 ], [ 79.937514644127049, 6.916144383481823 ] ] ] } },
{ "type": "Feature", "properties": { "id": "1823,3641", "grid_id": "1823,3641" }, "geometry": { "type": "Polygon", "coordinates": [ [ [ 79.939415273545293, 6.916148621369326 ], [ 79.941315904155289, 6.91615285167251 ], [ 79.941311674160247, 6.918052184435795 ], [ 79.939411035959708, 6.918047952959957 ], [ 79.939415273545293, 6.916148621369326 ] ] ] } },
{ "type": "Feature", "properties": { "id": "1824,3641", "grid_id": "1824,3641" }, "geometry": { "type": "Polygon", "coordinates": [ [ [ 79.941315904155289, 6.91615285167251 ], [ 79.943216535954903, 6.91615707439135 ], [ 79.943212313550447, 6.918056408325189 ], [ 79.941311674160247, 6.918052184435795 ], [ 79.941315904155289, 6.91615285167251 ] ] ] } },
{ "type": "Feature", "properties": { "id": "1825,3641", "grid_id": "1825,3641" }, "geometry": { "type": "Polygon", "coordinates": [ [ [ 79.943216535954903, 6.91615707439135 ], [ 79.945117168942033, 6.916161289525826 ], [ 79.945112954128163, 6.918060624628115 ], [ 79.943212313550447, 6.918056408325189 ], [ 79.943216535954903, 6.91615707439135 ] ] ] } },
{ "type": "Feature", "properties": { "id": "1826,3641", "grid_id": "1826,3641" }, "geometry": { "type": "Polygon", "coordinates": [ [ [ 79.945117168942033, 6.916161289525826 ], [ 79.94701780311452, 6.916165497075914 ], [ 79.947013595891264, 6.918064833344551 ], [ 79.945112954128163, 6.918060624628115 ], [ 79.945117168942033, 6.916161289525826 ] ] ] } },
{ "type": "Feature", "properties": { "id": "1827,3641", "grid_id": "1827,3641" }, "geometry": { "type": "Polygon", "coordinates": [ [ [ 79.94701780311452, 6.916165497075914 ], [ 79.948918438470244, 6.91616969704159 ], [ 79.948914238837617, 6.918069034474473 ], [ 79.947013595891264, 6.918064833344551 ], [ 79.94701780311452, 6.916165497075914 ] ] ] } },
{ "type": "Feature", "properties": { "id": "1828,3641", "grid_id": "1828,3641" }, "geometry": { "type": "Polygon", "coordinates": [ [ [ 79.948918438470244, 6.91616969704159 ], [ 79.950819075007061, 6.916173889422831 ], [ 79.950814882965091, 6.918073228017858 ], [ 79.948914238837617, 6.918069034474473 ], [ 79.948918438470244, 6.91616969704159 ] ] ] } },
{ "type": "Feature", "properties": { "id": "1829,3641", "grid_id": "1829,3641" }, "geometry": { "type": "Polygon", "coordinates": [ [ [ 79.950819075007061, 6.916173889422831 ], [ 79.952719712722811, 6.916178074219617 ], [ 79.952715528271526, 6.918077413974684 ], [ 79.950814882965091, 6.918073228017858 ], [ 79.950819075007061, 6.916173889422831 ] ] ] } },
{ "type": "Feature", "properties": { "id": "1830,3641", "grid_id": "1830,3641" }, "geometry": { "type": "Polygon", "coordinates": [ [ [ 79.952719712722811, 6.916178074219617 ], [ 79.954620351615404, 6.916182251431922 ], [ 79.954616174754818, 6.918081592344926 ], [ 79.952715528271526, 6.918077413974684 ], [ 79.952719712722811, 6.916178074219617 ] ] ] } },
{ "type": "Feature", "properties": { "id": "1831,3641", "grid_id": "1831,3641" }, "geometry": { "type": "Polygon", "coordinates": [ [ [ 79.954620351615404, 6.916182251431922 ], [ 79.95652099168268, 6.916186421059722 ], [ 79.956516822412837, 6.918085763128564 ], [ 79.954616174754818, 6.918081592344926 ], [ 79.954620351615404, 6.916182251431922 ] ] ] } },
{ "type": "Feature", "properties": { "id": "1832,3641", "grid_id": "1832,3641" }, "geometry": { "type": "Polygon", "coordinates": [ [ [ 79.95652099168268, 6.916186421059722 ], [ 79.958421632922509, 6.916190583102999 ], [ 79.958417471243422, 6.918089926325573 ], [ 79.956516822412837, 6.918085763128564 ], [ 79.95652099168268, 6.916186421059722 ] ] ] } },
{ "type": "Feature", "properties": { "id": "1833,3641", "grid_id": "1833,3641" }, "geometry": { "type": "Polygon", "coordinates": [ [ [ 79.958421632922509, 6.916190583102999 ], [ 79.960322275332757, 6.916194737561725 ], [ 79.960318121244441, 6.918094081935931 ], [ 79.958417471243422, 6.918089926325573 ], [ 79.958421632922509, 6.916190583102999 ] ] ] } },
{ "type": "Feature", "properties": { "id": "1834,3641", "grid_id": "1834,3641" }, "geometry": { "type": "Polygon", "coordinates": [ [ [ 79.960322275332757, 6.916194737561725 ], [ 79.962222918911294, 6.916198884435881 ], [ 79.962218772413777, 6.918098229959616 ], [ 79.960318121244441, 6.918094081935931 ], [ 79.960322275332757, 6.916194737561725 ] ] ] } },
{ "type": "Feature", "properties": { "id": "1835,3641", "grid_id": "1835,3641" }, "geometry": { "type": "Polygon", "coordinates": [ [ [ 79.962222918911294, 6.916198884435881 ], [ 79.964123563655974, 6.916203023725443 ], [ 79.964119424749271, 6.918102370396603 ], [ 79.962218772413777, 6.918098229959616 ], [ 79.962222918911294, 6.916198884435881 ] ] ] } },
{ "type": "Feature", "properties": { "id": "1836,3641", "grid_id": "1836,3641" }, "geometry": { "type": "Polygon", "coordinates": [ [ [ 79.964123563655974, 6.916203023725443 ], [ 79.966024209564679, 6.916207155430389 ], [ 79.966020078248818, 6.918106503246872 ], [ 79.964119424749271, 6.918102370396603 ], [ 79.964123563655974, 6.916203023725443 ] ] ] } },
{ "type": "Feature", "properties": { "id": "1837,3641", "grid_id": "1837,3641" }, "geometry": { "type": "Polygon", "coordinates": [ [ [ 79.966024209564679, 6.916207155430389 ], [ 79.96792485663525, 6.916211279550695 ], [ 79.967920732910258, 6.918110628510399 ], [ 79.966020078248818, 6.918106503246872 ], [ 79.966024209564679, 6.916207155430389 ] ] ] } },
{ "type": "Feature", "properties": { "id": "1838,3641", "grid_id": "1838,3641" }, "geometry": { "type": "Polygon", "coordinates": [ [ [ 79.96792485663525, 6.916211279550695 ], [ 79.969825504865568, 6.916215396086337 ], [ 79.969821388731475, 6.918114746187161 ], [ 79.967920732910258, 6.918110628510399 ], [ 79.96792485663525, 6.916211279550695 ] ] ] } },
{ "type": "Feature", "properties": { "id": "1839,3641", "grid_id": "1839,3641" }, "geometry": { "type": "Polygon", "coordinates": [ [ [ 79.969825504865568, 6.916215396086337 ], [ 79.971726154253503, 6.916219505037298 ], [ 79.971722045710322, 6.918118856277137 ], [ 79.969821388731475, 6.918114746187161 ], [ 79.969825504865568, 6.916215396086337 ] ] ] } },
{ "type": "Feature", "properties": { "id": "1840,3641", "grid_id": "1840,3641" }, "geometry": { "type": "Polygon", "coordinates": [ [ [ 79.971726154253503, 6.916219505037298 ], [ 79.973626804796908, 6.916223606403548 ], [ 79.973622703844654, 6.918122958780303 ], [ 79.971722045710322, 6.918118856277137 ], [ 79.971726154253503, 6.916219505037298 ] ] ] } },
{ "type": "Feature", "properties": { "id": "1841,3641", "grid_id": "1841,3641" }, "geometry": { "type": "Polygon", "coordinates": [ [ [ 79.973626804796908, 6.916223606403548 ], [ 79.975527456493666, 6.916227700185072 ], [ 79.975523363132368, 6.918127053696636 ], [ 79.973622703844654, 6.918122958780303 ], [ 79.973626804796908, 6.916223606403548 ] ] ] } },
{ "type": "Feature", "properties": { "id": "1842,3641", "grid_id": "1842,3641" }, "geometry": { "type": "Polygon", "coordinates": [ [ [ 79.975527456493666, 6.916227700185072 ], [ 79.977428109341616, 6.916231786381843 ], [ 79.977424023571302, 6.918131141026116 ], [ 79.975523363132368, 6.918127053696636 ], [ 79.975527456493666, 6.916227700185072 ] ] ] } },
{ "type": "Feature", "properties": { "id": "1843,3641", "grid_id": "1843,3641" }, "geometry": { "type": "Polygon", "coordinates": [ [ [ 79.977428109341616, 6.916231786381843 ], [ 79.979328763338629, 6.916235864993839 ], [ 79.979324685159327, 6.918135220768719 ], [ 79.977424023571302, 6.918131141026116 ], [ 79.977428109341616, 6.916231786381843 ] ] ] } },
{ "type": "Feature", "properties": { "id": "1844,3641", "grid_id": "1844,3641" }, "geometry": { "type": "Polygon", "coordinates": [ [ [ 79.979328763338629, 6.916235864993839 ], [ 79.981229418482584, 6.916239936021038 ], [ 79.981225347894309, 6.918139292924423 ], [ 79.979324685159327, 6.918135220768719 ], [ 79.979328763338629, 6.916235864993839 ] ] ] } },
{ "type": "Feature", "properties": { "id": "1845,3641", "grid_id": "1845,3641" }, "geometry": { "type": "Polygon", "coordinates": [ [ [ 79.981229418482584, 6.916239936021038 ], [ 79.983130074771353, 6.916243999463419 ], [ 79.983126011774132, 6.918143357493205 ], [ 79.981225347894309, 6.918139292924423 ], [ 79.981229418482584, 6.916239936021038 ] ] ] } },
{ "type": "Feature", "properties": { "id": "1846,3641", "grid_id": "1846,3641" }, "geometry": { "type": "Polygon", "coordinates": [ [ [ 79.983130074771353, 6.916243999463419 ], [ 79.985030732202773, 6.91624805532096 ], [ 79.985026676796622, 6.918147414475043 ], [ 79.983126011774132, 6.918143357493205 ], [ 79.983130074771353, 6.916243999463419 ] ] ] } },
{ "type": "Feature", "properties": { "id": "1847,3641", "grid_id": "1847,3641" }, "geometry": { "type": "Polygon", "coordinates": [ [ [ 79.985030732202773, 6.91624805532096 ], [ 79.986931390774743, 6.916252103593636 ], [ 79.98692734295966, 6.918151463869917 ], [ 79.985026676796622, 6.918147414475043 ], [ 79.985030732202773, 6.91624805532096 ] ] ] } },
{ "type": "Feature", "properties": { "id": "1848,3641", "grid_id": "1848,3641" }, "geometry": { "type": "Polygon", "coordinates": [ [ [ 79.986931390774743, 6.916252103593636 ], [ 79.988832050485101, 6.916256144281427 ], [ 79.988828010261145, 6.918155505677801 ], [ 79.98692734295966, 6.918151463869917 ], [ 79.986931390774743, 6.916252103593636 ] ] ] } },
{ "type": "Feature", "properties": { "id": "1849,3641", "grid_id": "1849,3641" }, "geometry": { "type": "Polygon", "coordinates": [ [ [ 79.988832050485101, 6.916256144281427 ], [ 79.990732711331702, 6.916260177384311 ], [ 79.9907286786989, 6.918159539898675 ], [ 79.988828010261145, 6.918155505677801 ], [ 79.988832050485101, 6.916256144281427 ] ] ] } },
{ "type": "Feature", "properties": { "id": "1850,3641", "grid_id": "1850,3641" }, "geometry": { "type": "Polygon", "coordinates": [ [ [ 79.990732711331702, 6.916260177384311 ], [ 79.992633373312458, 6.916264202902264 ], [ 79.992629348270796, 6.918163566532518 ], [ 79.9907286786989, 6.918159539898675 ], [ 79.990732711331702, 6.916260177384311 ] ] ] } },
{ "type": "Feature", "properties": { "id": "1851,3641", "grid_id": "1851,3641" }, "geometry": { "type": "Polygon", "coordinates": [ [ [ 79.992633373312458, 6.916264202902264 ], [ 79.994534036425193, 6.916268220835268 ], [ 79.994530018974714, 6.918167585579305 ], [ 79.992629348270796, 6.918163566532518 ], [ 79.992633373312458, 6.916264202902264 ] ] ] } },
{ "type": "Feature", "properties": { "id": "1852,3641", "grid_id": "1852,3641" }, "geometry": { "type": "Polygon", "coordinates": [ [ [ 79.994534036425193, 6.916268220835268 ], [ 79.996434700667777, 6.916272231183295 ], [ 79.996430690808509, 6.918171597039017 ], [ 79.994530018974714, 6.918167585579305 ], [ 79.994534036425193, 6.916268220835268 ] ] ] } },
{ "type": "Feature", "properties": { "id": "1853,3641", "grid_id": "1853,3641" }, "geometry": { "type": "Polygon", "coordinates": [ [ [ 79.996434700667777, 6.916272231183295 ], [ 79.998335366038091, 6.916276233946327 ], [ 79.998331363770049, 6.91817560091163 ], [ 79.996430690808509, 6.918171597039017 ], [ 79.996434700667777, 6.916272231183295 ] ] ] } },
{ "type": "Feature", "properties": { "id": "1854,3641", "grid_id": "1854,3641" }, "geometry": { "type": "Polygon", "coordinates": [ [ [ 79.998335366038091, 6.916276233946327 ], [ 80.000236032534005, 6.916280229124342 ], [ 80.000232037857202, 6.918179597197123 ], [ 79.998331363770049, 6.91817560091163 ], [ 79.998335366038091, 6.916276233946327 ] ] ] } },
{ "type": "Feature", "properties": { "id": "1855,3641", "grid_id": "1855,3641" }, "geometry": { "type": "Polygon", "coordinates": [ [ [ 80.000236032534005, 6.916280229124342 ], [ 80.002136700153343, 6.916284216717317 ], [ 80.002132713067823, 6.918183585895474 ], [ 80.000232037857202, 6.918179597197123 ], [ 80.000236032534005, 6.916280229124342 ] ] ] } },
{ "type": "Feature", "properties": { "id": "1856,3641", "grid_id": "1856,3641" }, "geometry": { "type": "Polygon", "coordinates": [ [ [ 80.002136700153343, 6.916284216717317 ], [ 80.004037368894018, 6.916288196725231 ], [ 80.004033389399794, 6.918187567006661 ], [ 80.002132713067823, 6.918183585895474 ], [ 80.002136700153343, 6.916284216717317 ] ] ] } },
{ "type": "Feature", "properties": { "id": "1857,3641", "grid_id": "1857,3641" }, "geometry": { "type": "Polygon", "coordinates": [ [ [ 80.004037368894018, 6.916288196725231 ], [ 80.005938038753868, 6.916292169148062 ], [ 80.005934066850955, 6.918191540530663 ], [ 80.004033389399794, 6.918187567006661 ], [ 80.004037368894018, 6.916288196725231 ] ] ] } },
{ "type": "Feature", "properties": { "id": "1858,3641", "grid_id": "1858,3641" }, "geometry": { "type": "Polygon", "coordinates": [ [ [ 80.005938038753868, 6.916292169148062 ], [ 80.007838709730777, 6.916296133985789 ], [ 80.007834745419188, 6.918195506467456 ], [ 80.005934066850955, 6.918191540530663 ], [ 80.005938038753868, 6.916292169148062 ] ] ] } },
{ "type": "Feature", "properties": { "id": "1859,3641", "grid_id": "1859,3641" }, "geometry": { "type": "Polygon", "coordinates": [ [ [ 80.007838709730777, 6.916296133985789 ], [ 80.009739381822584, 6.916300091238387 ], [ 80.009735425102377, 6.918199464817019 ], [ 80.007834745419188, 6.918195506467456 ], [ 80.007838709730777, 6.916296133985789 ] ] ] } },
{ "type": "Feature", "properties": { "id": "1860,3641", "grid_id": "1860,3641" }, "geometry": { "type": "Polygon", "coordinates": [ [ [ 80.009739381822584, 6.916300091238387 ], [ 80.011640055027172, 6.916304040905839 ], [ 80.011636105898333, 6.918203415579335 ], [ 80.009735425102377, 6.918199464817019 ], [ 80.009739381822584, 6.916300091238387 ] ] ] } },
{ "type": "Feature", "properties": { "id": "1861,3641", "grid_id": "1861,3641" }, "geometry": { "type": "Polygon", "coordinates": [ [ [ 80.011640055027172, 6.916304040905839 ], [ 80.013540729342409, 6.91630798298812 ], [ 80.013536787804966, 6.918207358754375 ], [ 80.011636105898333, 6.918203415579335 ], [ 80.011640055027172, 6.916304040905839 ] ] ] } },
{ "type": "Feature", "properties": { "id": "1862,3641", "grid_id": "1862,3641" }, "geometry": { "type": "Polygon", "coordinates": [ [ [ 80.013540729342409, 6.91630798298812 ], [ 80.01544140476615, 6.916311917485208 ], [ 80.015437470820132, 6.918211294342122 ], [ 80.013536787804966, 6.918207358754375 ], [ 80.013540729342409, 6.91630798298812 ] ] ] } },
{ "type": "Feature", "properties": { "id": "1863,3641", "grid_id": "1863,3641" }, "geometry": { "type": "Polygon", "coordinates": [ [ [ 80.01544140476615, 6.916311917485208 ], [ 80.017342081296277, 6.916315844397086 ], [ 80.017338154941712, 6.918215222342553 ], [ 80.015437470820132, 6.918211294342122 ], [ 80.01544140476615, 6.916311917485208 ] ] ] } },
{ "type": "Feature", "properties": { "id": "1864,3641", "grid_id": "1864,3641" }, "geometry": { "type": "Polygon", "coordinates": [ [ [ 80.017342081296277, 6.916315844397086 ], [ 80.019242758930616, 6.916319763723727 ], [ 80.019238840167532, 6.918219142755649 ], [ 80.017338154941712, 6.918215222342553 ], [ 80.017342081296277, 6.916315844397086 ] ] ] } },
{ "type": "Feature", "properties": { "id": "1865,3641", "grid_id": "1865,3641" }, "geometry": { "type": "Polygon", "coordinates": [ [ [ 80.019242758930616, 6.916319763723727 ], [ 80.021143437667078, 6.916323675465113 ], [ 80.021139526495475, 6.918223055581382 ], [ 80.019238840167532, 6.918219142755649 ], [ 80.019242758930616, 6.916319763723727 ] ] ] } },
{ "type": "Feature", "properties": { "id": "1866,3641", "grid_id": "1866,3641" }, "geometry": { "type": "Polygon", "coordinates": [ [ [ 80.021143437667078, 6.916323675465113 ], [ 80.023044117503488, 6.916327579621221 ], [ 80.023040213923409, 6.918226960819737 ], [ 80.021139526495475, 6.918223055581382 ], [ 80.021143437667078, 6.916323675465113 ] ] ] } },
{ "type": "Feature", "properties": { "id": "1867,3641", "grid_id": "1867,3641" }, "geometry": { "type": "Polygon", "coordinates": [ [ [ 80.023044117503488, 6.916327579621221 ], [ 80.024944798437744, 6.916331476192032 ], [ 80.024940902449188, 6.918230858470692 ], [ 80.023040213923409, 6.918226960819737 ], [ 80.023044117503488, 6.916327579621221 ] ] ] } },
{ "type": "Feature", "properties": { "id": "1868,3641", "grid_id": "1868,3641" }, "geometry": { "type": "Polygon", "coordinates": [ [ [ 80.024944798437744, 6.916331476192032 ], [ 80.026845480467713, 6.91633536517752 ], [ 80.026841592070696, 6.918234748534223 ], [ 80.024940902449188, 6.918230858470692 ], [ 80.024944798437744, 6.916331476192032 ] ] ] } },
{ "type": "Feature", "properties": { "id": "1869,3641", "grid_id": "1869,3641" }, "geometry": { "type": "Polygon", "coordinates": [ [ [ 80.026845480467713, 6.91633536517752 ], [ 80.028746163591222, 6.916339246577669 ], [ 80.028742282785785, 6.91823863101031 ], [ 80.026841592070696, 6.918234748534223 ], [ 80.026845480467713, 6.91633536517752 ] ] ] } },
{ "type": "Feature", "properties": { "id": "1870,3641", "grid_id": "1870,3641" }, "geometry": { "type": "Polygon", "coordinates": [ [ [ 80.028746163591222, 6.916339246577669 ], [ 80.030646847806167, 6.916343120392453 ], [ 80.03064297459234, 6.91824250589893 ], [ 80.028742282785785, 6.91823863101031 ], [ 80.028746163591222, 6.916339246577669 ] ] ] } },
{ "type": "Feature", "properties": { "id": "1871,3641", "grid_id": "1871,3641" }, "geometry": { "type": "Polygon", "coordinates": [ [ [ 80.030646847806167, 6.916343120392453 ], [ 80.032547533110403, 6.916346986621856 ], [ 80.032543667488184, 6.918246373200066 ], [ 80.03064297459234, 6.91824250589893 ], [ 80.030646847806167, 6.916343120392453 ] ] ] } },
{ "type": "Feature", "properties": { "id": "1872,3641", "grid_id": "1872,3641" }, "geometry": { "type": "Polygon", "coordinates": [ [ [ 80.032547533110403, 6.916346986621856 ], [ 80.034448219501797, 6.916350845265852 ], [ 80.034444361471216, 6.918250232913692 ], [ 80.032543667488184, 6.918246373200066 ], [ 80.032547533110403, 6.916346986621856 ] ] ] } },
{ "type": "Feature", "properties": { "id": "1873,3641", "grid_id": "1873,3641" }, "geometry": { "type": "Polygon", "coordinates": [ [ [ 80.034448219501797, 6.916350845265852 ], [ 80.036348906978233, 6.916354696324421 ], [ 80.036345056539304, 6.91825408503979 ], [ 80.034444361471216, 6.918250232913692 ], [ 80.034448219501797, 6.916350845265852 ] ] ] } },
{ "type": "Feature", "properties": { "id": "1874,3641", "grid_id": "1874,3641" }, "geometry": { "type": "Polygon", "coordinates": [ [ [ 80.036348906978233, 6.916354696324421 ], [ 80.038249595537522, 6.916358539797545 ], [ 80.038245752690287, 6.918257929578339 ], [ 80.036345056539304, 6.91825408503979 ], [ 80.036348906978233, 6.916354696324421 ] ] ] } },
{ "type": "Feature", "properties": { "id": "1875,3641", "grid_id": "1875,3641" }, "geometry": { "type": "Polygon", "coordinates": [ [ [ 80.038249595537522, 6.916358539797545 ], [ 80.040150285177589, 6.916362375685199 ], [ 80.040146449922048, 6.918261766529316 ], [ 80.038245752690287, 6.918257929578339 ], [ 80.038249595537522, 6.916358539797545 ] ] ] } },
{ "type": "Feature", "properties": { "id": "1876,3641", "grid_id": "1876,3641" }, "geometry": { "type": "Polygon", "coordinates": [ [ [ 80.040150285177589, 6.916362375685199 ], [ 80.042050975896274, 6.916366203987364 ], [ 80.042047148232456, 6.9182655958927 ], [ 80.040146449922048, 6.918261766529316 ], [ 80.040150285177589, 6.916362375685199 ] ] ] } },
{ "type": "Feature", "properties": { "id": "1877,3641", "grid_id": "1877,3641" }, "geometry": { "type": "Polygon", "coordinates": [ [ [ 80.042050975896274, 6.916366203987364 ], [ 80.043951667691417, 6.916370024704018 ], [ 80.043947847619364, 6.918269417668473 ], [ 80.042047148232456, 6.9182655958927 ], [ 80.042050975896274, 6.916366203987364 ] ] ] } },
{ "type": "Feature", "properties": { "id": "1809,3642", "grid_id": "1809,3642" }, "geometry": { "type": "Polygon", "coordinates": [ [ [ 79.912802227261295, 6.917987915734612 ], [ 79.914702848582536, 6.91799225341822 ], [ 79.914698511102486, 6.919891569419106 ], [ 79.912797882188912, 6.919887230533401 ], [ 79.912802227261295, 6.917987915734612 ] ] ] } },
{ "type": "Feature", "properties": { "id": "1810,3642", "grid_id": "1810,3642" }, "geometry": { "type": "Polygon", "coordinates": [ [ [ 79.914702848582536, 6.91799225341822 ], [ 79.91660347112331, 6.917996583515712 ], [ 79.916599141235622, 6.919895900716592 ], [ 79.914698511102486, 6.919891569419106 ], [ 79.914702848582536, 6.91799225341822 ] ] ] } },
{ "type": "Feature", "properties": { "id": "1811,3642", "grid_id": "1811,3642" }, "geometry": { "type": "Polygon", "coordinates": [ [ [ 79.91660347112331, 6.917996583515712 ], [ 79.918504094881484, 6.918000906027064 ], [ 79.918499772586188, 6.919900224425835 ], [ 79.916599141235622, 6.919895900716592 ], [ 79.91660347112331, 6.917996583515712 ] ] ] } },
{ "type": "Feature", "properties": { "id": "1812,3642", "grid_id": "1812,3642" }, "geometry": { "type": "Polygon", "coordinates": [ [ [ 79.918504094881484, 6.918000906027064 ], [ 79.920404719854929, 6.918005220952252 ], [ 79.920400405152066, 6.919904540546814 ], [ 79.918499772586188, 6.919900224425835 ], [ 79.918504094881484, 6.918000906027064 ] ] ] } },
{ "type": "Feature", "properties": { "id": "1813,3642", "grid_id": "1813,3642" }, "geometry": { "type": "Polygon", "coordinates": [ [ [ 79.920404719854929, 6.918005220952252 ], [ 79.922305346041526, 6.918009528291252 ], [ 79.922301038931096, 6.919908849079504 ], [ 79.920400405152066, 6.919904540546814 ], [ 79.920404719854929, 6.918005220952252 ] ] ] } },
{ "type": "Feature", "properties": { "id": "1814,3642", "grid_id": "1814,3642" }, "geometry": { "type": "Polygon", "coordinates": [ [ [ 79.922305346041526, 6.918009528291252 ], [ 79.924205973439101, 6.918013828044043 ], [ 79.924201673921146, 6.919913150023881 ], [ 79.922301038931096, 6.919908849079504 ], [ 79.922305346041526, 6.918009528291252 ] ] ] } },
{ "type": "Feature", "properties": { "id": "1815,3642", "grid_id": "1815,3642" }, "geometry": { "type": "Polygon", "coordinates": [ [ [ 79.924205973439101, 6.918013828044043 ], [ 79.92610660204555, 6.9180181202106 ], [ 79.9261023101201, 6.919917443379918 ], [ 79.924201673921146, 6.919913150023881 ], [ 79.924205973439101, 6.918013828044043 ] ] ] } },
{ "type": "Feature", "properties": { "id": "1816,3642", "grid_id": "1816,3642" }, "geometry": { "type": "Polygon", "coordinates": [ [ [ 79.92610660204555, 6.9180181202106 ], [ 79.928007231858743, 6.918022404790896 ], [ 79.928002947525798, 6.919921729147598 ], [ 79.9261023101201, 6.919917443379918 ], [ 79.92610660204555, 6.9180181202106 ] ] ] } },
{ "type": "Feature", "properties": { "id": "1817,3642", "grid_id": "1817,3642" }, "geometry": { "type": "Polygon", "coordinates": [ [ [ 79.928007231858743, 6.918022404790896 ], [ 79.929907862876519, 6.918026681784912 ], [ 79.92990358613612, 6.919926007326891 ], [ 79.928002947525798, 6.919921729147598 ], [ 79.928007231858743, 6.918022404790896 ] ] ] } },
{ "type": "Feature", "properties": { "id": "1818,3642", "grid_id": "1818,3642" }, "geometry": { "type": "Polygon", "coordinates": [ [ [ 79.929907862876519, 6.918026681784912 ], [ 79.931808495096774, 6.918030951192626 ], [ 79.931804225948937, 6.919930277917779 ], [ 79.92990358613612, 6.919926007326891 ], [ 79.929907862876519, 6.918026681784912 ] ] ] } },
{ "type": "Feature", "properties": { "id": "1819,3642", "grid_id": "1819,3642" }, "geometry": { "type": "Polygon", "coordinates": [ [ [ 79.931808495096774, 6.918030951192626 ], [ 79.93370912851735, 6.918035213014007 ], [ 79.933704866962088, 6.919934540920237 ], [ 79.931804225948937, 6.919930277917779 ], [ 79.931808495096774, 6.918030951192626 ] ] ] } },
{ "type": "Feature", "properties": { "id": "1822,3642", "grid_id": "1822,3642" }, "geometry": { "type": "Polygon", "coordinates": [ [ [ 79.937510398950948, 6.918043713897698 ], [ 79.939411035959708, 6.918047952959957 ], [ 79.939406797182343, 6.919947284396793 ], [ 79.937506152580923, 6.919943044159766 ], [ 79.937510398950948, 6.918043713897698 ] ] ] } },
{ "type": "Feature", "properties": { "id": "1823,3642", "grid_id": "1823,3642" }, "geometry": { "type": "Polygon", "coordinates": [ [ [ 79.939411035959708, 6.918047952959957 ], [ 79.941311674160247, 6.918052184435795 ], [ 79.941307442975543, 6.919951517045295 ], [ 79.939406797182343, 6.919947284396793 ], [ 79.939411035959708, 6.918047952959957 ] ] ] } },
{ "type": "Feature", "properties": { "id": "1824,3642", "grid_id": "1824,3642" }, "geometry": { "type": "Polygon", "coordinates": [ [ [ 79.941311674160247, 6.918052184435795 ], [ 79.943212313550447, 6.918056408325189 ], [ 79.943208089958461, 6.91995574210525 ], [ 79.941307442975543, 6.919951517045295 ], [ 79.941311674160247, 6.918052184435795 ] ] ] } },
{ "type": "Feature", "properties": { "id": "1825,3642", "grid_id": "1825,3642" }, "geometry": { "type": "Polygon", "coordinates": [ [ [ 79.943212313550447, 6.918056408325189 ], [ 79.945112954128163, 6.918060624628115 ], [ 79.945108738128894, 6.919959959576636 ], [ 79.943208089958461, 6.91995574210525 ], [ 79.943212313550447, 6.918056408325189 ] ] ] } },
{ "type": "Feature", "properties": { "id": "1826,3642", "grid_id": "1826,3642" }, "geometry": { "type": "Polygon", "coordinates": [ [ [ 79.945112954128163, 6.918060624628115 ], [ 79.947013595891264, 6.918064833344551 ], [ 79.947009387484741, 6.919964169459428 ], [ 79.945108738128894, 6.919959959576636 ], [ 79.945112954128163, 6.918060624628115 ] ] ] } },
{ "type": "Feature", "properties": { "id": "1827,3642", "grid_id": "1827,3642" }, "geometry": { "type": "Polygon", "coordinates": [ [ [ 79.947013595891264, 6.918064833344551 ], [ 79.948914238837617, 6.918069034474473 ], [ 79.948910038023868, 6.919968371753604 ], [ 79.947009387484741, 6.919964169459428 ], [ 79.947013595891264, 6.918064833344551 ] ] ] } },
{ "type": "Feature", "properties": { "id": "1828,3642", "grid_id": "1828,3642" }, "geometry": { "type": "Polygon", "coordinates": [ [ [ 79.948914238837617, 6.918069034474473 ], [ 79.950814882965091, 6.918073228017858 ], [ 79.950810689744131, 6.919972566459141 ], [ 79.948910038023868, 6.919968371753604 ], [ 79.948914238837617, 6.918069034474473 ] ] ] } },
{ "type": "Feature", "properties": { "id": "1829,3642", "grid_id": "1829,3642" }, "geometry": { "type": "Polygon", "coordinates": [ [ [ 79.950814882965091, 6.918073228017858 ], [ 79.952715528271526, 6.918077413974684 ], [ 79.952711342643397, 6.919976753576017 ], [ 79.950810689744131, 6.919972566459141 ], [ 79.950814882965091, 6.918073228017858 ] ] ] } },
{ "type": "Feature", "properties": { "id": "1830,3642", "grid_id": "1830,3642" }, "geometry": { "type": "Polygon", "coordinates": [ [ [ 79.952715528271526, 6.918077413974684 ], [ 79.954616174754818, 6.918081592344926 ], [ 79.954611996719549, 6.919980933104207 ], [ 79.952711342643397, 6.919976753576017 ], [ 79.952715528271526, 6.918077413974684 ] ] ] } },
{ "type": "Feature", "properties": { "id": "1831,3642", "grid_id": "1831,3642" }, "geometry": { "type": "Polygon", "coordinates": [ [ [ 79.954616174754818, 6.918081592344926 ], [ 79.956516822412837, 6.918085763128564 ], [ 79.956512651970414, 6.91998510504369 ], [ 79.954611996719549, 6.919980933104207 ], [ 79.954616174754818, 6.918081592344926 ] ] ] } },
{ "type": "Feature", "properties": { "id": "1832,3642", "grid_id": "1832,3642" }, "geometry": { "type": "Polygon", "coordinates": [ [ [ 79.956516822412837, 6.918085763128564 ], [ 79.958417471243422, 6.918089926325573 ], [ 79.958413308393887, 6.919989269394442 ], [ 79.956512651970414, 6.91998510504369 ], [ 79.956516822412837, 6.918085763128564 ] ] ] } },
{ "type": "Feature", "properties": { "id": "1833,3642", "grid_id": "1833,3642" }, "geometry": { "type": "Polygon", "coordinates": [ [ [ 79.958417471243422, 6.918089926325573 ], [ 79.960318121244441, 6.918094081935931 ], [ 79.960313965987822, 6.919993426156439 ], [ 79.958413308393887, 6.919989269394442 ], [ 79.958417471243422, 6.918089926325573 ] ] ] } },
{ "type": "Feature", "properties": { "id": "1834,3642", "grid_id": "1834,3642" }, "geometry": { "type": "Polygon", "coordinates": [ [ [ 79.960318121244441, 6.918094081935931 ], [ 79.962218772413777, 6.918098229959616 ], [ 79.962214624750089, 6.919997575329661 ], [ 79.960313965987822, 6.919993426156439 ], [ 79.960318121244441, 6.918094081935931 ] ] ] } },
{ "type": "Feature", "properties": { "id": "1835,3642", "grid_id": "1835,3642" }, "geometry": { "type": "Polygon", "coordinates": [ [ [ 79.962218772413777, 6.918098229959616 ], [ 79.964119424749271, 6.918102370396603 ], [ 79.964115284678556, 6.920001716914082 ], [ 79.962214624750089, 6.919997575329661 ], [ 79.962218772413777, 6.918098229959616 ] ] ] } },
{ "type": "Feature", "properties": { "id": "1836,3642", "grid_id": "1836,3642" }, "geometry": { "type": "Polygon", "coordinates": [ [ [ 79.964119424749271, 6.918102370396603 ], [ 79.966020078248818, 6.918106503246872 ], [ 79.966015945771076, 6.920005850909685 ], [ 79.964115284678556, 6.920001716914082 ], [ 79.964119424749271, 6.918102370396603 ] ] ] } },
{ "type": "Feature", "properties": { "id": "1837,3642", "grid_id": "1837,3642" }, "geometry": { "type": "Polygon", "coordinates": [ [ [ 79.966020078248818, 6.918106503246872 ], [ 79.967920732910258, 6.918110628510399 ], [ 79.967916608025504, 6.920009977316441 ], [ 79.966015945771076, 6.920005850909685 ], [ 79.966020078248818, 6.918106503246872 ] ] ] } },
{ "type": "Feature", "properties": { "id": "1838,3642", "grid_id": "1838,3642" }, "geometry": { "type": "Polygon", "coordinates": [ [ [ 79.967920732910258, 6.918110628510399 ], [ 79.969821388731475, 6.918114746187161 ], [ 79.969817271439751, 6.920014096134331 ], [ 79.967916608025504, 6.920009977316441 ], [ 79.967920732910258, 6.918110628510399 ] ] ] } },
{ "type": "Feature", "properties": { "id": "1839,3642", "grid_id": "1839,3642" }, "geometry": { "type": "Polygon", "coordinates": [ [ [ 79.969821388731475, 6.918114746187161 ], [ 79.971722045710322, 6.918118856277137 ], [ 79.971717936011643, 6.920018207363331 ], [ 79.969817271439751, 6.920014096134331 ], [ 79.969821388731475, 6.918114746187161 ] ] ] } },
{ "type": "Feature", "properties": { "id": "1840,3642", "grid_id": "1840,3642" }, "geometry": { "type": "Polygon", "coordinates": [ [ [ 79.971722045710322, 6.918118856277137 ], [ 79.973622703844654, 6.918122958780303 ], [ 79.973618601739062, 6.920022311003419 ], [ 79.971717936011643, 6.920018207363331 ], [ 79.971722045710322, 6.918118856277137 ] ] ] } },
{ "type": "Feature", "properties": { "id": "1841,3642", "grid_id": "1841,3642" }, "geometry": { "type": "Polygon", "coordinates": [ [ [ 79.973622703844654, 6.918122958780303 ], [ 79.975523363132368, 6.918127053696636 ], [ 79.975519268619848, 6.920026407054573 ], [ 79.973618601739062, 6.920022311003419 ], [ 79.973622703844654, 6.918122958780303 ] ] ] } },
{ "type": "Feature", "properties": { "id": "1842,3642", "grid_id": "1842,3642" }, "geometry": { "type": "Polygon", "coordinates": [ [ [ 79.975523363132368, 6.918127053696636 ], [ 79.977424023571302, 6.918131141026116 ], [ 79.977419936651899, 6.92003049551677 ], [ 79.975519268619848, 6.920026407054573 ], [ 79.975523363132368, 6.918127053696636 ] ] ] } },
{ "type": "Feature", "properties": { "id": "1843,3642", "grid_id": "1843,3642" }, "geometry": { "type": "Polygon", "coordinates": [ [ [ 79.977424023571302, 6.918131141026116 ], [ 79.979324685159327, 6.918135220768719 ], [ 79.979320605833067, 6.920034576389988 ], [ 79.977419936651899, 6.92003049551677 ], [ 79.977424023571302, 6.918131141026116 ] ] ] } },
{ "type": "Feature", "properties": { "id": "1844,3642", "grid_id": "1844,3642" }, "geometry": { "type": "Polygon", "coordinates": [ [ [ 79.979324685159327, 6.918135220768719 ], [ 79.981225347894309, 6.918139292924423 ], [ 79.981221276161207, 6.920038649674202 ], [ 79.979320605833067, 6.920034576389988 ], [ 79.979324685159327, 6.918135220768719 ] ] ] } },
{ "type": "Feature", "properties": { "id": "1845,3642", "grid_id": "1845,3642" }, "geometry": { "type": "Polygon", "coordinates": [ [ [ 79.981225347894309, 6.918139292924423 ], [ 79.983126011774132, 6.918143357493205 ], [ 79.983121947634203, 6.920042715369396 ], [ 79.981221276161207, 6.920038649674202 ], [ 79.981225347894309, 6.918139292924423 ] ] ] } },
{ "type": "Feature", "properties": { "id": "1846,3642", "grid_id": "1846,3642" }, "geometry": { "type": "Polygon", "coordinates": [ [ [ 79.983126011774132, 6.918143357493205 ], [ 79.985026676796622, 6.918147414475043 ], [ 79.985022620249907, 6.920046773475542 ], [ 79.983121947634203, 6.920042715369396 ], [ 79.983126011774132, 6.918143357493205 ] ] ] } },
{ "type": "Feature", "properties": { "id": "1847,3642", "grid_id": "1847,3642" }, "geometry": { "type": "Polygon", "coordinates": [ [ [ 79.985026676796622, 6.918147414475043 ], [ 79.98692734295966, 6.918151463869917 ], [ 79.986923294006189, 6.92005082399262 ], [ 79.985022620249907, 6.920046773475542 ], [ 79.985026676796622, 6.918147414475043 ] ] ] } },
{ "type": "Feature", "properties": { "id": "1848,3642", "grid_id": "1848,3642" }, "geometry": { "type": "Polygon", "coordinates": [ [ [ 79.98692734295966, 6.918151463869917 ], [ 79.988828010261145, 6.918155505677801 ], [ 79.988823968900903, 6.920054866920606 ], [ 79.986923294006189, 6.92005082399262 ], [ 79.98692734295966, 6.918151463869917 ] ] ] } },
{ "type": "Feature", "properties": { "id": "1849,3642", "grid_id": "1849,3642" }, "geometry": { "type": "Polygon", "coordinates": [ [ [ 79.988828010261145, 6.918155505677801 ], [ 79.9907286786989, 6.918159539898675 ], [ 79.99072464493193, 6.920058902259479 ], [ 79.988823968900903, 6.920054866920606 ], [ 79.988828010261145, 6.918155505677801 ] ] ] } },
{ "type": "Feature", "properties": { "id": "1850,3642", "grid_id": "1850,3642" }, "geometry": { "type": "Polygon", "coordinates": [ [ [ 79.9907286786989, 6.918159539898675 ], [ 79.992629348270796, 6.918163566532518 ], [ 79.992625322097126, 6.920062930009219 ], [ 79.99072464493193, 6.920058902259479 ], [ 79.9907286786989, 6.918159539898675 ] ] ] } },
{ "type": "Feature", "properties": { "id": "1851,3642", "grid_id": "1851,3642" }, "geometry": { "type": "Polygon", "coordinates": [ [ [ 79.992629348270796, 6.918163566532518 ], [ 79.994530018974714, 6.918167585579305 ], [ 79.994526000394359, 6.920066950169802 ], [ 79.992625322097126, 6.920062930009219 ], [ 79.992629348270796, 6.918163566532518 ] ] ] } },
{ "type": "Feature", "properties": { "id": "1852,3642", "grid_id": "1852,3642" }, "geometry": { "type": "Polygon", "coordinates": [ [ [ 79.994530018974714, 6.918167585579305 ], [ 79.996430690808509, 6.918171597039017 ], [ 79.996426679821511, 6.920070962741204 ], [ 79.994526000394359, 6.920066950169802 ], [ 79.994530018974714, 6.918167585579305 ] ] ] } },
{ "type": "Feature", "properties": { "id": "1853,3642", "grid_id": "1853,3642" }, "geometry": { "type": "Polygon", "coordinates": [ [ [ 79.996430690808509, 6.918171597039017 ], [ 79.998331363770049, 6.91817560091163 ], [ 79.998327360376393, 6.920074967723409 ], [ 79.996426679821511, 6.920070962741204 ], [ 79.996430690808509, 6.918171597039017 ] ] ] } },
{ "type": "Feature", "properties": { "id": "1854,3642", "grid_id": "1854,3642" }, "geometry": { "type": "Polygon", "coordinates": [ [ [ 79.998331363770049, 6.91817560091163 ], [ 80.000232037857202, 6.918179597197123 ], [ 80.000228042056932, 6.920078965116387 ], [ 79.998327360376393, 6.920074967723409 ], [ 79.998331363770049, 6.91817560091163 ] ] ] } },
{ "type": "Feature", "properties": { "id": "1855,3642", "grid_id": "1855,3642" }, "geometry": { "type": "Polygon", "coordinates": [ [ [ 80.000232037857202, 6.918179597197123 ], [ 80.002132713067823, 6.918183585895474 ], [ 80.002128724860953, 6.920082954920122 ], [ 80.000228042056932, 6.920078965116387 ], [ 80.000232037857202, 6.918179597197123 ] ] ] } },
{ "type": "Feature", "properties": { "id": "1856,3642", "grid_id": "1856,3642" }, "geometry": { "type": "Polygon", "coordinates": [ [ [ 80.002132713067823, 6.918183585895474 ], [ 80.004033389399794, 6.918187567006661 ], [ 80.004029408786366, 6.920086937134591 ], [ 80.002128724860953, 6.920082954920122 ], [ 80.002132713067823, 6.918183585895474 ] ] ] } },
{ "type": "Feature", "properties": { "id": "1857,3642", "grid_id": "1857,3642" }, "geometry": { "type": "Polygon", "coordinates": [ [ [ 80.004033389399794, 6.918187567006661 ], [ 80.005934066850955, 6.918191540530663 ], [ 80.005930093830983, 6.920090911759772 ], [ 80.004029408786366, 6.920086937134591 ], [ 80.004033389399794, 6.918187567006661 ] ] ] } },
{ "type": "Feature", "properties": { "id": "1858,3642", "grid_id": "1858,3642" }, "geometry": { "type": "Polygon", "coordinates": [ [ [ 80.005934066850955, 6.918191540530663 ], [ 80.007834745419188, 6.918195506467456 ], [ 80.007830779992688, 6.920094878795641 ], [ 80.005930093830983, 6.920090911759772 ], [ 80.005934066850955, 6.918191540530663 ] ] ] } },
{ "type": "Feature", "properties": { "id": "1859,3642", "grid_id": "1859,3642" }, "geometry": { "type": "Polygon", "coordinates": [ [ [ 80.007834745419188, 6.918195506467456 ], [ 80.009735425102377, 6.918199464817019 ], [ 80.009731467269347, 6.92009883824218 ], [ 80.007830779992688, 6.920094878795641 ], [ 80.007834745419188, 6.918195506467456 ] ] ] } },
{ "type": "Feature", "properties": { "id": "1860,3642", "grid_id": "1860,3642" }, "geometry": { "type": "Polygon", "coordinates": [ [ [ 80.009735425102377, 6.918199464817019 ], [ 80.011636105898333, 6.918203415579335 ], [ 80.011632155658845, 6.920102790099364 ], [ 80.009731467269347, 6.92009883824218 ], [ 80.009735425102377, 6.918199464817019 ] ] ] } },
{ "type": "Feature", "properties": { "id": "1861,3642", "grid_id": "1861,3642" }, "geometry": { "type": "Polygon", "coordinates": [ [ [ 80.011636105898333, 6.918203415579335 ], [ 80.013536787804966, 6.918207358754375 ], [ 80.013532845159006, 6.920106734367173 ], [ 80.011632155658845, 6.920102790099364 ], [ 80.011636105898333, 6.918203415579335 ] ] ] } },
{ "type": "Feature", "properties": { "id": "1862,3642", "grid_id": "1862,3642" }, "geometry": { "type": "Polygon", "coordinates": [ [ [ 80.013536787804966, 6.918207358754375 ], [ 80.015437470820132, 6.918211294342122 ], [ 80.015433535767741, 6.920110671045586 ], [ 80.013532845159006, 6.920106734367173 ], [ 80.013536787804966, 6.918207358754375 ] ] ] } },
{ "type": "Feature", "properties": { "id": "1863,3642", "grid_id": "1863,3642" }, "geometry": { "type": "Polygon", "coordinates": [ [ [ 80.015437470820132, 6.918211294342122 ], [ 80.017338154941712, 6.918215222342553 ], [ 80.017334227482877, 6.92011460013458 ], [ 80.015433535767741, 6.920110671045586 ], [ 80.015437470820132, 6.918211294342122 ] ] ] } },
{ "type": "Feature", "properties": { "id": "1864,3642", "grid_id": "1864,3642" }, "geometry": { "type": "Polygon", "coordinates": [ [ [ 80.017338154941712, 6.918215222342553 ], [ 80.019238840167532, 6.918219142755649 ], [ 80.019234920302296, 6.920118521634135 ], [ 80.017334227482877, 6.92011460013458 ], [ 80.017338154941712, 6.918215222342553 ] ] ] } },
{ "type": "Feature", "properties": { "id": "1865,3642", "grid_id": "1865,3642" }, "geometry": { "type": "Polygon", "coordinates": [ [ [ 80.019238840167532, 6.918219142755649 ], [ 80.021139526495475, 6.918223055581382 ], [ 80.021135614223866, 6.920122435544227 ], [ 80.019234920302296, 6.920118521634135 ], [ 80.019238840167532, 6.918219142755649 ] ] ] } },
{ "type": "Feature", "properties": { "id": "1866,3642", "grid_id": "1866,3642" }, "geometry": { "type": "Polygon", "coordinates": [ [ [ 80.021139526495475, 6.918223055581382 ], [ 80.023040213923409, 6.918226960819737 ], [ 80.023036309245455, 6.920126341864838 ], [ 80.021135614223866, 6.920122435544227 ], [ 80.021139526495475, 6.918223055581382 ] ] ] } },
{ "type": "Feature", "properties": { "id": "1867,3642", "grid_id": "1867,3642" }, "geometry": { "type": "Polygon", "coordinates": [ [ [ 80.023040213923409, 6.918226960819737 ], [ 80.024940902449188, 6.918230858470692 ], [ 80.024937005364905, 6.920130240595944 ], [ 80.023036309245455, 6.920126341864838 ], [ 80.023040213923409, 6.918226960819737 ] ] ] } },
{ "type": "Feature", "properties": { "id": "1868,3642", "grid_id": "1868,3642" }, "geometry": { "type": "Polygon", "coordinates": [ [ [ 80.024940902449188, 6.918230858470692 ], [ 80.026841592070696, 6.918234748534223 ], [ 80.02683770258011, 6.920134131737526 ], [ 80.024937005364905, 6.920130240595944 ], [ 80.024940902449188, 6.918230858470692 ] ] ] } },
{ "type": "Feature", "properties": { "id": "1869,3642", "grid_id": "1869,3642" }, "geometry": { "type": "Polygon", "coordinates": [ [ [ 80.026841592070696, 6.918234748534223 ], [ 80.028742282785785, 6.91823863101031 ], [ 80.028738400888912, 6.92013801528956 ], [ 80.02683770258011, 6.920134131737526 ], [ 80.026841592070696, 6.918234748534223 ] ] ] } },
{ "type": "Feature", "properties": { "id": "1870,3642", "grid_id": "1870,3642" }, "geometry": { "type": "Polygon", "coordinates": [ [ [ 80.028742282785785, 6.91823863101031 ], [ 80.03064297459234, 6.91824250589893 ], [ 80.030639100289179, 6.920141891252025 ], [ 80.028738400888912, 6.92013801528956 ], [ 80.028742282785785, 6.91823863101031 ] ] ] } },
{ "type": "Feature", "properties": { "id": "1871,3642", "grid_id": "1871,3642" }, "geometry": { "type": "Polygon", "coordinates": [ [ [ 80.03064297459234, 6.91824250589893 ], [ 80.032543667488184, 6.918246373200066 ], [ 80.032539800778792, 6.920145759624901 ], [ 80.030639100289179, 6.920141891252025 ], [ 80.03064297459234, 6.91824250589893 ] ] ] } },
{ "type": "Feature", "properties": { "id": "1872,3642", "grid_id": "1872,3642" }, "geometry": { "type": "Polygon", "coordinates": [ [ [ 80.032543667488184, 6.918246373200066 ], [ 80.034444361471216, 6.918250232913692 ], [ 80.034440502355608, 6.920149620408168 ], [ 80.032539800778792, 6.920145759624901 ], [ 80.032543667488184, 6.918246373200066 ] ] ] } },
{ "type": "Feature", "properties": { "id": "1873,3642", "grid_id": "1873,3642" }, "geometry": { "type": "Polygon", "coordinates": [ [ [ 80.034444361471216, 6.918250232913692 ], [ 80.036345056539304, 6.91825408503979 ], [ 80.036341205017479, 6.920153473601802 ], [ 80.034440502355608, 6.920149620408168 ], [ 80.034444361471216, 6.918250232913692 ] ] ] } },
{ "type": "Feature", "properties": { "id": "1874,3642", "grid_id": "1874,3642" }, "geometry": { "type": "Polygon", "coordinates": [ [ [ 80.036345056539304, 6.91825408503979 ], [ 80.038245752690287, 6.918257929578339 ], [ 80.038241908762288, 6.920157319205784 ], [ 80.036341205017479, 6.920153473601802 ], [ 80.036345056539304, 6.91825408503979 ] ] ] } },
{ "type": "Feature", "properties": { "id": "1875,3642", "grid_id": "1875,3642" }, "geometry": { "type": "Polygon", "coordinates": [ [ [ 80.038245752690287, 6.918257929578339 ], [ 80.040146449922048, 6.918261766529316 ], [ 80.040142613587889, 6.920161157220091 ], [ 80.038241908762288, 6.920157319205784 ], [ 80.038245752690287, 6.918257929578339 ] ] ] } },
{ "type": "Feature", "properties": { "id": "1876,3642", "grid_id": "1876,3642" }, "geometry": { "type": "Polygon", "coordinates": [ [ [ 80.040146449922048, 6.918261766529316 ], [ 80.042047148232456, 6.9182655958927 ], [ 80.042043319492151, 6.920164987644704 ], [ 80.040142613587889, 6.920161157220091 ], [ 80.040146449922048, 6.918261766529316 ] ] ] } },
{ "type": "Feature", "properties": { "id": "1810,3643", "grid_id": "1810,3643" }, "geometry": { "type": "Polygon", "coordinates": [ [ [ 79.914698511102486, 6.919891569419106 ], [ 79.916599141235622, 6.919895900716592 ], [ 79.916594810130519, 6.921795217763528 ], [ 79.914694172402875, 6.921790885266038 ], [ 79.914698511102486, 6.919891569419106 ] ] ] } },
{ "type": "Feature", "properties": { "id": "1811,3643", "grid_id": "1811,3643" }, "geometry": { "type": "Polygon", "coordinates": [ [ [ 79.916599141235622, 6.919895900716592 ], [ 79.918499772586188, 6.919900224425835 ], [ 79.918495449075621, 6.921799542670675 ], [ 79.916594810130519, 6.921795217763528 ], [ 79.916599141235622, 6.919895900716592 ] ] ] } },
{ "type": "Feature", "properties": { "id": "1812,3643", "grid_id": "1812,3643" }, "geometry": { "type": "Polygon", "coordinates": [ [ [ 79.918499772586188, 6.919900224425835 ], [ 79.920400405152066, 6.919904540546814 ], [ 79.92039608923605, 6.921803859987452 ], [ 79.918495449075621, 6.921799542670675 ], [ 79.918499772586188, 6.919900224425835 ] ] ] } },
{ "type": "Feature", "properties": { "id": "1813,3643", "grid_id": "1813,3643" }, "geometry": { "type": "Polygon", "coordinates": [ [ [ 79.920400405152066, 6.919904540546814 ], [ 79.922301038931096, 6.919908849079504 ], [ 79.922296730609659, 6.921808169713837 ], [ 79.92039608923605, 6.921803859987452 ], [ 79.920400405152066, 6.919904540546814 ] ] ] } },
{ "type": "Feature", "properties": { "id": "1814,3643", "grid_id": "1814,3643" }, "geometry": { "type": "Polygon", "coordinates": [ [ [ 79.922301038931096, 6.919908849079504 ], [ 79.924201673921146, 6.919913150023881 ], [ 79.924197373194303, 6.921812471849808 ], [ 79.922296730609659, 6.921808169713837 ], [ 79.922301038931096, 6.919908849079504 ] ] ] } },
{ "type": "Feature", "properties": { "id": "1815,3643", "grid_id": "1815,3643" }, "geometry": { "type": "Polygon", "coordinates": [ [ [ 79.924201673921146, 6.919913150023881 ], [ 79.9261023101201, 6.919917443379918 ], [ 79.926098016987865, 6.92181676639534 ], [ 79.924197373194303, 6.921812471849808 ], [ 79.924201673921146, 6.919913150023881 ] ] ] } },
{ "type": "Feature", "properties": { "id": "1816,3643", "grid_id": "1816,3643" }, "geometry": { "type": "Polygon", "coordinates": [ [ [ 79.9261023101201, 6.919917443379918 ], [ 79.928002947525798, 6.919921729147598 ], [ 79.927998661988227, 6.921821053350408 ], [ 79.926098016987865, 6.92181676639534 ], [ 79.9261023101201, 6.919917443379918 ] ] ] } },
{ "type": "Feature", "properties": { "id": "1817,3643", "grid_id": "1817,3643" }, "geometry": { "type": "Polygon", "coordinates": [ [ [ 79.928002947525798, 6.919921729147598 ], [ 79.92990358613612, 6.919926007326891 ], [ 79.929899308193214, 6.921825332714989 ], [ 79.927998661988227, 6.921821053350408 ], [ 79.928002947525798, 6.919921729147598 ] ] ] } },
{ "type": "Feature", "properties": { "id": "1818,3643", "grid_id": "1818,3643" }, "geometry": { "type": "Polygon", "coordinates": [ [ [ 79.92990358613612, 6.919926007326891 ], [ 79.931804225948937, 6.919930277917779 ], [ 79.931799955600724, 6.921829604489063 ], [ 79.929899308193214, 6.921825332714989 ], [ 79.92990358613612, 6.919926007326891 ] ] ] } },
{ "type": "Feature", "properties": { "id": "1819,3643", "grid_id": "1819,3643" }, "geometry": { "type": "Polygon", "coordinates": [ [ [ 79.931804225948937, 6.919930277917779 ], [ 79.933704866962088, 6.919934540920237 ], [ 79.933700604208596, 6.921833868672602 ], [ 79.931799955600724, 6.921829604489063 ], [ 79.931804225948937, 6.919930277917779 ] ] ] } },
{ "type": "Feature", "properties": { "id": "1822,3643", "grid_id": "1822,3643" }, "geometry": { "type": "Polygon", "coordinates": [ [ [ 79.937506152580923, 6.919943044159766 ], [ 79.939406797182343, 6.919947284396793 ], [ 79.939402557213143, 6.921846615679794 ], [ 79.937501905016958, 6.921842374267991 ], [ 79.937506152580923, 6.919943044159766 ] ] ] } },
{ "type": "Feature", "properties": { "id": "1823,3643", "grid_id": "1823,3643" }, "geometry": { "type": "Polygon", "coordinates": [ [ [ 79.939406797182343, 6.919947284396793 ], [ 79.941307442975543, 6.919951517045295 ], [ 79.941303210601177, 6.921850849500968 ], [ 79.939402557213143, 6.921846615679794 ], [ 79.939406797182343, 6.919947284396793 ] ] ] } },
{ "type": "Feature", "properties": { "id": "1824,3643", "grid_id": "1824,3643" }, "geometry": { "type": "Polygon", "coordinates": [ [ [ 79.941307442975543, 6.919951517045295 ], [ 79.943208089958461, 6.91995574210525 ], [ 79.943203865178916, 6.921855075731493 ], [ 79.941303210601177, 6.921850849500968 ], [ 79.941307442975543, 6.919951517045295 ] ] ] } },
{ "type": "Feature", "properties": { "id": "1825,3643", "grid_id": "1825,3643" }, "geometry": { "type": "Polygon", "coordinates": [ [ [ 79.943208089958461, 6.91995574210525 ], [ 79.945108738128894, 6.919959959576636 ], [ 79.945104520944227, 6.921859294371348 ], [ 79.943203865178916, 6.921855075731493 ], [ 79.943208089958461, 6.91995574210525 ] ] ] } },
{ "type": "Feature", "properties": { "id": "1826,3643", "grid_id": "1826,3643" }, "geometry": { "type": "Polygon", "coordinates": [ [ [ 79.945108738128894, 6.919959959576636 ], [ 79.947009387484741, 6.919964169459428 ], [ 79.947005177894951, 6.921863505420506 ], [ 79.945104520944227, 6.921859294371348 ], [ 79.945108738128894, 6.919959959576636 ] ] ] } },
{ "type": "Feature", "properties": { "id": "1827,3643", "grid_id": "1827,3643" }, "geometry": { "type": "Polygon", "coordinates": [ [ [ 79.947009387484741, 6.919964169459428 ], [ 79.948910038023868, 6.919968371753604 ], [ 79.948905836028985, 6.921867708878946 ], [ 79.947005177894951, 6.921863505420506 ], [ 79.947009387484741, 6.919964169459428 ] ] ] } },
{ "type": "Feature", "properties": { "id": "1828,3643", "grid_id": "1828,3643" }, "geometry": { "type": "Polygon", "coordinates": [ [ [ 79.948910038023868, 6.919968371753604 ], [ 79.950810689744131, 6.919972566459141 ], [ 79.950806495344182, 6.921871904746644 ], [ 79.948905836028985, 6.921867708878946 ], [ 79.948910038023868, 6.919968371753604 ] ] ] } },
{ "type": "Feature", "properties": { "id": "1829,3643", "grid_id": "1829,3643" }, "geometry": { "type": "Polygon", "coordinates": [ [ [ 79.950810689744131, 6.919972566459141 ], [ 79.952711342643397, 6.919976753576017 ], [ 79.952707155838411, 6.921876093023578 ], [ 79.950806495344182, 6.921871904746644 ], [ 79.950810689744131, 6.919972566459141 ] ] ] } },
{ "type": "Feature", "properties": { "id": "1830,3643", "grid_id": "1830,3643" }, "geometry": { "type": "Polygon", "coordinates": [ [ [ 79.952711342643397, 6.919976753576017 ], [ 79.954611996719549, 6.919980933104207 ], [ 79.954607817509526, 6.921880273709723 ], [ 79.952707155838411, 6.921876093023578 ], [ 79.952711342643397, 6.919976753576017 ] ] ] } },
{ "type": "Feature", "properties": { "id": "1831,3643", "grid_id": "1831,3643" }, "geometry": { "type": "Polygon", "coordinates": [ [ [ 79.954611996719549, 6.919980933104207 ], [ 79.956512651970414, 6.91998510504369 ], [ 79.956508480355396, 6.921884446805059 ], [ 79.954607817509526, 6.921880273709723 ], [ 79.954611996719549, 6.919980933104207 ] ] ] } },
{ "type": "Feature", "properties": { "id": "1832,3643", "grid_id": "1832,3643" }, "geometry": { "type": "Polygon", "coordinates": [ [ [ 79.956512651970414, 6.91998510504369 ], [ 79.958413308393887, 6.919989269394442 ], [ 79.958409144373888, 6.921888612309562 ], [ 79.956508480355396, 6.921884446805059 ], [ 79.956512651970414, 6.91998510504369 ] ] ] } },
{ "type": "Feature", "properties": { "id": "1833,3643", "grid_id": "1833,3643" }, "geometry": { "type": "Polygon", "coordinates": [ [ [ 79.958413308393887, 6.919989269394442 ], [ 79.960313965987822, 6.919993426156439 ], [ 79.960309809562872, 6.921892770223208 ], [ 79.958409144373888, 6.921888612309562 ], [ 79.958413308393887, 6.919989269394442 ] ] ] } },
{ "type": "Feature", "properties": { "id": "1834,3643", "grid_id": "1834,3643" }, "geometry": { "type": "Polygon", "coordinates": [ [ [ 79.960313965987822, 6.919993426156439 ], [ 79.962214624750089, 6.919997575329661 ], [ 79.962210475920202, 6.921896920545976 ], [ 79.960309809562872, 6.921892770223208 ], [ 79.960313965987822, 6.919993426156439 ] ] ] } },
{ "type": "Feature", "properties": { "id": "1835,3643", "grid_id": "1835,3643" }, "geometry": { "type": "Polygon", "coordinates": [ [ [ 79.962214624750089, 6.919997575329661 ], [ 79.964115284678556, 6.920001716914082 ], [ 79.964111143443745, 6.921901063277844 ], [ 79.962210475920202, 6.921896920545976 ], [ 79.962214624750089, 6.919997575329661 ] ] ] } },
{ "type": "Feature", "properties": { "id": "1836,3643", "grid_id": "1836,3643" }, "geometry": { "type": "Polygon", "coordinates": [ [ [ 79.964115284678556, 6.920001716914082 ], [ 79.966015945771076, 6.920005850909685 ], [ 79.966011812131384, 6.921905198418785 ], [ 79.964111143443745, 6.921901063277844 ], [ 79.964115284678556, 6.920001716914082 ] ] ] } },
{ "type": "Feature", "properties": { "id": "1837,3643", "grid_id": "1837,3643" }, "geometry": { "type": "Polygon", "coordinates": [ [ [ 79.966015945771076, 6.920005850909685 ], [ 79.967916608025504, 6.920009977316441 ], [ 79.96791248198096, 6.921909325968782 ], [ 79.966011812131384, 6.921905198418785 ], [ 79.966015945771076, 6.920005850909685 ] ] ] } },
{ "type": "Feature", "properties": { "id": "1838,3643", "grid_id": "1838,3643" }, "geometry": { "type": "Polygon", "coordinates": [ [ [ 79.967916608025504, 6.920009977316441 ], [ 79.969817271439751, 6.920014096134331 ], [ 79.969813152990369, 6.921913445927807 ], [ 79.96791248198096, 6.921909325968782 ], [ 79.967916608025504, 6.920009977316441 ] ] ] } },
{ "type": "Feature", "properties": { "id": "1839,3643", "grid_id": "1839,3643" }, "geometry": { "type": "Polygon", "coordinates": [ [ [ 79.969817271439751, 6.920014096134331 ], [ 79.971717936011643, 6.920018207363331 ], [ 79.971713825157437, 6.921917558295841 ], [ 79.969813152990369, 6.921913445927807 ], [ 79.969817271439751, 6.920014096134331 ] ] ] } },
{ "type": "Feature", "properties": { "id": "1840,3643", "grid_id": "1840,3643" }, "geometry": { "type": "Polygon", "coordinates": [ [ [ 79.971717936011643, 6.920018207363331 ], [ 79.973618601739062, 6.920022311003419 ], [ 79.97361449848006, 6.921921663072861 ], [ 79.971713825157437, 6.921917558295841 ], [ 79.971717936011643, 6.920018207363331 ] ] ] } },
{ "type": "Feature", "properties": { "id": "1841,3643", "grid_id": "1841,3643" }, "geometry": { "type": "Polygon", "coordinates": [ [ [ 79.973618601739062, 6.920022311003419 ], [ 79.975519268619848, 6.920026407054573 ], [ 79.975515172956079, 6.921925760258843 ], [ 79.97361449848006, 6.921921663072861 ], [ 79.973618601739062, 6.920022311003419 ] ] ] } },
{ "type": "Feature", "properties": { "id": "1842,3643", "grid_id": "1842,3643" }, "geometry": { "type": "Polygon", "coordinates": [ [ [ 79.975519268619848, 6.920026407054573 ], [ 79.977419936651899, 6.92003049551677 ], [ 79.977415848583377, 6.921929849853766 ], [ 79.975515172956079, 6.921925760258843 ], [ 79.975519268619848, 6.920026407054573 ] ] ] } },
{ "type": "Feature", "properties": { "id": "1843,3643", "grid_id": "1843,3643" }, "geometry": { "type": "Polygon", "coordinates": [ [ [ 79.977419936651899, 6.92003049551677 ], [ 79.979320605833067, 6.920034576389988 ], [ 79.97931652535982, 6.921933931857606 ], [ 79.977415848583377, 6.921929849853766 ], [ 79.977419936651899, 6.92003049551677 ] ] ] } },
{ "type": "Feature", "properties": { "id": "1844,3643", "grid_id": "1844,3643" }, "geometry": { "type": "Polygon", "coordinates": [ [ [ 79.979320605833067, 6.920034576389988 ], [ 79.981221276161207, 6.920038649674202 ], [ 79.981217203283265, 6.921938006270343 ], [ 79.97931652535982, 6.921933931857606 ], [ 79.979320605833067, 6.920034576389988 ] ] ] } },
{ "type": "Feature", "properties": { "id": "1845,3643", "grid_id": "1845,3643" }, "geometry": { "type": "Polygon", "coordinates": [ [ [ 79.981221276161207, 6.920038649674202 ], [ 79.983121947634203, 6.920042715369396 ], [ 79.983117882351578, 6.921942073091954 ], [ 79.981217203283265, 6.921938006270343 ], [ 79.981221276161207, 6.920038649674202 ] ] ] } },
{ "type": "Feature", "properties": { "id": "1846,3643", "grid_id": "1846,3643" }, "geometry": { "type": "Polygon", "coordinates": [ [ [ 79.983121947634203, 6.920042715369396 ], [ 79.985022620249907, 6.920046773475542 ], [ 79.985018562562615, 6.921946132322416 ], [ 79.983117882351578, 6.921942073091954 ], [ 79.983121947634203, 6.920042715369396 ] ] ] } },
{ "type": "Feature", "properties": { "id": "1847,3643", "grid_id": "1847,3643" }, "geometry": { "type": "Polygon", "coordinates": [ [ [ 79.985022620249907, 6.920046773475542 ], [ 79.986923294006189, 6.92005082399262 ], [ 79.986919243914244, 6.921950183961706 ], [ 79.985018562562615, 6.921946132322416 ], [ 79.985022620249907, 6.920046773475542 ] ] ] } },
{ "type": "Feature", "properties": { "id": "1848,3643", "grid_id": "1848,3643" }, "geometry": { "type": "Polygon", "coordinates": [ [ [ 79.986923294006189, 6.92005082399262 ], [ 79.988823968900903, 6.920054866920606 ], [ 79.988819926404361, 6.921954228009803 ], [ 79.986919243914244, 6.921950183961706 ], [ 79.986923294006189, 6.92005082399262 ] ] ] } },
{ "type": "Feature", "properties": { "id": "1849,3643", "grid_id": "1849,3643" }, "geometry": { "type": "Polygon", "coordinates": [ [ [ 79.988823968900903, 6.920054866920606 ], [ 79.99072464493193, 6.920058902259479 ], [ 79.990720610030792, 6.921958264466687 ], [ 79.988819926404361, 6.921954228009803 ], [ 79.988823968900903, 6.920054866920606 ] ] ] } },
{ "type": "Feature", "properties": { "id": "1850,3643", "grid_id": "1850,3643" }, "geometry": { "type": "Polygon", "coordinates": [ [ [ 79.99072464493193, 6.920058902259479 ], [ 79.992625322097126, 6.920062930009219 ], [ 79.992621294791419, 6.921962293332332 ], [ 79.990720610030792, 6.921958264466687 ], [ 79.99072464493193, 6.920058902259479 ] ] ] } },
{ "type": "Feature", "properties": { "id": "1851,3643", "grid_id": "1851,3643" }, "geometry": { "type": "Polygon", "coordinates": [ [ [ 79.992625322097126, 6.920062930009219 ], [ 79.994526000394359, 6.920066950169802 ], [ 79.994521980684112, 6.921966314606716 ], [ 79.992621294791419, 6.921962293332332 ], [ 79.992625322097126, 6.920062930009219 ] ] ] } },
{ "type": "Feature", "properties": { "id": "1852,3643", "grid_id": "1852,3643" }, "geometry": { "type": "Polygon", "coordinates": [ [ [ 79.994526000394359, 6.920066950169802 ], [ 79.996426679821511, 6.920070962741204 ], [ 79.99642266770671, 6.92197032828982 ], [ 79.994521980684112, 6.921966314606716 ], [ 79.994526000394359, 6.920066950169802 ] ] ] } },
{ "type": "Feature", "properties": { "id": "1853,3643", "grid_id": "1853,3643" }, "geometry": { "type": "Polygon", "coordinates": [ [ [ 79.996426679821511, 6.920070962741204 ], [ 79.998327360376393, 6.920074967723409 ], [ 79.998323355857124, 6.921974334381621 ], [ 79.99642266770671, 6.92197032828982 ], [ 79.996426679821511, 6.920070962741204 ] ] ] } },
{ "type": "Feature", "properties": { "id": "1854,3643", "grid_id": "1854,3643" }, "geometry": { "type": "Polygon", "coordinates": [ [ [ 79.998327360376393, 6.920074967723409 ], [ 80.000228042056932, 6.920078965116387 ], [ 80.000224045133166, 6.921978332882095 ], [ 79.998323355857124, 6.921974334381621 ], [ 79.998327360376393, 6.920074967723409 ] ] ] } },
{ "type": "Feature", "properties": { "id": "1855,3643", "grid_id": "1855,3643" }, "geometry": { "type": "Polygon", "coordinates": [ [ [ 80.000228042056932, 6.920078965116387 ], [ 80.002128724860953, 6.920082954920122 ], [ 80.002124735532746, 6.921982323791224 ], [ 80.000224045133166, 6.921978332882095 ], [ 80.000228042056932, 6.920078965116387 ] ] ] } },
{ "type": "Feature", "properties": { "id": "1856,3643", "grid_id": "1856,3643" }, "geometry": { "type": "Polygon", "coordinates": [ [ [ 80.002128724860953, 6.920082954920122 ], [ 80.004029408786366, 6.920086937134591 ], [ 80.004025427053705, 6.921986307108982 ], [ 80.002124735532746, 6.921982323791224 ], [ 80.002128724860953, 6.920082954920122 ] ] ] } },
{ "type": "Feature", "properties": { "id": "1857,3643", "grid_id": "1857,3643" }, "geometry": { "type": "Polygon", "coordinates": [ [ [ 80.004029408786366, 6.920086937134591 ], [ 80.005930093830983, 6.920090911759772 ], [ 80.005926119693896, 6.921990282835348 ], [ 80.004025427053705, 6.921986307108982 ], [ 80.004029408786366, 6.920086937134591 ] ] ] } },
{ "type": "Feature", "properties": { "id": "1858,3643", "grid_id": "1858,3643" }, "geometry": { "type": "Polygon", "coordinates": [ [ [ 80.005930093830983, 6.920090911759772 ], [ 80.007830779992688, 6.920094878795641 ], [ 80.007826813451231, 6.921994250970303 ], [ 80.005926119693896, 6.921990282835348 ], [ 80.005930093830983, 6.920090911759772 ] ] ] } },
{ "type": "Feature", "properties": { "id": "1859,3643", "grid_id": "1859,3643" }, "geometry": { "type": "Polygon", "coordinates": [ [ [ 80.007830779992688, 6.920094878795641 ], [ 80.009731467269347, 6.92009883824218 ], [ 80.009727508323508, 6.921998211513824 ], [ 80.007826813451231, 6.921994250970303 ], [ 80.007830779992688, 6.920094878795641 ] ] ] } },
{ "type": "Feature", "properties": { "id": "1860,3643", "grid_id": "1860,3643" }, "geometry": { "type": "Polygon", "coordinates": [ [ [ 80.009731467269347, 6.92009883824218 ], [ 80.011632155658845, 6.920102790099364 ], [ 80.01162820430865, 6.922002164465887 ], [ 80.009727508323508, 6.921998211513824 ], [ 80.009731467269347, 6.92009883824218 ] ] ] } },
{ "type": "Feature", "properties": { "id": "1861,3643", "grid_id": "1861,3643" }, "geometry": { "type": "Polygon", "coordinates": [ [ [ 80.011632155658845, 6.920102790099364 ], [ 80.013532845159006, 6.920106734367173 ], [ 80.013528901404499, 6.922006109826474 ], [ 80.01162820430865, 6.922002164465887 ], [ 80.011632155658845, 6.920102790099364 ] ] ] } },
{ "type": "Feature", "properties": { "id": "1862,3643", "grid_id": "1862,3643" }, "geometry": { "type": "Polygon", "coordinates": [ [ [ 80.013532845159006, 6.920106734367173 ], [ 80.015433535767741, 6.920110671045586 ], [ 80.015429599608922, 6.922010047595561 ], [ 80.013528901404499, 6.922006109826474 ], [ 80.013532845159006, 6.920106734367173 ] ] ] } },
{ "type": "Feature", "properties": { "id": "1863,3643", "grid_id": "1863,3643" }, "geometry": { "type": "Polygon", "coordinates": [ [ [ 80.015433535767741, 6.920110671045586 ], [ 80.017334227482877, 6.92011460013458 ], [ 80.017330298919774, 6.922013977773127 ], [ 80.015429599608922, 6.922010047595561 ], [ 80.015433535767741, 6.920110671045586 ] ] ] } },
{ "type": "Feature", "properties": { "id": "1864,3643", "grid_id": "1864,3643" }, "geometry": { "type": "Polygon", "coordinates": [ [ [ 80.017334227482877, 6.92011460013458 ], [ 80.019234920302296, 6.920118521634135 ], [ 80.019230999334937, 6.92201790035915 ], [ 80.017330298919774, 6.922013977773127 ], [ 80.017334227482877, 6.92011460013458 ] ] ] } },
{ "type": "Feature", "properties": { "id": "1865,3643", "grid_id": "1865,3643" }, "geometry": { "type": "Polygon", "coordinates": [ [ [ 80.019234920302296, 6.920118521634135 ], [ 80.021135614223866, 6.920122435544227 ], [ 80.021131700852266, 6.922021815353608 ], [ 80.019230999334937, 6.92201790035915 ], [ 80.019234920302296, 6.920118521634135 ] ] ] } },
{ "type": "Feature", "properties": { "id": "1866,3643", "grid_id": "1866,3643" }, "geometry": { "type": "Polygon", "coordinates": [ [ [ 80.021135614223866, 6.920122435544227 ], [ 80.023036309245455, 6.920126341864838 ], [ 80.023032403469628, 6.922025722756482 ], [ 80.021131700852266, 6.922021815353608 ], [ 80.021135614223866, 6.920122435544227 ] ] ] } },
{ "type": "Feature", "properties": { "id": "1867,3643", "grid_id": "1867,3643" }, "geometry": { "type": "Polygon", "coordinates": [ [ [ 80.023036309245455, 6.920126341864838 ], [ 80.024937005364905, 6.920130240595944 ], [ 80.024933107184879, 6.92202962256775 ], [ 80.023032403469628, 6.922025722756482 ], [ 80.023036309245455, 6.920126341864838 ] ] ] } },
{ "type": "Feature", "properties": { "id": "1868,3643", "grid_id": "1868,3643" }, "geometry": { "type": "Polygon", "coordinates": [ [ [ 80.024937005364905, 6.920130240595944 ], [ 80.02683770258011, 6.920134131737526 ], [ 80.026833811995914, 6.922033514787389 ], [ 80.024933107184879, 6.92202962256775 ], [ 80.024937005364905, 6.920130240595944 ] ] ] } },
{ "type": "Feature", "properties": { "id": "1869,3643", "grid_id": "1869,3643" }, "geometry": { "type": "Polygon", "coordinates": [ [ [ 80.02683770258011, 6.920134131737526 ], [ 80.028738400888912, 6.92013801528956 ], [ 80.028734517900546, 6.922037399415376 ], [ 80.026833811995914, 6.922033514787389 ], [ 80.02683770258011, 6.920134131737526 ] ] ] } },
{ "type": "Feature", "properties": { "id": "1870,3643", "grid_id": "1870,3643" }, "geometry": { "type": "Polygon", "coordinates": [ [ [ 80.028738400888912, 6.92013801528956 ], [ 80.030639100289179, 6.920141891252025 ], [ 80.030635224896685, 6.922041276451695 ], [ 80.028734517900546, 6.922037399415376 ], [ 80.028738400888912, 6.92013801528956 ] ] ] } },
{ "type": "Feature", "properties": { "id": "1871,3643", "grid_id": "1871,3643" }, "geometry": { "type": "Polygon", "coordinates": [ [ [ 80.030639100289179, 6.920141891252025 ], [ 80.032539800778792, 6.920145759624901 ], [ 80.032535932982199, 6.922045145896321 ], [ 80.030635224896685, 6.922041276451695 ], [ 80.030639100289179, 6.920141891252025 ] ] ] } },
{ "type": "Feature", "properties": { "id": "1872,3643", "grid_id": "1872,3643" }, "geometry": { "type": "Polygon", "coordinates": [ [ [ 80.032539800778792, 6.920145759624901 ], [ 80.034440502355608, 6.920149620408168 ], [ 80.034436642154915, 6.922049007749235 ], [ 80.032535932982199, 6.922045145896321 ], [ 80.032539800778792, 6.920145759624901 ] ] ] } },
{ "type": "Feature", "properties": { "id": "1873,3643", "grid_id": "1873,3643" }, "geometry": { "type": "Polygon", "coordinates": [ [ [ 80.034440502355608, 6.920149620408168 ], [ 80.036341205017479, 6.920153473601802 ], [ 80.03633735241273, 6.922052862010414 ], [ 80.034436642154915, 6.922049007749235 ], [ 80.034440502355608, 6.920149620408168 ] ] ] } },
{ "type": "Feature", "properties": { "id": "1874,3643", "grid_id": "1874,3643" }, "geometry": { "type": "Polygon", "coordinates": [ [ [ 80.036341205017479, 6.920153473601802 ], [ 80.038241908762288, 6.920157319205784 ], [ 80.038238063753482, 6.922056708679837 ], [ 80.03633735241273, 6.922052862010414 ], [ 80.036341205017479, 6.920153473601802 ] ] ] } },
{ "type": "Feature", "properties": { "id": "1811,3644", "grid_id": "1811,3644" }, "geometry": { "type": "Polygon", "coordinates": [ [ [ 79.916594810130519, 6.921795217763528 ], [ 79.918495449075621, 6.921799542670675 ], [ 79.918491124349728, 6.923698860761534 ], [ 79.916590477807972, 6.923694534656478 ], [ 79.916594810130519, 6.921795217763528 ] ] ] } },
{ "type": "Feature", "properties": { "id": "1812,3644", "grid_id": "1812,3644" }, "geometry": { "type": "Polygon", "coordinates": [ [ [ 79.918495449075621, 6.921799542670675 ], [ 79.92039608923605, 6.921803859987452 ], [ 79.920391772106839, 6.92370317927412 ], [ 79.918491124349728, 6.923698860761534 ], [ 79.918495449075621, 6.921799542670675 ] ] ] } },
{ "type": "Feature", "properties": { "id": "1813,3644", "grid_id": "1813,3644" }, "geometry": { "type": "Polygon", "coordinates": [ [ [ 79.92039608923605, 6.921803859987452 ], [ 79.922296730609659, 6.921808169713837 ], [ 79.922292421077159, 6.923707490194212 ], [ 79.920391772106839, 6.92370317927412 ], [ 79.92039608923605, 6.921803859987452 ] ] ] } },
{ "type": "Feature", "properties": { "id": "1814,3644", "grid_id": "1814,3644" }, "geometry": { "type": "Polygon", "coordinates": [ [ [ 79.922296730609659, 6.921808169713837 ], [ 79.924197373194303, 6.921812471849808 ], [ 79.924193071258557, 6.923711793521786 ], [ 79.922292421077159, 6.923707490194212 ], [ 79.922296730609659, 6.921808169713837 ] ] ] } },
{ "type": "Feature", "properties": { "id": "1815,3644", "grid_id": "1815,3644" }, "geometry": { "type": "Polygon", "coordinates": [ [ [ 79.924197373194303, 6.921812471849808 ], [ 79.926098016987865, 6.92181676639534 ], [ 79.926093722648886, 6.923716089256818 ], [ 79.924193071258557, 6.923711793521786 ], [ 79.924197373194303, 6.921812471849808 ] ] ] } },
{ "type": "Feature", "properties": { "id": "1816,3644", "grid_id": "1816,3644" }, "geometry": { "type": "Polygon", "coordinates": [ [ [ 79.926098016987865, 6.92181676639534 ], [ 79.927998661988227, 6.921821053350408 ], [ 79.927994375246016, 6.923720377399285 ], [ 79.926093722648886, 6.923716089256818 ], [ 79.926098016987865, 6.92181676639534 ] ] ] } },
{ "type": "Feature", "properties": { "id": "1817,3644", "grid_id": "1817,3644" }, "geometry": { "type": "Polygon", "coordinates": [ [ [ 79.927998661988227, 6.921821053350408 ], [ 79.929899308193214, 6.921825332714989 ], [ 79.929895029047813, 6.923724657949164 ], [ 79.927994375246016, 6.923720377399285 ], [ 79.927998661988227, 6.921821053350408 ] ] ] } },
{ "type": "Feature", "properties": { "id": "1823,3644", "grid_id": "1823,3644" }, "geometry": { "type": "Polygon", "coordinates": [ [ [ 79.939402557213143, 6.921846615679794 ], [ 79.941303210601177, 6.921850849500968 ], [ 79.941298977037121, 6.923750181802771 ], [ 79.939398316052134, 6.923745946808912 ], [ 79.939402557213143, 6.921846615679794 ] ] ] } },
{ "type": "Feature", "properties": { "id": "1824,3644", "grid_id": "1824,3644" }, "geometry": { "type": "Polygon", "coordinates": [ [ [ 79.941303210601177, 6.921850849500968 ], [ 79.943203865178916, 6.921855075731493 ], [ 79.943199639211826, 6.923754409203877 ], [ 79.941298977037121, 6.923750181802771 ], [ 79.941303210601177, 6.921850849500968 ] ] ] } },
{ "type": "Feature", "properties": { "id": "1825,3644", "grid_id": "1825,3644" }, "geometry": { "type": "Polygon", "coordinates": [ [ [ 79.943203865178916, 6.921855075731493 ], [ 79.945104520944227, 6.921859294371348 ], [ 79.945100302574119, 6.923758629012209 ], [ 79.943199639211826, 6.923754409203877 ], [ 79.943203865178916, 6.921855075731493 ] ] ] } },
{ "type": "Feature", "properties": { "id": "1826,3644", "grid_id": "1826,3644" }, "geometry": { "type": "Polygon", "coordinates": [ [ [ 79.945104520944227, 6.921859294371348 ], [ 79.947005177894951, 6.921863505420506 ], [ 79.947000967121866, 6.923762841227741 ], [ 79.945100302574119, 6.923758629012209 ], [ 79.945104520944227, 6.921859294371348 ] ] ] } },
{ "type": "Feature", "properties": { "id": "1827,3644", "grid_id": "1827,3644" }, "geometry": { "type": "Polygon", "coordinates": [ [ [ 79.947005177894951, 6.921863505420506 ], [ 79.948905836028985, 6.921867708878946 ], [ 79.948901632852952, 6.923767045850453 ], [ 79.947000967121866, 6.923762841227741 ], [ 79.947005177894951, 6.921863505420506 ] ] ] } },
{ "type": "Feature", "properties": { "id": "1828,3644", "grid_id": "1828,3644" }, "geometry": { "type": "Polygon", "coordinates": [ [ [ 79.948905836028985, 6.921867708878946 ], [ 79.950806495344182, 6.921871904746644 ], [ 79.950802299765215, 6.923771242880322 ], [ 79.948901632852952, 6.923767045850453 ], [ 79.948905836028985, 6.921867708878946 ] ] ] } },
{ "type": "Feature", "properties": { "id": "1829,3644", "grid_id": "1829,3644" }, "geometry": { "type": "Polygon", "coordinates": [ [ [ 79.950806495344182, 6.921871904746644 ], [ 79.952707155838411, 6.921876093023578 ], [ 79.95270296785651, 6.923775432317322 ], [ 79.950802299765215, 6.923771242880322 ], [ 79.950806495344182, 6.921871904746644 ] ] ] } },
{ "type": "Feature", "properties": { "id": "1830,3644", "grid_id": "1830,3644" }, "geometry": { "type": "Polygon", "coordinates": [ [ [ 79.952707155838411, 6.921876093023578 ], [ 79.954607817509526, 6.921880273709723 ], [ 79.954603637124734, 6.923779614161433 ], [ 79.95270296785651, 6.923775432317322 ], [ 79.952707155838411, 6.921876093023578 ] ] ] } },
{ "type": "Feature", "properties": { "id": "1831,3644", "grid_id": "1831,3644" }, "geometry": { "type": "Polygon", "coordinates": [ [ [ 79.954607817509526, 6.921880273709723 ], [ 79.956508480355396, 6.921884446805059 ], [ 79.956504307567755, 6.923783788412631 ], [ 79.954603637124734, 6.923779614161433 ], [ 79.954607817509526, 6.921880273709723 ] ] ] } },
{ "type": "Feature", "properties": { "id": "1832,3644", "grid_id": "1832,3644" }, "geometry": { "type": "Polygon", "coordinates": [ [ [ 79.956508480355396, 6.921884446805059 ], [ 79.958409144373888, 6.921888612309562 ], [ 79.958404979183385, 6.923787955070895 ], [ 79.956504307567755, 6.923783788412631 ], [ 79.956508480355396, 6.921884446805059 ] ] ] } },
{ "type": "Feature", "properties": { "id": "1833,3644", "grid_id": "1833,3644" }, "geometry": { "type": "Polygon", "coordinates": [ [ [ 79.958409144373888, 6.921888612309562 ], [ 79.960309809562872, 6.921892770223208 ], [ 79.960305651969549, 6.923792114136198 ], [ 79.958404979183385, 6.923787955070895 ], [ 79.958409144373888, 6.921888612309562 ] ] ] } },
{ "type": "Feature", "properties": { "id": "1834,3644", "grid_id": "1834,3644" }, "geometry": { "type": "Polygon", "coordinates": [ [ [ 79.960309809562872, 6.921892770223208 ], [ 79.962210475920202, 6.921896920545976 ], [ 79.962206325924086, 6.92379626560852 ], [ 79.960305651969549, 6.923792114136198 ], [ 79.960309809562872, 6.921892770223208 ] ] ] } },
{ "type": "Feature", "properties": { "id": "1835,3644", "grid_id": "1835,3644" }, "geometry": { "type": "Polygon", "coordinates": [ [ [ 79.962210475920202, 6.921896920545976 ], [ 79.964111143443745, 6.921901063277844 ], [ 79.964107001044866, 6.92380040948784 ], [ 79.962206325924086, 6.92379626560852 ], [ 79.962210475920202, 6.921896920545976 ] ] ] } },
{ "type": "Feature", "properties": { "id": "1836,3644", "grid_id": "1836,3644" }, "geometry": { "type": "Polygon", "coordinates": [ [ [ 79.964111143443745, 6.921901063277844 ], [ 79.966011812131384, 6.921905198418785 ], [ 79.966007677329756, 6.923804545774133 ], [ 79.964107001044866, 6.92380040948784 ], [ 79.964111143443745, 6.921901063277844 ] ] ] } },
{ "type": "Feature", "properties": { "id": "1837,3644", "grid_id": "1837,3644" }, "geometry": { "type": "Polygon", "coordinates": [ [ [ 79.966011812131384, 6.921905198418785 ], [ 79.96791248198096, 6.921909325968782 ], [ 79.967908354776611, 6.923808674467376 ], [ 79.966007677329756, 6.923804545774133 ], [ 79.966011812131384, 6.921905198418785 ] ] ] } },
{ "type": "Feature", "properties": { "id": "1838,3644", "grid_id": "1838,3644" }, "geometry": { "type": "Polygon", "coordinates": [ [ [ 79.96791248198096, 6.921909325968782 ], [ 79.969813152990369, 6.921913445927807 ], [ 79.969809033383299, 6.923812795567547 ], [ 79.967908354776611, 6.923808674467376 ], [ 79.96791248198096, 6.921909325968782 ] ] ] } },
{ "type": "Feature", "properties": { "id": "1839,3644", "grid_id": "1839,3644" }, "geometry": { "type": "Polygon", "coordinates": [ [ [ 79.969813152990369, 6.921913445927807 ], [ 79.971713825157437, 6.921917558295841 ], [ 79.971709713147689, 6.923816909074622 ], [ 79.969809033383299, 6.923812795567547 ], [ 79.969813152990369, 6.921913445927807 ] ] ] } },
{ "type": "Feature", "properties": { "id": "1840,3644", "grid_id": "1840,3644" }, "geometry": { "type": "Polygon", "coordinates": [ [ [ 79.971713825157437, 6.921917558295841 ], [ 79.97361449848006, 6.921921663072861 ], [ 79.973610394067649, 6.923821014988581 ], [ 79.971709713147689, 6.923816909074622 ], [ 79.971713825157437, 6.921917558295841 ] ] ] } },
{ "type": "Feature", "properties": { "id": "1841,3644", "grid_id": "1841,3644" }, "geometry": { "type": "Polygon", "coordinates": [ [ [ 79.97361449848006, 6.921921663072861 ], [ 79.975515172956079, 6.921925760258843 ], [ 79.975511076141032, 6.923825113309401 ], [ 79.973610394067649, 6.923821014988581 ], [ 79.97361449848006, 6.921921663072861 ] ] ] } },
{ "type": "Feature", "properties": { "id": "1842,3644", "grid_id": "1842,3644" }, "geometry": { "type": "Polygon", "coordinates": [ [ [ 79.975515172956079, 6.921925760258843 ], [ 79.977415848583377, 6.921929849853766 ], [ 79.977411759365722, 6.92382920403706 ], [ 79.975511076141032, 6.923825113309401 ], [ 79.975515172956079, 6.921925760258843 ] ] ] } },
{ "type": "Feature", "properties": { "id": "1843,3644", "grid_id": "1843,3644" }, "geometry": { "type": "Polygon", "coordinates": [ [ [ 79.977415848583377, 6.921929849853766 ], [ 79.97931652535982, 6.921933931857606 ], [ 79.979312443739573, 6.923833287171533 ], [ 79.977411759365722, 6.92382920403706 ], [ 79.977415848583377, 6.921929849853766 ] ] ] } },
{ "type": "Feature", "properties": { "id": "1844,3644", "grid_id": "1844,3644" }, "geometry": { "type": "Polygon", "coordinates": [ [ [ 79.97931652535982, 6.921933931857606 ], [ 79.981217203283265, 6.921938006270343 ], [ 79.981213129260439, 6.9238373627128 ], [ 79.979312443739573, 6.923833287171533 ], [ 79.97931652535982, 6.921933931857606 ] ] ] } },
{ "type": "Feature", "properties": { "id": "1845,3644", "grid_id": "1845,3644" }, "geometry": { "type": "Polygon", "coordinates": [ [ [ 79.981217203283265, 6.921938006270343 ], [ 79.983117882351578, 6.921942073091954 ], [ 79.983113815926203, 6.923841430660836 ], [ 79.981213129260439, 6.9238373627128 ], [ 79.981217203283265, 6.921938006270343 ] ] ] } },
{ "type": "Feature", "properties": { "id": "1846,3644", "grid_id": "1846,3644" }, "geometry": { "type": "Polygon", "coordinates": [ [ [ 79.983117882351578, 6.921942073091954 ], [ 79.985018562562615, 6.921946132322416 ], [ 79.985014503734732, 6.923845491015624 ], [ 79.983113815926203, 6.923841430660836 ], [ 79.983117882351578, 6.921942073091954 ] ] ] } },
{ "type": "Feature", "properties": { "id": "1847,3644", "grid_id": "1847,3644" }, "geometry": { "type": "Polygon", "coordinates": [ [ [ 79.985018562562615, 6.921946132322416 ], [ 79.986919243914244, 6.921950183961706 ], [ 79.986915192683867, 6.923849543777135 ], [ 79.985014503734732, 6.923845491015624 ], [ 79.985018562562615, 6.921946132322416 ] ] ] } },
{ "type": "Feature", "properties": { "id": "1848,3644", "grid_id": "1848,3644" }, "geometry": { "type": "Polygon", "coordinates": [ [ [ 79.986919243914244, 6.921950183961706 ], [ 79.988819926404361, 6.921954228009803 ], [ 79.98881588277149, 6.923853588945351 ], [ 79.986915192683867, 6.923849543777135 ], [ 79.986919243914244, 6.921950183961706 ] ] ] } },
{ "type": "Feature", "properties": { "id": "1849,3644", "grid_id": "1849,3644" }, "geometry": { "type": "Polygon", "coordinates": [ [ [ 79.988819926404361, 6.921954228009803 ], [ 79.990720610030792, 6.921958264466687 ], [ 79.990716573995471, 6.92385762652025 ], [ 79.98881588277149, 6.923853588945351 ], [ 79.988819926404361, 6.921954228009803 ] ] ] } },
{ "type": "Feature", "properties": { "id": "1850,3644", "grid_id": "1850,3644" }, "geometry": { "type": "Polygon", "coordinates": [ [ [ 79.990720610030792, 6.921958264466687 ], [ 79.992621294791419, 6.921962293332332 ], [ 79.992617266353662, 6.92386165650181 ], [ 79.990716573995471, 6.92385762652025 ], [ 79.990720610030792, 6.921958264466687 ] ] ] } },
{ "type": "Feature", "properties": { "id": "1851,3644", "grid_id": "1851,3644" }, "geometry": { "type": "Polygon", "coordinates": [ [ [ 79.992621294791419, 6.921962293332332 ], [ 79.994521980684112, 6.921966314606716 ], [ 79.994517959843932, 6.923865678890007 ], [ 79.992617266353662, 6.92386165650181 ], [ 79.992621294791419, 6.921962293332332 ] ] ] } },
{ "type": "Feature", "properties": { "id": "1852,3644", "grid_id": "1852,3644" }, "geometry": { "type": "Polygon", "coordinates": [ [ [ 79.994521980684112, 6.921966314606716 ], [ 79.99642266770671, 6.92197032828982 ], [ 79.996418654464151, 6.92386969368482 ], [ 79.994517959843932, 6.923865678890007 ], [ 79.994521980684112, 6.921966314606716 ] ] ] } },
{ "type": "Feature", "properties": { "id": "1853,3644", "grid_id": "1853,3644" }, "geometry": { "type": "Polygon", "coordinates": [ [ [ 79.99642266770671, 6.92197032828982 ], [ 79.998323355857124, 6.921974334381621 ], [ 79.998319350212185, 6.923873700886227 ], [ 79.996418654464151, 6.92386969368482 ], [ 79.99642266770671, 6.92197032828982 ] ] ] } },
{ "type": "Feature", "properties": { "id": "1854,3644", "grid_id": "1854,3644" }, "geometry": { "type": "Polygon", "coordinates": [ [ [ 79.998323355857124, 6.921974334381621 ], [ 80.000224045133166, 6.921978332882095 ], [ 80.00022004708589, 6.923877700494205 ], [ 79.998319350212185, 6.923873700886227 ], [ 79.998323355857124, 6.921974334381621 ] ] ] } },
{ "type": "Feature", "properties": { "id": "1855,3644", "grid_id": "1855,3644" }, "geometry": { "type": "Polygon", "coordinates": [ [ [ 80.000224045133166, 6.921978332882095 ], [ 80.002124735532746, 6.921982323791224 ], [ 80.002120745083133, 6.923881692508734 ], [ 80.00022004708589, 6.923877700494205 ], [ 80.000224045133166, 6.921978332882095 ] ] ] } },
{ "type": "Feature", "properties": { "id": "1856,3644", "grid_id": "1856,3644" }, "geometry": { "type": "Polygon", "coordinates": [ [ [ 80.002124735532746, 6.921982323791224 ], [ 80.004025427053705, 6.921986307108982 ], [ 80.004021444201797, 6.92388567692979 ], [ 80.002120745083133, 6.923881692508734 ], [ 80.002124735532746, 6.921982323791224 ] ] ] } },
{ "type": "Feature", "properties": { "id": "1857,3644", "grid_id": "1857,3644" }, "geometry": { "type": "Polygon", "coordinates": [ [ [ 80.004025427053705, 6.921986307108982 ], [ 80.005926119693896, 6.921990282835348 ], [ 80.005922144439722, 6.923889653757353 ], [ 80.004021444201797, 6.92388567692979 ], [ 80.004025427053705, 6.921986307108982 ] ] ] } },
{ "type": "Feature", "properties": { "id": "1858,3644", "grid_id": "1858,3644" }, "geometry": { "type": "Polygon", "coordinates": [ [ [ 80.005926119693896, 6.921990282835348 ], [ 80.007826813451231, 6.921994250970303 ], [ 80.007822845794777, 6.923893622991401 ], [ 80.005922144439722, 6.923889653757353 ], [ 80.005926119693896, 6.921990282835348 ] ] ] } },
{ "type": "Feature", "properties": { "id": "1859,3644", "grid_id": "1859,3644" }, "geometry": { "type": "Polygon", "coordinates": [ [ [ 80.007826813451231, 6.921994250970303 ], [ 80.009727508323508, 6.921998211513824 ], [ 80.00972354826483, 6.923897584631912 ], [ 80.007822845794777, 6.923893622991401 ], [ 80.007826813451231, 6.921994250970303 ] ] ] } },
{ "type": "Feature", "properties": { "id": "1860,3644", "grid_id": "1860,3644" }, "geometry": { "type": "Polygon", "coordinates": [ [ [ 80.009727508323508, 6.921998211513824 ], [ 80.01162820430865, 6.922002164465887 ], [ 80.011624251847749, 6.923901538678864 ], [ 80.00972354826483, 6.923897584631912 ], [ 80.009727508323508, 6.921998211513824 ] ] ] } },
{ "type": "Feature", "properties": { "id": "1861,3644", "grid_id": "1861,3644" }, "geometry": { "type": "Polygon", "coordinates": [ [ [ 80.01162820430865, 6.922002164465887 ], [ 80.013528901404499, 6.922006109826474 ], [ 80.013524956541417, 6.923905485132234 ], [ 80.011624251847749, 6.923901538678864 ], [ 80.01162820430865, 6.922002164465887 ] ] ] } },
{ "type": "Feature", "properties": { "id": "1862,3644", "grid_id": "1862,3644" }, "geometry": { "type": "Polygon", "coordinates": [ [ [ 80.013528901404499, 6.922006109826474 ], [ 80.015429599608922, 6.922010047595561 ], [ 80.015425662343659, 6.923909423992004 ], [ 80.013524956541417, 6.923905485132234 ], [ 80.013528901404499, 6.922006109826474 ] ] ] } },
{ "type": "Feature", "properties": { "id": "1863,3644", "grid_id": "1863,3644" }, "geometry": { "type": "Polygon", "coordinates": [ [ [ 80.015429599608922, 6.922010047595561 ], [ 80.017330298919774, 6.922013977773127 ], [ 80.017326369252373, 6.923913355258148 ], [ 80.015425662343659, 6.923909423992004 ], [ 80.015429599608922, 6.922010047595561 ] ] ] } },
{ "type": "Feature", "properties": { "id": "1864,3644", "grid_id": "1864,3644" }, "geometry": { "type": "Polygon", "coordinates": [ [ [ 80.017330298919774, 6.922013977773127 ], [ 80.019230999334937, 6.92201790035915 ], [ 80.019227077265398, 6.92391727893065 ], [ 80.017326369252373, 6.923913355258148 ], [ 80.017330298919774, 6.922013977773127 ] ] ] } },
{ "type": "Feature", "properties": { "id": "1865,3644", "grid_id": "1865,3644" }, "geometry": { "type": "Polygon", "coordinates": [ [ [ 80.019230999334937, 6.92201790035915 ], [ 80.021131700852266, 6.922021815353608 ], [ 80.021127786380617, 6.923921195009481 ], [ 80.019227077265398, 6.92391727893065 ], [ 80.019230999334937, 6.92201790035915 ] ] ] } },
{ "type": "Feature", "properties": { "id": "1866,3644", "grid_id": "1866,3644" }, "geometry": { "type": "Polygon", "coordinates": [ [ [ 80.021131700852266, 6.922021815353608 ], [ 80.023032403469628, 6.922025722756482 ], [ 80.023028496595899, 6.923925103494628 ], [ 80.021127786380617, 6.923921195009481 ], [ 80.021131700852266, 6.922021815353608 ] ] ] } },
{ "type": "Feature", "properties": { "id": "1867,3644", "grid_id": "1867,3644" }, "geometry": { "type": "Polygon", "coordinates": [ [ [ 80.023032403469628, 6.922025722756482 ], [ 80.024933107184879, 6.92202962256775 ], [ 80.024929207909096, 6.923929004386064 ], [ 80.023028496595899, 6.923925103494628 ], [ 80.023032403469628, 6.922025722756482 ] ] ] } },
{ "type": "Feature", "properties": { "id": "1868,3644", "grid_id": "1868,3644" }, "geometry": { "type": "Polygon", "coordinates": [ [ [ 80.024933107184879, 6.92202962256775 ], [ 80.026833811995914, 6.922033514787389 ], [ 80.026829920318079, 6.923932897683767 ], [ 80.024929207909096, 6.923929004386064 ], [ 80.024933107184879, 6.92202962256775 ] ] ] } },
{ "type": "Feature", "properties": { "id": "1869,3644", "grid_id": "1869,3644" }, "geometry": { "type": "Polygon", "coordinates": [ [ [ 80.026833811995914, 6.922033514787389 ], [ 80.028734517900546, 6.922037399415376 ], [ 80.028730633820715, 6.923936783387722 ], [ 80.026829920318079, 6.923932897683767 ], [ 80.026833811995914, 6.922033514787389 ] ] ] } },
{ "type": "Feature", "properties": { "id": "1870,3644", "grid_id": "1870,3644" }, "geometry": { "type": "Polygon", "coordinates": [ [ [ 80.028734517900546, 6.922037399415376 ], [ 80.030635224896685, 6.922041276451695 ], [ 80.030631348414857, 6.923940661497901 ], [ 80.028730633820715, 6.923936783387722 ], [ 80.028734517900546, 6.922037399415376 ] ] ] } },
{ "type": "Feature", "properties": { "id": "1871,3644", "grid_id": "1871,3644" }, "geometry": { "type": "Polygon", "coordinates": [ [ [ 80.030635224896685, 6.922041276451695 ], [ 80.032535932982199, 6.922045145896321 ], [ 80.032532064098376, 6.923944532014286 ], [ 80.030631348414857, 6.923940661497901 ], [ 80.030635224896685, 6.922041276451695 ] ] ] } },
{ "type": "Feature", "properties": { "id": "1872,3644", "grid_id": "1872,3644" }, "geometry": { "type": "Polygon", "coordinates": [ [ [ 80.032535932982199, 6.922045145896321 ], [ 80.034436642154915, 6.922049007749235 ], [ 80.034432780869139, 6.923948394936854 ], [ 80.032532064098376, 6.923944532014286 ], [ 80.032535932982199, 6.922045145896321 ] ] ] } },
{ "type": "Feature", "properties": { "id": "1823,3645", "grid_id": "1823,3645" }, "geometry": { "type": "Polygon", "coordinates": [ [ [ 79.939398316052134, 6.923745946808912 ], [ 79.941298977037121, 6.923750181802771 ], [ 79.941294742283333, 6.925649513950664 ], [ 79.939394073699248, 6.925645277784116 ], [ 79.939398316052134, 6.923745946808912 ] ] ] } },
{ "type": "Feature", "properties": { "id": "1824,3645", "grid_id": "1824,3645" }, "geometry": { "type": "Polygon", "coordinates": [ [ [ 79.941298977037121, 6.923750181802771 ], [ 79.943199639211826, 6.923754409203877 ], [ 79.943195412057136, 6.92565374252236 ], [ 79.941294742283333, 6.925649513950664 ], [ 79.941298977037121, 6.923750181802771 ] ] ] } },
{ "type": "Feature", "properties": { "id": "1825,3645", "grid_id": "1825,3645" }, "geometry": { "type": "Polygon", "coordinates": [ [ [ 79.943199639211826, 6.923754409203877 ], [ 79.945100302574119, 6.923758629012209 ], [ 79.945096083018555, 6.925657963499178 ], [ 79.943195412057136, 6.92565374252236 ], [ 79.943199639211826, 6.923754409203877 ] ] ] } },
{ "type": "Feature", "properties": { "id": "1826,3645", "grid_id": "1826,3645" }, "geometry": { "type": "Polygon", "coordinates": [ [ [ 79.945100302574119, 6.923758629012209 ], [ 79.947000967121866, 6.923762841227741 ], [ 79.946996755165472, 6.925662176881094 ], [ 79.945096083018555, 6.925657963499178 ], [ 79.945100302574119, 6.923758629012209 ] ] ] } },
{ "type": "Feature", "properties": { "id": "1827,3645", "grid_id": "1827,3645" }, "geometry": { "type": "Polygon", "coordinates": [ [ [ 79.947000967121866, 6.923762841227741 ], [ 79.948901632852952, 6.923767045850453 ], [ 79.948897428495712, 6.925666382668085 ], [ 79.946996755165472, 6.925662176881094 ], [ 79.947000967121866, 6.923762841227741 ] ] ] } },
{ "type": "Feature", "properties": { "id": "1828,3645", "grid_id": "1828,3645" }, "geometry": { "type": "Polygon", "coordinates": [ [ [ 79.948901632852952, 6.923767045850453 ], [ 79.950802299765215, 6.923771242880322 ], [ 79.950798103007173, 6.925670580860134 ], [ 79.948897428495712, 6.925666382668085 ], [ 79.948901632852952, 6.923767045850453 ] ] ] } },
{ "type": "Feature", "properties": { "id": "1830,3645", "grid_id": "1830,3645" }, "geometry": { "type": "Polygon", "coordinates": [ [ [ 79.95270296785651, 6.923775432317322 ], [ 79.954603637124734, 6.923779614161433 ], [ 79.954599455565173, 6.925678954459295 ], [ 79.952698778697709, 6.92567477145721 ], [ 79.95270296785651, 6.923775432317322 ] ] ] } },
{ "type": "Feature", "properties": { "id": "1831,3645", "grid_id": "1831,3645" }, "geometry": { "type": "Polygon", "coordinates": [ [ [ 79.954603637124734, 6.923779614161433 ], [ 79.956504307567755, 6.923783788412631 ], [ 79.956500133607449, 6.925683129866365 ], [ 79.954599455565173, 6.925678954459295 ], [ 79.954603637124734, 6.923779614161433 ] ] ] } },
{ "type": "Feature", "properties": { "id": "1832,3645", "grid_id": "1832,3645" }, "geometry": { "type": "Polygon", "coordinates": [ [ [ 79.956504307567755, 6.923783788412631 ], [ 79.958404979183385, 6.923787955070895 ], [ 79.958400812822404, 6.925687297678397 ], [ 79.956500133607449, 6.925683129866365 ], [ 79.956504307567755, 6.923783788412631 ] ] ] } },
{ "type": "Feature", "properties": { "id": "1833,3645", "grid_id": "1833,3645" }, "geometry": { "type": "Polygon", "coordinates": [ [ [ 79.958404979183385, 6.923787955070895 ], [ 79.960305651969549, 6.923792114136198 ], [ 79.960301493207865, 6.925691457895367 ], [ 79.958400812822404, 6.925687297678397 ], [ 79.958404979183385, 6.923787955070895 ] ] ] } },
{ "type": "Feature", "properties": { "id": "1834,3645", "grid_id": "1834,3645" }, "geometry": { "type": "Polygon", "coordinates": [ [ [ 79.960305651969549, 6.923792114136198 ], [ 79.962206325924086, 6.92379626560852 ], [ 79.962202174761757, 6.925695610517253 ], [ 79.960301493207865, 6.925691457895367 ], [ 79.960305651969549, 6.923792114136198 ] ] ] } },
{ "type": "Feature", "properties": { "id": "1835,3645", "grid_id": "1835,3645" }, "geometry": { "type": "Polygon", "coordinates": [ [ [ 79.962206325924086, 6.92379626560852 ], [ 79.964107001044866, 6.92380040948784 ], [ 79.964102857481876, 6.925699755544034 ], [ 79.962202174761757, 6.925695610517253 ], [ 79.962206325924086, 6.92379626560852 ] ] ] } },
{ "type": "Feature", "properties": { "id": "1836,3645", "grid_id": "1836,3645" }, "geometry": { "type": "Polygon", "coordinates": [ [ [ 79.964107001044866, 6.92380040948784 ], [ 79.966007677329756, 6.923804545774133 ], [ 79.966003541366149, 6.925703892975684 ], [ 79.964102857481876, 6.925699755544034 ], [ 79.964107001044866, 6.92380040948784 ] ] ] } },
{ "type": "Feature", "properties": { "id": "1837,3645", "grid_id": "1837,3645" }, "geometry": { "type": "Polygon", "coordinates": [ [ [ 79.966007677329756, 6.923804545774133 ], [ 79.967908354776611, 6.923808674467376 ], [ 79.967904226412415, 6.925708022812183 ], [ 79.966003541366149, 6.925703892975684 ], [ 79.966007677329756, 6.923804545774133 ] ] ] } },
{ "type": "Feature", "properties": { "id": "1838,3645", "grid_id": "1838,3645" }, "geometry": { "type": "Polygon", "coordinates": [ [ [ 79.967908354776611, 6.923808674467376 ], [ 79.969809033383299, 6.923812795567547 ], [ 79.969804912618542, 6.925712145053508 ], [ 79.967904226412415, 6.925708022812183 ], [ 79.967908354776611, 6.923808674467376 ] ] ] } },
{ "type": "Feature", "properties": { "id": "1839,3645", "grid_id": "1839,3645" }, "geometry": { "type": "Polygon", "coordinates": [ [ [ 79.969809033383299, 6.923812795567547 ], [ 79.971709713147689, 6.923816909074622 ], [ 79.971705599982371, 6.925716259699636 ], [ 79.969804912618542, 6.925712145053508 ], [ 79.969809033383299, 6.923812795567547 ] ] ] } },
{ "type": "Feature", "properties": { "id": "1840,3645", "grid_id": "1840,3645" }, "geometry": { "type": "Polygon", "coordinates": [ [ [ 79.971709713147689, 6.923816909074622 ], [ 79.973610394067649, 6.923821014988581 ], [ 79.973606288501813, 6.925720366750543 ], [ 79.971705599982371, 6.925716259699636 ], [ 79.971709713147689, 6.923816909074622 ] ] ] } },
{ "type": "Feature", "properties": { "id": "1841,3645", "grid_id": "1841,3645" }, "geometry": { "type": "Polygon", "coordinates": [ [ [ 79.973610394067649, 6.923821014988581 ], [ 79.975511076141032, 6.923825113309401 ], [ 79.975506978174693, 6.925724466206209 ], [ 79.973606288501813, 6.925720366750543 ], [ 79.973610394067649, 6.923821014988581 ] ] ] } },
{ "type": "Feature", "properties": { "id": "1842,3645", "grid_id": "1842,3645" }, "geometry": { "type": "Polygon", "coordinates": [ [ [ 79.975511076141032, 6.923825113309401 ], [ 79.977411759365722, 6.92382920403706 ], [ 79.977407668998907, 6.92572855806661 ], [ 79.975506978174693, 6.925724466206209 ], [ 79.975511076141032, 6.923825113309401 ] ] ] } },
{ "type": "Feature", "properties": { "id": "1843,3645", "grid_id": "1843,3645" }, "geometry": { "type": "Polygon", "coordinates": [ [ [ 79.977411759365722, 6.92382920403706 ], [ 79.979312443739573, 6.923833287171533 ], [ 79.979308360972297, 6.925732642331724 ], [ 79.977407668998907, 6.92572855806661 ], [ 79.977411759365722, 6.92382920403706 ] ] ] } },
{ "type": "Feature", "properties": { "id": "1844,3645", "grid_id": "1844,3645" }, "geometry": { "type": "Polygon", "coordinates": [ [ [ 79.979312443739573, 6.923833287171533 ], [ 79.981213129260439, 6.9238373627128 ], [ 79.98120905409273, 6.92573671900153 ], [ 79.979308360972297, 6.925732642331724 ], [ 79.979312443739573, 6.923833287171533 ] ] ] } },
{ "type": "Feature", "properties": { "id": "1845,3645", "grid_id": "1845,3645" }, "geometry": { "type": "Polygon", "coordinates": [ [ [ 79.981213129260439, 6.9238373627128 ], [ 79.983113815926203, 6.923841430660836 ], [ 79.983109748358089, 6.925740788076002 ], [ 79.98120905409273, 6.92573671900153 ], [ 79.981213129260439, 6.9238373627128 ] ] ] } },
{ "type": "Feature", "properties": { "id": "1846,3645", "grid_id": "1846,3645" }, "geometry": { "type": "Polygon", "coordinates": [ [ [ 79.983113815926203, 6.923841430660836 ], [ 79.985014503734732, 6.923845491015624 ], [ 79.985010443766214, 6.925744849555121 ], [ 79.983109748358089, 6.925740788076002 ], [ 79.983113815926203, 6.923841430660836 ] ] ] } },
{ "type": "Feature", "properties": { "id": "1847,3645", "grid_id": "1847,3645" }, "geometry": { "type": "Polygon", "coordinates": [ [ [ 79.985014503734732, 6.923845491015624 ], [ 79.986915192683867, 6.923849543777135 ], [ 79.986911140314987, 6.925748903438865 ], [ 79.985010443766214, 6.925744849555121 ], [ 79.985014503734732, 6.923845491015624 ] ] ] } },
{ "type": "Feature", "properties": { "id": "1848,3645", "grid_id": "1848,3645" }, "geometry": { "type": "Polygon", "coordinates": [ [ [ 79.986915192683867, 6.923849543777135 ], [ 79.98881588277149, 6.923853588945351 ], [ 79.988811838002277, 6.92575294972721 ], [ 79.986911140314987, 6.925748903438865 ], [ 79.986915192683867, 6.923849543777135 ] ] ] } },
{ "type": "Feature", "properties": { "id": "1849,3645", "grid_id": "1849,3645" }, "geometry": { "type": "Polygon", "coordinates": [ [ [ 79.98881588277149, 6.923853588945351 ], [ 79.990716573995471, 6.92385762652025 ], [ 79.990712536825924, 6.925756988420135 ], [ 79.988811838002277, 6.92575294972721 ], [ 79.98881588277149, 6.923853588945351 ] ] ] } },
{ "type": "Feature", "properties": { "id": "1850,3645", "grid_id": "1850,3645" }, "geometry": { "type": "Polygon", "coordinates": [ [ [ 79.990716573995471, 6.92385762652025 ], [ 79.992617266353662, 6.92386165650181 ], [ 79.992613236783825, 6.925761019517615 ], [ 79.990712536825924, 6.925756988420135 ], [ 79.990716573995471, 6.92385762652025 ] ] ] } },
{ "type": "Feature", "properties": { "id": "1851,3645", "grid_id": "1851,3645" }, "geometry": { "type": "Polygon", "coordinates": [ [ [ 79.992617266353662, 6.92386165650181 ], [ 79.994517959843932, 6.923865678890007 ], [ 79.994513937873819, 6.925765043019632 ], [ 79.992613236783825, 6.925761019517615 ], [ 79.992617266353662, 6.92386165650181 ] ] ] } },
{ "type": "Feature", "properties": { "id": "1852,3645", "grid_id": "1852,3645" }, "geometry": { "type": "Polygon", "coordinates": [ [ [ 79.994517959843932, 6.923865678890007 ], [ 79.996418654464151, 6.92386969368482 ], [ 79.996414640093789, 6.925769058926162 ], [ 79.994513937873819, 6.925765043019632 ], [ 79.994517959843932, 6.923865678890007 ] ] ] } },
{ "type": "Feature", "properties": { "id": "1853,3645", "grid_id": "1853,3645" }, "geometry": { "type": "Polygon", "coordinates": [ [ [ 79.996418654464151, 6.92386969368482 ], [ 79.998319350212185, 6.923873700886227 ], [ 79.998315343441575, 6.925773067237183 ], [ 79.996414640093789, 6.925769058926162 ], [ 79.996418654464151, 6.92386969368482 ] ] ] } },
{ "type": "Feature", "properties": { "id": "1854,3645", "grid_id": "1854,3645" }, "geometry": { "type": "Polygon", "coordinates": [ [ [ 79.998319350212185, 6.923873700886227 ], [ 80.00022004708589, 6.923877700494205 ], [ 80.000216047915075, 6.925777067952674 ], [ 79.998315343441575, 6.925773067237183 ], [ 79.998319350212185, 6.923873700886227 ] ] ] } },
{ "type": "Feature", "properties": { "id": "1855,3645", "grid_id": "1855,3645" }, "geometry": { "type": "Polygon", "coordinates": [ [ [ 80.00022004708589, 6.923877700494205 ], [ 80.002120745083133, 6.923881692508734 ], [ 80.002116753512126, 6.925781061072612 ], [ 80.000216047915075, 6.925777067952674 ], [ 80.00022004708589, 6.923877700494205 ] ] ] } },
{ "type": "Feature", "properties": { "id": "1856,3645", "grid_id": "1856,3645" }, "geometry": { "type": "Polygon", "coordinates": [ [ [ 80.002120745083133, 6.923881692508734 ], [ 80.004021444201797, 6.92388567692979 ], [ 80.004017460230614, 6.925785046596975 ], [ 80.002116753512126, 6.925781061072612 ], [ 80.002120745083133, 6.923881692508734 ] ] ] } },
{ "type": "Feature", "properties": { "id": "1857,3645", "grid_id": "1857,3645" }, "geometry": { "type": "Polygon", "coordinates": [ [ [ 80.004021444201797, 6.92388567692979 ], [ 80.005922144439722, 6.923889653757353 ], [ 80.005918168068405, 6.925789024525743 ], [ 80.004017460230614, 6.925785046596975 ], [ 80.004021444201797, 6.92388567692979 ] ] ] } },
{ "type": "Feature", "properties": { "id": "1858,3645", "grid_id": "1858,3645" }, "geometry": { "type": "Polygon", "coordinates": [ [ [ 80.005922144439722, 6.923889653757353 ], [ 80.007822845794777, 6.923893622991401 ], [ 80.007818877023325, 6.925792994858892 ], [ 80.005918168068405, 6.925789024525743 ], [ 80.005922144439722, 6.923889653757353 ] ] ] } },
{ "type": "Feature", "properties": { "id": "1859,3645", "grid_id": "1859,3645" }, "geometry": { "type": "Polygon", "coordinates": [ [ [ 80.007822845794777, 6.923893622991401 ], [ 80.00972354826483, 6.923897584631912 ], [ 80.009719587093286, 6.925796957596402 ], [ 80.007818877023325, 6.925792994858892 ], [ 80.007822845794777, 6.923893622991401 ] ] ] } },
{ "type": "Feature", "properties": { "id": "1860,3645", "grid_id": "1860,3645" }, "geometry": { "type": "Polygon", "coordinates": [ [ [ 80.00972354826483, 6.923897584631912 ], [ 80.011624251847749, 6.923901538678864 ], [ 80.011620298276142, 6.925800912738249 ], [ 80.009719587093286, 6.925796957596402 ], [ 80.00972354826483, 6.923897584631912 ] ] ] } },
{ "type": "Feature", "properties": { "id": "1861,3645", "grid_id": "1861,3645" }, "geometry": { "type": "Polygon", "coordinates": [ [ [ 80.011624251847749, 6.923901538678864 ], [ 80.013524956541417, 6.923905485132234 ], [ 80.013521010569718, 6.925804860284415 ], [ 80.011620298276142, 6.925800912738249 ], [ 80.011624251847749, 6.923901538678864 ] ] ] } },
{ "type": "Feature", "properties": { "id": "1862,3645", "grid_id": "1862,3645" }, "geometry": { "type": "Polygon", "coordinates": [ [ [ 80.013524956541417, 6.923905485132234 ], [ 80.015425662343659, 6.923909423992004 ], [ 80.015421723971954, 6.925808800234874 ], [ 80.013521010569718, 6.925804860284415 ], [ 80.013524956541417, 6.923905485132234 ] ] ] } },
{ "type": "Feature", "properties": { "id": "1863,3645", "grid_id": "1863,3645" }, "geometry": { "type": "Polygon", "coordinates": [ [ [ 80.015425662343659, 6.923909423992004 ], [ 80.017326369252373, 6.923913355258148 ], [ 80.017322438480633, 6.925812732589607 ], [ 80.015421723971954, 6.925808800234874 ], [ 80.015425662343659, 6.923909423992004 ] ] ] } },
{ "type": "Feature", "properties": { "id": "1864,3645", "grid_id": "1864,3645" }, "geometry": { "type": "Polygon", "coordinates": [ [ [ 80.017326369252373, 6.923913355258148 ], [ 80.019227077265398, 6.92391727893065 ], [ 80.01922315409368, 6.925816657348594 ], [ 80.017322438480633, 6.925812732589607 ], [ 80.017326369252373, 6.923913355258148 ] ] ] } },
{ "type": "Feature", "properties": { "id": "1865,3645", "grid_id": "1865,3645" }, "geometry": { "type": "Polygon", "coordinates": [ [ [ 80.019227077265398, 6.92391727893065 ], [ 80.021127786380617, 6.923921195009481 ], [ 80.021123870808935, 6.92582057451181 ], [ 80.01922315409368, 6.925816657348594 ], [ 80.019227077265398, 6.92391727893065 ] ] ] } },
{ "type": "Feature", "properties": { "id": "1866,3645", "grid_id": "1866,3645" }, "geometry": { "type": "Polygon", "coordinates": [ [ [ 80.021127786380617, 6.923921195009481 ], [ 80.023028496595899, 6.923925103494628 ], [ 80.023024588624253, 6.925824484079235 ], [ 80.021123870808935, 6.92582057451181 ], [ 80.021127786380617, 6.923921195009481 ] ] ] } },
{ "type": "Feature", "properties": { "id": "1867,3645", "grid_id": "1867,3645" }, "geometry": { "type": "Polygon", "coordinates": [ [ [ 80.023028496595899, 6.923925103494628 ], [ 80.024929207909096, 6.923929004386064 ], [ 80.024925307537529, 6.925828386050849 ], [ 80.023024588624253, 6.925824484079235 ], [ 80.023028496595899, 6.923925103494628 ] ] ] } },
{ "type": "Feature", "properties": { "id": "1868,3645", "grid_id": "1868,3645" }, "geometry": { "type": "Polygon", "coordinates": [ [ [ 80.024929207909096, 6.923929004386064 ], [ 80.026829920318079, 6.923932897683767 ], [ 80.026826027546605, 6.925832280426627 ], [ 80.024925307537529, 6.925828386050849 ], [ 80.024929207909096, 6.923929004386064 ] ] ] } },
{ "type": "Feature", "properties": { "id": "1869,3645", "grid_id": "1869,3645" }, "geometry": { "type": "Polygon", "coordinates": [ [ [ 80.026829920318079, 6.923932897683767 ], [ 80.028730633820715, 6.923936783387722 ], [ 80.028726748649348, 6.925836167206552 ], [ 80.026826027546605, 6.925832280426627 ], [ 80.026829920318079, 6.923932897683767 ] ] ] } },
{ "type": "Feature", "properties": { "id": "1870,3645", "grid_id": "1870,3645" }, "geometry": { "type": "Polygon", "coordinates": [ [ [ 80.028730633820715, 6.923936783387722 ], [ 80.030631348414857, 6.923940661497901 ], [ 80.03062747084364, 6.9258400463906 ], [ 80.028726748649348, 6.925836167206552 ], [ 80.028730633820715, 6.923936783387722 ] ] ] } },
{ "type": "Feature", "properties": { "id": "1823,3646", "grid_id": "1823,3646" }, "geometry": { "type": "Polygon", "coordinates": [ [ [ 79.939394073699248, 6.925645277784116 ], [ 79.941294742283333, 6.925649513950664 ], [ 79.941290506339783, 6.927548845944606 ], [ 79.939389830154497, 6.927544608605357 ], [ 79.939394073699248, 6.925645277784116 ] ] ] } },
{ "type": "Feature", "properties": { "id": "1824,3646", "grid_id": "1824,3646" }, "geometry": { "type": "Polygon", "coordinates": [ [ [ 79.941294742283333, 6.925649513950664 ], [ 79.943195412057136, 6.92565374252236 ], [ 79.943191183714831, 6.927553075686898 ], [ 79.941290506339783, 6.927548845944606 ], [ 79.941294742283333, 6.925649513950664 ] ] ] } },
{ "type": "Feature", "properties": { "id": "1825,3646", "grid_id": "1825,3646" }, "geometry": { "type": "Polygon", "coordinates": [ [ [ 79.943195412057136, 6.92565374252236 ], [ 79.945096083018555, 6.925657963499178 ], [ 79.945091862277522, 6.92755729783221 ], [ 79.943191183714831, 6.927553075686898 ], [ 79.943195412057136, 6.92565374252236 ] ] ] } },
{ "type": "Feature", "properties": { "id": "1826,3646", "grid_id": "1826,3646" }, "geometry": { "type": "Polygon", "coordinates": [ [ [ 79.945096083018555, 6.925657963499178 ], [ 79.946996755165472, 6.925662176881094 ], [ 79.946992542025711, 6.92756151238052 ], [ 79.945091862277522, 6.92755729783221 ], [ 79.945096083018555, 6.925657963499178 ] ] ] } },
{ "type": "Feature", "properties": { "id": "1827,3646", "grid_id": "1827,3646" }, "geometry": { "type": "Polygon", "coordinates": [ [ [ 79.946996755165472, 6.925662176881094 ], [ 79.948897428495712, 6.925666382668085 ], [ 79.948893222957281, 6.927565719331803 ], [ 79.946992542025711, 6.92756151238052 ], [ 79.946996755165472, 6.925662176881094 ] ] ] } },
{ "type": "Feature", "properties": { "id": "1828,3646", "grid_id": "1828,3646" }, "geometry": { "type": "Polygon", "coordinates": [ [ [ 79.948897428495712, 6.925666382668085 ], [ 79.950798103007173, 6.925670580860134 ], [ 79.950793905070071, 6.927569918686038 ], [ 79.948893222957281, 6.927565719331803 ], [ 79.948897428495712, 6.925666382668085 ] ] ] } },
{ "type": "Feature", "properties": { "id": "1830,3646", "grid_id": "1830,3646" }, "geometry": { "type": "Polygon", "coordinates": [ [ [ 79.952698778697709, 6.92567477145721 ], [ 79.954599455565173, 6.925678954459295 ], [ 79.954595272830815, 6.927578294603268 ], [ 79.952694588361965, 6.927574110443201 ], [ 79.952698778697709, 6.92567477145721 ] ] ] } },
{ "type": "Feature", "properties": { "id": "1831,3646", "grid_id": "1831,3646" }, "geometry": { "type": "Polygon", "coordinates": [ [ [ 79.954599455565173, 6.925678954459295 ], [ 79.956500133607449, 6.925683129866365 ], [ 79.956495958474491, 6.927582471166218 ], [ 79.954595272830815, 6.927578294603268 ], [ 79.954599455565173, 6.925678954459295 ] ] ] } },
{ "type": "Feature", "properties": { "id": "1832,3646", "grid_id": "1832,3646" }, "geometry": { "type": "Polygon", "coordinates": [ [ [ 79.956500133607449, 6.925683129866365 ], [ 79.958400812822404, 6.925687297678397 ], [ 79.958396645290861, 6.927586640132027 ], [ 79.956495958474491, 6.927582471166218 ], [ 79.956500133607449, 6.925683129866365 ] ] ] } },
{ "type": "Feature", "properties": { "id": "1833,3646", "grid_id": "1833,3646" }, "geometry": { "type": "Polygon", "coordinates": [ [ [ 79.958400812822404, 6.925687297678397 ], [ 79.960301493207865, 6.925691457895367 ], [ 79.960297333277779, 6.927590801500672 ], [ 79.958396645290861, 6.927586640132027 ], [ 79.958400812822404, 6.925687297678397 ] ] ] } },
{ "type": "Feature", "properties": { "id": "1834,3646", "grid_id": "1834,3646" }, "geometry": { "type": "Polygon", "coordinates": [ [ [ 79.960301493207865, 6.925691457895367 ], [ 79.962202174761757, 6.925695610517253 ], [ 79.962198022433142, 6.927594955272132 ], [ 79.960297333277779, 6.927590801500672 ], [ 79.960301493207865, 6.925691457895367 ] ] ] } },
{ "type": "Feature", "properties": { "id": "1835,3646", "grid_id": "1835,3646" }, "geometry": { "type": "Polygon", "coordinates": [ [ [ 79.962202174761757, 6.925695610517253 ], [ 79.964102857481876, 6.925699755544034 ], [ 79.964098712754762, 6.927599101446382 ], [ 79.962198022433142, 6.927594955272132 ], [ 79.962202174761757, 6.925695610517253 ] ] ] } },
{ "type": "Feature", "properties": { "id": "1836,3646", "grid_id": "1836,3646" }, "geometry": { "type": "Polygon", "coordinates": [ [ [ 79.964102857481876, 6.925699755544034 ], [ 79.966003541366149, 6.925703892975684 ], [ 79.965999404240549, 6.9276032400234 ], [ 79.964098712754762, 6.927599101446382 ], [ 79.964102857481876, 6.925699755544034 ] ] ] } },
{ "type": "Feature", "properties": { "id": "1837,3646", "grid_id": "1837,3646" }, "geometry": { "type": "Polygon", "coordinates": [ [ [ 79.966003541366149, 6.925703892975684 ], [ 79.967904226412415, 6.925708022812183 ], [ 79.967900096888357, 6.927607371003164 ], [ 79.965999404240549, 6.9276032400234 ], [ 79.966003541366149, 6.925703892975684 ] ] ] } },
{ "type": "Feature", "properties": { "id": "1838,3646", "grid_id": "1838,3646" }, "geometry": { "type": "Polygon", "coordinates": [ [ [ 79.967904226412415, 6.925708022812183 ], [ 79.969804912618542, 6.925712145053508 ], [ 79.969800790696041, 6.92761149438565 ], [ 79.967900096888357, 6.927607371003164 ], [ 79.967904226412415, 6.925708022812183 ] ] ] } },
{ "type": "Feature", "properties": { "id": "1839,3646", "grid_id": "1839,3646" }, "geometry": { "type": "Polygon", "coordinates": [ [ [ 79.969804912618542, 6.925712145053508 ], [ 79.971705599982371, 6.925716259699636 ], [ 79.971701485661484, 6.927615610170838 ], [ 79.969800790696041, 6.92761149438565 ], [ 79.969804912618542, 6.925712145053508 ] ] ] } },
{ "type": "Feature", "properties": { "id": "1840,3646", "grid_id": "1840,3646" }, "geometry": { "type": "Polygon", "coordinates": [ [ [ 79.971705599982371, 6.925716259699636 ], [ 79.973606288501813, 6.925720366750543 ], [ 79.973602181782525, 6.927619718358704 ], [ 79.971701485661484, 6.927615610170838 ], [ 79.971705599982371, 6.925716259699636 ] ] ] } },
{ "type": "Feature", "properties": { "id": "1841,3646", "grid_id": "1841,3646" }, "geometry": { "type": "Polygon", "coordinates": [ [ [ 79.973606288501813, 6.925720366750543 ], [ 79.975506978174693, 6.925724466206209 ], [ 79.975502879057046, 6.927623818949223 ], [ 79.973602181782525, 6.927619718358704 ], [ 79.973606288501813, 6.925720366750543 ] ] ] } },
{ "type": "Feature", "properties": { "id": "1842,3646", "grid_id": "1842,3646" }, "geometry": { "type": "Polygon", "coordinates": [ [ [ 79.975506978174693, 6.925724466206209 ], [ 79.977407668998907, 6.92572855806661 ], [ 79.977403577482903, 6.927627911942377 ], [ 79.975502879057046, 6.927623818949223 ], [ 79.975506978174693, 6.925724466206209 ] ] ] } },
{ "type": "Feature", "properties": { "id": "1843,3646", "grid_id": "1843,3646" }, "geometry": { "type": "Polygon", "coordinates": [ [ [ 79.977407668998907, 6.92572855806661 ], [ 79.979308360972297, 6.925732642331724 ], [ 79.979304277057977, 6.92763199733814 ], [ 79.977403577482903, 6.927627911942377 ], [ 79.977407668998907, 6.92572855806661 ] ] ] } },
{ "type": "Feature", "properties": { "id": "1844,3646", "grid_id": "1844,3646" }, "geometry": { "type": "Polygon", "coordinates": [ [ [ 79.979308360972297, 6.925732642331724 ], [ 79.98120905409273, 6.92573671900153 ], [ 79.981204977780109, 6.927636075136493 ], [ 79.979304277057977, 6.92763199733814 ], [ 79.979308360972297, 6.925732642331724 ] ] ] } },
{ "type": "Feature", "properties": { "id": "1845,3646", "grid_id": "1845,3646" }, "geometry": { "type": "Polygon", "coordinates": [ [ [ 79.98120905409273, 6.92573671900153 ], [ 79.983109748358089, 6.925740788076002 ], [ 79.983105679647181, 6.92764014533741 ], [ 79.981204977780109, 6.927636075136493 ], [ 79.98120905409273, 6.92573671900153 ] ] ] } },
{ "type": "Feature", "properties": { "id": "1846,3646", "grid_id": "1846,3646" }, "geometry": { "type": "Polygon", "coordinates": [ [ [ 79.983109748358089, 6.925740788076002 ], [ 79.985010443766214, 6.925744849555121 ], [ 79.985006382657062, 6.927644207940871 ], [ 79.983105679647181, 6.92764014533741 ], [ 79.983109748358089, 6.925740788076002 ] ] ] } },
{ "type": "Feature", "properties": { "id": "1847,3646", "grid_id": "1847,3646" }, "geometry": { "type": "Polygon", "coordinates": [ [ [ 79.985010443766214, 6.925744849555121 ], [ 79.986911140314987, 6.925748903438865 ], [ 79.986907086807605, 6.927648262946852 ], [ 79.985006382657062, 6.927644207940871 ], [ 79.985010443766214, 6.925744849555121 ] ] ] } },
{ "type": "Feature", "properties": { "id": "1848,3646", "grid_id": "1848,3646" }, "geometry": { "type": "Polygon", "coordinates": [ [ [ 79.986911140314987, 6.925748903438865 ], [ 79.988811838002277, 6.92575294972721 ], [ 79.988807792096679, 6.927652310355334 ], [ 79.986907086807605, 6.927648262946852 ], [ 79.986911140314987, 6.925748903438865 ] ] ] } },
{ "type": "Feature", "properties": { "id": "1849,3646", "grid_id": "1849,3646" }, "geometry": { "type": "Polygon", "coordinates": [ [ [ 79.988811838002277, 6.92575294972721 ], [ 79.990712536825924, 6.925756988420135 ], [ 79.990708498522139, 6.927656350166291 ], [ 79.988807792096679, 6.927652310355334 ], [ 79.988811838002277, 6.92575294972721 ] ] ] } },
{ "type": "Feature", "properties": { "id": "1850,3646", "grid_id": "1850,3646" }, "geometry": { "type": "Polygon", "coordinates": [ [ [ 79.990712536825924, 6.925756988420135 ], [ 79.992613236783825, 6.925761019517615 ], [ 79.99260920608188, 6.927660382379705 ], [ 79.990708498522139, 6.927656350166291 ], [ 79.990712536825924, 6.925756988420135 ] ] ] } },
{ "type": "Feature", "properties": { "id": "1851,3646", "grid_id": "1851,3646" }, "geometry": { "type": "Polygon", "coordinates": [ [ [ 79.992613236783825, 6.925761019517615 ], [ 79.994513937873819, 6.925765043019632 ], [ 79.99450991477373, 6.92766440699555 ], [ 79.99260920608188, 6.927660382379705 ], [ 79.992613236783825, 6.925761019517615 ] ] ] } },
{ "type": "Feature", "properties": { "id": "1852,3646", "grid_id": "1852,3646" }, "geometry": { "type": "Polygon", "coordinates": [ [ [ 79.994513937873819, 6.925765043019632 ], [ 79.996414640093789, 6.925769058926162 ], [ 79.996410624595569, 6.927668424013806 ], [ 79.99450991477373, 6.92766440699555 ], [ 79.994513937873819, 6.925765043019632 ] ] ] } },
{ "type": "Feature", "properties": { "id": "1853,3646", "grid_id": "1853,3646" }, "geometry": { "type": "Polygon", "coordinates": [ [ [ 79.996414640093789, 6.925769058926162 ], [ 79.998315343441575, 6.925773067237183 ], [ 79.998311335545267, 6.927672433434451 ], [ 79.996410624595569, 6.927668424013806 ], [ 79.996414640093789, 6.925769058926162 ] ] ] } },
{ "type": "Feature", "properties": { "id": "1854,3646", "grid_id": "1854,3646" }, "geometry": { "type": "Polygon", "coordinates": [ [ [ 79.998315343441575, 6.925773067237183 ], [ 80.000216047915075, 6.925777067952674 ], [ 80.000212047620693, 6.927676435257461 ], [ 79.998311335545267, 6.927672433434451 ], [ 79.998315343441575, 6.925773067237183 ] ] ] } },
{ "type": "Feature", "properties": { "id": "1855,3646", "grid_id": "1855,3646" }, "geometry": { "type": "Polygon", "coordinates": [ [ [ 80.000216047915075, 6.925777067952674 ], [ 80.002116753512126, 6.925781061072612 ], [ 80.002112760819685, 6.927680429482818 ], [ 80.000212047620693, 6.927676435257461 ], [ 80.000216047915075, 6.925777067952674 ] ] ] } },
{ "type": "Feature", "properties": { "id": "1856,3646", "grid_id": "1856,3646" }, "geometry": { "type": "Polygon", "coordinates": [ [ [ 80.002116753512126, 6.925781061072612 ], [ 80.004017460230614, 6.925785046596975 ], [ 80.004013475140155, 6.927684416110496 ], [ 80.002112760819685, 6.927680429482818 ], [ 80.002116753512126, 6.925781061072612 ] ] ] } },
{ "type": "Feature", "properties": { "id": "1857,3646", "grid_id": "1857,3646" }, "geometry": { "type": "Polygon", "coordinates": [ [ [ 80.004017460230614, 6.925785046596975 ], [ 80.005918168068405, 6.925789024525743 ], [ 80.005914190579915, 6.927688395140477 ], [ 80.004013475140155, 6.927684416110496 ], [ 80.004017460230614, 6.925785046596975 ] ] ] } },
{ "type": "Feature", "properties": { "id": "1858,3646", "grid_id": "1858,3646" }, "geometry": { "type": "Polygon", "coordinates": [ [ [ 80.005918168068405, 6.925789024525743 ], [ 80.007818877023325, 6.925792994858892 ], [ 80.007814907136861, 6.927692366572735 ], [ 80.005914190579915, 6.927688395140477 ], [ 80.005918168068405, 6.925789024525743 ] ] ] } },
{ "type": "Feature", "properties": { "id": "1859,3646", "grid_id": "1859,3646" }, "geometry": { "type": "Polygon", "coordinates": [ [ [ 80.007818877023325, 6.925792994858892 ], [ 80.009719587093286, 6.925796957596402 ], [ 80.009715624808848, 6.927696330407253 ], [ 80.007814907136861, 6.927692366572735 ], [ 80.007818877023325, 6.925792994858892 ] ] ] } },
{ "type": "Feature", "properties": { "id": "1860,3646", "grid_id": "1860,3646" }, "geometry": { "type": "Polygon", "coordinates": [ [ [ 80.009719587093286, 6.925796957596402 ], [ 80.011620298276142, 6.925800912738249 ], [ 80.011616343593758, 6.927700286644005 ], [ 80.009715624808848, 6.927696330407253 ], [ 80.009719587093286, 6.925796957596402 ] ] ] } },
{ "type": "Feature", "properties": { "id": "1861,3646", "grid_id": "1861,3646" }, "geometry": { "type": "Polygon", "coordinates": [ [ [ 80.011620298276142, 6.925800912738249 ], [ 80.013521010569718, 6.925804860284415 ], [ 80.013517063489431, 6.927704235282971 ], [ 80.011616343593758, 6.927700286644005 ], [ 80.011620298276142, 6.925800912738249 ] ] ] } },
{ "type": "Feature", "properties": { "id": "1862,3646", "grid_id": "1862,3646" }, "geometry": { "type": "Polygon", "coordinates": [ [ [ 80.013521010569718, 6.925804860284415 ], [ 80.015421723971954, 6.925808800234874 ], [ 80.015417784493735, 6.927708176324129 ], [ 80.013517063489431, 6.927704235282971 ], [ 80.013521010569718, 6.925804860284415 ] ] ] } },
{ "type": "Feature", "properties": { "id": "1863,3646", "grid_id": "1863,3646" }, "geometry": { "type": "Polygon", "coordinates": [ [ [ 80.015421723971954, 6.925808800234874 ], [ 80.017322438480633, 6.925812732589607 ], [ 80.017318506604553, 6.927712109767461 ], [ 80.015417784493735, 6.927708176324129 ], [ 80.015421723971954, 6.925808800234874 ] ] ] } },
{ "type": "Feature", "properties": { "id": "1864,3646", "grid_id": "1864,3646" }, "geometry": { "type": "Polygon", "coordinates": [ [ [ 80.017322438480633, 6.925812732589607 ], [ 80.01922315409368, 6.925816657348594 ], [ 80.01921922981974, 6.927716035612939 ], [ 80.017318506604553, 6.927712109767461 ], [ 80.017322438480633, 6.925812732589607 ] ] ] } },
{ "type": "Feature", "properties": { "id": "1865,3646", "grid_id": "1865,3646" }, "geometry": { "type": "Polygon", "coordinates": [ [ [ 80.01922315409368, 6.925816657348594 ], [ 80.021123870808935, 6.92582057451181 ], [ 80.021119954137163, 6.927719953860546 ], [ 80.01921922981974, 6.927716035612939 ], [ 80.01922315409368, 6.925816657348594 ] ] ] } },
{ "type": "Feature", "properties": { "id": "1823,3647", "grid_id": "1823,3647" }, "geometry": { "type": "Polygon", "coordinates": [ [ [ 79.939389830154497, 6.927544608605357 ], [ 79.941290506339783, 6.927548845944606 ], [ 79.941286269206458, 6.929448177784553 ], [ 79.939385585417824, 6.929443939272596 ], [ 79.939389830154497, 6.927544608605357 ] ] ] } },
{ "type": "Feature", "properties": { "id": "1824,3647", "grid_id": "1824,3647" }, "geometry": { "type": "Polygon", "coordinates": [ [ [ 79.941290506339783, 6.927548845944606 ], [ 79.943191183714831, 6.927553075686898 ], [ 79.943186954184895, 6.929452408697452 ], [ 79.941286269206458, 6.929448177784553 ], [ 79.941290506339783, 6.927548845944606 ] ] ] } },
{ "type": "Feature", "properties": { "id": "1825,3647", "grid_id": "1825,3647" }, "geometry": { "type": "Polygon", "coordinates": [ [ [ 79.943191183714831, 6.927553075686898 ], [ 79.945091862277522, 6.92755729783221 ], [ 79.945087640350991, 6.929456632011269 ], [ 79.943186954184895, 6.929452408697452 ], [ 79.943191183714831, 6.927553075686898 ] ] ] } },
{ "type": "Feature", "properties": { "id": "1826,3647", "grid_id": "1826,3647" }, "geometry": { "type": "Polygon", "coordinates": [ [ [ 79.945091862277522, 6.92755729783221 ], [ 79.946992542025711, 6.92756151238052 ], [ 79.946988327702599, 6.92946084772598 ], [ 79.945087640350991, 6.929456632011269 ], [ 79.945091862277522, 6.92755729783221 ] ] ] } },
{ "type": "Feature", "properties": { "id": "1827,3647", "grid_id": "1827,3647" }, "geometry": { "type": "Polygon", "coordinates": [ [ [ 79.946992542025711, 6.92756151238052 ], [ 79.948893222957281, 6.927565719331803 ], [ 79.948889016237601, 6.929465055841563 ], [ 79.946988327702599, 6.92946084772598 ], [ 79.946992542025711, 6.92756151238052 ] ] ] } },
{ "type": "Feature", "properties": { "id": "1830,3647", "grid_id": "1830,3647" }, "geometry": { "type": "Polygon", "coordinates": [ [ [ 79.952694588361965, 6.927574110443201 ], [ 79.954595272830815, 6.927578294603268 ], [ 79.954591088921617, 6.929477634593309 ], [ 79.952690396849263, 6.929473449275251 ], [ 79.952694588361965, 6.927574110443201 ] ] ] } },
{ "type": "Feature", "properties": { "id": "1831,3647", "grid_id": "1831,3647" }, "geometry": { "type": "Polygon", "coordinates": [ [ [ 79.954595272830815, 6.927578294603268 ], [ 79.956495958474491, 6.927582471166218 ], [ 79.95649178216884, 6.929481812312148 ], [ 79.954591088921617, 6.929477634593309 ], [ 79.954595272830815, 6.927578294603268 ] ] ] } },
{ "type": "Feature", "properties": { "id": "1832,3647", "grid_id": "1832,3647" }, "geometry": { "type": "Polygon", "coordinates": [ [ [ 79.956495958474491, 6.927582471166218 ], [ 79.958396645290861, 6.927586640132027 ], [ 79.95839247658877, 6.929485982431743 ], [ 79.95649178216884, 6.929481812312148 ], [ 79.956495958474491, 6.927582471166218 ] ] ] } },
{ "type": "Feature", "properties": { "id": "1833,3647", "grid_id": "1833,3647" }, "geometry": { "type": "Polygon", "coordinates": [ [ [ 79.958396645290861, 6.927586640132027 ], [ 79.960297333277779, 6.927590801500672 ], [ 79.960293172179277, 6.929490144952072 ], [ 79.95839247658877, 6.929485982431743 ], [ 79.958396645290861, 6.927586640132027 ] ] ] } },
{ "type": "Feature", "properties": { "id": "1834,3647", "grid_id": "1834,3647" }, "geometry": { "type": "Polygon", "coordinates": [ [ [ 79.960297333277779, 6.927590801500672 ], [ 79.962198022433142, 6.927594955272132 ], [ 79.962193868938243, 6.929494299873114 ], [ 79.960293172179277, 6.929490144952072 ], [ 79.960297333277779, 6.927590801500672 ] ] ] } },
{ "type": "Feature", "properties": { "id": "1835,3647", "grid_id": "1835,3647" }, "geometry": { "type": "Polygon", "coordinates": [ [ [ 79.962198022433142, 6.927594955272132 ], [ 79.964098712754762, 6.927599101446382 ], [ 79.964094566863508, 6.929498447194842 ], [ 79.962193868938243, 6.929494299873114 ], [ 79.962198022433142, 6.927594955272132 ] ] ] } },
{ "type": "Feature", "properties": { "id": "1836,3647", "grid_id": "1836,3647" }, "geometry": { "type": "Polygon", "coordinates": [ [ [ 79.964098712754762, 6.927599101446382 ], [ 79.965999404240549, 6.9276032400234 ], [ 79.965995265952941, 6.929502586917237 ], [ 79.964094566863508, 6.929498447194842 ], [ 79.964098712754762, 6.927599101446382 ] ] ] } },
{ "type": "Feature", "properties": { "id": "1837,3647", "grid_id": "1837,3647" }, "geometry": { "type": "Polygon", "coordinates": [ [ [ 79.965999404240549, 6.9276032400234 ], [ 79.967900096888357, 6.927607371003164 ], [ 79.967895966204438, 6.929506719040274 ], [ 79.965995265952941, 6.929502586917237 ], [ 79.965999404240549, 6.9276032400234 ] ] ] } },
{ "type": "Feature", "properties": { "id": "1838,3647", "grid_id": "1838,3647" }, "geometry": { "type": "Polygon", "coordinates": [ [ [ 79.967900096888357, 6.927607371003164 ], [ 79.969800790696041, 6.92761149438565 ], [ 79.96979666761581, 6.929510843563932 ], [ 79.967895966204438, 6.929506719040274 ], [ 79.967900096888357, 6.927607371003164 ] ] ] } },
{ "type": "Feature", "properties": { "id": "1839,3647", "grid_id": "1839,3647" }, "geometry": { "type": "Polygon", "coordinates": [ [ [ 79.969800790696041, 6.92761149438565 ], [ 79.971701485661484, 6.927615610170838 ], [ 79.97169737018497, 6.929514960488189 ], [ 79.96979666761581, 6.929510843563932 ], [ 79.969800790696041, 6.92761149438565 ] ] ] } },
{ "type": "Feature", "properties": { "id": "1840,3647", "grid_id": "1840,3647" }, "geometry": { "type": "Polygon", "coordinates": [ [ [ 79.971701485661484, 6.927615610170838 ], [ 79.973602181782525, 6.927619718358704 ], [ 79.973598073909756, 6.92951906981302 ], [ 79.97169737018497, 6.929514960488189 ], [ 79.971701485661484, 6.927615610170838 ] ] ] } },
{ "type": "Feature", "properties": { "id": "1841,3647", "grid_id": "1841,3647" }, "geometry": { "type": "Polygon", "coordinates": [ [ [ 79.973602181782525, 6.927619718358704 ], [ 79.975502879057046, 6.927623818949223 ], [ 79.975498778788051, 6.929523171538402 ], [ 79.973598073909756, 6.92951906981302 ], [ 79.973602181782525, 6.927619718358704 ] ] ] } },
{ "type": "Feature", "properties": { "id": "1842,3647", "grid_id": "1842,3647" }, "geometry": { "type": "Polygon", "coordinates": [ [ [ 79.975502879057046, 6.927623818949223 ], [ 79.977403577482903, 6.927627911942377 ], [ 79.977399484817695, 6.929527265664317 ], [ 79.975498778788051, 6.929523171538402 ], [ 79.975502879057046, 6.927623818949223 ] ] ] } },
{ "type": "Feature", "properties": { "id": "1843,3647", "grid_id": "1843,3647" }, "geometry": { "type": "Polygon", "coordinates": [ [ [ 79.977403577482903, 6.927627911942377 ], [ 79.979304277057977, 6.92763199733814 ], [ 79.979300191996586, 6.929531352190739 ], [ 79.977399484817695, 6.929527265664317 ], [ 79.977403577482903, 6.927627911942377 ] ] ] } },
{ "type": "Feature", "properties": { "id": "1844,3647", "grid_id": "1844,3647" }, "geometry": { "type": "Polygon", "coordinates": [ [ [ 79.979304277057977, 6.92763199733814 ], [ 79.981204977780109, 6.927636075136493 ], [ 79.981200900322548, 6.929535431117647 ], [ 79.979300191996586, 6.929531352190739 ], [ 79.979304277057977, 6.92763199733814 ] ] ] } },
{ "type": "Feature", "properties": { "id": "1845,3647", "grid_id": "1845,3647" }, "geometry": { "type": "Polygon", "coordinates": [ [ [ 79.981204977780109, 6.927636075136493 ], [ 79.983105679647181, 6.92764014533741 ], [ 79.983101609793479, 6.929539502445016 ], [ 79.981200900322548, 6.929535431117647 ], [ 79.981204977780109, 6.927636075136493 ] ] ] } },
{ "type": "Feature", "properties": { "id": "1846,3647", "grid_id": "1846,3647" }, "geometry": { "type": "Polygon", "coordinates": [ [ [ 79.983105679647181, 6.92764014533741 ], [ 79.985006382657062, 6.927644207940871 ], [ 79.985002320407247, 6.929543566172828 ], [ 79.983101609793479, 6.929539502445016 ], [ 79.983105679647181, 6.92764014533741 ] ] ] } },
{ "type": "Feature", "properties": { "id": "1847,3647", "grid_id": "1847,3647" }, "geometry": { "type": "Polygon", "coordinates": [ [ [ 79.985006382657062, 6.927644207940871 ], [ 79.986907086807605, 6.927648262946852 ], [ 79.986903032161678, 6.929547622301057 ], [ 79.985002320407247, 6.929543566172828 ], [ 79.985006382657062, 6.927644207940871 ] ] ] } },
{ "type": "Feature", "properties": { "id": "1848,3647", "grid_id": "1848,3647" }, "geometry": { "type": "Polygon", "coordinates": [ [ [ 79.986907086807605, 6.927648262946852 ], [ 79.988807792096679, 6.927652310355334 ], [ 79.988803745054682, 6.929551670829683 ], [ 79.986903032161678, 6.929547622301057 ], [ 79.986907086807605, 6.927648262946852 ] ] ] } },
{ "type": "Feature", "properties": { "id": "1849,3647", "grid_id": "1849,3647" }, "geometry": { "type": "Polygon", "coordinates": [ [ [ 79.988807792096679, 6.927652310355334 ], [ 79.990708498522139, 6.927656350166291 ], [ 79.9907044590841, 6.929555711758684 ], [ 79.988803745054682, 6.929551670829683 ], [ 79.988807792096679, 6.927652310355334 ] ] ] } },
{ "type": "Feature", "properties": { "id": "1850,3647", "grid_id": "1850,3647" }, "geometry": { "type": "Polygon", "coordinates": [ [ [ 79.990708498522139, 6.927656350166291 ], [ 79.99260920608188, 6.927660382379705 ], [ 79.992605174247799, 6.929559745088037 ], [ 79.9907044590841, 6.929555711758684 ], [ 79.990708498522139, 6.927656350166291 ] ] ] } },
{ "type": "Feature", "properties": { "id": "1851,3647", "grid_id": "1851,3647" }, "geometry": { "type": "Polygon", "coordinates": [ [ [ 79.99260920608188, 6.927660382379705 ], [ 79.99450991477373, 6.92766440699555 ], [ 79.99450589054365, 6.929563770817718 ], [ 79.992605174247799, 6.929559745088037 ], [ 79.99260920608188, 6.927660382379705 ] ] ] } },
{ "type": "Feature", "properties": { "id": "1852,3647", "grid_id": "1852,3647" }, "geometry": { "type": "Polygon", "coordinates": [ [ [ 79.99450991477373, 6.92766440699555 ], [ 79.996410624595569, 6.927668424013806 ], [ 79.996406607969504, 6.929567788947709 ], [ 79.99450589054365, 6.929563770817718 ], [ 79.99450991477373, 6.92766440699555 ] ] ] } },
{ "type": "Feature", "properties": { "id": "1853,3647", "grid_id": "1853,3647" }, "geometry": { "type": "Polygon", "coordinates": [ [ [ 79.996410624595569, 6.927668424013806 ], [ 79.998311335545267, 6.927672433434451 ], [ 79.998307326523246, 6.929571799477986 ], [ 79.996406607969504, 6.929567788947709 ], [ 79.996410624595569, 6.927668424013806 ] ] ] } },
{ "type": "Feature", "properties": { "id": "1854,3647", "grid_id": "1854,3647" }, "geometry": { "type": "Polygon", "coordinates": [ [ [ 79.998311335545267, 6.927672433434451 ], [ 80.000212047620693, 6.927676435257461 ], [ 80.000208046202715, 6.929575802408527 ], [ 79.998307326523246, 6.929571799477986 ], [ 79.998311335545267, 6.927672433434451 ] ] ] } },
{ "type": "Feature", "properties": { "id": "1855,3647", "grid_id": "1855,3647" }, "geometry": { "type": "Polygon", "coordinates": [ [ [ 80.000212047620693, 6.927676435257461 ], [ 80.002112760819685, 6.927680429482818 ], [ 80.002108767005794, 6.92957979773931 ], [ 80.000208046202715, 6.929575802408527 ], [ 80.000212047620693, 6.927676435257461 ] ] ] } },
{ "type": "Feature", "properties": { "id": "1856,3647", "grid_id": "1856,3647" }, "geometry": { "type": "Polygon", "coordinates": [ [ [ 80.002112760819685, 6.927680429482818 ], [ 80.004013475140155, 6.927684416110496 ], [ 80.004009488930365, 6.929583785470312 ], [ 80.002108767005794, 6.92957979773931 ], [ 80.002112760819685, 6.927680429482818 ] ] ] } },
{ "type": "Feature", "properties": { "id": "1857,3647", "grid_id": "1857,3647" }, "geometry": { "type": "Polygon", "coordinates": [ [ [ 80.004013475140155, 6.927684416110496 ], [ 80.005914190579915, 6.927688395140477 ], [ 80.005910211974253, 6.929587765601513 ], [ 80.004009488930365, 6.929583785470312 ], [ 80.004013475140155, 6.927684416110496 ] ] ] } },
{ "type": "Feature", "properties": { "id": "1858,3647", "grid_id": "1858,3647" }, "geometry": { "type": "Polygon", "coordinates": [ [ [ 80.005914190579915, 6.927688395140477 ], [ 80.007814907136861, 6.927692366572735 ], [ 80.007810936135343, 6.92959173813289 ], [ 80.005910211974253, 6.929587765601513 ], [ 80.005914190579915, 6.927688395140477 ] ] ] } },
{ "type": "Feature", "properties": { "id": "1859,3647", "grid_id": "1859,3647" }, "geometry": { "type": "Polygon", "coordinates": [ [ [ 80.007814907136861, 6.927692366572735 ], [ 80.009715624808848, 6.927696330407253 ], [ 80.009711661411515, 6.929595703064423 ], [ 80.007810936135343, 6.92959173813289 ], [ 80.007814907136861, 6.927692366572735 ] ] ] } },
{ "type": "Feature", "properties": { "id": "1860,3647", "grid_id": "1860,3647" }, "geometry": { "type": "Polygon", "coordinates": [ [ [ 80.009715624808848, 6.927696330407253 ], [ 80.011616343593758, 6.927700286644005 ], [ 80.011612387800596, 6.929599660396088 ], [ 80.009711661411515, 6.929595703064423 ], [ 80.009715624808848, 6.927696330407253 ] ] ] } },
{ "type": "Feature", "properties": { "id": "1861,3647", "grid_id": "1861,3647" }, "geometry": { "type": "Polygon", "coordinates": [ [ [ 80.011616343593758, 6.927700286644005 ], [ 80.013517063489431, 6.927704235282971 ], [ 80.013513115300498, 6.929603610127864 ], [ 80.011612387800596, 6.929599660396088 ], [ 80.011616343593758, 6.927700286644005 ] ] ] } },
{ "type": "Feature", "properties": { "id": "1862,3647", "grid_id": "1862,3647" }, "geometry": { "type": "Polygon", "coordinates": [ [ [ 80.013517063489431, 6.927704235282971 ], [ 80.015417784493735, 6.927708176324129 ], [ 80.015413843909045, 6.92960755225973 ], [ 80.013513115300498, 6.929603610127864 ], [ 80.013517063489431, 6.927704235282971 ] ] ] } },
{ "type": "Feature", "properties": { "id": "1863,3647", "grid_id": "1863,3647" }, "geometry": { "type": "Polygon", "coordinates": [ [ [ 80.015417784493735, 6.927708176324129 ], [ 80.017318506604553, 6.927712109767461 ], [ 80.01731457362412, 6.929611486791666 ], [ 80.015413843909045, 6.92960755225973 ], [ 80.015417784493735, 6.927708176324129 ] ] ] } },
{ "type": "Feature", "properties": { "id": "1864,3647", "grid_id": "1864,3647" }, "geometry": { "type": "Polygon", "coordinates": [ [ [ 80.017318506604553, 6.927712109767461 ], [ 80.01921922981974, 6.927716035612939 ], [ 80.019215304443563, 6.929615413723647 ], [ 80.01731457362412, 6.929611486791666 ], [ 80.017318506604553, 6.927712109767461 ] ] ] } },
{ "type": "Feature", "properties": { "id": "1828,3648", "grid_id": "1828,3648" }, "geometry": { "type": "Polygon", "coordinates": [ [ [ 79.948889016237601, 6.929465055841563 ], [ 79.950789705953866, 6.929469256357993 ], [ 79.950785505658558, 6.931368593875961 ], [ 79.948884808336686, 6.931364392197323 ], [ 79.948889016237601, 6.929465055841563 ] ] ] } },
{ "type": "Feature", "properties": { "id": "1829,3648", "grid_id": "1829,3648" }, "geometry": { "type": "Polygon", "coordinates": [ [ [ 79.950789705953866, 6.929469256357993 ], [ 79.952690396849263, 6.929473449275251 ], [ 79.952686204159562, 6.931372787953319 ], [ 79.950785505658558, 6.931368593875961 ], [ 79.950789705953866, 6.929469256357993 ] ] ] } },
{ "type": "Feature", "properties": { "id": "1830,3648", "grid_id": "1830,3648" }, "geometry": { "type": "Polygon", "coordinates": [ [ [ 79.952690396849263, 6.929473449275251 ], [ 79.954591088921617, 6.929477634593309 ], [ 79.95458690383758, 6.931376974429378 ], [ 79.952686204159562, 6.931372787953319 ], [ 79.952690396849263, 6.929473449275251 ] ] ] } },
{ "type": "Feature", "properties": { "id": "1831,3648", "grid_id": "1831,3648" }, "geometry": { "type": "Polygon", "coordinates": [ [ [ 79.954591088921617, 6.929477634593309 ], [ 79.95649178216884, 6.929481812312148 ], [ 79.956487604690466, 6.931381153304116 ], [ 79.95458690383758, 6.931376974429378 ], [ 79.954591088921617, 6.929477634593309 ] ] ] } },
{ "type": "Feature", "properties": { "id": "1832,3648", "grid_id": "1832,3648" }, "geometry": { "type": "Polygon", "coordinates": [ [ [ 79.95649178216884, 6.929481812312148 ], [ 79.95839247658877, 6.929485982431743 ], [ 79.958388306716103, 6.931385324577507 ], [ 79.956487604690466, 6.931381153304116 ], [ 79.95649178216884, 6.929481812312148 ] ] ] } },
{ "type": "Feature", "properties": { "id": "1833,3648", "grid_id": "1833,3648" }, "geometry": { "type": "Polygon", "coordinates": [ [ [ 79.95839247658877, 6.929485982431743 ], [ 79.960293172179277, 6.929490144952072 ], [ 79.96028900991233, 6.931389488249528 ], [ 79.958388306716103, 6.931385324577507 ], [ 79.95839247658877, 6.929485982431743 ] ] ] } },
{ "type": "Feature", "properties": { "id": "1834,3648", "grid_id": "1834,3648" }, "geometry": { "type": "Polygon", "coordinates": [ [ [ 79.960293172179277, 6.929490144952072 ], [ 79.962193868938243, 6.929494299873114 ], [ 79.962189714277031, 6.93139364432016 ], [ 79.96028900991233, 6.931389488249528 ], [ 79.960293172179277, 6.929490144952072 ] ] ] } },
{ "type": "Feature", "properties": { "id": "1835,3648", "grid_id": "1835,3648" }, "geometry": { "type": "Polygon", "coordinates": [ [ [ 79.962193868938243, 6.929494299873114 ], [ 79.964094566863508, 6.929498447194842 ], [ 79.964090419808073, 6.931397792789376 ], [ 79.962189714277031, 6.93139364432016 ], [ 79.962193868938243, 6.929494299873114 ] ] ] } },
{ "type": "Feature", "properties": { "id": "1836,3648", "grid_id": "1836,3648" }, "geometry": { "type": "Polygon", "coordinates": [ [ [ 79.964094566863508, 6.929498447194842 ], [ 79.965995265952941, 6.929502586917237 ], [ 79.965991126503297, 6.931401933657155 ], [ 79.964090419808073, 6.931397792789376 ], [ 79.964094566863508, 6.929498447194842 ] ] ] } },
{ "type": "Feature", "properties": { "id": "1837,3648", "grid_id": "1837,3648" }, "geometry": { "type": "Polygon", "coordinates": [ [ [ 79.965995265952941, 6.929502586917237 ], [ 79.967895966204438, 6.929506719040274 ], [ 79.967891834360586, 6.931406066923475 ], [ 79.965991126503297, 6.931401933657155 ], [ 79.965995265952941, 6.929502586917237 ] ] ] } },
{ "type": "Feature", "properties": { "id": "1838,3648", "grid_id": "1838,3648" }, "geometry": { "type": "Polygon", "coordinates": [ [ [ 79.967895966204438, 6.929506719040274 ], [ 79.96979666761581, 6.929510843563932 ], [ 79.969792543377807, 6.931410192588313 ], [ 79.967891834360586, 6.931406066923475 ], [ 79.967895966204438, 6.929506719040274 ] ] ] } },
{ "type": "Feature", "properties": { "id": "1839,3648", "grid_id": "1839,3648" }, "geometry": { "type": "Polygon", "coordinates": [ [ [ 79.96979666761581, 6.929510843563932 ], [ 79.97169737018497, 6.929514960488189 ], [ 79.971693253552814, 6.931414310651647 ], [ 79.969792543377807, 6.931410192588313 ], [ 79.96979666761581, 6.929510843563932 ] ] ] } },
{ "type": "Feature", "properties": { "id": "1840,3648", "grid_id": "1840,3648" }, "geometry": { "type": "Polygon", "coordinates": [ [ [ 79.97169737018497, 6.929514960488189 ], [ 79.973598073909756, 6.92951906981302 ], [ 79.973593964883491, 6.931418421113452 ], [ 79.971693253552814, 6.931414310651647 ], [ 79.97169737018497, 6.929514960488189 ] ] ] } },
{ "type": "Feature", "properties": { "id": "1841,3648", "grid_id": "1841,3648" }, "geometry": { "type": "Polygon", "coordinates": [ [ [ 79.973598073909756, 6.92951906981302 ], [ 79.975498778788051, 6.929523171538402 ], [ 79.975494677367692, 6.931422523973708 ], [ 79.973593964883491, 6.931418421113452 ], [ 79.973598073909756, 6.92951906981302 ] ] ] } },
{ "type": "Feature", "properties": { "id": "1842,3648", "grid_id": "1842,3648" }, "geometry": { "type": "Polygon", "coordinates": [ [ [ 79.975498778788051, 6.929523171538402 ], [ 79.977399484817695, 6.929527265664317 ], [ 79.977395391003256, 6.931426619232392 ], [ 79.975494677367692, 6.931422523973708 ], [ 79.975498778788051, 6.929523171538402 ] ] ] } },
{ "type": "Feature", "properties": { "id": "1843,3648", "grid_id": "1843,3648" }, "geometry": { "type": "Polygon", "coordinates": [ [ [ 79.977399484817695, 6.929527265664317 ], [ 79.979300191996586, 6.929531352190739 ], [ 79.979296105788094, 6.931430706889481 ], [ 79.977395391003256, 6.931426619232392 ], [ 79.977399484817695, 6.929527265664317 ] ] ] } },
{ "type": "Feature", "properties": { "id": "1844,3648", "grid_id": "1844,3648" }, "geometry": { "type": "Polygon", "coordinates": [ [ [ 79.979300191996586, 6.929531352190739 ], [ 79.981200900322548, 6.929535431117647 ], [ 79.981196821720033, 6.931434786944951 ], [ 79.979296105788094, 6.931430706889481 ], [ 79.979300191996586, 6.929531352190739 ] ] ] } },
{ "type": "Feature", "properties": { "id": "1845,3648", "grid_id": "1845,3648" }, "geometry": { "type": "Polygon", "coordinates": [ [ [ 79.981200900322548, 6.929535431117647 ], [ 79.983101609793479, 6.929539502445016 ], [ 79.983097538796954, 6.931438859398783 ], [ 79.981196821720033, 6.931434786944951 ], [ 79.981200900322548, 6.929535431117647 ] ] ] } },
{ "type": "Feature", "properties": { "id": "1846,3648", "grid_id": "1846,3648" }, "geometry": { "type": "Polygon", "coordinates": [ [ [ 79.983101609793479, 6.929539502445016 ], [ 79.985002320407247, 6.929543566172828 ], [ 79.984998257016741, 6.931442924250954 ], [ 79.983097538796954, 6.931438859398783 ], [ 79.983101609793479, 6.929539502445016 ] ] ] } },
{ "type": "Feature", "properties": { "id": "1847,3648", "grid_id": "1847,3648" }, "geometry": { "type": "Polygon", "coordinates": [ [ [ 79.985002320407247, 6.929543566172828 ], [ 79.986903032161678, 6.929547622301057 ], [ 79.986898976377219, 6.93144698150144 ], [ 79.984998257016741, 6.931442924250954 ], [ 79.985002320407247, 6.929543566172828 ] ] ] } },
{ "type": "Feature", "properties": { "id": "1848,3648", "grid_id": "1848,3648" }, "geometry": { "type": "Polygon", "coordinates": [ [ [ 79.986903032161678, 6.929547622301057 ], [ 79.988803745054682, 6.929551670829683 ], [ 79.988799696876271, 6.931451031150219 ], [ 79.986898976377219, 6.93144698150144 ], [ 79.986903032161678, 6.929547622301057 ] ] ] } },
{ "type": "Feature", "properties": { "id": "1849,3648", "grid_id": "1849,3648" }, "geometry": { "type": "Polygon", "coordinates": [ [ [ 79.988803745054682, 6.929551670829683 ], [ 79.9907044590841, 6.929555711758684 ], [ 79.990700418511764, 6.93145507319727 ], [ 79.988799696876271, 6.931451031150219 ], [ 79.988803745054682, 6.929551670829683 ] ] ] } },
{ "type": "Feature", "properties": { "id": "1850,3648", "grid_id": "1850,3648" }, "geometry": { "type": "Polygon", "coordinates": [ [ [ 79.9907044590841, 6.929555711758684 ], [ 79.992605174247799, 6.929559745088037 ], [ 79.992601141281582, 6.931459107642572 ], [ 79.990700418511764, 6.93145507319727 ], [ 79.9907044590841, 6.929555711758684 ] ] ] } },
{ "type": "Feature", "properties": { "id": "1851,3648", "grid_id": "1851,3648" }, "geometry": { "type": "Polygon", "coordinates": [ [ [ 79.992605174247799, 6.929559745088037 ], [ 79.99450589054365, 6.929563770817718 ], [ 79.994501865183551, 6.9314631344861 ], [ 79.992601141281582, 6.931459107642572 ], [ 79.992605174247799, 6.929559745088037 ] ] ] } },
{ "type": "Feature", "properties": { "id": "1852,3648", "grid_id": "1852,3648" }, "geometry": { "type": "Polygon", "coordinates": [ [ [ 79.99450589054365, 6.929563770817718 ], [ 79.996406607969504, 6.929567788947709 ], [ 79.996402590215567, 6.931467153727834 ], [ 79.994501865183551, 6.9314631344861 ], [ 79.99450589054365, 6.929563770817718 ] ] ] } },
{ "type": "Feature", "properties": { "id": "1853,3648", "grid_id": "1853,3648" }, "geometry": { "type": "Polygon", "coordinates": [ [ [ 79.996406607969504, 6.929567788947709 ], [ 79.998307326523246, 6.929571799477986 ], [ 79.99830331637547, 6.931471165367751 ], [ 79.996402590215567, 6.931467153727834 ], [ 79.996406607969504, 6.929567788947709 ] ] ] } },
{ "type": "Feature", "properties": { "id": "1854,3648", "grid_id": "1854,3648" }, "geometry": { "type": "Polygon", "coordinates": [ [ [ 79.998307326523246, 6.929571799477986 ], [ 80.000208046202715, 6.929575802408527 ], [ 80.000204043661142, 6.931475169405828 ], [ 79.99830331637547, 6.931471165367751 ], [ 79.998307326523246, 6.929571799477986 ] ] ] } },
{ "type": "Feature", "properties": { "id": "1855,3648", "grid_id": "1855,3648" }, "geometry": { "type": "Polygon", "coordinates": [ [ [ 80.000208046202715, 6.929575802408527 ], [ 80.002108767005794, 6.92957979773931 ], [ 80.002104772070453, 6.931479165842046 ], [ 80.000204043661142, 6.931475169405828 ], [ 80.000208046202715, 6.929575802408527 ] ] ] } },
{ "type": "Feature", "properties": { "id": "1856,3648", "grid_id": "1856,3648" }, "geometry": { "type": "Polygon", "coordinates": [ [ [ 80.002108767005794, 6.92957979773931 ], [ 80.004009488930365, 6.929583785470312 ], [ 80.004005501601242, 6.93148315467638 ], [ 80.002104772070453, 6.931479165842046 ], [ 80.002108767005794, 6.92957979773931 ] ] ] } },
{ "type": "Feature", "properties": { "id": "1857,3648", "grid_id": "1857,3648" }, "geometry": { "type": "Polygon", "coordinates": [ [ [ 80.004009488930365, 6.929583785470312 ], [ 80.005910211974253, 6.929587765601513 ], [ 80.005906232251391, 6.931487135908811 ], [ 80.004005501601242, 6.93148315467638 ], [ 80.004009488930365, 6.929583785470312 ] ] ] } },
{ "type": "Feature", "properties": { "id": "1858,3648", "grid_id": "1858,3648" }, "geometry": { "type": "Polygon", "coordinates": [ [ [ 80.005910211974253, 6.929587765601513 ], [ 80.007810936135343, 6.92959173813289 ], [ 80.007806964018769, 6.931491109539315 ], [ 80.005906232251391, 6.931487135908811 ], [ 80.005910211974253, 6.929587765601513 ] ] ] } },
{ "type": "Feature", "properties": { "id": "1859,3648", "grid_id": "1859,3648" }, "geometry": { "type": "Polygon", "coordinates": [ [ [ 80.007810936135343, 6.92959173813289 ], [ 80.009711661411515, 6.929595703064423 ], [ 80.009707696901245, 6.931495075567871 ], [ 80.007806964018769, 6.931491109539315 ], [ 80.007810936135343, 6.92959173813289 ] ] ] } },
{ "type": "Feature", "properties": { "id": "1860,3648", "grid_id": "1860,3648" }, "geometry": { "type": "Polygon", "coordinates": [ [ [ 80.009711661411515, 6.929595703064423 ], [ 80.011612387800596, 6.929599660396088 ], [ 80.011608430896658, 6.931499033994458 ], [ 80.009707696901245, 6.931495075567871 ], [ 80.009711661411515, 6.929595703064423 ] ] ] } },
{ "type": "Feature", "properties": { "id": "1861,3648", "grid_id": "1861,3648" }, "geometry": { "type": "Polygon", "coordinates": [ [ [ 80.011612387800596, 6.929599660396088 ], [ 80.013513115300498, 6.929603610127864 ], [ 80.013509166002905, 6.931502984819053 ], [ 80.011608430896658, 6.931499033994458 ], [ 80.011612387800596, 6.929599660396088 ] ] ] } },
{ "type": "Feature", "properties": { "id": "1862,3648", "grid_id": "1862,3648" }, "geometry": { "type": "Polygon", "coordinates": [ [ [ 80.013513115300498, 6.929603610127864 ], [ 80.015413843909045, 6.92960755225973 ], [ 80.015409902217812, 6.931506928041637 ], [ 80.013509166002905, 6.931502984819053 ], [ 80.013513115300498, 6.929603610127864 ] ] ] } },
{ "type": "Feature", "properties": { "id": "1863,3648", "grid_id": "1863,3648" }, "geometry": { "type": "Polygon", "coordinates": [ [ [ 80.015413843909045, 6.92960755225973 ], [ 80.01731457362412, 6.929611486791666 ], [ 80.017310639539275, 6.931510863662184 ], [ 80.015409902217812, 6.931506928041637 ], [ 80.015413843909045, 6.92960755225973 ] ] ] } },
{ "type": "Feature", "properties": { "id": "1864,3648", "grid_id": "1864,3648" }, "geometry": { "type": "Polygon", "coordinates": [ [ [ 80.01731457362412, 6.929611486791666 ], [ 80.019215304443563, 6.929615413723647 ], [ 80.019211377965149, 6.931514791680675 ], [ 80.017310639539275, 6.931510863662184 ], [ 80.01731457362412, 6.929611486791666 ] ] ] } },
{ "type": "Feature", "properties": { "id": "1827,3649", "grid_id": "1827,3649" }, "geometry": { "type": "Polygon", "coordinates": [ [ [ 79.946984112196105, 6.931360182917432 ], [ 79.948884808336686, 6.931364392197323 ], [ 79.94888059925448, 6.933263728399044 ], [ 79.946979895506175, 6.933259517954839 ], [ 79.946984112196105, 6.931360182917432 ] ] ] } },
{ "type": "Feature", "properties": { "id": "1828,3649", "grid_id": "1828,3649" }, "geometry": { "type": "Polygon", "coordinates": [ [ [ 79.948884808336686, 6.931364392197323 ], [ 79.950785505658558, 6.931368593875961 ], [ 79.95078130418409, 6.933267931239896 ], [ 79.94888059925448, 6.933263728399044 ], [ 79.948884808336686, 6.931364392197323 ] ] ] } },
{ "type": "Feature", "properties": { "id": "1829,3649", "grid_id": "1829,3649" }, "geometry": { "type": "Polygon", "coordinates": [ [ [ 79.950785505658558, 6.931368593875961 ], [ 79.952686204159562, 6.931372787953319 ], [ 79.952682010292875, 6.933272126477368 ], [ 79.95078130418409, 6.933267931239896 ], [ 79.950785505658558, 6.931368593875961 ] ] ] } },
{ "type": "Feature", "properties": { "id": "1830,3649", "grid_id": "1830,3649" }, "geometry": { "type": "Polygon", "coordinates": [ [ [ 79.952686204159562, 6.931372787953319 ], [ 79.95458690383758, 6.931376974429378 ], [ 79.954582717578674, 6.933276314111436 ], [ 79.952682010292875, 6.933272126477368 ], [ 79.952686204159562, 6.931372787953319 ] ] ] } },
{ "type": "Feature", "properties": { "id": "1831,3649", "grid_id": "1831,3649" }, "geometry": { "type": "Polygon", "coordinates": [ [ [ 79.95458690383758, 6.931376974429378 ], [ 79.956487604690466, 6.931381153304116 ], [ 79.95648342603937, 6.933280494142079 ], [ 79.954582717578674, 6.933276314111436 ], [ 79.95458690383758, 6.931376974429378 ] ] ] } },
{ "type": "Feature", "properties": { "id": "1832,3649", "grid_id": "1832,3649" }, "geometry": { "type": "Polygon", "coordinates": [ [ [ 79.956487604690466, 6.931381153304116 ], [ 79.958388306716103, 6.931385324577507 ], [ 79.95838413567283, 6.933284666569275 ], [ 79.95648342603937, 6.933280494142079 ], [ 79.956487604690466, 6.931381153304116 ] ] ] } },
{ "type": "Feature", "properties": { "id": "1833,3649", "grid_id": "1833,3649" }, "geometry": { "type": "Polygon", "coordinates": [ [ [ 79.958388306716103, 6.931385324577507 ], [ 79.96028900991233, 6.931389488249528 ], [ 79.960284846476924, 6.933288831392998 ], [ 79.95838413567283, 6.933284666569275 ], [ 79.958388306716103, 6.931385324577507 ] ] ] } },
{ "type": "Feature", "properties": { "id": "1834,3649", "grid_id": "1834,3649" }, "geometry": { "type": "Polygon", "coordinates": [ [ [ 79.96028900991233, 6.931389488249528 ], [ 79.962189714277031, 6.93139364432016 ], [ 79.962185558449491, 6.933292988613228 ], [ 79.960284846476924, 6.933288831392998 ], [ 79.96028900991233, 6.931389488249528 ] ] ] } },
{ "type": "Feature", "properties": { "id": "1835,3649", "grid_id": "1835,3649" }, "geometry": { "type": "Polygon", "coordinates": [ [ [ 79.962189714277031, 6.93139364432016 ], [ 79.964090419808073, 6.931397792789376 ], [ 79.964086271588428, 6.93329713822994 ], [ 79.962185558449491, 6.933292988613228 ], [ 79.962189714277031, 6.93139364432016 ] ] ] } },
{ "type": "Feature", "properties": { "id": "1836,3649", "grid_id": "1836,3649" }, "geometry": { "type": "Polygon", "coordinates": [ [ [ 79.964090419808073, 6.931397792789376 ], [ 79.965991126503297, 6.931401933657155 ], [ 79.965986985891576, 6.933301280243114 ], [ 79.964086271588428, 6.93329713822994 ], [ 79.964090419808073, 6.931397792789376 ] ] ] } },
{ "type": "Feature", "properties": { "id": "1837,3649", "grid_id": "1837,3649" }, "geometry": { "type": "Polygon", "coordinates": [ [ [ 79.965991126503297, 6.931401933657155 ], [ 79.967891834360586, 6.931406066923475 ], [ 79.96788770135683, 6.933305414652725 ], [ 79.965986985891576, 6.933301280243114 ], [ 79.965991126503297, 6.931401933657155 ] ] ] } },
{ "type": "Feature", "properties": { "id": "1838,3649", "grid_id": "1838,3649" }, "geometry": { "type": "Polygon", "coordinates": [ [ [ 79.967891834360586, 6.931406066923475 ], [ 79.969792543377807, 6.931410192588313 ], [ 79.969788417982016, 6.933309541458751 ], [ 79.96788770135683, 6.933305414652725 ], [ 79.967891834360586, 6.931406066923475 ] ] ] } },
{ "type": "Feature", "properties": { "id": "1839,3649", "grid_id": "1839,3649" }, "geometry": { "type": "Polygon", "coordinates": [ [ [ 79.969792543377807, 6.931410192588313 ], [ 79.971693253552814, 6.931414310651647 ], [ 79.971689135765018, 6.933313660661171 ], [ 79.969788417982016, 6.933309541458751 ], [ 79.969792543377807, 6.931410192588313 ] ] ] } },
{ "type": "Feature", "properties": { "id": "1840,3649", "grid_id": "1840,3649" }, "geometry": { "type": "Polygon", "coordinates": [ [ [ 79.971693253552814, 6.931414310651647 ], [ 79.973593964883491, 6.931418421113452 ], [ 79.973589854703704, 6.933317772259961 ], [ 79.971689135765018, 6.933313660661171 ], [ 79.971693253552814, 6.931414310651647 ] ] ] } },
{ "type": "Feature", "properties": { "id": "1841,3649", "grid_id": "1841,3649" }, "geometry": { "type": "Polygon", "coordinates": [ [ [ 79.973593964883491, 6.931418421113452 ], [ 79.975494677367692, 6.931422523973708 ], [ 79.975490574795927, 6.933321876255096 ], [ 79.973589854703704, 6.933317772259961 ], [ 79.973593964883491, 6.931418421113452 ] ] ] } },
{ "type": "Feature", "properties": { "id": "1842,3649", "grid_id": "1842,3649" }, "geometry": { "type": "Polygon", "coordinates": [ [ [ 79.975494677367692, 6.931422523973708 ], [ 79.977395391003256, 6.931426619232392 ], [ 79.977391296039571, 6.933325972646559 ], [ 79.975490574795927, 6.933321876255096 ], [ 79.975494677367692, 6.931422523973708 ] ] ] } },
{ "type": "Feature", "properties": { "id": "1843,3649", "grid_id": "1843,3649" }, "geometry": { "type": "Polygon", "coordinates": [ [ [ 79.977395391003256, 6.931426619232392 ], [ 79.979296105788094, 6.931430706889481 ], [ 79.979292018432488, 6.933330061434321 ], [ 79.977391296039571, 6.933325972646559 ], [ 79.977395391003256, 6.931426619232392 ] ] ] } },
{ "type": "Feature", "properties": { "id": "1844,3649", "grid_id": "1844,3649" }, "geometry": { "type": "Polygon", "coordinates": [ [ [ 79.979296105788094, 6.931430706889481 ], [ 79.981196821720033, 6.931434786944951 ], [ 79.981192741972535, 6.933334142618367 ], [ 79.979292018432488, 6.933330061434321 ], [ 79.979296105788094, 6.931430706889481 ] ] ] } },
{ "type": "Feature", "properties": { "id": "1845,3649", "grid_id": "1845,3649" }, "geometry": { "type": "Polygon", "coordinates": [ [ [ 79.981196821720033, 6.931434786944951 ], [ 79.983097538796954, 6.931438859398783 ], [ 79.983093466657593, 6.933338216198669 ], [ 79.981192741972535, 6.933334142618367 ], [ 79.981196821720033, 6.931434786944951 ] ] ] } },
{ "type": "Feature", "properties": { "id": "1846,3649", "grid_id": "1846,3649" }, "geometry": { "type": "Polygon", "coordinates": [ [ [ 79.983097538796954, 6.931438859398783 ], [ 79.984998257016741, 6.931442924250954 ], [ 79.984994192485516, 6.933342282175206 ], [ 79.983093466657593, 6.933338216198669 ], [ 79.983097538796954, 6.931438859398783 ] ] ] } },
{ "type": "Feature", "properties": { "id": "1847,3649", "grid_id": "1847,3649" }, "geometry": { "type": "Polygon", "coordinates": [ [ [ 79.984998257016741, 6.931442924250954 ], [ 79.986898976377219, 6.93144698150144 ], [ 79.986894919454173, 6.933346340547958 ], [ 79.984994192485516, 6.933342282175206 ], [ 79.984998257016741, 6.931442924250954 ] ] ] } },
{ "type": "Feature", "properties": { "id": "1848,3649", "grid_id": "1848,3649" }, "geometry": { "type": "Polygon", "coordinates": [ [ [ 79.986898976377219, 6.93144698150144 ], [ 79.988799696876271, 6.931451031150219 ], [ 79.988795647561417, 6.9333503913169 ], [ 79.986894919454173, 6.933346340547958 ], [ 79.986898976377219, 6.93144698150144 ] ] ] } },
{ "type": "Feature", "properties": { "id": "1849,3649", "grid_id": "1849,3649" }, "geometry": { "type": "Polygon", "coordinates": [ [ [ 79.988799696876271, 6.931451031150219 ], [ 79.990700418511764, 6.93145507319727 ], [ 79.990696376805133, 6.933354434482011 ], [ 79.988795647561417, 6.9333503913169 ], [ 79.988799696876271, 6.931451031150219 ] ] ] } },
{ "type": "Feature", "properties": { "id": "1850,3649", "grid_id": "1850,3649" }, "geometry": { "type": "Polygon", "coordinates": [ [ [ 79.990700418511764, 6.93145507319727 ], [ 79.992601141281582, 6.931459107642572 ], [ 79.992597107183187, 6.933358470043269 ], [ 79.990696376805133, 6.933354434482011 ], [ 79.990700418511764, 6.93145507319727 ] ] ] } },
{ "type": "Feature", "properties": { "id": "1851,3649", "grid_id": "1851,3649" }, "geometry": { "type": "Polygon", "coordinates": [ [ [ 79.992601141281582, 6.931459107642572 ], [ 79.994501865183551, 6.9314631344861 ], [ 79.99449783869342, 6.93336249800065 ], [ 79.992597107183187, 6.933358470043269 ], [ 79.992601141281582, 6.931459107642572 ] ] ] } },
{ "type": "Feature", "properties": { "id": "1852,3649", "grid_id": "1852,3649" }, "geometry": { "type": "Polygon", "coordinates": [ [ [ 79.994501865183551, 6.9314631344861 ], [ 79.996402590215567, 6.931467153727834 ], [ 79.996398571333714, 6.933366518354136 ], [ 79.99449783869342, 6.93336249800065 ], [ 79.994501865183551, 6.9314631344861 ] ] ] } },
{ "type": "Feature", "properties": { "id": "1853,3649", "grid_id": "1853,3649" }, "geometry": { "type": "Polygon", "coordinates": [ [ [ 79.996402590215567, 6.931467153727834 ], [ 79.99830331637547, 6.931471165367751 ], [ 79.998299305101938, 6.933370531103701 ], [ 79.996398571333714, 6.933366518354136 ], [ 79.996402590215567, 6.931467153727834 ] ] ] } },
{ "type": "Feature", "properties": { "id": "1854,3649", "grid_id": "1854,3649" }, "geometry": { "type": "Polygon", "coordinates": [ [ [ 79.99830331637547, 6.931471165367751 ], [ 80.000204043661142, 6.931475169405828 ], [ 80.000200039995931, 6.933374536249325 ], [ 79.998299305101938, 6.933370531103701 ], [ 79.99830331637547, 6.931471165367751 ] ] ] } },
{ "type": "Feature", "properties": { "id": "1855,3649", "grid_id": "1855,3649" }, "geometry": { "type": "Polygon", "coordinates": [ [ [ 80.000204043661142, 6.931475169405828 ], [ 80.002104772070453, 6.931479165842046 ], [ 80.002100776013592, 6.933378533790986 ], [ 80.000200039995931, 6.933374536249325 ], [ 80.000204043661142, 6.931475169405828 ] ] ] } },
{ "type": "Feature", "properties": { "id": "1856,3649", "grid_id": "1856,3649" }, "geometry": { "type": "Polygon", "coordinates": [ [ [ 80.002104772070453, 6.931479165842046 ], [ 80.004005501601242, 6.93148315467638 ], [ 80.004001513152758, 6.933382523728661 ], [ 80.002100776013592, 6.933378533790986 ], [ 80.002104772070453, 6.931479165842046 ] ] ] } },
{ "type": "Feature", "properties": { "id": "1857,3649", "grid_id": "1857,3649" }, "geometry": { "type": "Polygon", "coordinates": [ [ [ 80.004005501601242, 6.93148315467638 ], [ 80.005906232251391, 6.931487135908811 ], [ 80.005902251411314, 6.933386506062329 ], [ 80.004001513152758, 6.933382523728661 ], [ 80.004005501601242, 6.93148315467638 ] ] ] } },
{ "type": "Feature", "properties": { "id": "1858,3649", "grid_id": "1858,3649" }, "geometry": { "type": "Polygon", "coordinates": [ [ [ 80.005906232251391, 6.931487135908811 ], [ 80.007806964018769, 6.931491109539315 ], [ 80.007802990787098, 6.933390480791969 ], [ 80.005902251411314, 6.933386506062329 ], [ 80.005906232251391, 6.931487135908811 ] ] ] } },
{ "type": "Feature", "properties": { "id": "1859,3649", "grid_id": "1859,3649" }, "geometry": { "type": "Polygon", "coordinates": [ [ [ 80.007806964018769, 6.931491109539315 ], [ 80.009707696901245, 6.931495075567871 ], [ 80.009703731278009, 6.933394447917557 ], [ 80.007802990787098, 6.933390480791969 ], [ 80.007806964018769, 6.931491109539315 ] ] ] } },
{ "type": "Feature", "properties": { "id": "1860,3649", "grid_id": "1860,3649" }, "geometry": { "type": "Polygon", "coordinates": [ [ [ 80.009707696901245, 6.931495075567871 ], [ 80.011608430896658, 6.931499033994458 ], [ 80.011604472881899, 6.933398407439074 ], [ 80.009703731278009, 6.933394447917557 ], [ 80.009707696901245, 6.931495075567871 ] ] ] } },
{ "type": "Feature", "properties": { "id": "1861,3649", "grid_id": "1861,3649" }, "geometry": { "type": "Polygon", "coordinates": [ [ [ 80.011608430896658, 6.931499033994458 ], [ 80.013509166002905, 6.931502984819053 ], [ 80.013505215596609, 6.933402359356498 ], [ 80.011604472881899, 6.933398407439074 ], [ 80.011608430896658, 6.931499033994458 ] ] ] } },
{ "type": "Feature", "properties": { "id": "1862,3649", "grid_id": "1862,3649" }, "geometry": { "type": "Polygon", "coordinates": [ [ [ 80.013509166002905, 6.931502984819053 ], [ 80.015409902217812, 6.931506928041637 ], [ 80.015405959420036, 6.933406303669803 ], [ 80.013505215596609, 6.933402359356498 ], [ 80.013509166002905, 6.931502984819053 ] ] ] } },
{ "type": "Feature", "properties": { "id": "1863,3649", "grid_id": "1863,3649" }, "geometry": { "type": "Polygon", "coordinates": [ [ [ 80.015409902217812, 6.931506928041637 ], [ 80.017310639539275, 6.931510863662184 ], [ 80.01730670435002, 6.933410240378971 ], [ 80.015405959420036, 6.933406303669803 ], [ 80.015409902217812, 6.931506928041637 ] ] ] } },
{ "type": "Feature", "properties": { "id": "1864,3649", "grid_id": "1864,3649" }, "geometry": { "type": "Polygon", "coordinates": [ [ [ 80.017310639539275, 6.931510863662184 ], [ 80.019211377965149, 6.931514791680675 ], [ 80.019207450384457, 6.933414169483982 ], [ 80.01730670435002, 6.933410240378971 ], [ 80.017310639539275, 6.931510863662184 ] ] ] } },
{ "type": "Feature", "properties": { "id": "1827,3650", "grid_id": "1827,3650" }, "geometry": { "type": "Polygon", "coordinates": [ [ [ 79.946979895506175, 6.933259517954839 ], [ 79.94888059925448, 6.933263728399044 ], [ 79.948876388990982, 6.935163064446683 ], [ 79.946975677632821, 6.935158852838151 ], [ 79.946979895506175, 6.933259517954839 ] ] ] } },
{ "type": "Feature", "properties": { "id": "1828,3650", "grid_id": "1828,3650" }, "geometry": { "type": "Polygon", "coordinates": [ [ [ 79.94888059925448, 6.933263728399044 ], [ 79.95078130418409, 6.933267931239896 ], [ 79.950777101530463, 6.935167268449757 ], [ 79.948876388990982, 6.935163064446683 ], [ 79.94888059925448, 6.933263728399044 ] ] ] } },
{ "type": "Feature", "properties": { "id": "1829,3650", "grid_id": "1829,3650" }, "geometry": { "type": "Polygon", "coordinates": [ [ [ 79.95078130418409, 6.933267931239896 ], [ 79.952682010292875, 6.933272126477368 ], [ 79.952677815249132, 6.935171464847349 ], [ 79.950777101530463, 6.935167268449757 ], [ 79.95078130418409, 6.933267931239896 ] ] ] } },
{ "type": "Feature", "properties": { "id": "1830,3650", "grid_id": "1830,3650" }, "geometry": { "type": "Polygon", "coordinates": [ [ [ 79.952682010292875, 6.933272126477368 ], [ 79.954582717578674, 6.933276314111436 ], [ 79.954578530144857, 6.935175653639436 ], [ 79.952677815249132, 6.935171464847349 ], [ 79.952682010292875, 6.933272126477368 ] ] ] } },
{ "type": "Feature", "properties": { "id": "1831,3650", "grid_id": "1831,3650" }, "geometry": { "type": "Polygon", "coordinates": [ [ [ 79.954582717578674, 6.933276314111436 ], [ 79.95648342603937, 6.933280494142079 ], [ 79.956479246215494, 6.935179834825995 ], [ 79.954578530144857, 6.935175653639436 ], [ 79.954582717578674, 6.933276314111436 ] ] ] } },
{ "type": "Feature", "properties": { "id": "1832,3650", "grid_id": "1832,3650" }, "geometry": { "type": "Polygon", "coordinates": [ [ [ 79.95648342603937, 6.933280494142079 ], [ 79.95838413567283, 6.933284666569275 ], [ 79.958379963458938, 6.935184008407004 ], [ 79.956479246215494, 6.935179834825995 ], [ 79.95648342603937, 6.933280494142079 ] ] ] } },
{ "type": "Feature", "properties": { "id": "1833,3650", "grid_id": "1833,3650" }, "geometry": { "type": "Polygon", "coordinates": [ [ [ 79.95838413567283, 6.933284666569275 ], [ 79.960284846476924, 6.933288831392998 ], [ 79.960280681873016, 6.935188174382437 ], [ 79.958379963458938, 6.935184008407004 ], [ 79.95838413567283, 6.933284666569275 ] ] ] } },
{ "type": "Feature", "properties": { "id": "1834,3650", "grid_id": "1834,3650" }, "geometry": { "type": "Polygon", "coordinates": [ [ [ 79.960284846476924, 6.933288831392998 ], [ 79.962185558449491, 6.933292988613228 ], [ 79.962181401455609, 6.935192332752274 ], [ 79.960280681873016, 6.935188174382437 ], [ 79.960284846476924, 6.933288831392998 ] ] ] } },
{ "type": "Feature", "properties": { "id": "1835,3650", "grid_id": "1835,3650" }, "geometry": { "type": "Polygon", "coordinates": [ [ [ 79.962185558449491, 6.933292988613228 ], [ 79.964086271588428, 6.93329713822994 ], [ 79.964082122204573, 6.935196483516493 ], [ 79.962181401455609, 6.935192332752274 ], [ 79.962185558449491, 6.933292988613228 ] ] ] } },
{ "type": "Feature", "properties": { "id": "1836,3650", "grid_id": "1836,3650" }, "geometry": { "type": "Polygon", "coordinates": [ [ [ 79.964086271588428, 6.93329713822994 ], [ 79.965986985891576, 6.933301280243114 ], [ 79.965982844117789, 6.93520062667507 ], [ 79.964082122204573, 6.935196483516493 ], [ 79.964086271588428, 6.93329713822994 ] ] ] } },
{ "type": "Feature", "properties": { "id": "1837,3650", "grid_id": "1837,3650" }, "geometry": { "type": "Polygon", "coordinates": [ [ [ 79.965986985891576, 6.933301280243114 ], [ 79.96788770135683, 6.933305414652725 ], [ 79.967883567193113, 6.93520476222798 ], [ 79.965982844117789, 6.93520062667507 ], [ 79.965986985891576, 6.933301280243114 ] ] ] } },
{ "type": "Feature", "properties": { "id": "1838,3650", "grid_id": "1838,3650" }, "geometry": { "type": "Polygon", "coordinates": [ [ [ 79.96788770135683, 6.933305414652725 ], [ 79.969788417982016, 6.933309541458751 ], [ 79.969784291428397, 6.935208890175204 ], [ 79.967883567193113, 6.93520476222798 ], [ 79.96788770135683, 6.933305414652725 ] ] ] } },
{ "type": "Feature", "properties": { "id": "1839,3650", "grid_id": "1839,3650" }, "geometry": { "type": "Polygon", "coordinates": [ [ [ 79.969788417982016, 6.933309541458751 ], [ 79.971689135765018, 6.933313660661171 ], [ 79.971685016821525, 6.935213010516716 ], [ 79.969784291428397, 6.935208890175204 ], [ 79.969788417982016, 6.933309541458751 ] ] ] } },
{ "type": "Feature", "properties": { "id": "1840,3650", "grid_id": "1840,3650" }, "geometry": { "type": "Polygon", "coordinates": [ [ [ 79.971689135765018, 6.933313660661171 ], [ 79.973589854703704, 6.933317772259961 ], [ 79.973585743370379, 6.9352171232525 ], [ 79.971685016821525, 6.935213010516716 ], [ 79.971689135765018, 6.933313660661171 ] ] ] } },
{ "type": "Feature", "properties": { "id": "1841,3650", "grid_id": "1841,3650" }, "geometry": { "type": "Polygon", "coordinates": [ [ [ 79.973589854703704, 6.933317772259961 ], [ 79.975490574795927, 6.933321876255096 ], [ 79.97548647107277, 6.935221228382525 ], [ 79.973585743370379, 6.9352171232525 ], [ 79.973589854703704, 6.933317772259961 ] ] ] } },
{ "type": "Feature", "properties": { "id": "1842,3650", "grid_id": "1842,3650" }, "geometry": { "type": "Polygon", "coordinates": [ [ [ 79.975490574795927, 6.933321876255096 ], [ 79.977391296039571, 6.933325972646559 ], [ 79.977387199926611, 6.935225325906773 ], [ 79.97548647107277, 6.935221228382525 ], [ 79.975490574795927, 6.933321876255096 ] ] ] } },
{ "type": "Feature", "properties": { "id": "1843,3650", "grid_id": "1843,3650" }, "geometry": { "type": "Polygon", "coordinates": [ [ [ 79.977391296039571, 6.933325972646559 ], [ 79.979292018432488, 6.933330061434321 ], [ 79.97928792992974, 6.935229415825222 ], [ 79.977387199926611, 6.935225325906773 ], [ 79.977391296039571, 6.933325972646559 ] ] ] } },
{ "type": "Feature", "properties": { "id": "1844,3650", "grid_id": "1844,3650" }, "geometry": { "type": "Polygon", "coordinates": [ [ [ 79.979292018432488, 6.933330061434321 ], [ 79.981192741972535, 6.933334142618367 ], [ 79.98118866108004, 6.935233498137849 ], [ 79.97928792992974, 6.935229415825222 ], [ 79.979292018432488, 6.933330061434321 ] ] ] } },
{ "type": "Feature", "properties": { "id": "1845,3650", "grid_id": "1845,3650" }, "geometry": { "type": "Polygon", "coordinates": [ [ [ 79.981192741972535, 6.933334142618367 ], [ 79.983093466657593, 6.933338216198669 ], [ 79.983089393375352, 6.935237572844629 ], [ 79.98118866108004, 6.935233498137849 ], [ 79.981192741972535, 6.933334142618367 ] ] ] } },
{ "type": "Feature", "properties": { "id": "1846,3650", "grid_id": "1846,3650" }, "geometry": { "type": "Polygon", "coordinates": [ [ [ 79.983093466657593, 6.933338216198669 ], [ 79.984994192485516, 6.933342282175206 ], [ 79.984990126813557, 6.935241639945542 ], [ 79.983089393375352, 6.935237572844629 ], [ 79.983093466657593, 6.933338216198669 ] ] ] } },
{ "type": "Feature", "properties": { "id": "1847,3650", "grid_id": "1847,3650" }, "geometry": { "type": "Polygon", "coordinates": [ [ [ 79.984994192485516, 6.933342282175206 ], [ 79.986894919454173, 6.933346340547958 ], [ 79.986890861392524, 6.935245699440568 ], [ 79.984990126813557, 6.935241639945542 ], [ 79.984994192485516, 6.933342282175206 ] ] ] } },
{ "type": "Feature", "properties": { "id": "1848,3650", "grid_id": "1848,3650" }, "geometry": { "type": "Polygon", "coordinates": [ [ [ 79.986894919454173, 6.933346340547958 ], [ 79.988795647561417, 6.9333503913169 ], [ 79.988791597110108, 6.93524975132968 ], [ 79.986890861392524, 6.935245699440568 ], [ 79.986894919454173, 6.933346340547958 ] ] ] } },
{ "type": "Feature", "properties": { "id": "1849,3650", "grid_id": "1849,3650" }, "geometry": { "type": "Polygon", "coordinates": [ [ [ 79.988795647561417, 6.9333503913169 ], [ 79.990696376805133, 6.933354434482011 ], [ 79.990692333964176, 6.935253795612859 ], [ 79.988791597110108, 6.93524975132968 ], [ 79.988795647561417, 6.9333503913169 ] ] ] } },
{ "type": "Feature", "properties": { "id": "1850,3650", "grid_id": "1850,3650" }, "geometry": { "type": "Polygon", "coordinates": [ [ [ 79.990696376805133, 6.933354434482011 ], [ 79.992597107183187, 6.933358470043269 ], [ 79.992593071952598, 6.935257832290081 ], [ 79.990692333964176, 6.935253795612859 ], [ 79.990696376805133, 6.933354434482011 ] ] ] } },
{ "type": "Feature", "properties": { "id": "1851,3650", "grid_id": "1851,3650" }, "geometry": { "type": "Polygon", "coordinates": [ [ [ 79.992597107183187, 6.933358470043269 ], [ 79.99449783869342, 6.93336249800065 ], [ 79.994493811073241, 6.935261861361327 ], [ 79.992593071952598, 6.935257832290081 ], [ 79.992597107183187, 6.933358470043269 ] ] ] } },
{ "type": "Feature", "properties": { "id": "1852,3650", "grid_id": "1852,3650" }, "geometry": { "type": "Polygon", "coordinates": [ [ [ 79.99449783869342, 6.93336249800065 ], [ 79.996398571333714, 6.933366518354136 ], [ 79.996394551323959, 6.935265882826571 ], [ 79.994493811073241, 6.935261861361327 ], [ 79.99449783869342, 6.93336249800065 ] ] ] } },
{ "type": "Feature", "properties": { "id": "1853,3650", "grid_id": "1853,3650" }, "geometry": { "type": "Polygon", "coordinates": [ [ [ 79.996398571333714, 6.933366518354136 ], [ 79.998299305101938, 6.933370531103701 ], [ 79.998295292702622, 6.935269896685794 ], [ 79.996394551323959, 6.935265882826571 ], [ 79.996398571333714, 6.933366518354136 ] ] ] } },
{ "type": "Feature", "properties": { "id": "1854,3650", "grid_id": "1854,3650" }, "geometry": { "type": "Polygon", "coordinates": [ [ [ 79.998299305101938, 6.933370531103701 ], [ 80.000200039995931, 6.933374536249325 ], [ 80.000196035207082, 6.935273902938975 ], [ 79.998295292702622, 6.935269896685794 ], [ 79.998299305101938, 6.933370531103701 ] ] ] } },
{ "type": "Feature", "properties": { "id": "1855,3650", "grid_id": "1855,3650" }, "geometry": { "type": "Polygon", "coordinates": [ [ [ 80.000200039995931, 6.933374536249325 ], [ 80.002100776013592, 6.933378533790986 ], [ 80.002096778835224, 6.935277901586086 ], [ 80.000196035207082, 6.935273902938975 ], [ 80.000200039995931, 6.933374536249325 ] ] ] } },
{ "type": "Feature", "properties": { "id": "1856,3650", "grid_id": "1856,3650" }, "geometry": { "type": "Polygon", "coordinates": [ [ [ 80.002100776013592, 6.933378533790986 ], [ 80.004001513152758, 6.933382523728661 ], [ 80.0039975235849, 6.93528189262711 ], [ 80.002096778835224, 6.935277901586086 ], [ 80.002100776013592, 6.933378533790986 ] ] ] } },
{ "type": "Feature", "properties": { "id": "1857,3650", "grid_id": "1857,3650" }, "geometry": { "type": "Polygon", "coordinates": [ [ [ 80.004001513152758, 6.933382523728661 ], [ 80.005902251411314, 6.933386506062329 ], [ 80.005898269453979, 6.935285876062024 ], [ 80.0039975235849, 6.93528189262711 ], [ 80.004001513152758, 6.933382523728661 ] ] ] } },
{ "type": "Feature", "properties": { "id": "1858,3650", "grid_id": "1858,3650" }, "geometry": { "type": "Polygon", "coordinates": [ [ [ 80.005902251411314, 6.933386506062329 ], [ 80.007802990787098, 6.933390480791969 ], [ 80.00779901644033, 6.935289851890809 ], [ 80.005898269453979, 6.935285876062024 ], [ 80.005902251411314, 6.933386506062329 ] ] ] } },
{ "type": "Feature", "properties": { "id": "1859,3650", "grid_id": "1859,3650" }, "geometry": { "type": "Polygon", "coordinates": [ [ [ 80.007802990787098, 6.933390480791969 ], [ 80.009703731278009, 6.933394447917557 ], [ 80.009699764541807, 6.935293820113436 ], [ 80.00779901644033, 6.935289851890809 ], [ 80.007802990787098, 6.933390480791969 ] ] ] } },
{ "type": "Feature", "properties": { "id": "1860,3650", "grid_id": "1860,3650" }, "geometry": { "type": "Polygon", "coordinates": [ [ [ 80.009703731278009, 6.933394447917557 ], [ 80.011604472881899, 6.933398407439074 ], [ 80.011600513756292, 6.935297780729892 ], [ 80.009699764541807, 6.935293820113436 ], [ 80.009703731278009, 6.933394447917557 ] ] ] } },
{ "type": "Feature", "properties": { "id": "1861,3650", "grid_id": "1861,3650" }, "geometry": { "type": "Polygon", "coordinates": [ [ [ 80.011604472881899, 6.933398407439074 ], [ 80.013505215596609, 6.933402359356498 ], [ 80.013501264081626, 6.935301733740149 ], [ 80.011600513756292, 6.935297780729892 ], [ 80.011604472881899, 6.933398407439074 ] ] ] } },
{ "type": "Feature", "properties": { "id": "1862,3650", "grid_id": "1862,3650" }, "geometry": { "type": "Polygon", "coordinates": [ [ [ 80.013505215596609, 6.933402359356498 ], [ 80.015405959420036, 6.933406303669803 ], [ 80.01540201551569, 6.935305679144188 ], [ 80.013501264081626, 6.935301733740149 ], [ 80.013505215596609, 6.933402359356498 ] ] ] } },
{ "type": "Feature", "properties": { "id": "1863,3650", "grid_id": "1863,3650" }, "geometry": { "type": "Polygon", "coordinates": [ [ [ 80.015405959420036, 6.933406303669803 ], [ 80.01730670435002, 6.933410240378971 ], [ 80.017302768056354, 6.935309616941987 ], [ 80.01540201551569, 6.935305679144188 ], [ 80.015405959420036, 6.933406303669803 ] ] ] } },
{ "type": "Feature", "properties": { "id": "1864,3650", "grid_id": "1864,3650" }, "geometry": { "type": "Polygon", "coordinates": [ [ [ 80.01730670435002, 6.933410240378971 ], [ 80.019207450384457, 6.933414169483982 ], [ 80.019203521701456, 6.935313547133525 ], [ 80.017302768056354, 6.935309616941987 ], [ 80.01730670435002, 6.933410240378971 ] ] ] } },
{ "type": "Feature", "properties": { "id": "1826,3651", "grid_id": "1826,3651" }, "geometry": { "type": "Polygon", "coordinates": [ [ [ 79.945074967458126, 6.93515463362418 ], [ 79.946975677632821, 6.935158852838151 ], [ 79.946971458576016, 6.93705818756733 ], [ 79.945070740789347, 6.937053967186925 ], [ 79.945074967458126, 6.93515463362418 ] ] ] } },
{ "type": "Feature", "properties": { "id": "1827,3651", "grid_id": "1827,3651" }, "geometry": { "type": "Polygon", "coordinates": [ [ [ 79.946975677632821, 6.935158852838151 ], [ 79.948876388990982, 6.935163064446683 ], [ 79.94887217754615, 6.937062400340199 ], [ 79.946971458576016, 6.93705818756733 ], [ 79.946975677632821, 6.935158852838151 ] ] ] } },
{ "type": "Feature", "properties": { "id": "1828,3651", "grid_id": "1828,3651" }, "geometry": { "type": "Polygon", "coordinates": [ [ [ 79.948876388990982, 6.935163064446683 ], [ 79.950777101530463, 6.935167268449757 ], [ 79.950772897697647, 6.937066605505506 ], [ 79.94887217754615, 6.937062400340199 ], [ 79.948876388990982, 6.935163064446683 ] ] ] } },
{ "type": "Feature", "properties": { "id": "1829,3651", "grid_id": "1829,3651" }, "geometry": { "type": "Polygon", "coordinates": [ [ [ 79.950777101530463, 6.935167268449757 ], [ 79.952677815249132, 6.935171464847349 ], [ 79.952673619028346, 6.937070803063227 ], [ 79.950772897697647, 6.937066605505506 ], [ 79.950777101530463, 6.935167268449757 ] ] ] } },
{ "type": "Feature", "properties": { "id": "1830,3651", "grid_id": "1830,3651" }, "geometry": { "type": "Polygon", "coordinates": [ [ [ 79.952677815249132, 6.935171464847349 ], [ 79.954578530144857, 6.935175653639436 ], [ 79.95457434153613, 6.937074993013341 ], [ 79.952673619028346, 6.937070803063227 ], [ 79.952677815249132, 6.935171464847349 ] ] ] } },
{ "type": "Feature", "properties": { "id": "1831,3651", "grid_id": "1831,3651" }, "geometry": { "type": "Polygon", "coordinates": [ [ [ 79.954578530144857, 6.935175653639436 ], [ 79.956479246215494, 6.935179834825995 ], [ 79.956475065218854, 6.937079175355825 ], [ 79.95457434153613, 6.937074993013341 ], [ 79.954578530144857, 6.935175653639436 ] ] ] } },
{ "type": "Feature", "properties": { "id": "1832,3651", "grid_id": "1832,3651" }, "geometry": { "type": "Polygon", "coordinates": [ [ [ 79.956479246215494, 6.935179834825995 ], [ 79.958379963458938, 6.935184008407004 ], [ 79.958375790074385, 6.937083350090654 ], [ 79.956475065218854, 6.937079175355825 ], [ 79.956479246215494, 6.935179834825995 ] ] ] } },
{ "type": "Feature", "properties": { "id": "1833,3651", "grid_id": "1833,3651" }, "geometry": { "type": "Polygon", "coordinates": [ [ [ 79.958379963458938, 6.935184008407004 ], [ 79.960280681873016, 6.935188174382437 ], [ 79.960276516100592, 6.937087517217808 ], [ 79.958375790074385, 6.937083350090654 ], [ 79.958379963458938, 6.935184008407004 ] ] ] } },
{ "type": "Feature", "properties": { "id": "1834,3651", "grid_id": "1834,3651" }, "geometry": { "type": "Polygon", "coordinates": [ [ [ 79.960280681873016, 6.935188174382437 ], [ 79.962181401455609, 6.935192332752274 ], [ 79.962177243295329, 6.937091676737262 ], [ 79.960276516100592, 6.937087517217808 ], [ 79.960280681873016, 6.935188174382437 ] ] ] } },
{ "type": "Feature", "properties": { "id": "1835,3651", "grid_id": "1835,3651" }, "geometry": { "type": "Polygon", "coordinates": [ [ [ 79.962181401455609, 6.935192332752274 ], [ 79.964082122204573, 6.935196483516493 ], [ 79.964077971656465, 6.937095828648996 ], [ 79.962177243295329, 6.937091676737262 ], [ 79.962181401455609, 6.935192332752274 ] ] ] } },
{ "type": "Feature", "properties": { "id": "1836,3651", "grid_id": "1836,3651" }, "geometry": { "type": "Polygon", "coordinates": [ [ [ 79.964082122204573, 6.935196483516493 ], [ 79.965982844117789, 6.93520062667507 ], [ 79.965978701181882, 6.937099972952981 ], [ 79.964077971656465, 6.937095828648996 ], [ 79.964082122204573, 6.935196483516493 ] ] ] } },
{ "type": "Feature", "properties": { "id": "1837,3651", "grid_id": "1837,3651" }, "geometry": { "type": "Polygon", "coordinates": [ [ [ 79.965982844117789, 6.93520062667507 ], [ 79.967883567193113, 6.93520476222798 ], [ 79.96787943186942, 6.937104109649202 ], [ 79.965978701181882, 6.937099972952981 ], [ 79.965982844117789, 6.93520062667507 ] ] ] } },
{ "type": "Feature", "properties": { "id": "1838,3651", "grid_id": "1838,3651" }, "geometry": { "type": "Polygon", "coordinates": [ [ [ 79.967883567193113, 6.93520476222798 ], [ 79.969784291428397, 6.935208890175204 ], [ 79.969780163716948, 6.937108238737633 ], [ 79.96787943186942, 6.937104109649202 ], [ 79.967883567193113, 6.93520476222798 ] ] ] } },
{ "type": "Feature", "properties": { "id": "1839,3651", "grid_id": "1839,3651" }, "geometry": { "type": "Polygon", "coordinates": [ [ [ 79.969784291428397, 6.935208890175204 ], [ 79.971685016821525, 6.935213010516716 ], [ 79.971680896722347, 6.937112360218249 ], [ 79.969780163716948, 6.937108238737633 ], [ 79.969784291428397, 6.935208890175204 ] ] ] } },
{ "type": "Feature", "properties": { "id": "1840,3651", "grid_id": "1840,3651" }, "geometry": { "type": "Polygon", "coordinates": [ [ [ 79.971685016821525, 6.935213010516716 ], [ 79.973585743370379, 6.9352171232525 ], [ 79.973581630883459, 6.937116474091031 ], [ 79.971680896722347, 6.937112360218249 ], [ 79.971685016821525, 6.935213010516716 ] ] ] } },
{ "type": "Feature", "properties": { "id": "1841,3651", "grid_id": "1841,3651" }, "geometry": { "type": "Polygon", "coordinates": [ [ [ 79.973585743370379, 6.9352171232525 ], [ 79.97548647107277, 6.935221228382525 ], [ 79.975482366198179, 6.937120580355955 ], [ 79.973581630883459, 6.937116474091031 ], [ 79.973585743370379, 6.9352171232525 ] ] ] } },
{ "type": "Feature", "properties": { "id": "1842,3651", "grid_id": "1842,3651" }, "geometry": { "type": "Polygon", "coordinates": [ [ [ 79.97548647107277, 6.935221228382525 ], [ 79.977387199926611, 6.935225325906773 ], [ 79.977383102664348, 6.937124679012999 ], [ 79.975482366198179, 6.937120580355955 ], [ 79.97548647107277, 6.935221228382525 ] ] ] } },
{ "type": "Feature", "properties": { "id": "1843,3651", "grid_id": "1843,3651" }, "geometry": { "type": "Polygon", "coordinates": [ [ [ 79.977387199926611, 6.935225325906773 ], [ 79.97928792992974, 6.935229415825222 ], [ 79.979283840279834, 6.93712877006214 ], [ 79.977383102664348, 6.937124679012999 ], [ 79.977387199926611, 6.935225325906773 ] ] ] } },
{ "type": "Feature", "properties": { "id": "1844,3651", "grid_id": "1844,3651" }, "geometry": { "type": "Polygon", "coordinates": [ [ [ 79.97928792992974, 6.935229415825222 ], [ 79.98118866108004, 6.935233498137849 ], [ 79.981184579042491, 6.937132853503356 ], [ 79.979283840279834, 6.93712877006214 ], [ 79.97928792992974, 6.935229415825222 ] ] ] } },
{ "type": "Feature", "properties": { "id": "1845,3651", "grid_id": "1845,3651" }, "geometry": { "type": "Polygon", "coordinates": [ [ [ 79.98118866108004, 6.935233498137849 ], [ 79.983089393375352, 6.935237572844629 ], [ 79.983085318950216, 6.937136929336624 ], [ 79.981184579042491, 6.937132853503356 ], [ 79.98118866108004, 6.935233498137849 ] ] ] } },
{ "type": "Feature", "properties": { "id": "1846,3651", "grid_id": "1846,3651" }, "geometry": { "type": "Polygon", "coordinates": [ [ [ 79.983089393375352, 6.935237572844629 ], [ 79.984990126813557, 6.935241639945542 ], [ 79.98498606000085, 6.937140997561924 ], [ 79.983085318950216, 6.937136929336624 ], [ 79.983089393375352, 6.935237572844629 ] ] ] } },
{ "type": "Feature", "properties": { "id": "1847,3651", "grid_id": "1847,3651" }, "geometry": { "type": "Polygon", "coordinates": [ [ [ 79.984990126813557, 6.935241639945542 ], [ 79.986890861392524, 6.935245699440568 ], [ 79.986886802192259, 6.937145058179231 ], [ 79.98498606000085, 6.937140997561924 ], [ 79.984990126813557, 6.935241639945542 ] ] ] } },
{ "type": "Feature", "properties": { "id": "1848,3651", "grid_id": "1848,3651" }, "geometry": { "type": "Polygon", "coordinates": [ [ [ 79.986890861392524, 6.935245699440568 ], [ 79.988791597110108, 6.93524975132968 ], [ 79.988787545522314, 6.937149111188523 ], [ 79.986886802192259, 6.937145058179231 ], [ 79.986890861392524, 6.935245699440568 ] ] ] } },
{ "type": "Feature", "properties": { "id": "1849,3651", "grid_id": "1849,3651" }, "geometry": { "type": "Polygon", "coordinates": [ [ [ 79.988791597110108, 6.93524975132968 ], [ 79.990692333964176, 6.935253795612859 ], [ 79.990688289988881, 6.937153156589778 ], [ 79.988787545522314, 6.937149111188523 ], [ 79.988791597110108, 6.93524975132968 ] ] ] } },
{ "type": "Feature", "properties": { "id": "1850,3651", "grid_id": "1850,3651" }, "geometry": { "type": "Polygon", "coordinates": [ [ [ 79.990692333964176, 6.935253795612859 ], [ 79.992593071952598, 6.935257832290081 ], [ 79.992589035589802, 6.937157194382976 ], [ 79.990688289988881, 6.937153156589778 ], [ 79.990692333964176, 6.935253795612859 ] ] ] } },
{ "type": "Feature", "properties": { "id": "1851,3651", "grid_id": "1851,3651" }, "geometry": { "type": "Polygon", "coordinates": [ [ [ 79.992593071952598, 6.935257832290081 ], [ 79.994493811073241, 6.935261861361327 ], [ 79.994489782322987, 6.937161224568092 ], [ 79.992589035589802, 6.937157194382976 ], [ 79.992593071952598, 6.935257832290081 ] ] ] } },
{ "type": "Feature", "properties": { "id": "1852,3651", "grid_id": "1852,3651" }, "geometry": { "type": "Polygon", "coordinates": [ [ [ 79.994493811073241, 6.935261861361327 ], [ 79.996394551323959, 6.935265882826571 ], [ 79.996390530186247, 6.937165247145106 ], [ 79.994489782322987, 6.937161224568092 ], [ 79.994493811073241, 6.935261861361327 ] ] ] } },
{ "type": "Feature", "properties": { "id": "1853,3651", "grid_id": "1853,3651" }, "geometry": { "type": "Polygon", "coordinates": [ [ [ 79.996394551323959, 6.935265882826571 ], [ 79.998295292702622, 6.935269896685794 ], [ 79.998291279177479, 6.937169262113993 ], [ 79.996390530186247, 6.937165247145106 ], [ 79.996394551323959, 6.935265882826571 ] ] ] } },
{ "type": "Feature", "properties": { "id": "1854,3651", "grid_id": "1854,3651" }, "geometry": { "type": "Polygon", "coordinates": [ [ [ 79.998295292702622, 6.935269896685794 ], [ 80.000196035207082, 6.935273902938975 ], [ 80.000192029294553, 6.937173269474735 ], [ 79.998291279177479, 6.937169262113993 ], [ 79.998295292702622, 6.935269896685794 ] ] ] } },
{ "type": "Feature", "properties": { "id": "1855,3651", "grid_id": "1855,3651" }, "geometry": { "type": "Polygon", "coordinates": [ [ [ 80.000196035207082, 6.935273902938975 ], [ 80.002096778835224, 6.935277901586086 ], [ 80.002092780535321, 6.937177269227307 ], [ 80.000192029294553, 6.937173269474735 ], [ 80.000196035207082, 6.935273902938975 ] ] ] } },
{ "type": "Feature", "properties": { "id": "1856,3651", "grid_id": "1856,3651" }, "geometry": { "type": "Polygon", "coordinates": [ [ [ 80.002096778835224, 6.935277901586086 ], [ 80.0039975235849, 6.93528189262711 ], [ 80.003993532897638, 6.93718126137169 ], [ 80.002092780535321, 6.937177269227307 ], [ 80.002096778835224, 6.935277901586086 ] ] ] } },
{ "type": "Feature", "properties": { "id": "1857,3651", "grid_id": "1857,3651" }, "geometry": { "type": "Polygon", "coordinates": [ [ [ 80.0039975235849, 6.93528189262711 ], [ 80.005898269453979, 6.935285876062024 ], [ 80.005894286379387, 6.93718524590786 ], [ 80.003993532897638, 6.93718126137169 ], [ 80.0039975235849, 6.93528189262711 ] ] ] } },
{ "type": "Feature", "properties": { "id": "1858,3651", "grid_id": "1858,3651" }, "geometry": { "type": "Polygon", "coordinates": [ [ [ 80.005898269453979, 6.935285876062024 ], [ 80.00779901644033, 6.935289851890809 ], [ 80.007795040978422, 6.937189222835794 ], [ 80.005894286379387, 6.93718524590786 ], [ 80.005898269453979, 6.935285876062024 ] ] ] } },
{ "type": "Feature", "properties": { "id": "1859,3651", "grid_id": "1859,3651" }, "geometry": { "type": "Polygon", "coordinates": [ [ [ 80.00779901644033, 6.935289851890809 ], [ 80.009699764541807, 6.935293820113436 ], [ 80.009695796692611, 6.937193192155473 ], [ 80.007795040978422, 6.937189222835794 ], [ 80.00779901644033, 6.935289851890809 ] ] ] } },
{ "type": "Feature", "properties": { "id": "1860,3651", "grid_id": "1860,3651" }, "geometry": { "type": "Polygon", "coordinates": [ [ [ 80.009699764541807, 6.935293820113436 ], [ 80.011600513756292, 6.935297780729892 ], [ 80.011596553519823, 6.937197153866874 ], [ 80.009695796692611, 6.937193192155473 ], [ 80.009699764541807, 6.935293820113436 ] ] ] } },
{ "type": "Feature", "properties": { "id": "1861,3651", "grid_id": "1861,3651" }, "geometry": { "type": "Polygon", "coordinates": [ [ [ 80.011600513756292, 6.935297780729892 ], [ 80.013501264081626, 6.935301733740149 ], [ 80.013497311457925, 6.937201107969976 ], [ 80.011596553519823, 6.937197153866874 ], [ 80.011600513756292, 6.935297780729892 ] ] ] } },
{ "type": "Feature", "properties": { "id": "1862,3651", "grid_id": "1862,3651" }, "geometry": { "type": "Polygon", "coordinates": [ [ [ 80.013501264081626, 6.935301733740149 ], [ 80.01540201551569, 6.935305679144188 ], [ 80.015398070504759, 6.937205054464756 ], [ 80.013497311457925, 6.937201107969976 ], [ 80.013501264081626, 6.935301733740149 ] ] ] } },
{ "type": "Feature", "properties": { "id": "1863,3651", "grid_id": "1863,3651" }, "geometry": { "type": "Polygon", "coordinates": [ [ [ 80.01540201551569, 6.935305679144188 ], [ 80.017302768056354, 6.935309616941987 ], [ 80.01729883065822, 6.937208993351193 ], [ 80.015398070504759, 6.937205054464756 ], [ 80.01540201551569, 6.935305679144188 ] ] ] } },
{ "type": "Feature", "properties": { "id": "1826,3652", "grid_id": "1826,3652" }, "geometry": { "type": "Polygon", "coordinates": [ [ [ 79.945070740789347, 6.937053967186925 ], [ 79.946971458576016, 6.93705818756733 ], [ 79.946967238335716, 6.938957522142338 ], [ 79.945066512934943, 6.938953300595486 ], [ 79.945070740789347, 6.937053967186925 ] ] ] } },
{ "type": "Feature", "properties": { "id": "1827,3652", "grid_id": "1827,3652" }, "geometry": { "type": "Polygon", "coordinates": [ [ [ 79.946971458576016, 6.93705818756733 ], [ 79.94887217754615, 6.937062400340199 ], [ 79.94886796491997, 6.93896173607955 ], [ 79.946967238335716, 6.938957522142338 ], [ 79.946971458576016, 6.93705818756733 ] ] ] } },
{ "type": "Feature", "properties": { "id": "1828,3652", "grid_id": "1828,3652" }, "geometry": { "type": "Polygon", "coordinates": [ [ [ 79.94887217754615, 6.937062400340199 ], [ 79.950772897697647, 6.937066605505506 ], [ 79.950768692685614, 6.938965942407098 ], [ 79.94886796491997, 6.93896173607955 ], [ 79.94887217754615, 6.937062400340199 ] ] ] } },
{ "type": "Feature", "properties": { "id": "1829,3652", "grid_id": "1829,3652" }, "geometry": { "type": "Polygon", "coordinates": [ [ [ 79.950772897697647, 6.937066605505506 ], [ 79.952673619028346, 6.937070803063227 ], [ 79.952669421630475, 6.938970141124959 ], [ 79.950768692685614, 6.938965942407098 ], [ 79.950772897697647, 6.937066605505506 ] ] ] } },
{ "type": "Feature", "properties": { "id": "1830,3652", "grid_id": "1830,3652" }, "geometry": { "type": "Polygon", "coordinates": [ [ [ 79.952673619028346, 6.937070803063227 ], [ 79.95457434153613, 6.937074993013341 ], [ 79.954570151752463, 6.938974332233108 ], [ 79.952669421630475, 6.938970141124959 ], [ 79.952673619028346, 6.937070803063227 ] ] ] } },
{ "type": "Feature", "properties": { "id": "1831,3652", "grid_id": "1831,3652" }, "geometry": { "type": "Polygon", "coordinates": [ [ [ 79.95457434153613, 6.937074993013341 ], [ 79.956475065218854, 6.937079175355825 ], [ 79.956470883049391, 6.938978515731525 ], [ 79.954570151752463, 6.938974332233108 ], [ 79.95457434153613, 6.937074993013341 ] ] ] } },
{ "type": "Feature", "properties": { "id": "1832,3652", "grid_id": "1832,3652" }, "geometry": { "type": "Polygon", "coordinates": [ [ [ 79.956475065218854, 6.937079175355825 ], [ 79.958375790074385, 6.937083350090654 ], [ 79.958371615519169, 6.938982691620185 ], [ 79.956470883049391, 6.938978515731525 ], [ 79.956475065218854, 6.937079175355825 ] ] ] } },
{ "type": "Feature", "properties": { "id": "1833,3652", "grid_id": "1833,3652" }, "geometry": { "type": "Polygon", "coordinates": [ [ [ 79.958375790074385, 6.937083350090654 ], [ 79.960276516100592, 6.937087517217808 ], [ 79.960272349159638, 6.938986859899066 ], [ 79.958371615519169, 6.938982691620185 ], [ 79.958375790074385, 6.937083350090654 ] ] ] } },
{ "type": "Feature", "properties": { "id": "1834,3652", "grid_id": "1834,3652" }, "geometry": { "type": "Polygon", "coordinates": [ [ [ 79.960276516100592, 6.937087517217808 ], [ 79.962177243295329, 6.937091676737262 ], [ 79.962173083968665, 6.938991020568147 ], [ 79.960272349159638, 6.938986859899066 ], [ 79.960276516100592, 6.937087517217808 ] ] ] } },
{ "type": "Feature", "properties": { "id": "1835,3652", "grid_id": "1835,3652" }, "geometry": { "type": "Polygon", "coordinates": [ [ [ 79.962177243295329, 6.937091676737262 ], [ 79.964077971656465, 6.937095828648996 ], [ 79.964073819944105, 6.938995173627402 ], [ 79.962173083968665, 6.938991020568147 ], [ 79.962177243295329, 6.937091676737262 ] ] ] } },
{ "type": "Feature", "properties": { "id": "1836,3652", "grid_id": "1836,3652" }, "geometry": { "type": "Polygon", "coordinates": [ [ [ 79.964077971656465, 6.937095828648996 ], [ 79.965978701181882, 6.937099972952981 ], [ 79.96597455708384, 6.938999319076809 ], [ 79.964073819944105, 6.938995173627402 ], [ 79.964077971656465, 6.937095828648996 ] ] ] } },
{ "type": "Feature", "properties": { "id": "1837,3652", "grid_id": "1837,3652" }, "geometry": { "type": "Polygon", "coordinates": [ [ [ 79.965978701181882, 6.937099972952981 ], [ 79.96787943186942, 6.937104109649202 ], [ 79.967875295385724, 6.939003456916347 ], [ 79.96597455708384, 6.938999319076809 ], [ 79.965978701181882, 6.937099972952981 ] ] ] } },
{ "type": "Feature", "properties": { "id": "1838,3652", "grid_id": "1838,3652" }, "geometry": { "type": "Polygon", "coordinates": [ [ [ 79.96787943186942, 6.937104109649202 ], [ 79.969780163716948, 6.937108238737633 ], [ 79.969776034847655, 6.939007587145992 ], [ 79.967875295385724, 6.939003456916347 ], [ 79.96787943186942, 6.937104109649202 ] ] ] } },
{ "type": "Feature", "properties": { "id": "1839,3652", "grid_id": "1839,3652" }, "geometry": { "type": "Polygon", "coordinates": [ [ [ 79.969780163716948, 6.937108238737633 ], [ 79.971680896722347, 6.937112360218249 ], [ 79.971676775467429, 6.939011709765721 ], [ 79.969776034847655, 6.939007587145992 ], [ 79.969780163716948, 6.937108238737633 ] ] ] } },
{ "type": "Feature", "properties": { "id": "1840,3652", "grid_id": "1840,3652" }, "geometry": { "type": "Polygon", "coordinates": [ [ [ 79.971680896722347, 6.937112360218249 ], [ 79.973581630883459, 6.937116474091031 ], [ 79.973577517242987, 6.939015824775514 ], [ 79.971676775467429, 6.939011709765721 ], [ 79.971680896722347, 6.937112360218249 ] ] ] } },
{ "type": "Feature", "properties": { "id": "1841,3652", "grid_id": "1841,3652" }, "geometry": { "type": "Polygon", "coordinates": [ [ [ 79.973581630883459, 6.937116474091031 ], [ 79.975482366198179, 6.937120580355955 ], [ 79.975478260172139, 6.939019932175344 ], [ 79.973577517242987, 6.939015824775514 ], [ 79.973581630883459, 6.937116474091031 ] ] ] } },
{ "type": "Feature", "properties": { "id": "1842,3652", "grid_id": "1842,3652" }, "geometry": { "type": "Polygon", "coordinates": [ [ [ 79.975482366198179, 6.937120580355955 ], [ 79.977383102664348, 6.937124679012999 ], [ 79.977379004252782, 6.939024031965192 ], [ 79.975478260172139, 6.939019932175344 ], [ 79.975482366198179, 6.937120580355955 ] ] ] } },
{ "type": "Feature", "properties": { "id": "1843,3652", "grid_id": "1843,3652" }, "geometry": { "type": "Polygon", "coordinates": [ [ [ 79.977383102664348, 6.937124679012999 ], [ 79.979283840279834, 6.93712877006214 ], [ 79.979279749482743, 6.939028124145033 ], [ 79.977379004252782, 6.939024031965192 ], [ 79.977383102664348, 6.937124679012999 ] ] ] } },
{ "type": "Feature", "properties": { "id": "1844,3652", "grid_id": "1844,3652" }, "geometry": { "type": "Polygon", "coordinates": [ [ [ 79.979283840279834, 6.93712877006214 ], [ 79.981184579042491, 6.937132853503356 ], [ 79.981180495859917, 6.93903220871485 ], [ 79.979279749482743, 6.939028124145033 ], [ 79.979283840279834, 6.93712877006214 ] ] ] } },
{ "type": "Feature", "properties": { "id": "1845,3652", "grid_id": "1845,3652" }, "geometry": { "type": "Polygon", "coordinates": [ [ [ 79.981184579042491, 6.937132853503356 ], [ 79.983085318950216, 6.937136929336624 ], [ 79.983081243382188, 6.939036285674614 ], [ 79.981180495859917, 6.93903220871485 ], [ 79.981184579042491, 6.937132853503356 ] ] ] } },
{ "type": "Feature", "properties": { "id": "1846,3652", "grid_id": "1846,3652" }, "geometry": { "type": "Polygon", "coordinates": [ [ [ 79.983085318950216, 6.937136929336624 ], [ 79.98498606000085, 6.937140997561924 ], [ 79.984981992047366, 6.939040355024306 ], [ 79.983081243382188, 6.939036285674614 ], [ 79.983085318950216, 6.937136929336624 ] ] ] } },
{ "type": "Feature", "properties": { "id": "1848,3652", "grid_id": "1848,3652" }, "geometry": { "type": "Polygon", "coordinates": [ [ [ 79.986886802192259, 6.937145058179231 ], [ 79.988787545522314, 6.937149111188523 ], [ 79.988783492798007, 6.939048470893384 ], [ 79.986882741853364, 6.939044416763903 ], [ 79.986886802192259, 6.937145058179231 ] ] ] } },
{ "type": "Feature", "properties": { "id": "1849,3652", "grid_id": "1849,3652" }, "geometry": { "type": "Polygon", "coordinates": [ [ [ 79.988787545522314, 6.937149111188523 ], [ 79.990688289988881, 6.937153156589778 ], [ 79.990684244879191, 6.939052517412724 ], [ 79.988783492798007, 6.939048470893384 ], [ 79.988787545522314, 6.937149111188523 ] ] ] } },
{ "type": "Feature", "properties": { "id": "1850,3652", "grid_id": "1850,3652" }, "geometry": { "type": "Polygon", "coordinates": [ [ [ 79.990688289988881, 6.937153156589778 ], [ 79.992589035589802, 6.937157194382976 ], [ 79.99258499809477, 6.939056556321904 ], [ 79.990684244879191, 6.939052517412724 ], [ 79.990688289988881, 6.937153156589778 ] ] ] } },
{ "type": "Feature", "properties": { "id": "1851,3652", "grid_id": "1851,3652" }, "geometry": { "type": "Polygon", "coordinates": [ [ [ 79.992589035589802, 6.937157194382976 ], [ 79.994489782322987, 6.937161224568092 ], [ 79.994485752442614, 6.9390605876209 ], [ 79.99258499809477, 6.939056556321904 ], [ 79.992589035589802, 6.937157194382976 ] ] ] } },
{ "type": "Feature", "properties": { "id": "1852,3652", "grid_id": "1852,3652" }, "geometry": { "type": "Polygon", "coordinates": [ [ [ 79.994489782322987, 6.937161224568092 ], [ 79.996390530186247, 6.937165247145106 ], [ 79.996386507920576, 6.939064611309692 ], [ 79.994485752442614, 6.9390605876209 ], [ 79.994489782322987, 6.937161224568092 ] ] ] } },
{ "type": "Feature", "properties": { "id": "1853,3652", "grid_id": "1853,3652" }, "geometry": { "type": "Polygon", "coordinates": [ [ [ 79.996390530186247, 6.937165247145106 ], [ 79.998291279177479, 6.937169262113993 ], [ 79.998287264526525, 6.939068627388253 ], [ 79.996386507920576, 6.939064611309692 ], [ 79.996390530186247, 6.937165247145106 ] ] ] } },
{ "type": "Feature", "properties": { "id": "1854,3652", "grid_id": "1854,3652" }, "geometry": { "type": "Polygon", "coordinates": [ [ [ 79.998291279177479, 6.937169262113993 ], [ 80.000192029294553, 6.937173269474735 ], [ 80.000188022258328, 6.939072635856566 ], [ 79.998287264526525, 6.939068627388253 ], [ 79.998291279177479, 6.937169262113993 ] ] ] } },
{ "type": "Feature", "properties": { "id": "1855,3652", "grid_id": "1855,3652" }, "geometry": { "type": "Polygon", "coordinates": [ [ [ 80.000192029294553, 6.937173269474735 ], [ 80.002092780535321, 6.937177269227307 ], [ 80.002088781113841, 6.939076636714608 ], [ 80.000188022258328, 6.939072635856566 ], [ 80.000192029294553, 6.937173269474735 ] ] ] } },
{ "type": "Feature", "properties": { "id": "1856,3652", "grid_id": "1856,3652" }, "geometry": { "type": "Polygon", "coordinates": [ [ [ 80.002092780535321, 6.937177269227307 ], [ 80.003993532897638, 6.93718126137169 ], [ 80.003989541090959, 6.939080629962357 ], [ 80.002088781113841, 6.939076636714608 ], [ 80.002092780535321, 6.937177269227307 ] ] ] } },
{ "type": "Feature", "properties": { "id": "1857,3652", "grid_id": "1857,3652" }, "geometry": { "type": "Polygon", "coordinates": [ [ [ 80.003993532897638, 6.93718126137169 ], [ 80.005894286379387, 6.93718524590786 ], [ 80.00589030218751, 6.939084615599789 ], [ 80.003989541090959, 6.939080629962357 ], [ 80.003993532897638, 6.93718126137169 ] ] ] } },
{ "type": "Feature", "properties": { "id": "1858,3652", "grid_id": "1858,3652" }, "geometry": { "type": "Polygon", "coordinates": [ [ [ 80.005894286379387, 6.93718524590786 ], [ 80.007795040978422, 6.937189222835794 ], [ 80.00779106440136, 6.939088593626885 ], [ 80.00589030218751, 6.939084615599789 ], [ 80.005894286379387, 6.93718524590786 ] ] ] } },
{ "type": "Feature", "properties": { "id": "1859,3652", "grid_id": "1859,3652" }, "geometry": { "type": "Polygon", "coordinates": [ [ [ 80.007795040978422, 6.937189222835794 ], [ 80.009695796692611, 6.937193192155473 ], [ 80.009691827730393, 6.939092564043622 ], [ 80.00779106440136, 6.939088593626885 ], [ 80.007795040978422, 6.937189222835794 ] ] ] } },
{ "type": "Feature", "properties": { "id": "1860,3652", "grid_id": "1860,3652" }, "geometry": { "type": "Polygon", "coordinates": [ [ [ 80.009695796692611, 6.937193192155473 ], [ 80.011596553519823, 6.937197153866874 ], [ 80.011592592172491, 6.939096526849977 ], [ 80.009691827730393, 6.939092564043622 ], [ 80.009695796692611, 6.937193192155473 ] ] ] } },
{ "type": "Feature", "properties": { "id": "1861,3652", "grid_id": "1861,3652" }, "geometry": { "type": "Polygon", "coordinates": [ [ [ 80.011596553519823, 6.937197153866874 ], [ 80.013497311457925, 6.937201107969976 ], [ 80.013493357725466, 6.939100482045931 ], [ 80.011592592172491, 6.939096526849977 ], [ 80.011596553519823, 6.937197153866874 ] ] ] } },
{ "type": "Feature", "properties": { "id": "1862,3652", "grid_id": "1862,3652" }, "geometry": { "type": "Polygon", "coordinates": [ [ [ 80.013497311457925, 6.937201107969976 ], [ 80.015398070504759, 6.937205054464756 ], [ 80.015394124387214, 6.93910442963146 ], [ 80.013493357725466, 6.939100482045931 ], [ 80.013497311457925, 6.937201107969976 ] ] ] } },
{ "type": "Feature", "properties": { "id": "1828,3653", "grid_id": "1828,3653" }, "geometry": { "type": "Polygon", "coordinates": [ [ [ 79.94886796491997, 6.93896173607955 ], [ 79.950768692685614, 6.938965942407098 ], [ 79.95076448649435, 6.940865279154494 ], [ 79.948863751112427, 6.940861071664695 ], [ 79.94886796491997, 6.93896173607955 ] ] ] } },
{ "type": "Feature", "properties": { "id": "1829,3653", "grid_id": "1829,3653" }, "geometry": { "type": "Polygon", "coordinates": [ [ [ 79.950768692685614, 6.938965942407098 ], [ 79.952669421630475, 6.938970141124959 ], [ 79.952665223055519, 6.940869479032502 ], [ 79.95076448649435, 6.940865279154494 ], [ 79.950768692685614, 6.938965942407098 ] ] ] } },
{ "type": "Feature", "properties": { "id": "1830,3653", "grid_id": "1830,3653" }, "geometry": { "type": "Polygon", "coordinates": [ [ [ 79.952669421630475, 6.938970141124959 ], [ 79.954570151752463, 6.938974332233108 ], [ 79.954565960793815, 6.940873671298696 ], [ 79.952665223055519, 6.940869479032502 ], [ 79.952669421630475, 6.938970141124959 ] ] ] } },
{ "type": "Feature", "properties": { "id": "1831,3653", "grid_id": "1831,3653" }, "geometry": { "type": "Polygon", "coordinates": [ [ [ 79.954570151752463, 6.938974332233108 ], [ 79.956470883049391, 6.938978515731525 ], [ 79.956466699707107, 6.940877855953054 ], [ 79.954565960793815, 6.940873671298696 ], [ 79.954570151752463, 6.938974332233108 ] ] ] } },
{ "type": "Feature", "properties": { "id": "1832,3653", "grid_id": "1832,3653" }, "geometry": { "type": "Polygon", "coordinates": [ [ [ 79.956470883049391, 6.938978515731525 ], [ 79.958371615519169, 6.938982691620185 ], [ 79.95836743979325, 6.940882032995555 ], [ 79.956466699707107, 6.940877855953054 ], [ 79.956470883049391, 6.938978515731525 ] ] ] } },
{ "type": "Feature", "properties": { "id": "1833,3653", "grid_id": "1833,3653" }, "geometry": { "type": "Polygon", "coordinates": [ [ [ 79.958371615519169, 6.938982691620185 ], [ 79.960272349159638, 6.938986859899066 ], [ 79.960268181050111, 6.940886202426173 ], [ 79.95836743979325, 6.940882032995555 ], [ 79.958371615519169, 6.938982691620185 ] ] ] } },
{ "type": "Feature", "properties": { "id": "1834,3653", "grid_id": "1834,3653" }, "geometry": { "type": "Polygon", "coordinates": [ [ [ 79.960272349159638, 6.938986859899066 ], [ 79.962173083968665, 6.938991020568147 ], [ 79.962168923475545, 6.940890364244887 ], [ 79.960268181050111, 6.940886202426173 ], [ 79.960272349159638, 6.938986859899066 ] ] ] } },
{ "type": "Feature", "properties": { "id": "1835,3653", "grid_id": "1835,3653" }, "geometry": { "type": "Polygon", "coordinates": [ [ [ 79.962173083968665, 6.938991020568147 ], [ 79.964073819944105, 6.938995173627402 ], [ 79.964069667067449, 6.940894518451674 ], [ 79.962168923475545, 6.940890364244887 ], [ 79.962173083968665, 6.938991020568147 ] ] ] } },
{ "type": "Feature", "properties": { "id": "1836,3653", "grid_id": "1836,3653" }, "geometry": { "type": "Polygon", "coordinates": [ [ [ 79.964073819944105, 6.938995173627402 ], [ 79.96597455708384, 6.938999319076809 ], [ 79.965970411823648, 6.940898665046509 ], [ 79.964069667067449, 6.940894518451674 ], [ 79.964073819944105, 6.938995173627402 ] ] ] } },
{ "type": "Feature", "properties": { "id": "1837,3653", "grid_id": "1837,3653" }, "geometry": { "type": "Polygon", "coordinates": [ [ [ 79.96597455708384, 6.938999319076809 ], [ 79.967875295385724, 6.939003456916347 ], [ 79.967871157742024, 6.940902804029374 ], [ 79.965970411823648, 6.940898665046509 ], [ 79.96597455708384, 6.938999319076809 ] ] ] } },
{ "type": "Feature", "properties": { "id": "1842,3653", "grid_id": "1842,3653" }, "geometry": { "type": "Polygon", "coordinates": [ [ [ 79.975478260172139, 6.939019932175344 ], [ 79.977379004252782, 6.939024031965192 ], [ 79.977374904691843, 6.940923384763311 ], [ 79.975474152994622, 6.94091928384065 ], [ 79.975478260172139, 6.939019932175344 ] ] ] } },
{ "type": "Feature", "properties": { "id": "1843,3653", "grid_id": "1843,3653" }, "geometry": { "type": "Polygon", "coordinates": [ [ [ 79.977379004252782, 6.939024031965192 ], [ 79.979279749482743, 6.939028124145033 ], [ 79.979275657538437, 6.940927478073863 ], [ 79.977374904691843, 6.940923384763311 ], [ 79.977379004252782, 6.939024031965192 ] ] ] } },
{ "type": "Feature", "properties": { "id": "1844,3653", "grid_id": "1844,3653" }, "geometry": { "type": "Polygon", "coordinates": [ [ [ 79.979279749482743, 6.939028124145033 ], [ 79.981180495859917, 6.93903220871485 ], [ 79.981176411532275, 6.940931563772285 ], [ 79.979275657538437, 6.940927478073863 ], [ 79.979279749482743, 6.939028124145033 ] ] ] } },
{ "type": "Feature", "properties": { "id": "1848,3653", "grid_id": "1848,3653" }, "geometry": { "type": "Polygon", "coordinates": [ [ [ 79.986882741853364, 6.939044416763903 ], [ 79.988783492798007, 6.939048470893384 ], [ 79.988779438937172, 6.940947830444222 ], [ 79.986878680375781, 6.940943775194546 ], [ 79.986882741853364, 6.939044416763903 ] ] ] } },
{ "type": "Feature", "properties": { "id": "1849,3653", "grid_id": "1849,3653" }, "geometry": { "type": "Polygon", "coordinates": [ [ [ 79.988783492798007, 6.939048470893384 ], [ 79.990684244879191, 6.939052517412724 ], [ 79.990680198635118, 6.940951878081657 ], [ 79.988779438937172, 6.940947830444222 ], [ 79.988783492798007, 6.939048470893384 ] ] ] } },
{ "type": "Feature", "properties": { "id": "1850,3653", "grid_id": "1850,3653" }, "geometry": { "type": "Polygon", "coordinates": [ [ [ 79.990684244879191, 6.939052517412724 ], [ 79.99258499809477, 6.939056556321904 ], [ 79.992580959467489, 6.940955918106828 ], [ 79.990680198635118, 6.940951878081657 ], [ 79.990684244879191, 6.939052517412724 ] ] ] } },
{ "type": "Feature", "properties": { "id": "1851,3653", "grid_id": "1851,3653" }, "geometry": { "type": "Polygon", "coordinates": [ [ [ 79.99258499809477, 6.939056556321904 ], [ 79.994485752442614, 6.9390605876209 ], [ 79.994481721432123, 6.940959950519713 ], [ 79.992580959467489, 6.940955918106828 ], [ 79.99258499809477, 6.939056556321904 ] ] ] } },
{ "type": "Feature", "properties": { "id": "1852,3653", "grid_id": "1852,3653" }, "geometry": { "type": "Polygon", "coordinates": [ [ [ 79.994485752442614, 6.9390605876209 ], [ 79.996386507920576, 6.939064611309692 ], [ 79.996382484526919, 6.940963975320289 ], [ 79.994481721432123, 6.940959950519713 ], [ 79.994485752442614, 6.9390605876209 ] ] ] } },
{ "type": "Feature", "properties": { "id": "1853,3653", "grid_id": "1853,3653" }, "geometry": { "type": "Polygon", "coordinates": [ [ [ 79.996386507920576, 6.939064611309692 ], [ 79.998287264526525, 6.939068627388253 ], [ 79.998283248749715, 6.940967992508534 ], [ 79.996382484526919, 6.940963975320289 ], [ 79.996386507920576, 6.939064611309692 ] ] ] } },
{ "type": "Feature", "properties": { "id": "1854,3653", "grid_id": "1854,3653" }, "geometry": { "type": "Polygon", "coordinates": [ [ [ 79.998287264526525, 6.939068627388253 ], [ 80.000188022258328, 6.939072635856566 ], [ 80.00018401409838, 6.940972002084427 ], [ 79.998283248749715, 6.940967992508534 ], [ 79.998287264526525, 6.939068627388253 ] ] ] } },
{ "type": "Feature", "properties": { "id": "1855,3653", "grid_id": "1855,3653" }, "geometry": { "type": "Polygon", "coordinates": [ [ [ 80.000188022258328, 6.939072635856566 ], [ 80.002088781113841, 6.939076636714608 ], [ 80.002084780570797, 6.940976004047947 ], [ 80.00018401409838, 6.940972002084427 ], [ 80.000188022258328, 6.939072635856566 ] ] ] } },
{ "type": "Feature", "properties": { "id": "1856,3653", "grid_id": "1856,3653" }, "geometry": { "type": "Polygon", "coordinates": [ [ [ 80.002088781113841, 6.939076636714608 ], [ 80.003989541090959, 6.939080629962357 ], [ 80.003985548164806, 6.940979998399069 ], [ 80.002084780570797, 6.940976004047947 ], [ 80.002088781113841, 6.939076636714608 ] ] ] } },
{ "type": "Feature", "properties": { "id": "1857,3653", "grid_id": "1857,3653" }, "geometry": { "type": "Polygon", "coordinates": [ [ [ 80.003989541090959, 6.939080629962357 ], [ 80.00589030218751, 6.939084615599789 ], [ 80.005886316878303, 6.940983985137774 ], [ 80.003985548164806, 6.940979998399069 ], [ 80.003989541090959, 6.939080629962357 ] ] ] } },
{ "type": "Feature", "properties": { "id": "1858,3653", "grid_id": "1858,3653" }, "geometry": { "type": "Polygon", "coordinates": [ [ [ 80.00589030218751, 6.939084615599789 ], [ 80.00779106440136, 6.939088593626885 ], [ 80.007787086709115, 6.940987964264038 ], [ 80.005886316878303, 6.940983985137774 ], [ 80.00589030218751, 6.939084615599789 ] ] ] } },
{ "type": "Feature", "properties": { "id": "1859,3653", "grid_id": "1859,3653" }, "geometry": { "type": "Polygon", "coordinates": [ [ [ 80.00779106440136, 6.939088593626885 ], [ 80.009691827730393, 6.939092564043622 ], [ 80.009687857655152, 6.940991935777841 ], [ 80.007787086709115, 6.940987964264038 ], [ 80.00779106440136, 6.939088593626885 ] ] ] } },
{ "type": "Feature", "properties": { "id": "1860,3653", "grid_id": "1860,3653" }, "geometry": { "type": "Polygon", "coordinates": [ [ [ 80.009691827730393, 6.939092564043622 ], [ 80.011592592172491, 6.939096526849977 ], [ 80.011588629714225, 6.940995899679161 ], [ 80.009687857655152, 6.940991935777841 ], [ 80.009691827730393, 6.939092564043622 ] ] ] } },
{ "type": "Feature", "properties": { "id": "1861,3653", "grid_id": "1861,3653" }, "geometry": { "type": "Polygon", "coordinates": [ [ [ 80.011592592172491, 6.939096526849977 ], [ 80.013493357725466, 6.939100482045931 ], [ 80.013489402884233, 6.940999855967973 ], [ 80.011588629714225, 6.940995899679161 ], [ 80.011592592172491, 6.939096526849977 ] ] ] } },
{ "type": "Feature", "properties": { "id": "1862,3653", "grid_id": "1862,3653" }, "geometry": { "type": "Polygon", "coordinates": [ [ [ 80.013493357725466, 6.939100482045931 ], [ 80.015394124387214, 6.93910442963146 ], [ 80.015390177163027, 6.941003804644261 ], [ 80.013489402884233, 6.940999855967973 ], [ 80.013493357725466, 6.939100482045931 ] ] ] } },
{ "type": "Feature", "properties": { "id": "1829,3654", "grid_id": "1829,3654" }, "geometry": { "type": "Polygon", "coordinates": [ [ [ 79.95076448649435, 6.940865279154494 ], [ 79.952665223055519, 6.940869479032502 ], [ 79.952661023303435, 6.942768816785815 ], [ 79.950760279123813, 6.942764615747651 ], [ 79.95076448649435, 6.940865279154494 ] ] ] } },
{ "type": "Feature", "properties": { "id": "1830,3654", "grid_id": "1830,3654" }, "geometry": { "type": "Polygon", "coordinates": [ [ [ 79.952665223055519, 6.940869479032502 ], [ 79.954565960793815, 6.940873671298696 ], [ 79.954561768660199, 6.942773010210064 ], [ 79.952661023303435, 6.942768816785815 ], [ 79.952665223055519, 6.940869479032502 ] ] ] } },
{ "type": "Feature", "properties": { "id": "1831,3654", "grid_id": "1831,3654" }, "geometry": { "type": "Polygon", "coordinates": [ [ [ 79.954565960793815, 6.940873671298696 ], [ 79.956466699707107, 6.940877855953054 ], [ 79.956462515191959, 6.942777196020372 ], [ 79.954561768660199, 6.942773010210064 ], [ 79.954565960793815, 6.940873671298696 ] ] ] } },
{ "type": "Feature", "properties": { "id": "1832,3654", "grid_id": "1832,3654" }, "geometry": { "type": "Polygon", "coordinates": [ [ [ 79.956466699707107, 6.940877855953054 ], [ 79.95836743979325, 6.940882032995555 ], [ 79.958363262896611, 6.942781374216722 ], [ 79.956462515191959, 6.942777196020372 ], [ 79.956466699707107, 6.940877855953054 ] ] ] } },
{ "type": "Feature", "properties": { "id": "1833,3654", "grid_id": "1833,3654" }, "geometry": { "type": "Polygon", "coordinates": [ [ [ 79.95836743979325, 6.940882032995555 ], [ 79.960268181050111, 6.940886202426173 ], [ 79.960264011772011, 6.942785544799085 ], [ 79.958363262896611, 6.942781374216722 ], [ 79.95836743979325, 6.940882032995555 ] ] ] } },
{ "type": "Feature", "properties": { "id": "1834,3654", "grid_id": "1834,3654" }, "geometry": { "type": "Polygon", "coordinates": [ [ [ 79.960268181050111, 6.940886202426173 ], [ 79.962168923475545, 6.940890364244887 ], [ 79.962164761816013, 6.942789707767442 ], [ 79.960264011772011, 6.942785544799085 ], [ 79.960268181050111, 6.940886202426173 ] ] ] } },
{ "type": "Feature", "properties": { "id": "1835,3654", "grid_id": "1835,3654" }, "geometry": { "type": "Polygon", "coordinates": [ [ [ 79.962168923475545, 6.940890364244887 ], [ 79.964069667067449, 6.940894518451674 ], [ 79.964065513026483, 6.94279386312177 ], [ 79.962164761816013, 6.942789707767442 ], [ 79.962168923475545, 6.940890364244887 ] ] ] } },
{ "type": "Feature", "properties": { "id": "1849,3654", "grid_id": "1849,3654" }, "geometry": { "type": "Polygon", "coordinates": [ [ [ 79.988779438937172, 6.940947830444222 ], [ 79.990680198635118, 6.940951878081657 ], [ 79.990676151256636, 6.942851238596536 ], [ 79.988775383939782, 6.942847189840999 ], [ 79.988779438937172, 6.940947830444222 ] ] ] } },
{ "type": "Feature", "properties": { "id": "1850,3654", "grid_id": "1850,3654" }, "geometry": { "type": "Polygon", "coordinates": [ [ [ 79.990680198635118, 6.940951878081657 ], [ 79.992580959467489, 6.940955918106828 ], [ 79.992576919707915, 6.942855279737707 ], [ 79.990676151256636, 6.942851238596536 ], [ 79.990680198635118, 6.940951878081657 ] ] ] } },
{ "type": "Feature", "properties": { "id": "1851,3654", "grid_id": "1851,3654" }, "geometry": { "type": "Polygon", "coordinates": [ [ [ 79.992580959467489, 6.940955918106828 ], [ 79.994481721432123, 6.940959950519713 ], [ 79.9944776892915, 6.942859313264488 ], [ 79.992576919707915, 6.942855279737707 ], [ 79.992580959467489, 6.940955918106828 ] ] ] } },
{ "type": "Feature", "properties": { "id": "1852,3654", "grid_id": "1852,3654" }, "geometry": { "type": "Polygon", "coordinates": [ [ [ 79.994481721432123, 6.940959950519713 ], [ 79.996382484526919, 6.940963975320289 ], [ 79.996378460005246, 6.942863339176858 ], [ 79.9944776892915, 6.942859313264488 ], [ 79.994481721432123, 6.940959950519713 ] ] ] } },
{ "type": "Feature", "properties": { "id": "1853,3654", "grid_id": "1853,3654" }, "geometry": { "type": "Polygon", "coordinates": [ [ [ 79.996382484526919, 6.940963975320289 ], [ 79.998283248749715, 6.940967992508534 ], [ 79.998279231847022, 6.942867357474794 ], [ 79.996378460005246, 6.942863339176858 ], [ 79.996382484526919, 6.940963975320289 ] ] ] } },
{ "type": "Feature", "properties": { "id": "1854,3654", "grid_id": "1854,3654" }, "geometry": { "type": "Polygon", "coordinates": [ [ [ 79.998283248749715, 6.940967992508534 ], [ 80.00018401409838, 6.940972002084427 ], [ 80.000180004814709, 6.942871368158277 ], [ 79.998279231847022, 6.942867357474794 ], [ 79.998283248749715, 6.940967992508534 ] ] ] } },
{ "type": "Feature", "properties": { "id": "1855,3654", "grid_id": "1855,3654" }, "geometry": { "type": "Polygon", "coordinates": [ [ [ 80.00018401409838, 6.940972002084427 ], [ 80.002084780570797, 6.940976004047947 ], [ 80.002080778906148, 6.942875371227282 ], [ 80.000180004814709, 6.942871368158277 ], [ 80.00018401409838, 6.940972002084427 ] ] ] } },
{ "type": "Feature", "properties": { "id": "1856,3654", "grid_id": "1856,3654" }, "geometry": { "type": "Polygon", "coordinates": [ [ [ 80.002084780570797, 6.940976004047947 ], [ 80.003985548164806, 6.940979998399069 ], [ 80.003981554119221, 6.942879366681787 ], [ 80.002080778906148, 6.942875371227282 ], [ 80.002084780570797, 6.940976004047947 ] ] ] } },
{ "type": "Feature", "properties": { "id": "1857,3654", "grid_id": "1857,3654" }, "geometry": { "type": "Polygon", "coordinates": [ [ [ 80.003985548164806, 6.940979998399069 ], [ 80.005886316878303, 6.940983985137774 ], [ 80.005882330451783, 6.942883354521771 ], [ 80.003981554119221, 6.942879366681787 ], [ 80.003985548164806, 6.940979998399069 ] ] ] } },
{ "type": "Feature", "properties": { "id": "1858,3654", "grid_id": "1858,3654" }, "geometry": { "type": "Polygon", "coordinates": [ [ [ 80.005886316878303, 6.940983985137774 ], [ 80.007787086709115, 6.940987964264038 ], [ 80.007783107901687, 6.942887334747214 ], [ 80.005882330451783, 6.942883354521771 ], [ 80.005886316878303, 6.940983985137774 ] ] ] } },
{ "type": "Feature", "properties": { "id": "1859,3654", "grid_id": "1859,3654" }, "geometry": { "type": "Polygon", "coordinates": [ [ [ 80.007787086709115, 6.940987964264038 ], [ 80.009687857655152, 6.940991935777841 ], [ 80.009683886466831, 6.942891307358091 ], [ 80.007783107901687, 6.942887334747214 ], [ 80.007787086709115, 6.940987964264038 ] ] ] } },
{ "type": "Feature", "properties": { "id": "1860,3654", "grid_id": "1860,3654" }, "geometry": { "type": "Polygon", "coordinates": [ [ [ 80.009687857655152, 6.940991935777841 ], [ 80.011588629714225, 6.940995899679161 ], [ 80.011584666145041, 6.942895272354383 ], [ 80.009683886466831, 6.942891307358091 ], [ 80.009687857655152, 6.940991935777841 ] ] ] } },
{ "type": "Feature", "properties": { "id": "1861,3654", "grid_id": "1861,3654" }, "geometry": { "type": "Polygon", "coordinates": [ [ [ 80.011588629714225, 6.940995899679161 ], [ 80.013489402884233, 6.940999855967973 ], [ 80.013485446934212, 6.942899229736065 ], [ 80.011584666145041, 6.942895272354383 ], [ 80.011588629714225, 6.940995899679161 ] ] ] } },
{ "type": "Feature", "properties": { "id": "1862,3654", "grid_id": "1862,3654" }, "geometry": { "type": "Polygon", "coordinates": [ [ [ 80.013489402884233, 6.940999855967973 ], [ 80.015390177163027, 6.941003804644261 ], [ 80.015386228832185, 6.942903179503118 ], [ 80.013485446934212, 6.942899229736065 ], [ 80.013489402884233, 6.940999855967973 ] ] ] } },
{ "type": "Feature", "properties": { "id": "1830,3655", "grid_id": "1830,3655" }, "geometry": { "type": "Polygon", "coordinates": [ [ [ 79.952661023303435, 6.942768816785815 ], [ 79.954561768660199, 6.942773010210064 ], [ 79.954557575351558, 6.944672348967169 ], [ 79.952656822374195, 6.944668154384857 ], [ 79.952661023303435, 6.942768816785815 ] ] ] } },
{ "type": "Feature", "properties": { "id": "1831,3655", "grid_id": "1831,3655" }, "geometry": { "type": "Polygon", "coordinates": [ [ [ 79.954561768660199, 6.942773010210064 ], [ 79.956462515191959, 6.942777196020372 ], [ 79.95645832950396, 6.944676535933437 ], [ 79.954557575351558, 6.944672348967169 ], [ 79.954561768660199, 6.942773010210064 ] ] ] } },
{ "type": "Feature", "properties": { "id": "1850,3655", "grid_id": "1850,3655" }, "geometry": { "type": "Polygon", "coordinates": [ [ [ 79.990676151256636, 6.942851238596536 ], [ 79.992576919707915, 6.942855279737707 ], [ 79.99257287881602, 6.944754641214497 ], [ 79.990672102743687, 6.944750598957318 ], [ 79.990676151256636, 6.942851238596536 ] ] ] } },
{ "type": "Feature", "properties": { "id": "1851,3655", "grid_id": "1851,3655" }, "geometry": { "type": "Polygon", "coordinates": [ [ [ 79.992576919707915, 6.942855279737707 ], [ 79.9944776892915, 6.942859313264488 ], [ 79.994473656020688, 6.944758675855184 ], [ 79.99257287881602, 6.944754641214497 ], [ 79.992576919707915, 6.942855279737707 ] ] ] } },
{ "type": "Feature", "properties": { "id": "1852,3655", "grid_id": "1852,3655" }, "geometry": { "type": "Polygon", "coordinates": [ [ [ 79.9944776892915, 6.942859313264488 ], [ 79.996378460005246, 6.942863339176858 ], [ 79.996374434355531, 6.944762702879357 ], [ 79.994473656020688, 6.944758675855184 ], [ 79.9944776892915, 6.942859313264488 ] ] ] } },
{ "type": "Feature", "properties": { "id": "1853,3655", "grid_id": "1853,3655" }, "geometry": { "type": "Polygon", "coordinates": [ [ [ 79.996378460005246, 6.942863339176858 ], [ 79.998279231847022, 6.942867357474794 ], [ 79.998275213818431, 6.944766722286994 ], [ 79.996374434355531, 6.944762702879357 ], [ 79.996378460005246, 6.942863339176858 ] ] ] } },
{ "type": "Feature", "properties": { "id": "1854,3655", "grid_id": "1854,3655" }, "geometry": { "type": "Polygon", "coordinates": [ [ [ 79.998279231847022, 6.942867357474794 ], [ 80.000180004814709, 6.942871368158277 ], [ 80.000175994407257, 6.944770734078073 ], [ 79.998275213818431, 6.944766722286994 ], [ 79.998279231847022, 6.942867357474794 ] ] ] } },
{ "type": "Feature", "properties": { "id": "1855,3655", "grid_id": "1855,3655" }, "geometry": { "type": "Polygon", "coordinates": [ [ [ 80.000180004814709, 6.942871368158277 ], [ 80.002080778906148, 6.942875371227282 ], [ 80.002076776119864, 6.944774738252572 ], [ 80.000175994407257, 6.944770734078073 ], [ 80.000180004814709, 6.942871368158277 ] ] ] } },
{ "type": "Feature", "properties": { "id": "1856,3655", "grid_id": "1856,3655" }, "geometry": { "type": "Polygon", "coordinates": [ [ [ 80.002080778906148, 6.942875371227282 ], [ 80.003981554119221, 6.942879366681787 ], [ 80.003977558954119, 6.944778734810469 ], [ 80.002076776119864, 6.944774738252572 ], [ 80.002080778906148, 6.942875371227282 ] ] ] } },
{ "type": "Feature", "properties": { "id": "1857,3655", "grid_id": "1857,3655" }, "geometry": { "type": "Polygon", "coordinates": [ [ [ 80.003981554119221, 6.942879366681787 ], [ 80.005882330451783, 6.942883354521771 ], [ 80.005878342907891, 6.944782723751742 ], [ 80.003977558954119, 6.944778734810469 ], [ 80.003981554119221, 6.942879366681787 ] ] ] } },
{ "type": "Feature", "properties": { "id": "1858,3655", "grid_id": "1858,3655" }, "geometry": { "type": "Polygon", "coordinates": [ [ [ 80.005882330451783, 6.942883354521771 ], [ 80.007783107901687, 6.942887334747214 ], [ 80.007779127979035, 6.94478670507637 ], [ 80.005878342907891, 6.944782723751742 ], [ 80.005882330451783, 6.942883354521771 ] ] ] } },
{ "type": "Feature", "properties": { "id": "1859,3655", "grid_id": "1859,3655" }, "geometry": { "type": "Polygon", "coordinates": [ [ [ 80.007783107901687, 6.942887334747214 ], [ 80.009683886466831, 6.942891307358091 ], [ 80.009679914165417, 6.944790678784329 ], [ 80.007779127979035, 6.94478670507637 ], [ 80.007783107901687, 6.942887334747214 ] ] ] } },
{ "type": "Feature", "properties": { "id": "1860,3655", "grid_id": "1860,3655" }, "geometry": { "type": "Polygon", "coordinates": [ [ [ 80.009683886466831, 6.942891307358091 ], [ 80.011584666145041, 6.942895272354383 ], [ 80.011580701464922, 6.944794644875602 ], [ 80.009679914165417, 6.944790678784329 ], [ 80.009683886466831, 6.942891307358091 ] ] ] } },
{ "type": "Feature", "properties": { "id": "1861,3655", "grid_id": "1861,3655" }, "geometry": { "type": "Polygon", "coordinates": [ [ [ 80.011584666145041, 6.942895272354383 ], [ 80.013485446934212, 6.942899229736065 ], [ 80.013481489875375, 6.944798603350161 ], [ 80.011580701464922, 6.944794644875602 ], [ 80.011584666145041, 6.942895272354383 ] ] ] } },
{ "type": "Feature", "properties": { "id": "1862,3655", "grid_id": "1862,3655" }, "geometry": { "type": "Polygon", "coordinates": [ [ [ 80.013485446934212, 6.942899229736065 ], [ 80.015386228832185, 6.942903179503118 ], [ 80.015382279394686, 6.944802554207989 ], [ 80.013481489875375, 6.944798603350161 ], [ 80.013485446934212, 6.942899229736065 ] ] ] } },
{ "type": "Feature", "properties": { "id": "1858,3656", "grid_id": "1858,3656" }, "geometry": { "type": "Polygon", "coordinates": [ [ [ 80.005878342907891, 6.944782723751742 ], [ 80.007779127979035, 6.94478670507637 ], [ 80.007775146941142, 6.946686075251464 ], [ 80.005874354246629, 6.946682092827643 ], [ 80.005878342907891, 6.944782723751742 ] ] ] } },
{ "type": "Feature", "properties": { "id": "1859,3656", "grid_id": "1859,3656" }, "geometry": { "type": "Polygon", "coordinates": [ [ [ 80.007779127979035, 6.94478670507637 ], [ 80.009679914165417, 6.944790678784329 ], [ 80.00967594075091, 6.946690050056517 ], [ 80.007775146941142, 6.946686075251464 ], [ 80.007779127979035, 6.94478670507637 ] ] ] } },
{ "type": "Feature", "properties": { "id": "1860,3656", "grid_id": "1860,3656" }, "geometry": { "type": "Polygon", "coordinates": [ [ [ 80.009679914165417, 6.944790678784329 ], [ 80.011580701464922, 6.944794644875602 ], [ 80.011576735673813, 6.946694017242776 ], [ 80.00967594075091, 6.946690050056517 ], [ 80.009679914165417, 6.944790678784329 ] ] ] } },
{ "type": "Feature", "properties": { "id": "1861,3656", "grid_id": "1861,3656" }, "geometry": { "type": "Polygon", "coordinates": [ [ [ 80.011580701464922, 6.944794644875602 ], [ 80.013481489875375, 6.944798603350161 ], [ 80.013477531707721, 6.946697976810221 ], [ 80.011576735673813, 6.946694017242776 ], [ 80.011580701464922, 6.944794644875602 ] ] ] } },
{ "type": "Feature", "properties": { "id": "1862,3656", "grid_id": "1862,3656" }, "geometry": { "type": "Polygon", "coordinates": [ [ [ 80.013481489875375, 6.944798603350161 ], [ 80.015382279394686, 6.944802554207989 ], [ 80.01537832885046, 6.946701928758833 ], [ 80.013477531707721, 6.946697976810221 ], [ 80.013481489875375, 6.944798603350161 ] ] ] } },
{ "type": "Feature", "properties": { "id": "1861,3657", "grid_id": "1861,3657" }, "geometry": { "type": "Polygon", "coordinates": [ [ [ 80.011576735673813, 6.946694017242776 ], [ 80.013477531707721, 6.946697976810221 ], [ 80.013473572431195, 6.948597350116205 ], [ 80.011572768771728, 6.948593389455866 ], [ 80.011576735673813, 6.946694017242776 ] ] ] } },
{ "type": "Feature", "properties": { "id": "1862,3657", "grid_id": "1862,3657" }, "geometry": { "type": "Polygon", "coordinates": [ [ [ 80.013477531707721, 6.946697976810221 ], [ 80.01537832885046, 6.946701928758833 ], [ 80.015374377199535, 6.948601303155606 ], [ 80.013473572431195, 6.948597350116205 ], [ 80.013477531707721, 6.946697976810221 ] ] ] } }
]
}
