grid_id,year
"1802,3639",2015
"1803,3638",2015
"1803,3639",2015
"1803,3640",2015
"1804,3636",2015
"1804,3637",2015
"1804,3638",2015
"1804,3639",2015
"1804,3640",2015
"1805,3634",2015
"1805,3635",2015
"1805,3636",2015
"1805,3637",2015
"1805,3638",2015
"1805,3639",2015
"1805,3640",2015
"1805,3641",2015
"1806,3633",2015
"1806,3634",2015
"1806,3635",2015
"1806,3636",2015
"1806,3637",2015
"1806,3638",2015
"1806,3639",2015
"1806,3640",2015
"1806,3641",2015
"1807,3631",2015
"1807,3632",2015
"1807,3633",2015
"1807,3634",2015
"1807,3635",2015
"1807,3636",2015
"1807,3637",2015
"1807,3638",2015
"1807,3639",2015
"1807,3640",2015
"1807,3641",2015
"1808,3630",2015
"1808,3631",2015
"1808,3632",2015
"1808,3633",2015
"1808,3634",2015
"1808,3635",2015
"1808,3636",2015
"1808,3637",2015
"1808,3638",2015
"1808,3639",2015
"1808,3640",2015
"1808,3641",2015
"1809,3628",2015
"1809,3629",2015
"1809,3630",2015
"1809,3631",2015
"1809,3632",2015
"1809,3633",2015
"1809,3634",2015
"1809,3635",2015
"1809,3636",2015
"1809,3637",2015
"1809,3638",2015
"1809,3639",2015
"1809,3640",2015
"1809,3641",2015
"1809,3642",2015
"1810,3627",2015
"1810,3628",2015
"1810,3629",2015
"1810,3630",2015
"1810,3631",2015
"1810,3632",2015
"1810,3633",2015
"1810,3634",2015
"1810,3635",2015
"1810,3636",2015
"1810,3637",2015
"1810,3638",2015
"1810,3639",2015
"1810,3640",2015
"1810,3641",2015
"1810,3642",2015
"1810,3643",2015
"1811,3627",2015
"1811,3628",2015
"1811,3629",2015
"1811,3630",2015
"1811,3631",2015
"1811,3632",2015
"1811,3633",2015
"1811,3634",2015
"1811,3635",2015
"1811,3636",2015
"1811,3637",2015
"1811,3638",2015
"1811,3639",2015
"1811,3640",2015
"1811,3641",2015
"1811,3642",2015
"1811,3643",2015
"1811,3644",2015
"1812,3626",2015
"1812,3627",2015
"1812,3628",2015
"1812,3629",2015
"1812,3630",2015
"1812,3631",2015
"1812,3632",2015
"1812,3633",2015
"1812,3634",2015
"1812,3635",2015
"1812,3636",2015
"1812,3637",2015
"1812,3638",2015
"1812,3639",2015
"1812,3640",2015
"1812,3641",2015
"1812,3642",2015
"1812,3643",2015
"1812,3644",2015
"1813,3624",2015
"1813,3625",2015
"1813,3626",2015
"1813,3627",2015
"1813,3628",2015
"1813,3629",2015
"1813,3630",2015
"1813,3631",2015
"1813,3632",2015
"1813,3633",2015
"1813,3634",2015
"1813,3635",2015
"1813,3636",2015
"1813,3637",2015
"1813,3638",2015
"1813,3639",2015
"1813,3640",2015
"1813,3641",2015
"1813,3642",2015
"1813,3643",2015
"1813,3644",2015
"1814,3623",2015
"1814,3624",2015
"1814,3625",2015
"1814,3626",2015
"1814,3627",2015
"1814,3628",2015
"1814,3629",2015
"1814,3630",2015
"1814,3631",2015
"1814,3632",2015
"1814,3633",2015
"1814,3634",2015
"1814,3635",2015
"1814,3636",2015
"1814,3637",2015
"1814,3638",2015
"1814,3639",2015
"1814,3640",2015
"1814,3641",2015
"1814,3642",2015
"1814,3643",2015
"1814,3644",2015
"1815,3621",2015
"1815,3622",2015
"1815,3623",2015
"1815,3624",2015
"1815,3625",2015
"1815,3626",2015
"1815,3627",2015
"1815,3628",2015
"1815,3629",2015
"1815,3630",2015
"1815,3631",2015
"1815,3632",2015
"1815,3633",2015
"1815,3634",2015
"1815,3635",2015
"1815,3636",2015
"1815,3637",2015
"1815,3638",2015
"1815,3639",2015
"1815,3640",2015
"1815,3641",2015
"1815,3642",2015
"1815,3643",2015
"1815,3644",2015
"1816,3620",2015
"1816,3621",2015
"1816,3622",2015
"1816,3623",2015
"1816,3624",2015
"1816,3625",2015
"1816,3626",2015
"1816,3627",2015
"1816,3628",2015
"1816,3629",2015
"1816,3630",2015
"1816,3631",2015
"1816,3632",2015
"1816,3633",2015
"1816,3634",2015
"1816,3635",2015
"1816,3636",2015
"1816,3637",2015
"1816,3638",2015
"1816,3639",2015
"1816,3640",2015
"1816,3641",2015
"1816,3642",2015
"1816,3643",2015
"1816,3644",2015
"1817,3620",2015
"1817,3621",2015
"1817,3622",2015
"1817,3623",2015
"1817,3624",2015
"1817,3625",2015
"1817,3626",2015
"1817,3627",2015
"1817,3628",2015
"1817,3629",2015
"1817,3630",2015
"1817,3631",2015
"1817,3632",2015
"1817,3633",2015
"1817,3634",2015
"1817,3635",2015
"1817,3636",2015
"1817,3637",2015
"1817,3638",2015
"1817,3639",2015
"1817,3640",2015
"1817,3641",2015
"1817,3642",2015
"1817,3643",2015
"1817,3644",2015
"1818,3619",2015
"1818,3620",2015
"1818,3621",2015
"1818,3622",2015
"1818,3623",2015
"1818,3624",2015
"1818,3625",2015
"1818,3626",2015
"1818,3627",2015
"1818,3628",2015
"1818,3629",2015
"1818,3630",2015
"1818,3631",2015
"1818,3632",2015
"1818,3633",2015
"1818,3634",2015
"1818,3635",2015
"1818,3636",2015
"1818,3637",2015
"1818,3638",2015
"1818,3639",2015
"1818,3640",2015
"1818,3641",2015
"1818,3642",2015
"1818,3643",2015
"1819,3619",2015
"1819,3620",2015
"1819,3621",2015
"1819,3622",2015
"1819,3623",2015
"1819,3624",2015
"1819,3625",2015
"1819,3626",2015
"1819,3627",2015
"1819,3628",2015
"1819,3629",2015
"1819,3630",2015
"1819,3631",2015
"1819,3632",2015
"1819,3633",2015
"1819,3634",2015
"1819,3635",2015
"1819,3636",2015
"1819,3637",2015
"1819,3638",2015
"1819,3639",2015
"1819,3640",2015
"1819,3641",2015
"1819,3642",2015
"1819,3643",2015
"1820,3619",2015
"1820,3620",2015
"1820,3621",2015
"1820,3622",2015
"1820,3623",2015
"1820,3624",2015
"1820,3625",2015
"1820,3626",2015
"1820,3627",2015
"1820,3628",2015
"1820,3629",2015
"1820,3630",2015
"1820,3631",2015
"1820,3632",2015
"1820,3633",2015
"1820,3634",2015
"1820,3635",2015
"1820,3636",2015
"1820,3637",2015
"1820,3638",2015
"1820,3639",2015
"1820,3640",2015
"1820,3641",2015
"1821,3621",2015
"1821,3622",2015
"1821,3623",2015
"1821,3624",2015
"1821,3625",2015
"1821,3626",2015
"1821,3627",2015
"1821,3628",2015
"1821,3629",2015
"1821,3630",2015
"1821,3631",2015
"1821,3632",2015
"1821,3633",2015
"1821,3634",2015
"1821,3635",2015
"1821,3636",2015
"1821,3637",2015
"1821,3638",2015
"1821,3639",2015
"1821,3640",2015
"1821,3641",2015
"1822,3621",2015
"1822,3622",2015
"1822,3623",2015
"1822,3624",2015
"1822,3625",2015
"1822,3626",2015
"1822,3627",2015
"1822,3628",2015
"1822,3629",2015
"1822,3630",2015
"1822,3631",2015
"1822,3632",2015
"1822,3633",2015
"1822,3634",2015
"1822,3635",2015
"1822,3636",2015
"1822,3637",2015
"1822,3638",2015
"1822,3639",2015
"1822,3640",2015
"1822,3641",2015
"1822,3642",2015
"1822,3643",2015
"1823,3622",2015
"1823,3623",2015
"1823,3624",2015
"1823,3625",2015
"1823,3626",2015
"1823,3627",2015
"1823,3628",2015
"1823,3629",2015
"1823,3630",2015
"1823,3631",2015
"1823,3632",2015
"1823,3633",2015
"1823,3634",2015
"1823,3635",2015
"1823,3636",2015
"1823,3637",2015
"1823,3638",2015
"1823,3639",2015
"1823,3640",2015
"1823,3641",2015
"1823,3642",2015
"1823,3643",2015
"1823,3644",2015
"1823,3645",2015
"1823,3646",2015
"1823,3647",2015
"1824,3622",2015
"1824,3623",2015
"1824,3624",2015
"1824,3625",2015
"1824,3626",2015
"1824,3627",2015
"1824,3628",2015
"1824,3629",2015
"1824,3630",2015
"1824,3631",2015
"1824,3632",2015
"1824,3633",2015
"1824,3634",2015
"1824,3635",2015
"1824,3636",2015
"1824,3637",2015
"1824,3638",2015
"1824,3639",2015
"1824,3640",2015
"1824,3641",2015
"1824,3642",2015
"1824,3643",2015
"1824,3644",2015
"1824,3645",2015
"1824,3646",2015
"1824,3647",2015
"1825,3622",2015
"1825,3623",2015
"1825,3624",2015
"1825,3625",2015
"1825,3626",2015
"1825,3627",2015
"1825,3628",2015
"1825,3629",2015
"1825,3630",2015
"1825,3631",2015
"1825,3632",2015
"1825,3633",2015
"1825,3634",2015
"1825,3635",2015
"1825,3636",2015
"1825,3637",2015
"1825,3638",2015
"1825,3639",2015
"1825,3640",2015
"1825,3641",2015
"1825,3642",2015
"1825,3643",2015
"1825,3644",2015
"1825,3645",2015
"1825,3646",2015
"1825,3647",2015
"1826,3618",2015
"1826,3619",2015
"1826,3620",2015
"1826,3621",2015
"1826,3622",2015
"1826,3623",2015
"1826,3624",2015
"1826,3625",2015
"1826,3626",2015
"1826,3627",2015
"1826,3628",2015
"1826,3629",2015
"1826,3630",2015
"1826,3631",2015
"1826,3632",2015
"1826,3633",2015
"1826,3634",2015
"1826,3635",2015
"1826,3636",2015
"1826,3637",2015
"1826,3638",2015
"1826,3639",2015
"1826,3640",2015
"1826,3641",2015
"1826,3642",2015
"1826,3643",2015
"1826,3644",2015
"1826,3645",2015
"1826,3646",2015
"1826,3647",2015
"1826,3651",2015
"1826,3652",2015
"1827,3618",2015
"1827,3619",2015
"1827,3620",2015
"1827,3621",2015
"1827,3622",2015
"1827,3623",2015
"1827,3624",2015
"1827,3625",2015
"1827,3626",2015
"1827,3627",2015
"1827,3628",2015
"1827,3629",2015
"1827,3630",2015
"1827,3631",2015
"1827,3632",2015
"1827,3633",2015
"1827,3634",2015
"1827,3635",2015
"1827,3636",2015
"1827,3637",2015
"1827,3638",2015
"1827,3639",2015
"1827,3640",2015
"1827,3641",2015
"1827,3642",2015
"1827,3643",2015
"1827,3644",2015
"1827,3645",2015
"1827,3646",2015
"1827,3647",2015
"1827,3649",2015
"1827,3650",2015
"1827,3651",2015
"1827,3652",2015
"1828,3618",2015
"1828,3619",2015
"1828,3620",2015
"1828,3621",2015
"1828,3622",2015
"1828,3623",2015
"1828,3624",2015
"1828,3625",2015
"1828,3626",2015
"1828,3627",2015
"1828,3628",2015
"1828,3629",2015
"1828,3630",2015
"1828,3631",2015
"1828,3632",2015
"1828,3633",2015
"1828,3634",2015
"1828,3635",2015
"1828,3636",2015
"1828,3637",2015
"1828,3638",2015
"1828,3639",2015
"1828,3640",2015
"1828,3641",2015
"1828,3642",2015
"1828,3643",2015
"1828,3644",2015
"1828,3645",2015
"1828,3646",2015
"1828,3648",2015
"1828,3649",2015
"1828,3650",2015
"1828,3651",2015
"1828,3652",2015
"1828,3653",2015
"1829,3618",2015
"1829,3619",2015
"1829,3620",2015
"1829,3621",2015
"1829,3622",2015
"1829,3623",2015
"1829,3624",2015
"1829,3625",2015
"1829,3626",2015
"1829,3627",2015
"1829,3628",2015
"1829,3629",2015
"1829,3630",2015
"1829,3631",2015
"1829,3632",2015
"1829,3633",2015
"1829,3634",2015
"1829,3635",2015
"1829,3636",2015
"1829,3637",2015
"1829,3638",2015
"1829,3639",2015
"1829,3640",2015
"1829,3641",2015
"1829,3642",2015
"1829,3643",2015
"1829,3644",2015
"1829,3648",2015
"1829,3649",2015
"1829,3650",2015
"1829,3651",2015
"1829,3652",2015
"1829,3653",2015
"1829,3654",2015
"1830,3618",2015
"1830,3619",2015
"1830,3620",2015
"1830,3621",2015
"1830,3622",2015
"1830,3623",2015
"1830,3624",2015
"1830,3625",2015
"1830,3626",2015
"1830,3627",2015
"1830,3628",2015
"1830,3629",2015
"1830,3630",2015
"1830,3631",2015
"1830,3632",2015
"1830,3633",2015
"1830,3634",2015
"1830,3635",2015
"1830,3636",2015
"1830,3637",2015
"1830,3638",2015
"1830,3639",2015
"1830,3640",2015
"1830,3641",2015
"1830,3642",2015
"1830,3643",2015
"1830,3644",2015
"1830,3645",2015
"1830,3646",2015
"1830,3647",2015
"1830,3648",2015
"1830,3649",2015
"1830,3650",2015
"1830,3651",2015
"1830,3652",2015
"1830,3653",2015
"1830,3654",2015
"1830,3655",2015
"1831,3618",2015
"1831,3619",2015
"1831,3620",2015
"1831,3621",2015
"1831,3622",2015
"1831,3623",2015
"1831,3624",2015
"1831,3625",2015
"1831,3626",2015
"1831,3627",2015
"1831,3628",2015
"1831,3629",2015
"1831,3630",2015
"1831,3631",2015
"1831,3632",2015
"1831,3633",2015
"1831,3634",2015
"1831,3635",2015
"1831,3636",2015
"1831,3637",2015
"1831,3638",2015
"1831,3639",2015
"1831,3640",2015
"1831,3641",2015
"1831,3642",2015
"1831,3643",2015
"1831,3644",2015
"1831,3645",2015
"1831,3646",2015
"1831,3647",2015
"1831,3648",2015
"1831,3649",2015
"1831,3650",2015
"1831,3651",2015
"1831,3652",2015
"1831,3653",2015
"1831,3654",2015
"1831,3655",2015
"1832,3615",2015
"1832,3616",2015
"1832,3617",2015
"1832,3618",2015
"1832,3619",2015
"1832,3620",2015
"1832,3621",2015
"1832,3622",2015
"1832,3623",2015
"1832,3624",2015
"1832,3625",2015
"1832,3626",2015
"1832,3627",2015
"1832,3628",2015
"1832,3629",2015
"1832,3630",2015
"1832,3631",2015
"1832,3632",2015
"1832,3633",2015
"1832,3634",2015
"1832,3635",2015
"1832,3636",2015
"1832,3637",2015
"1832,3638",2015
"1832,3639",2015
"1832,3640",2015
"1832,3641",2015
"1832,3642",2015
"1832,3643",2015
"1832,3644",2015
"1832,3645",2015
"1832,3646",2015
"1832,3647",2015
"1832,3648",2015
"1832,3649",2015
"1832,3650",2015
"1832,3651",2015
"1832,3652",2015
"1832,3653",2015
"1832,3654",2015
"1833,3614",2015
"1833,3615",2015
"1833,3616",2015
"1833,3617",2015
"1833,3618",2015
"1833,3619",2015
"1833,3620",2015
"1833,3621",2015
"1833,3622",2015
"1833,3623",2015
"1833,3624",2015
"1833,3625",2015
"1833,3626",2015
"1833,3627",2015
"1833,3628",2015
"1833,3629",2015
"1833,3630",2015
"1833,3631",2015
"1833,3632",2015
"1833,3633",2015
"1833,3634",2015
"1833,3635",2015
"1833,3636",2015
"1833,3637",2015
"1833,3638",2015
"1833,3639",2015
"1833,3640",2015
"1833,3641",2015
"1833,3642",2015
"1833,3643",2015
"1833,3644",2015
"1833,3645",2015
"1833,3646",2015
"1833,3647",2015
"1833,3648",2015
"1833,3649",2015
"1833,3650",2015
"1833,3651",2015
"1833,3652",2015
"1833,3653",2015
"1833,3654",2015
"1834,3614",2015
"1834,3615",2015
"1834,3616",2015
"1834,3617",2015
"1834,3618",2015
"1834,3619",2015
"1834,3620",2015
"1834,3621",2015
"1834,3622",2015
"1834,3623",2015
"1834,3624",2015
"1834,3625",2015
"1834,3626",2015
"1834,3627",2015
"1834,3628",2015
"1834,3629",2015
"1834,3630",2015
"1834,3631",2015
"1834,3632",2015
"1834,3633",2015
"1834,3634",2015
"1834,3635",2015
"1834,3636",2015
"1834,3637",2015
"1834,3638",2015
"1834,3639",2015
"1834,3640",2015
"1834,3641",2015
"1834,3642",2015
"1834,3643",2015
"1834,3644",2015
"1834,3645",2015
"1834,3646",2015
"1834,3647",2015
"1834,3648",2015
"1834,3649",2015
"1834,3650",2015
"1834,3651",2015
"1834,3652",2015
"1834,3653",2015
"1834,3654",2015
"1835,3614",2015
"1835,3615",2015
"1835,3616",2015
"1835,3617",2015
"1835,3618",2015
"1835,3619",2015
"1835,3620",2015
"1835,3621",2015
"1835,3622",2015
"1835,3623",2015
"1835,3624",2015
"1835,3625",2015
"1835,3626",2015
"1835,3627",2015
"1835,3628",2015
"1835,3629",2015
"1835,3630",2015
"1835,3631",2015
"1835,3632",2015
"1835,3633",2015
"1835,3634",2015
"1835,3635",2015
"1835,3636",2015
"1835,3637",2015
"1835,3638",2015
"1835,3639",2015
"1835,3640",2015
"1835,3641",2015
"1835,3642",2015
"1835,3643",2015
"1835,3644",2015
"1835,3645",2015
"1835,3646",2015
"1835,3647",2015
"1835,3648",2015
"1835,3649",2015
"1835,3650",2015
"1835,3651",2015
"1835,3652",2015
"1835,3653",2015
"1835,3654",2015
"1836,3614",2015
"1836,3615",2015
"1836,3616",2015
"1836,3617",2015
"1836,3618",2015
"1836,3619",2015
"1836,3620",2015
"1836,3621",2015
"1836,3622",2015
"1836,3623",2015
"1836,3624",2015
"1836,3625",2015
"1836,3626",2015
"1836,3627",2015
"1836,3628",2015
"1836,3629",2015
"1836,3630",2015
"1836,3631",2015
"1836,3632",2015
"1836,3633",2015
"1836,3634",2015
"1836,3635",2015
"1836,3636",2015
"1836,3637",2015
"1836,3638",2015
"1836,3639",2015
"1836,3640",2015
"1836,3641",2015
"1836,3642",2015
"1836,3643",2015
"1836,3644",2015
"1836,3645",2015
"1836,3646",2015
"1836,3647",2015
"1836,3648",2015
"1836,3649",2015
"1836,3650",2015
"1836,3651",2015
"1836,3652",2015
"1836,3653",2015
"1837,3614",2015
"1837,3615",2015
"1837,3616",2015
"1837,3617",2015
"1837,3618",2015
"1837,3619",2015
"1837,3620",2015
"1837,3621",2015
"1837,3622",2015
"1837,3623",2015
"1837,3624",2015
"1837,3625",2015
"1837,3626",2015
"1837,3627",2015
"1837,3628",2015
"1837,3629",2015
"1837,3630",2015
"1837,3631",2015
"1837,3632",2015
"1837,3633",2015
"1837,3634",2015
"1837,3635",2015
"1837,3636",2015
"1837,3637",2015
"1837,3638",2015
"1837,3639",2015
"1837,3640",2015
"1837,3641",2015
"1837,3642",2015
"1837,3643",2015
"1837,3644",2015
"1837,3645",2015
"1837,3646",2015
"1837,3647",2015
"1837,3648",2015
"1837,3649",2015
"1837,3650",2015
"1837,3651",2015
"1837,3652",2015
"1837,3653",2015
"1838,3614",2015
"1838,3615",2015
"1838,3616",2015
"1838,3617",2015
"1838,3618",2015
"1838,3619",2015
"1838,3620",2015
"1838,3621",2015
"1838,3622",2015
"1838,3623",2015
"1838,3624",2015
"1838,3625",2015
"1838,3626",2015
"1838,3627",2015
"1838,3628",2015
"1838,3629",2015
"1838,3630",2015
"1838,3631",2015
"1838,3632",2015
"1838,3633",2015
"1838,3634",2015
"1838,3635",2015
"1838,3636",2015
"1838,3637",2015
"1838,3638",2015
"1838,3639",2015
"1838,3640",2015
"1838,3641",2015
"1838,3642",2015
"1838,3643",2015
"1838,3644",2015
"1838,3645",2015
"1838,3646",2015
"1838,3647",2015
"1838,3648",2015
"1838,3649",2015
"1838,3650",2015
"1838,3651",2015
"1838,3652",2015
"1839,3614",2015
"1839,3615",2015
"1839,3616",2015
"1839,3617",2015
"1839,3618",2015
"1839,3619",2015
"1839,3620",2015
"1839,3621",2015
"1839,3622",2015
"1839,3623",2015
"1839,3624",2015
"1839,3625",2015
"1839,3626",2015
"1839,3627",2015
"1839,3628",2015
"1839,3629",2015
"1839,3630",2015
"1839,3631",2015
"1839,3632",2015
"1839,3633",2015
"1839,3634",2015
"1839,3635",2015
"1839,3636",2015
"1839,3637",2015
"1839,3638",2015
"1839,3639",2015
"1839,3640",2015
"1839,3641",2015
"1839,3642",2015
"1839,3643",2015
"1839,3644",2015
"1839,3645",2015
"1839,3646",2015
"1839,3647",2015
"1839,3648",2015
"1839,3649",2015
"1839,3650",2015
"1839,3651",2015
"1839,3652",2015
"1840,3614",2015
"1840,3615",2015
"1840,3616",2015
"1840,3617",2015
"1840,3618",2015
"1840,3619",2015
"1840,3620",2015
"1840,3621",2015
"1840,3622",2015
"1840,3623",2015
"1840,3624",2015
"1840,3625",2015
"1840,3626",2015
"1840,3627",2015
"1840,3628",2015
"1840,3629",2015
"1840,3630",2015
"1840,3631",2015
"1840,3632",2015
"1840,3633",2015
"1840,3634",2015
"1840,3635",2015
"1840,3636",2015
"1840,3637",2015
"1840,3638",2015
"1840,3639",2015
"1840,3640",2015
"1840,3641",2015
"1840,3642",2015
"1840,3643",2015
"1840,3644",2015
"1840,3645",2015
"1840,3646",2015
"1840,3647",2015
"1840,3648",2015
"1840,3649",2015
"1840,3650",2015
"1840,3651",2015
"1840,3652",2015
"1841,3614",2015
"1841,3615",2015
"1841,3616",2015
"1841,3617",2015
"1841,3618",2015
"1841,3619",2015
"1841,3620",2015
"1841,3621",2015
"1841,3622",2015
"1841,3623",2015
"1841,3624",2015
"1841,3625",2015
"1841,3626",2015
"1841,3627",2015
"1841,3628",2015
"1841,3629",2015
"1841,3630",2015
"1841,3631",2015
"1841,3632",2015
"1841,3633",2015
"1841,3634",2015
"1841,3635",2015
"1841,3636",2015
"1841,3637",2015
"1841,3638",2015
"1841,3639",2015
"1841,3640",2015
"1841,3641",2015
"1841,3642",2015
"1841,3643",2015
"1841,3644",2015
"1841,3645",2015
"1841,3646",2015
"1841,3647",2015
"1841,3648",2015
"1841,3649",2015
"1841,3650",2015
"1841,3651",2015
"1841,3652",2015
"1842,3614",2015
"1842,3615",2015
"1842,3616",2015
"1842,3617",2015
"1842,3618",2015
"1842,3619",2015
"1842,3620",2015
"1842,3621",2015
"1842,3622",2015
"1842,3623",2015
"1842,3624",2015
"1842,3625",2015
"1842,3626",2015
"1842,3627",2015
"1842,3628",2015
"1842,3629",2015
"1842,3630",2015
"1842,3631",2015
"1842,3632",2015
"1842,3633",2015
"1842,3634",2015
"1842,3635",2015
"1842,3636",2015
"1842,3637",2015
"1842,3638",2015
"1842,3639",2015
"1842,3640",2015
"1842,3641",2015
"1842,3642",2015
"1842,3643",2015
"1842,3644",2015
"1842,3645",2015
"1842,3646",2015
"1842,3647",2015
"1842,3648",2015
"1842,3649",2015
"1842,3650",2015
"1842,3651",2015
"1842,3652",2015
"1842,3653",2015
"1843,3613",2015
"1843,3614",2015
"1843,3615",2015
"1843,3616",2015
"1843,3617",2015
"1843,3618",2015
"1843,3619",2015
"1843,3620",2015
"1843,3621",2015
"1843,3622",2015
"1843,3623",2015
"1843,3624",2015
"1843,3625",2015
"1843,3626",2015
"1843,3627",2015
"1843,3628",2015
"1843,3629",2015
"1843,3630",2015
"1843,3631",2015
"1843,3632",2015
"1843,3633",2015
"1843,3634",2015
"1843,3635",2015
"1843,3636",2015
"1843,3637",2015
"1843,3638",2015
"1843,3639",2015
"1843,3640",2015
"1843,3641",2015
"1843,3642",2015
"1843,3643",2015
"1843,3644",2015
"1843,3645",2015
"1843,3646",2015
"1843,3647",2015
"1843,3648",2015
"1843,3649",2015
"1843,3650",2015
"1843,3651",2015
"1843,3652",2015
"1843,3653",2015
"1844,3613",2015
"1844,3614",2015
"1844,3615",2015
"1844,3616",2015
"1844,3617",2015
"1844,3618",2015
"1844,3619",2015
"1844,3620",2015
"1844,3621",2015
"1844,3622",2015
"1844,3623",2015
"1844,3624",2015
"1844,3625",2015
"1844,3626",2015
"1844,3627",2015
"1844,3628",2015
"1844,3629",2015
"1844,3630",2015
"1844,3631",2015
"1844,3632",2015
"1844,3633",2015
"1844,3634",2015
"1844,3635",2015
"1844,3636",2015
"1844,3637",2015
"1844,3638",2015
"1844,3639",2015
"1844,3640",2015
"1844,3641",2015
"1844,3642",2015
"1844,3643",2015
"1844,3644",2015
"1844,3645",2015
"1844,3646",2015
"1844,3647",2015
"1844,3648",2015
"1844,3649",2015
"1844,3650",2015
"1844,3651",2015
"1844,3652",2015
"1844,3653",2015
"1845,3613",2015
"1845,3614",2015
"1845,3615",2015
"1845,3616",2015
"1845,3617",2015
"1845,3618",2015
"1845,3619",2015
"1845,3620",2015
"1845,3621",2015
"1845,3622",2015
"1845,3623",2015
"1845,3624",2015
"1845,3625",2015
"1845,3626",2015
"1845,3627",2015
"1845,3628",2015
"1845,3629",2015
"1845,3630",2015
"1845,3631",2015
"1845,3632",2015
"1845,3633",2015
"1845,3634",2015
"1845,3635",2015
"1845,3636",2015
"1845,3637",2015
"1845,3638",2015
"1845,3639",2015
"1845,3640",2015
"1845,3641",2015
"1845,3642",2015
"1845,3643",2015
"1845,3644",2015
"1845,3645",2015
"1845,3646",2015
"1845,3647",2015
"1845,3648",2015
"1845,3649",2015
"1845,3650",2015
"1845,3651",2015
"1845,3652",2015
"1846,3612",2015
"1846,3613",2015
"1846,3614",2015
"1846,3615",2015
"1846,3616",2015
"1846,3617",2015
"1846,3618",2015
"1846,3619",2015
"1846,3620",2015
"1846,3621",2015
"1846,3622",2015
"1846,3623",2015
"1846,3624",2015
"1846,3625",2015
"1846,3626",2015
"1846,3627",2015
"1846,3628",2015
"1846,3629",2015
"1846,3630",2015
"1846,3631",2015
"1846,3632",2015
"1846,3633",2015
"1846,3634",2015
"1846,3635",2015
"1846,3636",2015
"1846,3637",2015
"1846,3638",2015
"1846,3639",2015
"1846,3640",2015
"1846,3641",2015
"1846,3642",2015
"1846,3643",2015
"1846,3644",2015
"1846,3645",2015
"1846,3646",2015
"1846,3647",2015
"1846,3648",2015
"1846,3649",2015
"1846,3650",2015
"1846,3651",2015
"1846,3652",2015
"1847,3610",2015
"1847,3611",2015
"1847,3612",2015
"1847,3613",2015
"1847,3614",2015
"1847,3615",2015
"1847,3616",2015
"1847,3617",2015
"1847,3618",2015
"1847,3619",2015
"1847,3620",2015
"1847,3621",2015
"1847,3622",2015
"1847,3623",2015
"1847,3624",2015
"1847,3625",2015
"1847,3626",2015
"1847,3627",2015
"1847,3628",2015
"1847,3629",2015
"1847,3630",2015
"1847,3631",2015
"1847,3632",2015
"1847,3633",2015
"1847,3634",2015
"1847,3635",2015
"1847,3636",2015
"1847,3637",2015
"1847,3638",2015
"1847,3639",2015
"1847,3640",2015
"1847,3641",2015
"1847,3642",2015
"1847,3643",2015
"1847,3644",2015
"1847,3645",2015
"1847,3646",2015
"1847,3647",2015
"1847,3648",2015
"1847,3649",2015
"1847,3650",2015
"1847,3651",2015
"1848,3610",2015
"1848,3611",2015
"1848,3612",2015
"1848,3613",2015
"1848,3614",2015
"1848,3615",2015
"1848,3616",2015
"1848,3617",2015
"1848,3618",2015
"1848,3619",2015
"1848,3620",2015
"1848,3621",2015
"1848,3622",2015
"1848,3623",2015
"1848,3624",2015
"1848,3625",2015
"1848,3626",2015
"1848,3627",2015
"1848,3628",2015
"1848,3629",2015
"1848,3630",2015
"1848,3631",2015
"1848,3632",2015
"1848,3633",2015
"1848,3634",2015
"1848,3635",2015
"1848,3636",2015
"1848,3637",2015
"1848,3638",2015
"1848,3639",2015
"1848,3640",2015
"1848,3641",2015
"1848,3642",2015
"1848,3643",2015
"1848,3644",2015
"1848,3645",2015
"1848,3646",2015
"1848,3647",2015
"1848,3648",2015
"1848,3649",2015
"1848,3650",2015
"1848,3651",2015
"1848,3652",2015
"1848,3653",2015
"1849,3610",2015
"1849,3611",2015
"1849,3612",2015
"1849,3613",2015
"1849,3614",2015
"1849,3615",2015
"1849,3616",2015
"1849,3617",2015
"1849,3618",2015
"1849,3619",2015
"1849,3620",2015
"1849,3621",2015
"1849,3622",2015
"1849,3623",2015
"1849,3624",2015
"1849,3625",2015
"1849,3626",2015
"1849,3627",2015
"1849,3628",2015
"1849,3629",2015
"1849,3630",2015
"1849,3631",2015
"1849,3632",2015
"1849,3633",2015
"1849,3634",2015
"1849,3635",2015
"1849,3636",2015
"1849,3637",2015
"1849,3638",2015
"1849,3639",2015
"1849,3640",2015
"1849,3641",2015
"1849,3642",2015
"1849,3643",2015
"1849,3644",2015
"1849,3645",2015
"1849,3646",2015
"1849,3647",2015
"1849,3648",2015
"1849,3649",2015
"1849,3650",2015
"1849,3651",2015
"1849,3652",2015
"1849,3653",2015
"1849,3654",2015
"1850,3610",2015
"1850,3611",2015
"1850,3612",2015
"1850,3613",2015
"1850,3614",2015
"1850,3615",2015
"1850,3616",2015
"1850,3617",2015
"1850,3618",2015
"1850,3619",2015
"1850,3620",2015
"1850,3621",2015
"1850,3622",2015
"1850,3623",2015
"1850,3624",2015
"1850,3625",2015
"1850,3626",2015
"1850,3627",2015
"1850,3628",2015
"1850,3629",2015
"1850,3630",2015
"1850,3631",2015
"1850,3632",2015
"1850,3633",2015
"1850,3634",2015
"1850,3635",2015
"1850,3636",2015
"1850,3637",2015
"1850,3638",2015
"1850,3639",2015
"1850,3640",2015
"1850,3641",2015
"1850,3642",2015
"1850,3643",2015
"1850,3644",2015
"1850,3645",2015
"1850,3646",2015
"1850,3647",2015
"1850,3648",2015
"1850,3649",2015
"1850,3650",2015
"1850,3651",2015
"1850,3652",2015
"1850,3653",2015
"1850,3654",2015
"1850,3655",2015
"1851,3611",2015
"1851,3612",2015
"1851,3613",2015
"1851,3614",2015
"1851,3615",2015
"1851,3616",2015
"1851,3617",2015
"1851,3618",2015
"1851,3619",2015
"1851,3620",2015
"1851,3621",2015
"1851,3622",2015
"1851,3623",2015
"1851,3624",2015
"1851,3625",2015
"1851,3626",2015
"1851,3627",2015
"1851,3628",2015
"1851,3629",2015
"1851,3630",2015
"1851,3631",2015
"1851,3632",2015
"1851,3633",2015
"1851,3634",2015
"1851,3635",2015
"1851,3636",2015
"1851,3637",2015
"1851,3638",2015
"1851,3639",2015
"1851,3640",2015
"1851,3641",2015
"1851,3642",2015
"1851,3643",2015
"1851,3644",2015
"1851,3645",2015
"1851,3646",2015
"1851,3647",2015
"1851,3648",2015
"1851,3649",2015
"1851,3650",2015
"1851,3651",2015
"1851,3652",2015
"1851,3653",2015
"1851,3654",2015
"1851,3655",2015
"1852,3611",2015
"1852,3612",2015
"1852,3613",2015
"1852,3614",2015
"1852,3615",2015
"1852,3616",2015
"1852,3617",2015
"1852,3618",2015
"1852,3619",2015
"1852,3620",2015
"1852,3621",2015
"1852,3622",2015
"1852,3623",2015
"1852,3624",2015
"1852,3625",2015
"1852,3626",2015
"1852,3627",2015
"1852,3628",2015
"1852,3629",2015
"1852,3630",2015
"1852,3631",2015
"1852,3632",2015
"1852,3633",2015
"1852,3634",2015
"1852,3635",2015
"1852,3636",2015
"1852,3637",2015
"1852,3638",2015
"1852,3639",2015
"1852,3640",2015
"1852,3641",2015
"1852,3642",2015
"1852,3643",2015
"1852,3644",2015
"1852,3645",2015
"1852,3646",2015
"1852,3647",2015
"1852,3648",2015
"1852,3649",2015
"1852,3650",2015
"1852,3651",2015
"1852,3652",2015
"1852,3653",2015
"1852,3654",2015
"1852,3655",2015
"1853,3611",2015
"1853,3612",2015
"1853,3613",2015
"1853,3614",2015
"1853,3615",2015
"1853,3616",2015
"1853,3617",2015
"1853,3618",2015
"1853,3619",2015
"1853,3620",2015
"1853,3621",2015
"1853,3622",2015
"1853,3623",2015
"1853,3624",2015
"1853,3625",2015
"1853,3626",2015
"1853,3627",2015
"1853,3628",2015
"1853,3629",2015
"1853,3630",2015
"1853,3631",2015
"1853,3632",2015
"1853,3633",2015
"1853,3634",2015
"1853,3635",2015
"1853,3636",2015
"1853,3637",2015
"1853,3638",2015
"1853,3639",2015
"1853,3640",2015
"1853,3641",2015
"1853,3642",2015
"1853,3643",2015
"1853,3644",2015
"1853,3645",2015
"1853,3646",2015
"1853,3647",2015
"1853,3648",2015
"1853,3649",2015
"1853,3650",2015
"1853,3651",2015
"1853,3652",2015
"1853,3653",2015
"1853,3654",2015
"1853,3655",2015
"1854,3611",2015
"1854,3612",2015
"1854,3613",2015
"1854,3614",2015
"1854,3615",2015
"1854,3616",2015
"1854,3617",2015
"1854,3618",2015
"1854,3619",2015
"1854,3620",2015
"1854,3621",2015
"1854,3622",2015
"1854,3623",2015
"1854,3624",2015
"1854,3625",2015
"1854,3626",2015
"1854,3627",2015
"1854,3628",2015
"1854,3629",2015
"1854,3630",2015
"1854,3631",2015
"1854,3632",2015
"1854,3633",2015
"1854,3634",2015
"1854,3635",2015
"1854,3636",2015
"1854,3637",2015
"1854,3638",2015
"1854,3639",2015
"1854,3640",2015
"1854,3641",2015
"1854,3642",2015
"1854,3643",2015
"1854,3644",2015
"1854,3645",2015
"1854,3646",2015
"1854,3647",2015
"1854,3648",2015
"1854,3649",2015
"1854,3650",2015
"1854,3651",2015
"1854,3652",2015
"1854,3653",2015
"1854,3654",2015
"1854,3655",2015
"1855,3612",2015
"1855,3613",2015
"1855,3614",2015
"1855,3615",2015
"1855,3616",2015
"1855,3617",2015
"1855,3618",2015
"1855,3619",2015
"1855,3620",2015
"1855,3621",2015
"1855,3622",2015
"1855,3623",2015
"1855,3624",2015
"1855,3625",2015
"1855,3626",2015
"1855,3627",2015
"1855,3628",2015
"1855,3629",2015
"1855,3630",2015
"1855,3631",2015
"1855,3632",2015
"1855,3633",2015
"1855,3634",2015
"1855,3635",2015
"1855,3636",2015
"1855,3637",2015
"1855,3638",2015
"1855,3639",2015
"1855,3640",2015
"1855,3641",2015
"1855,3642",2015
"1855,3643",2015
"1855,3644",2015
"1855,3645",2015
"1855,3646",2015
"1855,3647",2015
"1855,3648",2015
"1855,3649",2015
"1855,3650",2015
"1855,3651",2015
"1855,3652",2015
"1855,3653",2015
"1855,3654",2015
"1855,3655",2015
"1856,3612",2015
"1856,3613",2015
"1856,3614",2015
"1856,3615",2015
"1856,3616",2015
"1856,3617",2015
"1856,3618",2015
"1856,3619",2015
"1856,3620",2015
"1856,3621",2015
"1856,3622",2015
"1856,3623",2015
"1856,3624",2015
"1856,3625",2015
"1856,3626",2015
"1856,3627",2015
"1856,3628",2015
"1856,3629",2015
"1856,3630",2015
"1856,3631",2015
"1856,3632",2015
"1856,3633",2015
"1856,3634",2015
"1856,3635",2015
"1856,3636",2015
"1856,3637",2015
"1856,3638",2015
"1856,3639",2015
"1856,3640",2015
"1856,3641",2015
"1856,3642",2015
"1856,3643",2015
"1856,3644",2015
"1856,3645",2015
"1856,3646",2015
"1856,3647",2015
"1856,3648",2015
"1856,3649",2015
"1856,3650",2015
"1856,3651",2015
"1856,3652",2015
"1856,3653",2015
"1856,3654",2015
"1856,3655",2015
"1857,3612",2015
"1857,3613",2015
"1857,3614",2015
"1857,3615",2015
"1857,3616",2015
"1857,3617",2015
"1857,3618",2015
"1857,3619",2015
"1857,3620",2015
"1857,3621",2015
"1857,3622",2015
"1857,3623",2015
"1857,3624",2015
"1857,3625",2015
"1857,3626",2015
"1857,3627",2015
"1857,3628",2015
"1857,3629",2015
"1857,3630",2015
"1857,3631",2015
"1857,3632",2015
"1857,3633",2015
"1857,3634",2015
"1857,3635",2015
"1857,3636",2015
"1857,3637",2015
"1857,3638",2015
"1857,3639",2015
"1857,3640",2015
"1857,3641",2015
"1857,3642",2015
"1857,3643",2015
"1857,3644",2015
"1857,3645",2015
"1857,3646",2015
"1857,3647",2015
"1857,3648",2015
"1857,3649",2015
"1857,3650",2015
"1857,3651",2015
"1857,3652",2015
"1857,3653",2015
"1857,3654",2015
"1857,3655",2015
"1858,3613",2015
"1858,3614",2015
"1858,3620",2015
"1858,3621",2015
"1858,3622",2015
"1858,3623",2015
"1858,3624",2015
"1858,3625",2015
"1858,3626",2015
"1858,3627",2015
"1858,3628",2015
"1858,3629",2015
"1858,3630",2015
"1858,3631",2015
"1858,3632",2015
"1858,3633",2015
"1858,3634",2015
"1858,3635",2015
"1858,3636",2015
"1858,3637",2015
"1858,3638",2015
"1858,3639",2015
"1858,3640",2015
"1858,3641",2015
"1858,3642",2015
"1858,3643",2015
"1858,3644",2015
"1858,3645",2015
"1858,3646",2015
"1858,3647",2015
"1858,3648",2015
"1858,3649",2015
"1858,3650",2015
"1858,3651",2015
"1858,3652",2015
"1858,3653",2015
"1858,3654",2015
"1858,3655",2015
"1858,3656",2015
"1859,3622",2015
"1859,3623",2015
"1859,3624",2015
"1859,3625",2015
"1859,3626",2015
"1859,3627",2015
"1859,3628",2015
"1859,3629",2015
"1859,3630",2015
"1859,3631",2015
"1859,3632",2015
"1859,3633",2015
"1859,3634",2015
"1859,3635",2015
"1859,3636",2015
"1859,3637",2015
"1859,3638",2015
"1859,3639",2015
"1859,3640",2015
"1859,3641",2015
"1859,3642",2015
"1859,3643",2015
"1859,3644",2015
"1859,3645",2015
"1859,3646",2015
"1859,3647",2015
"1859,3648",2015
"1859,3649",2015
"1859,3650",2015
"1859,3651",2015
"1859,3652",2015
"1859,3653",2015
"1859,3654",2015
"1859,3655",2015
"1859,3656",2015
"1860,3624",2015
"1860,3625",2015
"1860,3626",2015
"1860,3627",2015
"1860,3628",2015
"1860,3629",2015
"1860,3630",2015
"1860,3631",2015
"1860,3632",2015
"1860,3633",2015
"1860,3634",2015
"1860,3635",2015
"1860,3636",2015
"1860,3637",2015
"1860,3638",2015
"1860,3639",2015
"1860,3640",2015
"1860,3641",2015
"1860,3642",2015
"1860,3643",2015
"1860,3644",2015
"1860,3645",2015
"1860,3646",2015
"1860,3647",2015
"1860,3648",2015
"1860,3649",2015
"1860,3650",2015
"1860,3651",2015
"1860,3652",2015
"1860,3653",2015
"1860,3654",2015
"1860,3655",2015
"1860,3656",2015
"1861,3625",2015
"1861,3626",2015
"1861,3627",2015
"1861,3628",2015
"1861,3629",2015
"1861,3630",2015
"1861,3631",2015
"1861,3632",2015
"1861,3633",2015
"1861,3634",2015
"1861,3635",2015
"1861,3636",2015
"1861,3637",2015
"1861,3638",2015
"1861,3639",2015
"1861,3640",2015
"1861,3641",2015
"1861,3642",2015
"1861,3643",2015
"1861,3644",2015
"1861,3645",2015
"1861,3646",2015
"1861,3647",2015
"1861,3648",2015
"1861,3649",2015
"1861,3650",2015
"1861,3651",2015
"1861,3652",2015
"1861,3653",2015
"1861,3654",2015
"1861,3655",2015
"1861,3656",2015
"1861,3657",2015
"1862,3627",2015
"1862,3628",2015
"1862,3629",2015
"1862,3630",2015
"1862,3631",2015
"1862,3632",2015
"1862,3633",2015
"1862,3634",2015
"1862,3635",2015
"1862,3636",2015
"1862,3637",2015
"1862,3638",2015
"1862,3639",2015
"1862,3640",2015
"1862,3641",2015
"1862,3642",2015
"1862,3643",2015
"1862,3644",2015
"1862,3645",2015
"1862,3646",2015
"1862,3647",2015
"1862,3648",2015
"1862,3649",2015
"1862,3650",2015
"1862,3651",2015
"1862,3652",2015
"1862,3653",2015
"1862,3654",2015
"1862,3655",2015
"1862,3656",2015
"1862,3657",2015
"1863,3628",2015
"1863,3629",2015
"1863,3630",2015
"1863,3631",2015
"1863,3632",2015
"1863,3633",2015
"1863,3634",2015
"1863,3635",2015
"1863,3636",2015
"1863,3637",2015
"1863,3638",2015
"1863,3639",2015
"1863,3640",2015
"1863,3641",2015
"1863,3642",2015
"1863,3643",2015
"1863,3644",2015
"1863,3645",2015
"1863,3646",2015
"1863,3647",2015
"1863,3648",2015
"1863,3649",2015
"1863,3650",2015
"1863,3651",2015
"1864,3628",2015
"1864,3629",2015
"1864,3630",2015
"1864,3631",2015
"1864,3632",2015
"1864,3633",2015
"1864,3634",2015
"1864,3635",2015
"1864,3636",2015
"1864,3637",2015
"1864,3638",2015
"1864,3639",2015
"1864,3640",2015
"1864,3641",2015
"1864,3642",2015
"1864,3643",2015
"1864,3644",2015
"1864,3645",2015
"1864,3646",2015
"1864,3647",2015
"1864,3648",2015
"1864,3649",2015
"1864,3650",2015
"1865,3626",2015
"1865,3627",2015
"1865,3628",2015
"1865,3629",2015
"1865,3630",2015
"1865,3631",2015
"1865,3632",2015
"1865,3633",2015
"1865,3634",2015
"1865,3635",2015
"1865,3636",2015
"1865,3637",2015
"1865,3638",2015
"1865,3639",2015
"1865,3640",2015
"1865,3641",2015
"1865,3642",2015
"1865,3643",2015
"1865,3644",2015
"1865,3645",2015
"1865,3646",2015
"1866,3622",2015
"1866,3623",2015
"1866,3624",2015
"1866,3625",2015
"1866,3626",2015
"1866,3627",2015
"1866,3628",2015
"1866,3629",2015
"1866,3630",2015
"1866,3631",2015
"1866,3632",2015
"1866,3633",2015
"1866,3634",2015
"1866,3635",2015
"1866,3636",2015
"1866,3637",2015
"1866,3638",2015
"1866,3639",2015
"1866,3640",2015
"1866,3641",2015
"1866,3642",2015
"1866,3643",2015
"1866,3644",2015
"1866,3645",2015
"1867,3622",2015
"1867,3623",2015
"1867,3624",2015
"1867,3625",2015
"1867,3626",2015
"1867,3627",2015
"1867,3628",2015
"1867,3629",2015
"1867,3630",2015
"1867,3631",2015
"1867,3632",2015
"1867,3633",2015
"1867,3634",2015
"1867,3635",2015
"1867,3636",2015
"1867,3637",2015
"1867,3638",2015
"1867,3639",2015
"1867,3640",2015
"1867,3641",2015
"1867,3642",2015
"1867,3643",2015
"1867,3644",2015
"1867,3645",2015
"1868,3622",2015
"1868,3623",2015
"1868,3624",2015
"1868,3625",2015
"1868,3626",2015
"1868,3627",2015
"1868,3628",2015
"1868,3629",2015
"1868,3630",2015
"1868,3631",2015
"1868,3632",2015
"1868,3633",2015
"1868,3634",2015
"1868,3635",2015
"1868,3636",2015
"1868,3637",2015
"1868,3638",2015
"1868,3639",2015
"1868,3640",2015
"1868,3641",2015
"1868,3642",2015
"1868,3643",2015
"1868,3644",2015
"1868,3645",2015
"1869,3622",2015
"1869,3623",2015
"1869,3624",2015
"1869,3625",2015
"1869,3626",2015
"1869,3627",2015
"1869,3628",2015
"1869,3629",2015
"1869,3630",2015
"1869,3631",2015
"1869,3632",2015
"1869,3633",2015
"1869,3634",2015
"1869,3635",2015
"1869,3636",2015
"1869,3637",2015
"1869,3638",2015
"1869,3639",2015
"1869,3640",2015
"1869,3641",2015
"1869,3642",2015
"1869,3643",2015
"1869,3644",2015
"1869,3645",2015
"1870,3623",2015
"1870,3624",2015
"1870,3625",2015
"1870,3626",2015
"1870,3627",2015
"1870,3628",2015
"1870,3629",2015
"1870,3630",2015
"1870,3631",2015
"1870,3632",2015
"1870,3633",2015
"1870,3634",2015
"1870,3635",2015
"1870,3636",2015
"1870,3637",2015
"1870,3638",2015
"1870,3639",2015
"1870,3640",2015
"1870,3641",2015
"1870,3642",2015
"1870,3643",2015
"1870,3644",2015
"1870,3645",2015
"1871,3622",2015
"1871,3623",2015
"1871,3624",2015
"1871,3625",2015
"1871,3626",2015
"1871,3627",2015
"1871,3628",2015
"1871,3629",2015
"1871,3630",2015
"1871,3631",2015
"1871,3632",2015
"1871,3633",2015
"1871,3634",2015
"1871,3635",2015
"1871,3636",2015
"1871,3637",2015
"1871,3638",2015
"1871,3639",2015
"1871,3640",2015
"1871,3641",2015
"1871,3642",2015
"1871,3643",2015
"1871,3644",2015
"1872,3622",2015
"1872,3623",2015
"1872,3624",2015
"1872,3625",2015
"1872,3626",2015
"1872,3627",2015
"1872,3628",2015
"1872,3629",2015
"1872,3630",2015
"1872,3631",2015
"1872,3632",2015
"1872,3633",2015
"1872,3634",2015
"1872,3635",2015
"1872,3636",2015
"1872,3637",2015
"1872,3638",2015
"1872,3639",2015
"1872,3640",2015
"1872,3641",2015
"1872,3642",2015
"1872,3643",2015
"1872,3644",2015
"1873,3621",2015
"1873,3622",2015
"1873,3623",2015
"1873,3624",2015
"1873,3625",2015
"1873,3626",2015
"1873,3627",2015
"1873,3628",2015
"1873,3629",2015
"1873,3630",2015
"1873,3631",2015
"1873,3632",2015
"1873,3633",2015
"1873,3634",2015
"1873,3635",2015
"1873,3636",2015
"1873,3637",2015
"1873,3638",2015
"1873,3639",2015
"1873,3640",2015
"1873,3641",2015
"1873,3642",2015
"1873,3643",2015
"1874,3622",2015
"1874,3623",2015
"1874,3624",2015
"1874,3625",2015
"1874,3626",2015
"1874,3633",2015
"1874,3634",2015
"1874,3636",2015
"1874,3637",2015
"1874,3638",2015
"1874,3639",2015
"1874,3640",2015
"1874,3641",2015
"1874,3642",2015
"1874,3643",2015
"1875,3622",2015
"1875,3623",2015
"1875,3624",2015
"1875,3639",2015
"1875,3640",2015
"1875,3641",2015
"1875,3642",2015
"1876,3622",2015
"1876,3623",2015
"1876,3638",2015
"1876,3639",2015
"1876,3640",2015
"1876,3641",2015
"1876,3642",2015
"1877,3638",2015
"1877,3639",2015
"1877,3640",2015
"1877,3641",2015
"1878,3639",2015
"1878,3640",2015
"1802,3639",2016
"1803,3638",2016
"1803,3639",2016
"1803,3640",2016
"1804,3636",2016
"1804,3637",2016
"1804,3638",2016
"1804,3639",2016
"1804,3640",2016
"1805,3634",2016
"1805,3635",2016
"1805,3636",2016
"1805,3637",2016
"1805,3638",2016
"1805,3639",2016
"1805,3640",2016
"1805,3641",2016
"1806,3633",2016
"1806,3634",2016
"1806,3635",2016
"1806,3636",2016
"1806,3637",2016
"1806,3638",2016
"1806,3639",2016
"1806,3640",2016
"1806,3641",2016
"1807,3631",2016
"1807,3632",2016
"1807,3633",2016
"1807,3634",2016
"1807,3635",2016
"1807,3636",2016
"1807,3637",2016
"1807,3638",2016
"1807,3639",2016
"1807,3640",2016
"1807,3641",2016
"1808,3630",2016
"1808,3631",2016
"1808,3632",2016
"1808,3633",2016
"1808,3634",2016
"1808,3635",2016
"1808,3636",2016
"1808,3637",2016
"1808,3638",2016
"1808,3639",2016
"1808,3640",2016
"1808,3641",2016
"1809,3628",2016
"1809,3629",2016
"1809,3630",2016
"1809,3631",2016
"1809,3632",2016
"1809,3633",2016
"1809,3634",2016
"1809,3635",2016
"1809,3636",2016
"1809,3637",2016
"1809,3638",2016
"1809,3639",2016
"1809,3640",2016
"1809,3641",2016
"1809,3642",2016
"1810,3627",2016
"1810,3628",2016
"1810,3629",2016
"1810,3630",2016
"1810,3631",2016
"1810,3632",2016
"1810,3633",2016
"1810,3634",2016
"1810,3635",2016
"1810,3636",2016
"1810,3637",2016
"1810,3638",2016
"1810,3639",2016
"1810,3640",2016
"1810,3641",2016
"1810,3642",2016
"1810,3643",2016
"1811,3627",2016
"1811,3628",2016
"1811,3629",2016
"1811,3630",2016
"1811,3631",2016
"1811,3632",2016
"1811,3633",2016
"1811,3634",2016
"1811,3635",2016
"1811,3636",2016
"1811,3637",2016
"1811,3638",2016
"1811,3639",2016
"1811,3640",2016
"1811,3641",2016
"1811,3642",2016
"1811,3643",2016
"1811,3644",2016
"1812,3626",2016
"1812,3627",2016
"1812,3628",2016
"1812,3629",2016
"1812,3630",2016
"1812,3631",2016
"1812,3632",2016
"1812,3633",2016
"1812,3634",2016
"1812,3635",2016
"1812,3636",2016
"1812,3637",2016
"1812,3638",2016
"1812,3639",2016
"1812,3640",2016
"1812,3641",2016
"1812,3642",2016
"1812,3643",2016
"1812,3644",2016
"1813,3624",2016
"1813,3625",2016
"1813,3626",2016
"1813,3627",2016
"1813,3628",2016
"1813,3629",2016
"1813,3630",2016
"1813,3631",2016
"1813,3632",2016
"1813,3633",2016
"1813,3634",2016
"1813,3635",2016
"1813,3636",2016
"1813,3637",2016
"1813,3638",2016
"1813,3639",2016
"1813,3640",2016
"1813,3641",2016
"1813,3642",2016
"1813,3643",2016
"1813,3644",2016
"1814,3623",2016
"1814,3624",2016
"1814,3625",2016
"1814,3626",2016
"1814,3627",2016
"1814,3628",2016
"1814,3629",2016
"1814,3630",2016
"1814,3631",2016
"1814,3632",2016
"1814,3633",2016
"1814,3634",2016
"1814,3635",2016
"1814,3636",2016
"1814,3637",2016
"1814,3638",2016
"1814,3639",2016
"1814,3640",2016
"1814,3641",2016
"1814,3642",2016
"1814,3643",2016
"1814,3644",2016
"1815,3621",2016
"1815,3622",2016
"1815,3623",2016
"1815,3624",2016
"1815,3625",2016
"1815,3626",2016
"1815,3627",2016
"1815,3628",2016
"1815,3629",2016
"1815,3630",2016
"1815,3631",2016
"1815,3632",2016
"1815,3633",2016
"1815,3634",2016
"1815,3635",2016
"1815,3636",2016
"1815,3637",2016
"1815,3638",2016
"1815,3639",2016
"1815,3640",2016
"1815,3641",2016
"1815,3642",2016
"1815,3643",2016
"1815,3644",2016
"1816,3620",2016
"1816,3621",2016
"1816,3622",2016
"1816,3623",2016
"1816,3624",2016
"1816,3625",2016
"1816,3626",2016
"1816,3627",2016
"1816,3628",2016
"1816,3629",2016
"1816,3630",2016
"1816,3631",2016
"1816,3632",2016
"1816,3633",2016
"1816,3634",2016
"1816,3635",2016
"1816,3636",2016
"1816,3637",2016
"1816,3638",2016
"1816,3639",2016
"1816,3640",2016
"1816,3641",2016
"1816,3642",2016
"1816,3643",2016
"1816,3644",2016
"1817,3620",2016
"1817,3621",2016
"1817,3622",2016
"1817,3623",2016
"1817,3624",2016
"1817,3625",2016
"1817,3626",2016
"1817,3627",2016
"1817,3628",2016
"1817,3629",2016
"1817,3630",2016
"1817,3631",2016
"1817,3632",2016
"1817,3633",2016
"1817,3634",2016
"1817,3635",2016
"1817,3636",2016
"1817,3637",2016
"1817,3638",2016
"1817,3639",2016
"1817,3640",2016
"1817,3641",2016
"1817,3642",2016
"1817,3643",2016
"1817,3644",2016
"1818,3619",2016
"1818,3620",2016
"1818,3621",2016
"1818,3622",2016
"1818,3623",2016
"1818,3624",2016
"1818,3625",2016
"1818,3626",2016
"1818,3627",2016
"1818,3628",2016
"1818,3629",2016
"1818,3630",2016
"1818,3631",2016
"1818,3632",2016
"1818,3633",2016
"1818,3634",2016
"1818,3635",2016
"1818,3636",2016
"1818,3637",2016
"1818,3638",2016
"1818,3639",2016
"1818,3640",2016
"1818,3641",2016
"1818,3642",2016
"1818,3643",2016
"1819,3619",2016
"1819,3620",2016
"1819,3621",2016
"1819,3622",2016
"1819,3623",2016
"1819,3624",2016
"1819,3625",2016
"1819,3626",2016
"1819,3627",2016
"1819,3628",2016
"1819,3629",2016
"1819,3630",2016
"1819,3631",2016
"1819,3632",2016
"1819,3633",2016
"1819,3634",2016
"1819,3635",2016
"1819,3636",2016
"1819,3637",2016
"1819,3638",2016
"1819,3639",2016
"1819,3640",2016
"1819,3641",2016
"1819,3642",2016
"1819,3643",2016
"1820,3619",2016
"1820,3620",2016
"1820,3621",2016
"1820,3622",2016
"1820,3623",2016
"1820,3624",2016
"1820,3625",2016
"1820,3626",2016
"1820,3627",2016
"1820,3628",2016
"1820,3629",2016
"1820,3630",2016
"1820,3631",2016
"1820,3632",2016
"1820,3633",2016
"1820,3634",2016
"1820,3635",2016
"1820,3636",2016
"1820,3637",2016
"1820,3638",2016
"1820,3639",2016
"1820,3640",2016
"1820,3641",2016
"1821,3621",2016
"1821,3622",2016
"1821,3623",2016
"1821,3624",2016
"1821,3625",2016
"1821,3626",2016
"1821,3627",2016
"1821,3628",2016
"1821,3629",2016
"1821,3630",2016
"1821,3631",2016
"1821,3632",2016
"1821,3633",2016
"1821,3634",2016
"1821,3635",2016
"1821,3636",2016
"1821,3637",2016
"1821,3638",2016
"1821,3639",2016
"1821,3640",2016
"1821,3641",2016
"1822,3621",2016
"1822,3622",2016
"1822,3623",2016
"1822,3624",2016
"1822,3625",2016
"1822,3626",2016
"1822,3627",2016
"1822,3628",2016
"1822,3629",2016
"1822,3630",2016
"1822,3631",2016
"1822,3632",2016
"1822,3633",2016
"1822,3634",2016
"1822,3635",2016
"1822,3636",2016
"1822,3637",2016
"1822,3638",2016
"1822,3639",2016
"1822,3640",2016
"1822,3641",2016
"1822,3642",2016
"1822,3643",2016
"1823,3622",2016
"1823,3623",2016
"1823,3624",2016
"1823,3625",2016
"1823,3626",2016
"1823,3627",2016
"1823,3628",2016
"1823,3629",2016
"1823,3630",2016
"1823,3631",2016
"1823,3632",2016
"1823,3633",2016
"1823,3634",2016
"1823,3635",2016
"1823,3636",2016
"1823,3637",2016
"1823,3638",2016
"1823,3639",2016
"1823,3640",2016
"1823,3641",2016
"1823,3642",2016
"1823,3643",2016
"1823,3644",2016
"1823,3645",2016
"1823,3646",2016
"1823,3647",2016
"1824,3622",2016
"1824,3623",2016
"1824,3624",2016
"1824,3625",2016
"1824,3626",2016
"1824,3627",2016
"1824,3628",2016
"1824,3629",2016
"1824,3630",2016
"1824,3631",2016
"1824,3632",2016
"1824,3633",2016
"1824,3634",2016
"1824,3635",2016
"1824,3636",2016
"1824,3637",2016
"1824,3638",2016
"1824,3639",2016
"1824,3640",2016
"1824,3641",2016
"1824,3642",2016
"1824,3643",2016
"1824,3644",2016
"1824,3645",2016
"1824,3646",2016
"1824,3647",2016
"1825,3622",2016
"1825,3623",2016
"1825,3624",2016
"1825,3625",2016
"1825,3626",2016
"1825,3627",2016
"1825,3628",2016
"1825,3629",2016
"1825,3630",2016
"1825,3631",2016
"1825,3632",2016
"1825,3633",2016
"1825,3634",2016
"1825,3635",2016
"1825,3636",2016
"1825,3637",2016
"1825,3638",2016
"1825,3639",2016
"1825,3640",2016
"1825,3641",2016
"1825,3642",2016
"1825,3643",2016
"1825,3644",2016
"1825,3645",2016
"1825,3646",2016
"1825,3647",2016
"1826,3618",2016
"1826,3619",2016
"1826,3620",2016
"1826,3621",2016
"1826,3622",2016
"1826,3623",2016
"1826,3624",2016
"1826,3625",2016
"1826,3626",2016
"1826,3627",2016
"1826,3628",2016
"1826,3629",2016
"1826,3630",2016
"1826,3631",2016
"1826,3632",2016
"1826,3633",2016
"1826,3634",2016
"1826,3635",2016
"1826,3636",2016
"1826,3637",2016
"1826,3638",2016
"1826,3639",2016
"1826,3640",2016
"1826,3641",2016
"1826,3642",2016
"1826,3643",2016
"1826,3644",2016
"1826,3645",2016
"1826,3646",2016
"1826,3647",2016
"1826,3651",2016
"1826,3652",2016
"1827,3618",2016
"1827,3619",2016
"1827,3620",2016
"1827,3621",2016
"1827,3622",2016
"1827,3623",2016
"1827,3624",2016
"1827,3625",2016
"1827,3626",2016
"1827,3627",2016
"1827,3628",2016
"1827,3629",2016
"1827,3630",2016
"1827,3631",2016
"1827,3632",2016
"1827,3633",2016
"1827,3634",2016
"1827,3635",2016
"1827,3636",2016
"1827,3637",2016
"1827,3638",2016
"1827,3639",2016
"1827,3640",2016
"1827,3641",2016
"1827,3642",2016
"1827,3643",2016
"1827,3644",2016
"1827,3645",2016
"1827,3646",2016
"1827,3647",2016
"1827,3649",2016
"1827,3650",2016
"1827,3651",2016
"1827,3652",2016
"1828,3618",2016
"1828,3619",2016
"1828,3620",2016
"1828,3621",2016
"1828,3622",2016
"1828,3623",2016
"1828,3624",2016
"1828,3625",2016
"1828,3626",2016
"1828,3627",2016
"1828,3628",2016
"1828,3629",2016
"1828,3630",2016
"1828,3631",2016
"1828,3632",2016
"1828,3633",2016
"1828,3634",2016
"1828,3635",2016
"1828,3636",2016
"1828,3637",2016
"1828,3638",2016
"1828,3639",2016
"1828,3640",2016
"1828,3641",2016
"1828,3642",2016
"1828,3643",2016
"1828,3644",2016
"1828,3645",2016
"1828,3646",2016
"1828,3648",2016
"1828,3649",2016
"1828,3650",2016
"1828,3651",2016
"1828,3652",2016
"1828,3653",2016
"1829,3618",2016
"1829,3619",2016
"1829,3620",2016
"1829,3621",2016
"1829,3622",2016
"1829,3623",2016
"1829,3624",2016
"1829,3625",2016
"1829,3626",2016
"1829,3627",2016
"1829,3628",2016
"1829,3629",2016
"1829,3630",2016
"1829,3631",2016
"1829,3632",2016
"1829,3633",2016
"1829,3634",2016
"1829,3635",2016
"1829,3636",2016
"1829,3637",2016
"1829,3638",2016
"1829,3639",2016
"1829,3640",2016
"1829,3641",2016
"1829,3642",2016
"1829,3643",2016
"1829,3644",2016
"1829,3648",2016
"1829,3649",2016
"1829,3650",2016
"1829,3651",2016
"1829,3652",2016
"1829,3653",2016
"1829,3654",2016
"1830,3618",2016
"1830,3619",2016
"1830,3620",2016
"1830,3621",2016
"1830,3622",2016
"1830,3623",2016
"1830,3624",2016
"1830,3625",2016
"1830,3626",2016
"1830,3627",2016
"1830,3628",2016
"1830,3629",2016
"1830,3630",2016
"1830,3631",2016
"1830,3632",2016
"1830,3633",2016
"1830,3634",2016
"1830,3635",2016
"1830,3636",2016
"1830,3637",2016
"1830,3638",2016
"1830,3639",2016
"1830,3640",2016
"1830,3641",2016
"1830,3642",2016
"1830,3643",2016
"1830,3644",2016
"1830,3645",2016
"1830,3646",2016
"1830,3647",2016
"1830,3648",2016
"1830,3649",2016
"1830,3650",2016
"1830,3651",2016
"1830,3652",2016
"1830,3653",2016
"1830,3654",2016
"1830,3655",2016
"1831,3618",2016
"1831,3619",2016
"1831,3620",2016
"1831,3621",2016
"1831,3622",2016
"1831,3623",2016
"1831,3624",2016
"1831,3625",2016
"1831,3626",2016
"1831,3627",2016
"1831,3628",2016
"1831,3629",2016
"1831,3630",2016
"1831,3631",2016
"1831,3632",2016
"1831,3633",2016
"1831,3634",2016
"1831,3635",2016
"1831,3636",2016
"1831,3637",2016
"1831,3638",2016
"1831,3639",2016
"1831,3640",2016
"1831,3641",2016
"1831,3642",2016
"1831,3643",2016
"1831,3644",2016
"1831,3645",2016
"1831,3646",2016
"1831,3647",2016
"1831,3648",2016
"1831,3649",2016
"1831,3650",2016
"1831,3651",2016
"1831,3652",2016
"1831,3653",2016
"1831,3654",2016
"1831,3655",2016
"1832,3615",2016
"1832,3616",2016
"1832,3617",2016
"1832,3618",2016
"1832,3619",2016
"1832,3620",2016
"1832,3621",2016
"1832,3622",2016
"1832,3623",2016
"1832,3624",2016
"1832,3625",2016
"1832,3626",2016
"1832,3627",2016
"1832,3628",2016
"1832,3629",2016
"1832,3630",2016
"1832,3631",2016
"1832,3632",2016
"1832,3633",2016
"1832,3634",2016
"1832,3635",2016
"1832,3636",2016
"1832,3637",2016
"1832,3638",2016
"1832,3639",2016
"1832,3640",2016
"1832,3641",2016
"1832,3642",2016
"1832,3643",2016
"1832,3644",2016
"1832,3645",2016
"1832,3646",2016
"1832,3647",2016
"1832,3648",2016
"1832,3649",2016
"1832,3650",2016
"1832,3651",2016
"1832,3652",2016
"1832,3653",2016
"1832,3654",2016
"1833,3614",2016
"1833,3615",2016
"1833,3616",2016
"1833,3617",2016
"1833,3618",2016
"1833,3619",2016
"1833,3620",2016
"1833,3621",2016
"1833,3622",2016
"1833,3623",2016
"1833,3624",2016
"1833,3625",2016
"1833,3626",2016
"1833,3627",2016
"1833,3628",2016
"1833,3629",2016
"1833,3630",2016
"1833,3631",2016
"1833,3632",2016
"1833,3633",2016
"1833,3634",2016
"1833,3635",2016
"1833,3636",2016
"1833,3637",2016
"1833,3638",2016
"1833,3639",2016
"1833,3640",2016
"1833,3641",2016
"1833,3642",2016
"1833,3643",2016
"1833,3644",2016
"1833,3645",2016
"1833,3646",2016
"1833,3647",2016
"1833,3648",2016
"1833,3649",2016
"1833,3650",2016
"1833,3651",2016
"1833,3652",2016
"1833,3653",2016
"1833,3654",2016
"1834,3614",2016
"1834,3615",2016
"1834,3616",2016
"1834,3617",2016
"1834,3618",2016
"1834,3619",2016
"1834,3620",2016
"1834,3621",2016
"1834,3622",2016
"1834,3623",2016
"1834,3624",2016
"1834,3625",2016
"1834,3626",2016
"1834,3627",2016
"1834,3628",2016
"1834,3629",2016
"1834,3630",2016
"1834,3631",2016
"1834,3632",2016
"1834,3633",2016
"1834,3634",2016
"1834,3635",2016
"1834,3636",2016
"1834,3637",2016
"1834,3638",2016
"1834,3639",2016
"1834,3640",2016
"1834,3641",2016
"1834,3642",2016
"1834,3643",2016
"1834,3644",2016
"1834,3645",2016
"1834,3646",2016
"1834,3647",2016
"1834,3648",2016
"1834,3649",2016
"1834,3650",2016
"1834,3651",2016
"1834,3652",2016
"1834,3653",2016
"1834,3654",2016
"1835,3614",2016
"1835,3615",2016
"1835,3616",2016
"1835,3617",2016
"1835,3618",2016
"1835,3619",2016
"1835,3620",2016
"1835,3621",2016
"1835,3622",2016
"1835,3623",2016
"1835,3624",2016
"1835,3625",2016
"1835,3626",2016
"1835,3627",2016
"1835,3628",2016
"1835,3629",2016
"1835,3630",2016
"1835,3631",2016
"1835,3632",2016
"1835,3633",2016
"1835,3634",2016
"1835,3635",2016
"1835,3636",2016
"1835,3637",2016
"1835,3638",2016
"1835,3639",2016
"1835,3640",2016
"1835,3641",2016
"1835,3642",2016
"1835,3643",2016
"1835,3644",2016
"1835,3645",2016
"1835,3646",2016
"1835,3647",2016
"1835,3648",2016
"1835,3649",2016
"1835,3650",2016
"1835,3651",2016
"1835,3652",2016
"1835,3653",2016
"1835,3654",2016
"1836,3614",2016
"1836,3615",2016
"1836,3616",2016
"1836,3617",2016
"1836,3618",2016
"1836,3619",2016
"1836,3620",2016
"1836,3621",2016
"1836,3622",2016
"1836,3623",2016
"1836,3624",2016
"1836,3625",2016
"1836,3626",2016
"1836,3627",2016
"1836,3628",2016
"1836,3629",2016
"1836,3630",2016
"1836,3631",2016
"1836,3632",2016
"1836,3633",2016
"1836,3634",2016
"1836,3635",2016
"1836,3636",2016
"1836,3637",2016
"1836,3638",2016
"1836,3639",2016
"1836,3640",2016
"1836,3641",2016
"1836,3642",2016
"1836,3643",2016
"1836,3644",2016
"1836,3645",2016
"1836,3646",2016
"1836,3647",2016
"1836,3648",2016
"1836,3649",2016
"1836,3650",2016
"1836,3651",2016
"1836,3652",2016
"1836,3653",2016
"1837,3614",2016
"1837,3615",2016
"1837,3616",2016
"1837,3617",2016
"1837,3618",2016
"1837,3619",2016
"1837,3620",2016
"1837,3621",2016
"1837,3622",2016
"1837,3623",2016
"1837,3624",2016
"1837,3625",2016
"1837,3626",2016
"1837,3627",2016
"1837,3628",2016
"1837,3629",2016
"1837,3630",2016
"1837,3631",2016
"1837,3632",2016
"1837,3633",2016
"1837,3634",2016
"1837,3635",2016
"1837,3636",2016
"1837,3637",2016
"1837,3638",2016
"1837,3639",2016
"1837,3640",2016
"1837,3641",2016
"1837,3642",2016
"1837,3643",2016
"1837,3644",2016
"1837,3645",2016
"1837,3646",2016
"1837,3647",2016
"1837,3648",2016
"1837,3649",2016
"1837,3650",2016
"1837,3651",2016
"1837,3652",2016
"1837,3653",2016
"1838,3614",2016
"1838,3615",2016
"1838,3616",2016
"1838,3617",2016
"1838,3618",2016
"1838,3619",2016
"1838,3620",2016
"1838,3621",2016
"1838,3622",2016
"1838,3623",2016
"1838,3624",2016
"1838,3625",2016
"1838,3626",2016
"1838,3627",2016
"1838,3628",2016
"1838,3629",2016
"1838,3630",2016
"1838,3631",2016
"1838,3632",2016
"1838,3633",2016
"1838,3634",2016
"1838,3635",2016
"1838,3636",2016
"1838,3637",2016
"1838,3638",2016
"1838,3639",2016
"1838,3640",2016
"1838,3641",2016
"1838,3642",2016
"1838,3643",2016
"1838,3644",2016
"1838,3645",2016
"1838,3646",2016
"1838,3647",2016
"1838,3648",2016
"1838,3649",2016
"1838,3650",2016
"1838,3651",2016
"1838,3652",2016
"1839,3614",2016
"1839,3615",2016
"1839,3616",2016
"1839,3617",2016
"1839,3618",2016
"1839,3619",2016
"1839,3620",2016
"1839,3621",2016
"1839,3622",2016
"1839,3623",2016
"1839,3624",2016
"1839,3625",2016
"1839,3626",2016
"1839,3627",2016
"1839,3628",2016
"1839,3629",2016
"1839,3630",2016
"1839,3631",2016
"1839,3632",2016
"1839,3633",2016
"1839,3634",2016
"1839,3635",2016
"1839,3636",2016
"1839,3637",2016
"1839,3638",2016
"1839,3639",2016
"1839,3640",2016
"1839,3641",2016
"1839,3642",2016
"1839,3643",2016
"1839,3644",2016
"1839,3645",2016
"1839,3646",2016
"1839,3647",2016
"1839,3648",2016
"1839,3649",2016
"1839,3650",2016
"1839,3651",2016
"1839,3652",2016
"1840,3614",2016
"1840,3615",2016
"1840,3616",2016
"1840,3617",2016
"1840,3618",2016
"1840,3619",2016
"1840,3620",2016
"1840,3621",2016
"1840,3622",2016
"1840,3623",2016
"1840,3624",2016
"1840,3625",2016
"1840,3626",2016
"1840,3627",2016
"1840,3628",2016
"1840,3629",2016
"1840,3630",2016
"1840,3631",2016
"1840,3632",2016
"1840,3633",2016
"1840,3634",2016
"1840,3635",2016
"1840,3636",2016
"1840,3637",2016
"1840,3638",2016
"1840,3639",2016
"1840,3640",2016
"1840,3641",2016
"1840,3642",2016
"1840,3643",2016
"1840,3644",2016
"1840,3645",2016
"1840,3646",2016
"1840,3647",2016
"1840,3648",2016
"1840,3649",2016
"1840,3650",2016
"1840,3651",2016
"1840,3652",2016
"1841,3614",2016
"1841,3615",2016
"1841,3616",2016
"1841,3617",2016
"1841,3618",2016
"1841,3619",2016
"1841,3620",2016
"1841,3621",2016
"1841,3622",2016
"1841,3623",2016
"1841,3624",2016
"1841,3625",2016
"1841,3626",2016
"1841,3627",2016
"1841,3628",2016
"1841,3629",2016
"1841,3630",2016
"1841,3631",2016
"1841,3632",2016
"1841,3633",2016
"1841,3634",2016
"1841,3635",2016
"1841,3636",2016
"1841,3637",2016
"1841,3638",2016
"1841,3639",2016
"1841,3640",2016
"1841,3641",2016
"1841,3642",2016
"1841,3643",2016
"1841,3644",2016
"1841,3645",2016
"1841,3646",2016
"1841,3647",2016
"1841,3648",2016
"1841,3649",2016
"1841,3650",2016
"1841,3651",2016
"1841,3652",2016
"1842,3614",2016
"1842,3615",2016
"1842,3616",2016
"1842,3617",2016
"1842,3618",2016
"1842,3619",2016
"1842,3620",2016
"1842,3621",2016
"1842,3622",2016
"1842,3623",2016
"1842,3624",2016
"1842,3625",2016
"1842,3626",2016
"1842,3627",2016
"1842,3628",2016
"1842,3629",2016
"1842,3630",2016
"1842,3631",2016
"1842,3632",2016
"1842,3633",2016
"1842,3634",2016
"1842,3635",2016
"1842,3636",2016
"1842,3637",2016
"1842,3638",2016
"1842,3639",2016
"1842,3640",2016
"1842,3641",2016
"1842,3642",2016
"1842,3643",2016
"1842,3644",2016
"1842,3645",2016
"1842,3646",2016
"1842,3647",2016
"1842,3648",2016
"1842,3649",2016
"1842,3650",2016
"1842,3651",2016
"1842,3652",2016
"1842,3653",2016
"1843,3613",2016
"1843,3614",2016
"1843,3615",2016
"1843,3616",2016
"1843,3617",2016
"1843,3618",2016
"1843,3619",2016
"1843,3620",2016
"1843,3621",2016
"1843,3622",2016
"1843,3623",2016
"1843,3624",2016
"1843,3625",2016
"1843,3626",2016
"1843,3627",2016
"1843,3628",2016
"1843,3629",2016
"1843,3630",2016
"1843,3631",2016
"1843,3632",2016
"1843,3633",2016
"1843,3634",2016
"1843,3635",2016
"1843,3636",2016
"1843,3637",2016
"1843,3638",2016
"1843,3639",2016
"1843,3640",2016
"1843,3641",2016
"1843,3642",2016
"1843,3643",2016
"1843,3644",2016
"1843,3645",2016
"1843,3646",2016
"1843,3647",2016
"1843,3648",2016
"1843,3649",2016
"1843,3650",2016
"1843,3651",2016
"1843,3652",2016
"1843,3653",2016
"1844,3613",2016
"1844,3614",2016
"1844,3615",2016
"1844,3616",2016
"1844,3617",2016
"1844,3618",2016
"1844,3619",2016
"1844,3620",2016
"1844,3621",2016
"1844,3622",2016
"1844,3623",2016
"1844,3624",2016
"1844,3625",2016
"1844,3626",2016
"1844,3627",2016
"1844,3628",2016
"1844,3629",2016
"1844,3630",2016
"1844,3631",2016
"1844,3632",2016
"1844,3633",2016
"1844,3634",2016
"1844,3635",2016
"1844,3636",2016
"1844,3637",2016
"1844,3638",2016
"1844,3639",2016
"1844,3640",2016
"1844,3641",2016
"1844,3642",2016
"1844,3643",2016
"1844,3644",2016
"1844,3645",2016
"1844,3646",2016
"1844,3647",2016
"1844,3648",2016
"1844,3649",2016
"1844,3650",2016
"1844,3651",2016
"1844,3652",2016
"1844,3653",2016
"1845,3613",2016
"1845,3614",2016
"1845,3615",2016
"1845,3616",2016
"1845,3617",2016
"1845,3618",2016
"1845,3619",2016
"1845,3620",2016
"1845,3621",2016
"1845,3622",2016
"1845,3623",2016
"1845,3624",2016
"1845,3625",2016
"1845,3626",2016
"1845,3627",2016
"1845,3628",2016
"1845,3629",2016
"1845,3630",2016
"1845,3631",2016
"1845,3632",2016
"1845,3633",2016
"1845,3634",2016
"1845,3635",2016
"1845,3636",2016
"1845,3637",2016
"1845,3638",2016
"1845,3639",2016
"1845,3640",2016
"1845,3641",2016
"1845,3642",2016
"1845,3643",2016
"1845,3644",2016
"1845,3645",2016
"1845,3646",2016
"1845,3647",2016
"1845,3648",2016
"1845,3649",2016
"1845,3650",2016
"1845,3651",2016
"1845,3652",2016
"1846,3612",2016
"1846,3613",2016
"1846,3614",2016
"1846,3615",2016
"1846,3616",2016
"1846,3617",2016
"1846,3618",2016
"1846,3619",2016
"1846,3620",2016
"1846,3621",2016
"1846,3622",2016
"1846,3623",2016
"1846,3624",2016
"1846,3625",2016
"1846,3626",2016
"1846,3627",2016
"1846,3628",2016
"1846,3629",2016
"1846,3630",2016
"1846,3631",2016
"1846,3632",2016
"1846,3633",2016
"1846,3634",2016
"1846,3635",2016
"1846,3636",2016
"1846,3637",2016
"1846,3638",2016
"1846,3639",2016
"1846,3640",2016
"1846,3641",2016
"1846,3642",2016
"1846,3643",2016
"1846,3644",2016
"1846,3645",2016
"1846,3646",2016
"1846,3647",2016
"1846,3648",2016
"1846,3649",2016
"1846,3650",2016
"1846,3651",2016
"1846,3652",2016
"1847,3610",2016
"1847,3611",2016
"1847,3612",2016
"1847,3613",2016
"1847,3614",2016
"1847,3615",2016
"1847,3616",2016
"1847,3617",2016
"1847,3618",2016
"1847,3619",2016
"1847,3620",2016
"1847,3621",2016
"1847,3622",2016
"1847,3623",2016
"1847,3624",2016
"1847,3625",2016
"1847,3626",2016
"1847,3627",2016
"1847,3628",2016
"1847,3629",2016
"1847,3630",2016
"1847,3631",2016
"1847,3632",2016
"1847,3633",2016
"1847,3634",2016
"1847,3635",2016
"1847,3636",2016
"1847,3637",2016
"1847,3638",2016
"1847,3639",2016
"1847,3640",2016
"1847,3641",2016
"1847,3642",2016
"1847,3643",2016
"1847,3644",2016
"1847,3645",2016
"1847,3646",2016
"1847,3647",2016
"1847,3648",2016
"1847,3649",2016
"1847,3650",2016
"1847,3651",2016
"1848,3610",2016
"1848,3611",2016
"1848,3612",2016
"1848,3613",2016
"1848,3614",2016
"1848,3615",2016
"1848,3616",2016
"1848,3617",2016
"1848,3618",2016
"1848,3619",2016
"1848,3620",2016
"1848,3621",2016
"1848,3622",2016
"1848,3623",2016
"1848,3624",2016
"1848,3625",2016
"1848,3626",2016
"1848,3627",2016
"1848,3628",2016
"1848,3629",2016
"1848,3630",2016
"1848,3631",2016
"1848,3632",2016
"1848,3633",2016
"1848,3634",2016
"1848,3635",2016
"1848,3636",2016
"1848,3637",2016
"1848,3638",2016
"1848,3639",2016
"1848,3640",2016
"1848,3641",2016
"1848,3642",2016
"1848,3643",2016
"1848,3644",2016
"1848,3645",2016
"1848,3646",2016
"1848,3647",2016
"1848,3648",2016
"1848,3649",2016
"1848,3650",2016
"1848,3651",2016
"1848,3652",2016
"1848,3653",2016
"1849,3610",2016
"1849,3611",2016
"1849,3612",2016
"1849,3613",2016
"1849,3614",2016
"1849,3615",2016
"1849,3616",2016
"1849,3617",2016
"1849,3618",2016
"1849,3619",2016
"1849,3620",2016
"1849,3621",2016
"1849,3622",2016
"1849,3623",2016
"1849,3624",2016
"1849,3625",2016
"1849,3626",2016
"1849,3627",2016
"1849,3628",2016
"1849,3629",2016
"1849,3630",2016
"1849,3631",2016
"1849,3632",2016
"1849,3633",2016
"1849,3634",2016
"1849,3635",2016
"1849,3636",2016
"1849,3637",2016
"1849,3638",2016
"1849,3639",2016
"1849,3640",2016
"1849,3641",2016
"1849,3642",2016
"1849,3643",2016
"1849,3644",2016
"1849,3645",2016
"1849,3646",2016
"1849,3647",2016
"1849,3648",2016
"1849,3649",2016
"1849,3650",2016
"1849,3651",2016
"1849,3652",2016
"1849,3653",2016
"1849,3654",2016
"1850,3610",2016
"1850,3611",2016
"1850,3612",2016
"1850,3613",2016
"1850,3614",2016
"1850,3615",2016
"1850,3616",2016
"1850,3617",2016
"1850,3618",2016
"1850,3619",2016
"1850,3620",2016
"1850,3621",2016
"1850,3622",2016
"1850,3623",2016
"1850,3624",2016
"1850,3625",2016
"1850,3626",2016
"1850,3627",2016
"1850,3628",2016
"1850,3629",2016
"1850,3630",2016
"1850,3631",2016
"1850,3632",2016
"1850,3633",2016
"1850,3634",2016
"1850,3635",2016
"1850,3636",2016
"1850,3637",2016
"1850,3638",2016
"1850,3639",2016
"1850,3640",2016
"1850,3641",2016
"1850,3642",2016
"1850,3643",2016
"1850,3644",2016
"1850,3645",2016
"1850,3646",2016
"1850,3647",2016
"1850,3648",2016
"1850,3649",2016
"1850,3650",2016
"1850,3651",2016
"1850,3652",2016
"1850,3653",2016
"1850,3654",2016
"1850,3655",2016
"1851,3611",2016
"1851,3612",2016
"1851,3613",2016
"1851,3614",2016
"1851,3615",2016
"1851,3616",2016
"1851,3617",2016
"1851,3618",2016
"1851,3619",2016
"1851,3620",2016
"1851,3621",2016
"1851,3622",2016
"1851,3623",2016
"1851,3624",2016
"1851,3625",2016
"1851,3626",2016
"1851,3627",2016
"1851,3628",2016
"1851,3629",2016
"1851,3630",2016
"1851,3631",2016
"1851,3632",2016
"1851,3633",2016
"1851,3634",2016
"1851,3635",2016
"1851,3636",2016
"1851,3637",2016
"1851,3638",2016
"1851,3639",2016
"1851,3640",2016
"1851,3641",2016
"1851,3642",2016
"1851,3643",2016
"1851,3644",2016
"1851,3645",2016
"1851,3646",2016
"1851,3647",2016
"1851,3648",2016
"1851,3649",2016
"1851,3650",2016
"1851,3651",2016
"1851,3652",2016
"1851,3653",2016
"1851,3654",2016
"1851,3655",2016
"1852,3611",2016
"1852,3612",2016
"1852,3613",2016
"1852,3614",2016
"1852,3615",2016
"1852,3616",2016
"1852,3617",2016
"1852,3618",2016
"1852,3619",2016
"1852,3620",2016
"1852,3621",2016
"1852,3622",2016
"1852,3623",2016
"1852,3624",2016
"1852,3625",2016
"1852,3626",2016
"1852,3627",2016
"1852,3628",2016
"1852,3629",2016
"1852,3630",2016
"1852,3631",2016
"1852,3632",2016
"1852,3633",2016
"1852,3634",2016
"1852,3635",2016
"1852,3636",2016
"1852,3637",2016
"1852,3638",2016
"1852,3639",2016
"1852,3640",2016
"1852,3641",2016
"1852,3642",2016
"1852,3643",2016
"1852,3644",2016
"1852,3645",2016
"1852,3646",2016
"1852,3647",2016
"1852,3648",2016
"1852,3649",2016
"1852,3650",2016
"1852,3651",2016
"1852,3652",2016
"1852,3653",2016
"1852,3654",2016
"1852,3655",2016
"1853,3611",2016
"1853,3612",2016
"1853,3613",2016
"1853,3614",2016
"1853,3615",2016
"1853,3616",2016
"1853,3617",2016
"1853,3618",2016
"1853,3619",2016
"1853,3620",2016
"1853,3621",2016
"1853,3622",2016
"1853,3623",2016
"1853,3624",2016
"1853,3625",2016
"1853,3626",2016
"1853,3627",2016
"1853,3628",2016
"1853,3629",2016
"1853,3630",2016
"1853,3631",2016
"1853,3632",2016
"1853,3633",2016
"1853,3634",2016
"1853,3635",2016
"1853,3636",2016
"1853,3637",2016
"1853,3638",2016
"1853,3639",2016
"1853,3640",2016
"1853,3641",2016
"1853,3642",2016
"1853,3643",2016
"1853,3644",2016
"1853,3645",2016
"1853,3646",2016
"1853,3647",2016
"1853,3648",2016
"1853,3649",2016
"1853,3650",2016
"1853,3651",2016
"1853,3652",2016
"1853,3653",2016
"1853,3654",2016
"1853,3655",2016
"1854,3611",2016
"1854,3612",2016
"1854,3613",2016
"1854,3614",2016
"1854,3615",2016
"1854,3616",2016
"1854,3617",2016
"1854,3618",2016
"1854,3619",2016
"1854,3620",2016
"1854,3621",2016
"1854,3622",2016
"1854,3623",2016
"1854,3624",2016
"1854,3625",2016
"1854,3626",2016
"1854,3627",2016
"1854,3628",2016
"1854,3629",2016
"1854,3630",2016
"1854,3631",2016
"1854,3632",2016
"1854,3633",2016
"1854,3634",2016
"1854,3635",2016
"1854,3636",2016
"1854,3637",2016
"1854,3638",2016
"1854,3639",2016
"1854,3640",2016
"1854,3641",2016
"1854,3642",2016
"1854,3643",2016
"1854,3644",2016
"1854,3645",2016
"1854,3646",2016
"1854,3647",2016
"1854,3648",2016
"1854,3649",2016
"1854,3650",2016
"1854,3651",2016
"1854,3652",2016
"1854,3653",2016
"1854,3654",2016
"1854,3655",2016
"1855,3612",2016
"1855,3613",2016
"1855,3614",2016
"1855,3615",2016
"1855,3616",2016
"1855,3617",2016
"1855,3618",2016
"1855,3619",2016
"1855,3620",2016
"1855,3621",2016
"1855,3622",2016
"1855,3623",2016
"1855,3624",2016
"1855,3625",2016
"1855,3626",2016
"1855,3627",2016
"1855,3628",2016
"1855,3629",2016
"1855,3630",2016
"1855,3631",2016
"1855,3632",2016
"1855,3633",2016
"1855,3634",2016
"1855,3635",2016
"1855,3636",2016
"1855,3637",2016
"1855,3638",2016
"1855,3639",2016
"1855,3640",2016
"1855,3641",2016
"1855,3642",2016
"1855,3643",2016
"1855,3644",2016
"1855,3645",2016
"1855,3646",2016
"1855,3647",2016
"1855,3648",2016
"1855,3649",2016
"1855,3650",2016
"1855,3651",2016
"1855,3652",2016
"1855,3653",2016
"1855,3654",2016
"1855,3655",2016
"1856,3612",2016
"1856,3613",2016
"1856,3614",2016
"1856,3615",2016
"1856,3616",2016
"1856,3617",2016
"1856,3618",2016
"1856,3619",2016
"1856,3620",2016
"1856,3621",2016
"1856,3622",2016
"1856,3623",2016
"1856,3624",2016
"1856,3625",2016
"1856,3626",2016
"1856,3627",2016
"1856,3628",2016
"1856,3629",2016
"1856,3630",2016
"1856,3631",2016
"1856,3632",2016
"1856,3633",2016
"1856,3634",2016
"1856,3635",2016
"1856,3636",2016
"1856,3637",2016
"1856,3638",2016
"1856,3639",2016
"1856,3640",2016
"1856,3641",2016
"1856,3642",2016
"1856,3643",2016
"1856,3644",2016
"1856,3645",2016
"1856,3646",2016
"1856,3647",2016
"1856,3648",2016
"1856,3649",2016
"1856,3650",2016
"1856,3651",2016
"1856,3652",2016
"1856,3653",2016
"1856,3654",2016
"1856,3655",2016
"1857,3612",2016
"1857,3613",2016
"1857,3614",2016
"1857,3615",2016
"1857,3616",2016
"1857,3617",2016
"1857,3618",2016
"1857,3619",2016
"1857,3620",2016
"1857,3621",2016
"1857,3622",2016
"1857,3623",2016
"1857,3624",2016
"1857,3625",2016
"1857,3626",2016
"1857,3627",2016
"1857,3628",2016
"1857,3629",2016
"1857,3630",2016
"1857,3631",2016
"1857,3632",2016
"1857,3633",2016
"1857,3634",2016
"1857,3635",2016
"1857,3636",2016
"1857,3637",2016
"1857,3638",2016
"1857,3639",2016
"1857,3640",2016
"1857,3641",2016
"1857,3642",2016
"1857,3643",2016
"1857,3644",2016
"1857,3645",2016
"1857,3646",2016
"1857,3647",2016
"1857,3648",2016
"1857,3649",2016
"1857,3650",2016
"1857,3651",2016
"1857,3652",2016
"1857,3653",2016
"1857,3654",2016
"1857,3655",2016
"1858,3613",2016
"1858,3614",2016
"1858,3620",2016
"1858,3621",2016
"1858,3622",2016
"1858,3623",2016
"1858,3624",2016
"1858,3625",2016
"1858,3626",2016
"1858,3627",2016
"1858,3628",2016
"1858,3629",2016
"1858,3630",2016
"1858,3631",2016
"1858,3632",2016
"1858,3633",2016
"1858,3634",2016
"1858,3635",2016
"1858,3636",2016
"1858,3637",2016
"1858,3638",2016
"1858,3639",2016
"1858,3640",2016
"1858,3641",2016
"1858,3642",2016
"1858,3643",2016
"1858,3644",2016
"1858,3645",2016
"1858,3646",2016
"1858,3647",2016
"1858,3648",2016
"1858,3649",2016
"1858,3650",2016
"1858,3651",2016
"1858,3652",2016
"1858,3653",2016
"1858,3654",2016
"1858,3655",2016
"1858,3656",2016
"1859,3622",2016
"1859,3623",2016
"1859,3624",2016
"1859,3625",2016
"1859,3626",2016
"1859,3627",2016
"1859,3628",2016
"1859,3629",2016
"1859,3630",2016
"1859,3631",2016
"1859,3632",2016
"1859,3633",2016
"1859,3634",2016
"1859,3635",2016
"1859,3636",2016
"1859,3637",2016
"1859,3638",2016
"1859,3639",2016
"1859,3640",2016
"1859,3641",2016
"1859,3642",2016
"1859,3643",2016
"1859,3644",2016
"1859,3645",2016
"1859,3646",2016
"1859,3647",2016
"1859,3648",2016
"1859,3649",2016
"1859,3650",2016
"1859,3651",2016
"1859,3652",2016
"1859,3653",2016
"1859,3654",2016
"1859,3655",2016
"1859,3656",2016
"1860,3624",2016
"1860,3625",2016
"1860,3626",2016
"1860,3627",2016
"1860,3628",2016
"1860,3629",2016
"1860,3630",2016
"1860,3631",2016
"1860,3632",2016
"1860,3633",2016
"1860,3634",2016
"1860,3635",2016
"1860,3636",2016
"1860,3637",2016
"1860,3638",2016
"1860,3639",2016
"1860,3640",2016
"1860,3641",2016
"1860,3642",2016
"1860,3643",2016
"1860,3644",2016
"1860,3645",2016
"1860,3646",2016
"1860,3647",2016
"1860,3648",2016
"1860,3649",2016
"1860,3650",2016
"1860,3651",2016
"1860,3652",2016
"1860,3653",2016
"1860,3654",2016
"1860,3655",2016
"1860,3656",2016
"1861,3625",2016
"1861,3626",2016
"1861,3627",2016
"1861,3628",2016
"1861,3629",2016
"1861,3630",2016
"1861,3631",2016
"1861,3632",2016
"1861,3633",2016
"1861,3634",2016
"1861,3635",2016
"1861,3636",2016
"1861,3637",2016
"1861,3638",2016
"1861,3639",2016
"1861,3640",2016
"1861,3641",2016
"1861,3642",2016
"1861,3643",2016
"1861,3644",2016
"1861,3645",2016
"1861,3646",2016
"1861,3647",2016
"1861,3648",2016
"1861,3649",2016
"1861,3650",2016
"1861,3651",2016
"1861,3652",2016
"1861,3653",2016
"1861,3654",2016
"1861,3655",2016
"1861,3656",2016
"1861,3657",2016
"1862,3627",2016
"1862,3628",2016
"1862,3629",2016
"1862,3630",2016
"1862,3631",2016
"1862,3632",2016
"1862,3633",2016
"1862,3634",2016
"1862,3635",2016
"1862,3636",2016
"1862,3637",2016
"1862,3638",2016
"1862,3639",2016
"1862,3640",2016
"1862,3641",2016
"1862,3642",2016
"1862,3643",2016
"1862,3644",2016
"1862,3645",2016
"1862,3646",2016
"1862,3647",2016
"1862,3648",2016
"1862,3649",2016
"1862,3650",2016
"1862,3651",2016
"1862,3652",2016
"1862,3653",2016
"1862,3654",2016
"1862,3655",2016
"1862,3656",2016
"1862,3657",2016
"1863,3628",2016
"1863,3629",2016
"1863,3630",2016
"1863,3631",2016
"1863,3632",2016
"1863,3633",2016
"1863,3634",2016
"1863,3635",2016
"1863,3636",2016
"1863,3637",2016
"1863,3638",2016
"1863,3639",2016
"1863,3640",2016
"1863,3641",2016
"1863,3642",2016
"1863,3643",2016
"1863,3644",2016
"1863,3645",2016
"1863,3646",2016
"1863,3647",2016
"1863,3648",2016
"1863,3649",2016
"1863,3650",2016
"1863,3651",2016
"1864,3628",2016
"1864,3629",2016
"1864,3630",2016
"1864,3631",2016
"1864,3632",2016
"1864,3633",2016
"1864,3634",2016
"1864,3635",2016
"1864,3636",2016
"1864,3637",2016
"1864,3638",2016
"1864,3639",2016
"1864,3640",2016
"1864,3641",2016
"1864,3642",2016
"1864,3643",2016
"1864,3644",2016
"1864,3645",2016
"1864,3646",2016
"1864,3647",2016
"1864,3648",2016
"1864,3649",2016
"1864,3650",2016
"1865,3626",2016
"1865,3627",2016
"1865,3628",2016
"1865,3629",2016
"1865,3630",2016
"1865,3631",2016
"1865,3632",2016
"1865,3633",2016
"1865,3634",2016
"1865,3635",2016
"1865,3636",2016
"1865,3637",2016
"1865,3638",2016
"1865,3639",2016
"1865,3640",2016
"1865,3641",2016
"1865,3642",2016
"1865,3643",2016
"1865,3644",2016
"1865,3645",2016
"1865,3646",2016
"1866,3622",2016
"1866,3623",2016
"1866,3624",2016
"1866,3625",2016
"1866,3626",2016
"1866,3627",2016
"1866,3628",2016
"1866,3629",2016
"1866,3630",2016
"1866,3631",2016
"1866,3632",2016
"1866,3633",2016
"1866,3634",2016
"1866,3635",2016
"1866,3636",2016
"1866,3637",2016
"1866,3638",2016
"1866,3639",2016
"1866,3640",2016
"1866,3641",2016
"1866,3642",2016
"1866,3643",2016
"1866,3644",2016
"1866,3645",2016
"1867,3622",2016
"1867,3623",2016
"1867,3624",2016
"1867,3625",2016
"1867,3626",2016
"1867,3627",2016
"1867,3628",2016
"1867,3629",2016
"1867,3630",2016
"1867,3631",2016
"1867,3632",2016
"1867,3633",2016
"1867,3634",2016
"1867,3635",2016
"1867,3636",2016
"1867,3637",2016
"1867,3638",2016
"1867,3639",2016
"1867,3640",2016
"1867,3641",2016
"1867,3642",2016
"1867,3643",2016
"1867,3644",2016
"1867,3645",2016
"1868,3622",2016
"1868,3623",2016
"1868,3624",2016
"1868,3625",2016
"1868,3626",2016
"1868,3627",2016
"1868,3628",2016
"1868,3629",2016
"1868,3630",2016
"1868,3631",2016
"1868,3632",2016
"1868,3633",2016
"1868,3634",2016
"1868,3635",2016
"1868,3636",2016
"1868,3637",2016
"1868,3638",2016
"1868,3639",2016
"1868,3640",2016
"1868,3641",2016
"1868,3642",2016
"1868,3643",2016
"1868,3644",2016
"1868,3645",2016
"1869,3622",2016
"1869,3623",2016
"1869,3624",2016
"1869,3625",2016
"1869,3626",2016
"1869,3627",2016
"1869,3628",2016
"1869,3629",2016
"1869,3630",2016
"1869,3631",2016
"1869,3632",2016
"1869,3633",2016
"1869,3634",2016
"1869,3635",2016
"1869,3636",2016
"1869,3637",2016
"1869,3638",2016
"1869,3639",2016
"1869,3640",2016
"1869,3641",2016
"1869,3642",2016
"1869,3643",2016
"1869,3644",2016
"1869,3645",2016
"1870,3623",2016
"1870,3624",2016
"1870,3625",2016
"1870,3626",2016
"1870,3627",2016
"1870,3628",2016
"1870,3629",2016
"1870,3630",2016
"1870,3631",2016
"1870,3632",2016
"1870,3633",2016
"1870,3634",2016
"1870,3635",2016
"1870,3636",2016
"1870,3637",2016
"1870,3638",2016
"1870,3639",2016
"1870,3640",2016
"1870,3641",2016
"1870,3642",2016
"1870,3643",2016
"1870,3644",2016
"1870,3645",2016
"1871,3622",2016
"1871,3623",2016
"1871,3624",2016
"1871,3625",2016
"1871,3626",2016
"1871,3627",2016
"1871,3628",2016
"1871,3629",2016
"1871,3630",2016
"1871,3631",2016
"1871,3632",2016
"1871,3633",2016
"1871,3634",2016
"1871,3635",2016
"1871,3636",2016
"1871,3637",2016
"1871,3638",2016
"1871,3639",2016
"1871,3640",2016
"1871,3641",2016
"1871,3642",2016
"1871,3643",2016
"1871,3644",2016
"1872,3622",2016
"1872,3623",2016
"1872,3624",2016
"1872,3625",2016
"1872,3626",2016
"1872,3627",2016
"1872,3628",2016
"1872,3629",2016
"1872,3630",2016
"1872,3631",2016
"1872,3632",2016
"1872,3633",2016
"1872,3634",2016
"1872,3635",2016
"1872,3636",2016
"1872,3637",2016
"1872,3638",2016
"1872,3639",2016
"1872,3640",2016
"1872,3641",2016
"1872,3642",2016
"1872,3643",2016
"1872,3644",2016
"1873,3621",2016
"1873,3622",2016
"1873,3623",2016
"1873,3624",2016
"1873,3625",2016
"1873,3626",2016
"1873,3627",2016
"1873,3628",2016
"1873,3629",2016
"1873,3630",2016
"1873,3631",2016
"1873,3632",2016
"1873,3633",2016
"1873,3634",2016
"1873,3635",2016
"1873,3636",2016
"1873,3637",2016
"1873,3638",2016
"1873,3639",2016
"1873,3640",2016
"1873,3641",2016
"1873,3642",2016
"1873,3643",2016
"1874,3622",2016
"1874,3623",2016
"1874,3624",2016
"1874,3625",2016
"1874,3626",2016
"1874,3633",2016
"1874,3634",2016
"1874,3636",2016
"1874,3637",2016
"1874,3638",2016
"1874,3639",2016
"1874,3640",2016
"1874,3641",2016
"1874,3642",2016
"1874,3643",2016
"1875,3622",2016
"1875,3623",2016
"1875,3624",2016
"1875,3639",2016
"1875,3640",2016
"1875,3641",2016
"1875,3642",2016
"1876,3622",2016
"1876,3623",2016
"1876,3638",2016
"1876,3639",2016
"1876,3640",2016
"1876,3641",2016
"1876,3642",2016
"1877,3638",2016
"1877,3639",2016
"1877,3640",2016
"1877,3641",2016
"1878,3639",2016
"1878,3640",2016
"1802,3639",2017
"1803,3638",2017
"1803,3639",2017
"1803,3640",2017
"1804,3636",2017
"1804,3637",2017
"1804,3638",2017
"1804,3639",2017
"1804,3640",2017
"1805,3634",2017
"1805,3635",2017
"1805,3636",2017
"1805,3637",2017
"1805,3638",2017
"1805,3639",2017
"1805,3640",2017
"1805,3641",2017
"1806,3633",2017
"1806,3634",2017
"1806,3635",2017
"1806,3636",2017
"1806,3637",2017
"1806,3638",2017
"1806,3639",2017
"1806,3640",2017
"1806,3641",2017
"1807,3631",2017
"1807,3632",2017
"1807,3633",2017
"1807,3634",2017
"1807,3635",2017
"1807,3636",2017
"1807,3637",2017
"1807,3638",2017
"1807,3639",2017
"1807,3640",2017
"1807,3641",2017
"1808,3630",2017
"1808,3631",2017
"1808,3632",2017
"1808,3633",2017
"1808,3634",2017
"1808,3635",2017
"1808,3636",2017
"1808,3637",2017
"1808,3638",2017
"1808,3639",2017
"1808,3640",2017
"1808,3641",2017
"1809,3628",2017
"1809,3629",2017
"1809,3630",2017
"1809,3631",2017
"1809,3632",2017
"1809,3633",2017
"1809,3634",2017
"1809,3635",2017
"1809,3636",2017
"1809,3637",2017
"1809,3638",2017
"1809,3639",2017
"1809,3640",2017
"1809,3641",2017
"1809,3642",2017
"1810,3627",2017
"1810,3628",2017
"1810,3629",2017
"1810,3630",2017
"1810,3631",2017
"1810,3632",2017
"1810,3633",2017
"1810,3634",2017
"1810,3635",2017
"1810,3636",2017
"1810,3637",2017
"1810,3638",2017
"1810,3639",2017
"1810,3640",2017
"1810,3641",2017
"1810,3642",2017
"1810,3643",2017
"1811,3627",2017
"1811,3628",2017
"1811,3629",2017
"1811,3630",2017
"1811,3631",2017
"1811,3632",2017
"1811,3633",2017
"1811,3634",2017
"1811,3635",2017
"1811,3636",2017
"1811,3637",2017
"1811,3638",2017
"1811,3639",2017
"1811,3640",2017
"1811,3641",2017
"1811,3642",2017
"1811,3643",2017
"1811,3644",2017
"1812,3626",2017
"1812,3627",2017
"1812,3628",2017
"1812,3629",2017
"1812,3630",2017
"1812,3631",2017
"1812,3632",2017
"1812,3633",2017
"1812,3634",2017
"1812,3635",2017
"1812,3636",2017
"1812,3637",2017
"1812,3638",2017
"1812,3639",2017
"1812,3640",2017
"1812,3641",2017
"1812,3642",2017
"1812,3643",2017
"1812,3644",2017
"1813,3624",2017
"1813,3625",2017
"1813,3626",2017
"1813,3627",2017
"1813,3628",2017
"1813,3629",2017
"1813,3630",2017
"1813,3631",2017
"1813,3632",2017
"1813,3633",2017
"1813,3634",2017
"1813,3635",2017
"1813,3636",2017
"1813,3637",2017
"1813,3638",2017
"1813,3639",2017
"1813,3640",2017
"1813,3641",2017
"1813,3642",2017
"1813,3643",2017
"1813,3644",2017
"1814,3623",2017
"1814,3624",2017
"1814,3625",2017
"1814,3626",2017
"1814,3627",2017
"1814,3628",2017
"1814,3629",2017
"1814,3630",2017
"1814,3631",2017
"1814,3632",2017
"1814,3633",2017
"1814,3634",2017
"1814,3635",2017
"1814,3636",2017
"1814,3637",2017
"1814,3638",2017
"1814,3639",2017
"1814,3640",2017
"1814,3641",2017
"1814,3642",2017
"1814,3643",2017
"1814,3644",2017
"1815,3621",2017
"1815,3622",2017
"1815,3623",2017
"1815,3624",2017
"1815,3625",2017
"1815,3626",2017
"1815,3627",2017
"1815,3628",2017
"1815,3629",2017
"1815,3630",2017
"1815,3631",2017
"1815,3632",2017
"1815,3633",2017
"1815,3634",2017
"1815,3635",2017
"1815,3636",2017
"1815,3637",2017
"1815,3638",2017
"1815,3639",2017
"1815,3640",2017
"1815,3641",2017
"1815,3642",2017
"1815,3643",2017
"1815,3644",2017
"1816,3620",2017
"1816,3621",2017
"1816,3622",2017
"1816,3623",2017
"1816,3624",2017
"1816,3625",2017
"1816,3626",2017
"1816,3627",2017
"1816,3628",2017
"1816,3629",2017
"1816,3630",2017
"1816,3631",2017
"1816,3632",2017
"1816,3633",2017
"1816,3634",2017
"1816,3635",2017
"1816,3636",2017
"1816,3637",2017
"1816,3638",2017
"1816,3639",2017
"1816,3640",2017
"1816,3641",2017
"1816,3642",2017
"1816,3643",2017
"1816,3644",2017
"1817,3620",2017
"1817,3621",2017
"1817,3622",2017
"1817,3623",2017
"1817,3624",2017
"1817,3625",2017
"1817,3626",2017
"1817,3627",2017
"1817,3628",2017
"1817,3629",2017
"1817,3630",2017
"1817,3631",2017
"1817,3632",2017
"1817,3633",2017
"1817,3634",2017
"1817,3635",2017
"1817,3636",2017
"1817,3637",2017
"1817,3638",2017
"1817,3639",2017
"1817,3640",2017
"1817,3641",2017
"1817,3642",2017
"1817,3643",2017
"1817,3644",2017
"1818,3619",2017
"1818,3620",2017
"1818,3621",2017
"1818,3622",2017
"1818,3623",2017
"1818,3624",2017
"1818,3625",2017
"1818,3626",2017
"1818,3627",2017
"1818,3628",2017
"1818,3629",2017
"1818,3630",2017
"1818,3631",2017
"1818,3632",2017
"1818,3633",2017
"1818,3634",2017
"1818,3635",2017
"1818,3636",2017
"1818,3637",2017
"1818,3638",2017
"1818,3639",2017
"1818,3640",2017
"1818,3641",2017
"1818,3642",2017
"1818,3643",2017
"1819,3619",2017
"1819,3620",2017
"1819,3621",2017
"1819,3622",2017
"1819,3623",2017
"1819,3624",2017
"1819,3625",2017
"1819,3626",2017
"1819,3627",2017
"1819,3628",2017
"1819,3629",2017
"1819,3630",2017
"1819,3631",2017
"1819,3632",2017
"1819,3633",2017
"1819,3634",2017
"1819,3635",2017
"1819,3636",2017
"1819,3637",2017
"1819,3638",2017
"1819,3639",2017
"1819,3640",2017
"1819,3641",2017
"1819,3642",2017
"1819,3643",2017
"1820,3619",2017
"1820,3620",2017
"1820,3621",2017
"1820,3622",2017
"1820,3623",2017
"1820,3624",2017
"1820,3625",2017
"1820,3626",2017
"1820,3627",2017
"1820,3628",2017
"1820,3629",2017
"1820,3630",2017
"1820,3631",2017
"1820,3632",2017
"1820,3633",2017
"1820,3634",2017
"1820,3635",2017
"1820,3636",2017
"1820,3637",2017
"1820,3638",2017
"1820,3639",2017
"1820,3640",2017
"1820,3641",2017
"1821,3621",2017
"1821,3622",2017
"1821,3623",2017
"1821,3624",2017
"1821,3625",2017
"1821,3626",2017
"1821,3627",2017
"1821,3628",2017
"1821,3629",2017
"1821,3630",2017
"1821,3631",2017
"1821,3632",2017
"1821,3633",2017
"1821,3634",2017
"1821,3635",2017
"1821,3636",2017
"1821,3637",2017
"1821,3638",2017
"1821,3639",2017
"1821,3640",2017
"1821,3641",2017
"1822,3621",2017
"1822,3622",2017
"1822,3623",2017
"1822,3624",2017
"1822,3625",2017
"1822,3626",2017
"1822,3627",2017
"1822,3628",2017
"1822,3629",2017
"1822,3630",2017
"1822,3631",2017
"1822,3632",2017
"1822,3633",2017
"1822,3634",2017
"1822,3635",2017
"1822,3636",2017
"1822,3637",2017
"1822,3638",2017
"1822,3639",2017
"1822,3640",2017
"1822,3641",2017
"1822,3642",2017
"1822,3643",2017
"1823,3622",2017
"1823,3623",2017
"1823,3624",2017
"1823,3625",2017
"1823,3626",2017
"1823,3627",2017
"1823,3628",2017
"1823,3629",2017
"1823,3630",2017
"1823,3631",2017
"1823,3632",2017
"1823,3633",2017
"1823,3634",2017
"1823,3635",2017
"1823,3636",2017
"1823,3637",2017
"1823,3638",2017
"1823,3639",2017
"1823,3640",2017
"1823,3641",2017
"1823,3642",2017
"1823,3643",2017
"1823,3644",2017
"1823,3645",2017
"1823,3646",2017
"1823,3647",2017
"1824,3622",2017
"1824,3623",2017
"1824,3624",2017
"1824,3625",2017
"1824,3626",2017
"1824,3627",2017
"1824,3628",2017
"1824,3629",2017
"1824,3630",2017
"1824,3631",2017
"1824,3632",2017
"1824,3633",2017
"1824,3634",2017
"1824,3635",2017
"1824,3636",2017
"1824,3637",2017
"1824,3638",2017
"1824,3639",2017
"1824,3640",2017
"1824,3641",2017
"1824,3642",2017
"1824,3643",2017
"1824,3644",2017
"1824,3645",2017
"1824,3646",2017
"1824,3647",2017
"1825,3622",2017
"1825,3623",2017
"1825,3624",2017
"1825,3625",2017
"1825,3626",2017
"1825,3627",2017
"1825,3628",2017
"1825,3629",2017
"1825,3630",2017
"1825,3631",2017
"1825,3632",2017
"1825,3633",2017
"1825,3634",2017
"1825,3635",2017
"1825,3636",2017
"1825,3637",2017
"1825,3638",2017
"1825,3639",2017
"1825,3640",2017
"1825,3641",2017
"1825,3642",2017
"1825,3643",2017
"1825,3644",2017
"1825,3645",2017
"1825,3646",2017
"1825,3647",2017
"1826,3618",2017
"1826,3619",2017
"1826,3620",2017
"1826,3621",2017
"1826,3622",2017
"1826,3623",2017
"1826,3624",2017
"1826,3625",2017
"1826,3626",2017
"1826,3627",2017
"1826,3628",2017
"1826,3629",2017
"1826,3630",2017
"1826,3631",2017
"1826,3632",2017
"1826,3633",2017
"1826,3634",2017
"1826,3635",2017
"1826,3636",2017
"1826,3637",2017
"1826,3638",2017
"1826,3639",2017
"1826,3640",2017
"1826,3641",2017
"1826,3642",2017
"1826,3643",2017
"1826,3644",2017
"1826,3645",2017
"1826,3646",2017
"1826,3647",2017
"1826,3651",2017
"1826,3652",2017
"1827,3618",2017
"1827,3619",2017
"1827,3620",2017
"1827,3621",2017
"1827,3622",2017
"1827,3623",2017
"1827,3624",2017
"1827,3625",2017
"1827,3626",2017
"1827,3627",2017
"1827,3628",2017
"1827,3629",2017
"1827,3630",2017
"1827,3631",2017
"1827,3632",2017
"1827,3633",2017
"1827,3634",2017
"1827,3635",2017
"1827,3636",2017
"1827,3637",2017
"1827,3638",2017
"1827,3639",2017
"1827,3640",2017
"1827,3641",2017
"1827,3642",2017
"1827,3643",2017
"1827,3644",2017
"1827,3645",2017
"1827,3646",2017
"1827,3647",2017
"1827,3649",2017
"1827,3650",2017
"1827,3651",2017
"1827,3652",2017
"1828,3618",2017
"1828,3619",2017
"1828,3620",2017
"1828,3621",2017
"1828,3622",2017
"1828,3623",2017
"1828,3624",2017
"1828,3625",2017
"1828,3626",2017
"1828,3627",2017
"1828,3628",2017
"1828,3629",2017
"1828,3630",2017
"1828,3631",2017
"1828,3632",2017
"1828,3633",2017
"1828,3634",2017
"1828,3635",2017
"1828,3636",2017
"1828,3637",2017
"1828,3638",2017
"1828,3639",2017
"1828,3640",2017
"1828,3641",2017
"1828,3642",2017
"1828,3643",2017
"1828,3644",2017
"1828,3645",2017
"1828,3646",2017
"1828,3648",2017
"1828,3649",2017
"1828,3650",2017
"1828,3651",2017
"1828,3652",2017
"1828,3653",2017
"1829,3618",2017
"1829,3619",2017
"1829,3620",2017
"1829,3621",2017
"1829,3622",2017
"1829,3623",2017
"1829,3624",2017
"1829,3625",2017
"1829,3626",2017
"1829,3627",2017
"1829,3628",2017
"1829,3629",2017
"1829,3630",2017
"1829,3631",2017
"1829,3632",2017
"1829,3633",2017
"1829,3634",2017
"1829,3635",2017
"1829,3636",2017
"1829,3637",2017
"1829,3638",2017
"1829,3639",2017
"1829,3640",2017
"1829,3641",2017
"1829,3642",2017
"1829,3643",2017
"1829,3644",2017
"1829,3648",2017
"1829,3649",2017
"1829,3650",2017
"1829,3651",2017
"1829,3652",2017
"1829,3653",2017
"1829,3654",2017
"1830,3618",2017
"1830,3619",2017
"1830,3620",2017
"1830,3621",2017
"1830,3622",2017
"1830,3623",2017
"1830,3624",2017
"1830,3625",2017
"1830,3626",2017
"1830,3627",2017
"1830,3628",2017
"1830,3629",2017
"1830,3630",2017
"1830,3631",2017
"1830,3632",2017
"1830,3633",2017
"1830,3634",2017
"1830,3635",2017
"1830,3636",2017
"1830,3637",2017
"1830,3638",2017
"1830,3639",2017
"1830,3640",2017
"1830,3641",2017
"1830,3642",2017
"1830,3643",2017
"1830,3644",2017
"1830,3645",2017
"1830,3646",2017
"1830,3647",2017
"1830,3648",2017
"1830,3649",2017
"1830,3650",2017
"1830,3651",2017
"1830,3652",2017
"1830,3653",2017
"1830,3654",2017
"1830,3655",2017
"1831,3618",2017
"1831,3619",2017
"1831,3620",2017
"1831,3621",2017
"1831,3622",2017
"1831,3623",2017
"1831,3624",2017
"1831,3625",2017
"1831,3626",2017
"1831,3627",2017
"1831,3628",2017
"1831,3629",2017
"1831,3630",2017
"1831,3631",2017
"1831,3632",2017
"1831,3633",2017
"1831,3634",2017
"1831,3635",2017
"1831,3636",2017
"1831,3637",2017
"1831,3638",2017
"1831,3639",2017
"1831,3640",2017
"1831,3641",2017
"1831,3642",2017
"1831,3643",2017
"1831,3644",2017
"1831,3645",2017
"1831,3646",2017
"1831,3647",2017
"1831,3648",2017
"1831,3649",2017
"1831,3650",2017
"1831,3651",2017
"1831,3652",2017
"1831,3653",2017
"1831,3654",2017
"1831,3655",2017
"1832,3615",2017
"1832,3616",2017
"1832,3617",2017
"1832,3618",2017
"1832,3619",2017
"1832,3620",2017
"1832,3621",2017
"1832,3622",2017
"1832,3623",2017
"1832,3624",2017
"1832,3625",2017
"1832,3626",2017
"1832,3627",2017
"1832,3628",2017
"1832,3629",2017
"1832,3630",2017
"1832,3631",2017
"1832,3632",2017
"1832,3633",2017
"1832,3634",2017
"1832,3635",2017
"1832,3636",2017
"1832,3637",2017
"1832,3638",2017
"1832,3639",2017
"1832,3640",2017
"1832,3641",2017
"1832,3642",2017
"1832,3643",2017
"1832,3644",2017
"1832,3645",2017
"1832,3646",2017
"1832,3647",2017
"1832,3648",2017
"1832,3649",2017
"1832,3650",2017
"1832,3651",2017
"1832,3652",2017
"1832,3653",2017
"1832,3654",2017
"1833,3614",2017
"1833,3615",2017
"1833,3616",2017
"1833,3617",2017
"1833,3618",2017
"1833,3619",2017
"1833,3620",2017
"1833,3621",2017
"1833,3622",2017
"1833,3623",2017
"1833,3624",2017
"1833,3625",2017
"1833,3626",2017
"1833,3627",2017
"1833,3628",2017
"1833,3629",2017
"1833,3630",2017
"1833,3631",2017
"1833,3632",2017
"1833,3633",2017
"1833,3634",2017
"1833,3635",2017
"1833,3636",2017
"1833,3637",2017
"1833,3638",2017
"1833,3639",2017
"1833,3640",2017
"1833,3641",2017
"1833,3642",2017
"1833,3643",2017
"1833,3644",2017
"1833,3645",2017
"1833,3646",2017
"1833,3647",2017
"1833,3648",2017
"1833,3649",2017
"1833,3650",2017
"1833,3651",2017
"1833,3652",2017
"1833,3653",2017
"1833,3654",2017
"1834,3614",2017
"1834,3615",2017
"1834,3616",2017
"1834,3617",2017
"1834,3618",2017
"1834,3619",2017
"1834,3620",2017
"1834,3621",2017
"1834,3622",2017
"1834,3623",2017
"1834,3624",2017
"1834,3625",2017
"1834,3626",2017
"1834,3627",2017
"1834,3628",2017
"1834,3629",2017
"1834,3630",2017
"1834,3631",2017
"1834,3632",2017
"1834,3633",2017
"1834,3634",2017
"1834,3635",2017
"1834,3636",2017
"1834,3637",2017
"1834,3638",2017
"1834,3639",2017
"1834,3640",2017
"1834,3641",2017
"1834,3642",2017
"1834,3643",2017
"1834,3644",2017
"1834,3645",2017
"1834,3646",2017
"1834,3647",2017
"1834,3648",2017
"1834,3649",2017
"1834,3650",2017
"1834,3651",2017
"1834,3652",2017
"1834,3653",2017
"1834,3654",2017
"1835,3614",2017
"1835,3615",2017
"1835,3616",2017
"1835,3617",2017
"1835,3618",2017
"1835,3619",2017
"1835,3620",2017
"1835,3621",2017
"1835,3622",2017
"1835,3623",2017
"1835,3624",2017
"1835,3625",2017
"1835,3626",2017
"1835,3627",2017
"1835,3628",2017
"1835,3629",2017
"1835,3630",2017
"1835,3631",2017
"1835,3632",2017
"1835,3633",2017
"1835,3634",2017
"1835,3635",2017
"1835,3636",2017
"1835,3637",2017
"1835,3638",2017
"1835,3639",2017
"1835,3640",2017
"1835,3641",2017
"1835,3642",2017
"1835,3643",2017
"1835,3644",2017
"1835,3645",2017
"1835,3646",2017
"1835,3647",2017
"1835,3648",2017
"1835,3649",2017
"1835,3650",2017
"1835,3651",2017
"1835,3652",2017
"1835,3653",2017
"1835,3654",2017
"1836,3614",2017
"1836,3615",2017
"1836,3616",2017
"1836,3617",2017
"1836,3618",2017
"1836,3619",2017
"1836,3620",2017
"1836,3621",2017
"1836,3622",2017
"1836,3623",2017
"1836,3624",2017
"1836,3625",2017
"1836,3626",2017
"1836,3627",2017
"1836,3628",2017
"1836,3629",2017
"1836,3630",2017
"1836,3631",2017
"1836,3632",2017
"1836,3633",2017
"1836,3634",2017
"1836,3635",2017
"1836,3636",2017
"1836,3637",2017
"1836,3638",2017
"1836,3639",2017
"1836,3640",2017
"1836,3641",2017
"1836,3642",2017
"1836,3643",2017
"1836,3644",2017
"1836,3645",2017
"1836,3646",2017
"1836,3647",2017
"1836,3648",2017
"1836,3649",2017
"1836,3650",2017
"1836,3651",2017
"1836,3652",2017
"1836,3653",2017
"1837,3614",2017
"1837,3615",2017
"1837,3616",2017
"1837,3617",2017
"1837,3618",2017
"1837,3619",2017
"1837,3620",2017
"1837,3621",2017
"1837,3622",2017
"1837,3623",2017
"1837,3624",2017
"1837,3625",2017
"1837,3626",2017
"1837,3627",2017
"1837,3628",2017
"1837,3629",2017
"1837,3630",2017
"1837,3631",2017
"1837,3632",2017
"1837,3633",2017
"1837,3634",2017
"1837,3635",2017
"1837,3636",2017
"1837,3637",2017
"1837,3638",2017
"1837,3639",2017
"1837,3640",2017
"1837,3641",2017
"1837,3642",2017
"1837,3643",2017
"1837,3644",2017
"1837,3645",2017
"1837,3646",2017
"1837,3647",2017
"1837,3648",2017
"1837,3649",2017
"1837,3650",2017
"1837,3651",2017
"1837,3652",2017
"1837,3653",2017
"1838,3614",2017
"1838,3615",2017
"1838,3616",2017
"1838,3617",2017
"1838,3618",2017
"1838,3619",2017
"1838,3620",2017
"1838,3621",2017
"1838,3622",2017
"1838,3623",2017
"1838,3624",2017
"1838,3625",2017
"1838,3626",2017
"1838,3627",2017
"1838,3628",2017
"1838,3629",2017
"1838,3630",2017
"1838,3631",2017
"1838,3632",2017
"1838,3633",2017
"1838,3634",2017
"1838,3635",2017
"1838,3636",2017
"1838,3637",2017
"1838,3638",2017
"1838,3639",2017
"1838,3640",2017
"1838,3641",2017
"1838,3642",2017
"1838,3643",2017
"1838,3644",2017
"1838,3645",2017
"1838,3646",2017
"1838,3647",2017
"1838,3648",2017
"1838,3649",2017
"1838,3650",2017
"1838,3651",2017
"1838,3652",2017
"1839,3614",2017
"1839,3615",2017
"1839,3616",2017
"1839,3617",2017
"1839,3618",2017
"1839,3619",2017
"1839,3620",2017
"1839,3621",2017
"1839,3622",2017
"1839,3623",2017
"1839,3624",2017
"1839,3625",2017
"1839,3626",2017
"1839,3627",2017
"1839,3628",2017
"1839,3629",2017
"1839,3630",2017
"1839,3631",2017
"1839,3632",2017
"1839,3633",2017
"1839,3634",2017
"1839,3635",2017
"1839,3636",2017
"1839,3637",2017
"1839,3638",2017
"1839,3639",2017
"1839,3640",2017
"1839,3641",2017
"1839,3642",2017
"1839,3643",2017
"1839,3644",2017
"1839,3645",2017
"1839,3646",2017
"1839,3647",2017
"1839,3648",2017
"1839,3649",2017
"1839,3650",2017
"1839,3651",2017
"1839,3652",2017
"1840,3614",2017
"1840,3615",2017
"1840,3616",2017
"1840,3617",2017
"1840,3618",2017
"1840,3619",2017
"1840,3620",2017
"1840,3621",2017
"1840,3622",2017
"1840,3623",2017
"1840,3624",2017
"1840,3625",2017
"1840,3626",2017
"1840,3627",2017
"1840,3628",2017
"1840,3629",2017
"1840,3630",2017
"1840,3631",2017
"1840,3632",2017
"1840,3633",2017
"1840,3634",2017
"1840,3635",2017
"1840,3636",2017
"1840,3637",2017
"1840,3638",2017
"1840,3639",2017
"1840,3640",2017
"1840,3641",2017
"1840,3642",2017
"1840,3643",2017
"1840,3644",2017
"1840,3645",2017
"1840,3646",2017
"1840,3647",2017
"1840,3648",2017
"1840,3649",2017
"1840,3650",2017
"1840,3651",2017
"1840,3652",2017
"1841,3614",2017
"1841,3615",2017
"1841,3616",2017
"1841,3617",2017
"1841,3618",2017
"1841,3619",2017
"1841,3620",2017
"1841,3621",2017
"1841,3622",2017
"1841,3623",2017
"1841,3624",2017
"1841,3625",2017
"1841,3626",2017
"1841,3627",2017
"1841,3628",2017
"1841,3629",2017
"1841,3630",2017
"1841,3631",2017
"1841,3632",2017
"1841,3633",2017
"1841,3634",2017
"1841,3635",2017
"1841,3636",2017
"1841,3637",2017
"1841,3638",2017
"1841,3639",2017
"1841,3640",2017
"1841,3641",2017
"1841,3642",2017
"1841,3643",2017
"1841,3644",2017
"1841,3645",2017
"1841,3646",2017
"1841,3647",2017
"1841,3648",2017
"1841,3649",2017
"1841,3650",2017
"1841,3651",2017
"1841,3652",2017
"1842,3614",2017
"1842,3615",2017
"1842,3616",2017
"1842,3617",2017
"1842,3618",2017
"1842,3619",2017
"1842,3620",2017
"1842,3621",2017
"1842,3622",2017
"1842,3623",2017
"1842,3624",2017
"1842,3625",2017
"1842,3626",2017
"1842,3627",2017
"1842,3628",2017
"1842,3629",2017
"1842,3630",2017
"1842,3631",2017
"1842,3632",2017
"1842,3633",2017
"1842,3634",2017
"1842,3635",2017
"1842,3636",2017
"1842,3637",2017
"1842,3638",2017
"1842,3639",2017
"1842,3640",2017
"1842,3641",2017
"1842,3642",2017
"1842,3643",2017
"1842,3644",2017
"1842,3645",2017
"1842,3646",2017
"1842,3647",2017
"1842,3648",2017
"1842,3649",2017
"1842,3650",2017
"1842,3651",2017
"1842,3652",2017
"1842,3653",2017
"1843,3613",2017
"1843,3614",2017
"1843,3615",2017
"1843,3616",2017
"1843,3617",2017
"1843,3618",2017
"1843,3619",2017
"1843,3620",2017
"1843,3621",2017
"1843,3622",2017
"1843,3623",2017
"1843,3624",2017
"1843,3625",2017
"1843,3626",2017
"1843,3627",2017
"1843,3628",2017
"1843,3629",2017
"1843,3630",2017
"1843,3631",2017
"1843,3632",2017
"1843,3633",2017
"1843,3634",2017
"1843,3635",2017
"1843,3636",2017
"1843,3637",2017
"1843,3638",2017
"1843,3639",2017
"1843,3640",2017
"1843,3641",2017
"1843,3642",2017
"1843,3643",2017
"1843,3644",2017
"1843,3645",2017
"1843,3646",2017
"1843,3647",2017
"1843,3648",2017
"1843,3649",2017
"1843,3650",2017
"1843,3651",2017
"1843,3652",2017
"1843,3653",2017
"1844,3613",2017
"1844,3614",2017
"1844,3615",2017
"1844,3616",2017
"1844,3617",2017
"1844,3618",2017
"1844,3619",2017
"1844,3620",2017
"1844,3621",2017
"1844,3622",2017
"1844,3623",2017
"1844,3624",2017
"1844,3625",2017
"1844,3626",2017
"1844,3627",2017
"1844,3628",2017
"1844,3629",2017
"1844,3630",2017
"1844,3631",2017
"1844,3632",2017
"1844,3633",2017
"1844,3634",2017
"1844,3635",2017
"1844,3636",2017
"1844,3637",2017
"1844,3638",2017
"1844,3639",2017
"1844,3640",2017
"1844,3641",2017
"1844,3642",2017
"1844,3643",2017
"1844,3644",2017
"1844,3645",2017
"1844,3646",2017
"1844,3647",2017
"1844,3648",2017
"1844,3649",2017
"1844,3650",2017
"1844,3651",2017
"1844,3652",2017
"1844,3653",2017
"1845,3613",2017
"1845,3614",2017
"1845,3615",2017
"1845,3616",2017
"1845,3617",2017
"1845,3618",2017
"1845,3619",2017
"1845,3620",2017
"1845,3621",2017
"1845,3622",2017
"1845,3623",2017
"1845,3624",2017
"1845,3625",2017
"1845,3626",2017
"1845,3627",2017
"1845,3628",2017
"1845,3629",2017
"1845,3630",2017
"1845,3631",2017
"1845,3632",2017
"1845,3633",2017
"1845,3634",2017
"1845,3635",2017
"1845,3636",2017
"1845,3637",2017
"1845,3638",2017
"1845,3639",2017
"1845,3640",2017
"1845,3641",2017
"1845,3642",2017
"1845,3643",2017
"1845,3644",2017
"1845,3645",2017
"1845,3646",2017
"1845,3647",2017
"1845,3648",2017
"1845,3649",2017
"1845,3650",2017
"1845,3651",2017
"1845,3652",2017
"1846,3612",2017
"1846,3613",2017
"1846,3614",2017
"1846,3615",2017
"1846,3616",2017
"1846,3617",2017
"1846,3618",2017
"1846,3619",2017
"1846,3620",2017
"1846,3621",2017
"1846,3622",2017
"1846,3623",2017
"1846,3624",2017
"1846,3625",2017
"1846,3626",2017
"1846,3627",2017
"1846,3628",2017
"1846,3629",2017
"1846,3630",2017
"1846,3631",2017
"1846,3632",2017
"1846,3633",2017
"1846,3634",2017
"1846,3635",2017
"1846,3636",2017
"1846,3637",2017
"1846,3638",2017
"1846,3639",2017
"1846,3640",2017
"1846,3641",2017
"1846,3642",2017
"1846,3643",2017
"1846,3644",2017
"1846,3645",2017
"1846,3646",2017
"1846,3647",2017
"1846,3648",2017
"1846,3649",2017
"1846,3650",2017
"1846,3651",2017
"1846,3652",2017
"1847,3610",2017
"1847,3611",2017
"1847,3612",2017
"1847,3613",2017
"1847,3614",2017
"1847,3615",2017
"1847,3616",2017
"1847,3617",2017
"1847,3618",2017
"1847,3619",2017
"1847,3620",2017
"1847,3621",2017
"1847,3622",2017
"1847,3623",2017
"1847,3624",2017
"1847,3625",2017
"1847,3626",2017
"1847,3627",2017
"1847,3628",2017
"1847,3629",2017
"1847,3630",2017
"1847,3631",2017
"1847,3632",2017
"1847,3633",2017
"1847,3634",2017
"1847,3635",2017
"1847,3636",2017
"1847,3637",2017
"1847,3638",2017
"1847,3639",2017
"1847,3640",2017
"1847,3641",2017
"1847,3642",2017
"1847,3643",2017
"1847,3644",2017
"1847,3645",2017
"1847,3646",2017
"1847,3647",2017
"1847,3648",2017
"1847,3649",2017
"1847,3650",2017
"1847,3651",2017
"1848,3610",2017
"1848,3611",2017
"1848,3612",2017
"1848,3613",2017
"1848,3614",2017
"1848,3615",2017
"1848,3616",2017
"1848,3617",2017
"1848,3618",2017
"1848,3619",2017
"1848,3620",2017
"1848,3621",2017
"1848,3622",2017
"1848,3623",2017
"1848,3624",2017
"1848,3625",2017
"1848,3626",2017
"1848,3627",2017
"1848,3628",2017
"1848,3629",2017
"1848,3630",2017
"1848,3631",2017
"1848,3632",2017
"1848,3633",2017
"1848,3634",2017
"1848,3635",2017
"1848,3636",2017
"1848,3637",2017
"1848,3638",2017
"1848,3639",2017
"1848,3640",2017
"1848,3641",2017
"1848,3642",2017
"1848,3643",2017
"1848,3644",2017
"1848,3645",2017
"1848,3646",2017
"1848,3647",2017
"1848,3648",2017
"1848,3649",2017
"1848,3650",2017
"1848,3651",2017
"1848,3652",2017
"1848,3653",2017
"1849,3610",2017
"1849,3611",2017
"1849,3612",2017
"1849,3613",2017
"1849,3614",2017
"1849,3615",2017
"1849,3616",2017
"1849,3617",2017
"1849,3618",2017
"1849,3619",2017
"1849,3620",2017
"1849,3621",2017
"1849,3622",2017
"1849,3623",2017
"1849,3624",2017
"1849,3625",2017
"1849,3626",2017
"1849,3627",2017
"1849,3628",2017
"1849,3629",2017
"1849,3630",2017
"1849,3631",2017
"1849,3632",2017
"1849,3633",2017
"1849,3634",2017
"1849,3635",2017
"1849,3636",2017
"1849,3637",2017
"1849,3638",2017
"1849,3639",2017
"1849,3640",2017
"1849,3641",2017
"1849,3642",2017
"1849,3643",2017
"1849,3644",2017
"1849,3645",2017
"1849,3646",2017
"1849,3647",2017
"1849,3648",2017
"1849,3649",2017
"1849,3650",2017
"1849,3651",2017
"1849,3652",2017
"1849,3653",2017
"1849,3654",2017
"1850,3610",2017
"1850,3611",2017
"1850,3612",2017
"1850,3613",2017
"1850,3614",2017
"1850,3615",2017
"1850,3616",2017
"1850,3617",2017
"1850,3618",2017
"1850,3619",2017
"1850,3620",2017
"1850,3621",2017
"1850,3622",2017
"1850,3623",2017
"1850,3624",2017
"1850,3625",2017
"1850,3626",2017
"1850,3627",2017
"1850,3628",2017
"1850,3629",2017
"1850,3630",2017
"1850,3631",2017
"1850,3632",2017
"1850,3633",2017
"1850,3634",2017
"1850,3635",2017
"1850,3636",2017
"1850,3637",2017
"1850,3638",2017
"1850,3639",2017
"1850,3640",2017
"1850,3641",2017
"1850,3642",2017
"1850,3643",2017
"1850,3644",2017
"1850,3645",2017
"1850,3646",2017
"1850,3647",2017
"1850,3648",2017
"1850,3649",2017
"1850,3650",2017
"1850,3651",2017
"1850,3652",2017
"1850,3653",2017
"1850,3654",2017
"1850,3655",2017
"1851,3611",2017
"1851,3612",2017
"1851,3613",2017
"1851,3614",2017
"1851,3615",2017
"1851,3616",2017
"1851,3617",2017
"1851,3618",2017
"1851,3619",2017
"1851,3620",2017
"1851,3621",2017
"1851,3622",2017
"1851,3623",2017
"1851,3624",2017
"1851,3625",2017
"1851,3626",2017
"1851,3627",2017
"1851,3628",2017
"1851,3629",2017
"1851,3630",2017
"1851,3631",2017
"1851,3632",2017
"1851,3633",2017
"1851,3634",2017
"1851,3635",2017
"1851,3636",2017
"1851,3637",2017
"1851,3638",2017
"1851,3639",2017
"1851,3640",2017
"1851,3641",2017
"1851,3642",2017
"1851,3643",2017
"1851,3644",2017
"1851,3645",2017
"1851,3646",2017
"1851,3647",2017
"1851,3648",2017
"1851,3649",2017
"1851,3650",2017
"1851,3651",2017
"1851,3652",2017
"1851,3653",2017
"1851,3654",2017
"1851,3655",2017
"1852,3611",2017
"1852,3612",2017
"1852,3613",2017
"1852,3614",2017
"1852,3615",2017
"1852,3616",2017
"1852,3617",2017
"1852,3618",2017
"1852,3619",2017
"1852,3620",2017
"1852,3621",2017
"1852,3622",2017
"1852,3623",2017
"1852,3624",2017
"1852,3625",2017
"1852,3626",2017
"1852,3627",2017
"1852,3628",2017
"1852,3629",2017
"1852,3630",2017
"1852,3631",2017
"1852,3632",2017
"1852,3633",2017
"1852,3634",2017
"1852,3635",2017
"1852,3636",2017
"1852,3637",2017
"1852,3638",2017
"1852,3639",2017
"1852,3640",2017
"1852,3641",2017
"1852,3642",2017
"1852,3643",2017
"1852,3644",2017
"1852,3645",2017
"1852,3646",2017
"1852,3647",2017
"1852,3648",2017
"1852,3649",2017
"1852,3650",2017
"1852,3651",2017
"1852,3652",2017
"1852,3653",2017
"1852,3654",2017
"1852,3655",2017
"1853,3611",2017
"1853,3612",2017
"1853,3613",2017
"1853,3614",2017
"1853,3615",2017
"1853,3616",2017
"1853,3617",2017
"1853,3618",2017
"1853,3619",2017
"1853,3620",2017
"1853,3621",2017
"1853,3622",2017
"1853,3623",2017
"1853,3624",2017
"1853,3625",2017
"1853,3626",2017
"1853,3627",2017
"1853,3628",2017
"1853,3629",2017
"1853,3630",2017
"1853,3631",2017
"1853,3632",2017
"1853,3633",2017
"1853,3634",2017
"1853,3635",2017
"1853,3636",2017
"1853,3637",2017
"1853,3638",2017
"1853,3639",2017
"1853,3640",2017
"1853,3641",2017
"1853,3642",2017
"1853,3643",2017
"1853,3644",2017
"1853,3645",2017
"1853,3646",2017
"1853,3647",2017
"1853,3648",2017
"1853,3649",2017
"1853,3650",2017
"1853,3651",2017
"1853,3652",2017
"1853,3653",2017
"1853,3654",2017
"1853,3655",2017
"1854,3611",2017
"1854,3612",2017
"1854,3613",2017
"1854,3614",2017
"1854,3615",2017
"1854,3616",2017
"1854,3617",2017
"1854,3618",2017
"1854,3619",2017
"1854,3620",2017
"1854,3621",2017
"1854,3622",2017
"1854,3623",2017
"1854,3624",2017
"1854,3625",2017
"1854,3626",2017
"1854,3627",2017
"1854,3628",2017
"1854,3629",2017
"1854,3630",2017
"1854,3631",2017
"1854,3632",2017
"1854,3633",2017
"1854,3634",2017
"1854,3635",2017
"1854,3636",2017
"1854,3637",2017
"1854,3638",2017
"1854,3639",2017
"1854,3640",2017
"1854,3641",2017
"1854,3642",2017
"1854,3643",2017
"1854,3644",2017
"1854,3645",2017
"1854,3646",2017
"1854,3647",2017
"1854,3648",2017
"1854,3649",2017
"1854,3650",2017
"1854,3651",2017
"1854,3652",2017
"1854,3653",2017
"1854,3654",2017
"1854,3655",2017
"1855,3612",2017
"1855,3613",2017
"1855,3614",2017
"1855,3615",2017
"1855,3616",2017
"1855,3617",2017
"1855,3618",2017
"1855,3619",2017
"1855,3620",2017
"1855,3621",2017
"1855,3622",2017
"1855,3623",2017
"1855,3624",2017
"1855,3625",2017
"1855,3626",2017
"1855,3627",2017
"1855,3628",2017
"1855,3629",2017
"1855,3630",2017
"1855,3631",2017
"1855,3632",2017
"1855,3633",2017
"1855,3634",2017
"1855,3635",2017
"1855,3636",2017
"1855,3637",2017
"1855,3638",2017
"1855,3639",2017
"1855,3640",2017
"1855,3641",2017
"1855,3642",2017
"1855,3643",2017
"1855,3644",2017
"1855,3645",2017
"1855,3646",2017
"1855,3647",2017
"1855,3648",2017
"1855,3649",2017
"1855,3650",2017
"1855,3651",2017
"1855,3652",2017
"1855,3653",2017
"1855,3654",2017
"1855,3655",2017
"1856,3612",2017
"1856,3613",2017
"1856,3614",2017
"1856,3615",2017
"1856,3616",2017
"1856,3617",2017
"1856,3618",2017
"1856,3619",2017
"1856,3620",2017
"1856,3621",2017
"1856,3622",2017
"1856,3623",2017
"1856,3624",2017
"1856,3625",2017
"1856,3626",2017
"1856,3627",2017
"1856,3628",2017
"1856,3629",2017
"1856,3630",2017
"1856,3631",2017
"1856,3632",2017
"1856,3633",2017
"1856,3634",2017
"1856,3635",2017
"1856,3636",2017
"1856,3637",2017
"1856,3638",2017
"1856,3639",2017
"1856,3640",2017
"1856,3641",2017
"1856,3642",2017
"1856,3643",2017
"1856,3644",2017
"1856,3645",2017
"1856,3646",2017
"1856,3647",2017
"1856,3648",2017
"1856,3649",2017
"1856,3650",2017
"1856,3651",2017
"1856,3652",2017
"1856,3653",2017
"1856,3654",2017
"1856,3655",2017
"1857,3612",2017
"1857,3613",2017
"1857,3614",2017
"1857,3615",2017
"1857,3616",2017
"1857,3617",2017
"1857,3618",2017
"1857,3619",2017
"1857,3620",2017
"1857,3621",2017
"1857,3622",2017
"1857,3623",2017
"1857,3624",2017
"1857,3625",2017
"1857,3626",2017
"1857,3627",2017
"1857,3628",2017
"1857,3629",2017
"1857,3630",2017
"1857,3631",2017
"1857,3632",2017
"1857,3633",2017
"1857,3634",2017
"1857,3635",2017
"1857,3636",2017
"1857,3637",2017
"1857,3638",2017
"1857,3639",2017
"1857,3640",2017
"1857,3641",2017
"1857,3642",2017
"1857,3643",2017
"1857,3644",2017
"1857,3645",2017
"1857,3646",2017
"1857,3647",2017
"1857,3648",2017
"1857,3649",2017
"1857,3650",2017
"1857,3651",2017
"1857,3652",2017
"1857,3653",2017
"1857,3654",2017
"1857,3655",2017
"1858,3613",2017
"1858,3614",2017
"1858,3620",2017
"1858,3621",2017
"1858,3622",2017
"1858,3623",2017
"1858,3624",2017
"1858,3625",2017
"1858,3626",2017
"1858,3627",2017
"1858,3628",2017
"1858,3629",2017
"1858,3630",2017
"1858,3631",2017
"1858,3632",2017
"1858,3633",2017
"1858,3634",2017
"1858,3635",2017
"1858,3636",2017
"1858,3637",2017
"1858,3638",2017
"1858,3639",2017
"1858,3640",2017
"1858,3641",2017
"1858,3642",2017
"1858,3643",2017
"1858,3644",2017
"1858,3645",2017
"1858,3646",2017
"1858,3647",2017
"1858,3648",2017
"1858,3649",2017
"1858,3650",2017
"1858,3651",2017
"1858,3652",2017
"1858,3653",2017
"1858,3654",2017
"1858,3655",2017
"1858,3656",2017
"1859,3622",2017
"1859,3623",2017
"1859,3624",2017
"1859,3625",2017
"1859,3626",2017
"1859,3627",2017
"1859,3628",2017
"1859,3629",2017
"1859,3630",2017
"1859,3631",2017
"1859,3632",2017
"1859,3633",2017
"1859,3634",2017
"1859,3635",2017
"1859,3636",2017
"1859,3637",2017
"1859,3638",2017
"1859,3639",2017
"1859,3640",2017
"1859,3641",2017
"1859,3642",2017
"1859,3643",2017
"1859,3644",2017
"1859,3645",2017
"1859,3646",2017
"1859,3647",2017
"1859,3648",2017
"1859,3649",2017
"1859,3650",2017
"1859,3651",2017
"1859,3652",2017
"1859,3653",2017
"1859,3654",2017
"1859,3655",2017
"1859,3656",2017
"1860,3624",2017
"1860,3625",2017
"1860,3626",2017
"1860,3627",2017
"1860,3628",2017
"1860,3629",2017
"1860,3630",2017
"1860,3631",2017
"1860,3632",2017
"1860,3633",2017
"1860,3634",2017
"1860,3635",2017
"1860,3636",2017
"1860,3637",2017
"1860,3638",2017
"1860,3639",2017
"1860,3640",2017
"1860,3641",2017
"1860,3642",2017
"1860,3643",2017
"1860,3644",2017
"1860,3645",2017
"1860,3646",2017
"1860,3647",2017
"1860,3648",2017
"1860,3649",2017
"1860,3650",2017
"1860,3651",2017
"1860,3652",2017
"1860,3653",2017
"1860,3654",2017
"1860,3655",2017
"1860,3656",2017
"1861,3625",2017
"1861,3626",2017
"1861,3627",2017
"1861,3628",2017
"1861,3629",2017
"1861,3630",2017
"1861,3631",2017
"1861,3632",2017
"1861,3633",2017
"1861,3634",2017
"1861,3635",2017
"1861,3636",2017
"1861,3637",2017
"1861,3638",2017
"1861,3639",2017
"1861,3640",2017
"1861,3641",2017
"1861,3642",2017
"1861,3643",2017
"1861,3644",2017
"1861,3645",2017
"1861,3646",2017
"1861,3647",2017
"1861,3648",2017
"1861,3649",2017
"1861,3650",2017
"1861,3651",2017
"1861,3652",2017
"1861,3653",2017
"1861,3654",2017
"1861,3655",2017
"1861,3656",2017
"1861,3657",2017
"1862,3627",2017
"1862,3628",2017
"1862,3629",2017
"1862,3630",2017
"1862,3631",2017
"1862,3632",2017
"1862,3633",2017
"1862,3634",2017
"1862,3635",2017
"1862,3636",2017
"1862,3637",2017
"1862,3638",2017
"1862,3639",2017
"1862,3640",2017
"1862,3641",2017
"1862,3642",2017
"1862,3643",2017
"1862,3644",2017
"1862,3645",2017
"1862,3646",2017
"1862,3647",2017
"1862,3648",2017
"1862,3649",2017
"1862,3650",2017
"1862,3651",2017
"1862,3652",2017
"1862,3653",2017
"1862,3654",2017
"1862,3655",2017
"1862,3656",2017
"1862,3657",2017
"1863,3628",2017
"1863,3629",2017
"1863,3630",2017
"1863,3631",2017
"1863,3632",2017
"1863,3633",2017
"1863,3634",2017
"1863,3635",2017
"1863,3636",2017
"1863,3637",2017
"1863,3638",2017
"1863,3639",2017
"1863,3640",2017
"1863,3641",2017
"1863,3642",2017
"1863,3643",2017
"1863,3644",2017
"1863,3645",2017
"1863,3646",2017
"1863,3647",2017
"1863,3648",2017
"1863,3649",2017
"1863,3650",2017
"1863,3651",2017
"1864,3628",2017
"1864,3629",2017
"1864,3630",2017
"1864,3631",2017
"1864,3632",2017
"1864,3633",2017
"1864,3634",2017
"1864,3635",2017
"1864,3636",2017
"1864,3637",2017
"1864,3638",2017
"1864,3639",2017
"1864,3640",2017
"1864,3641",2017
"1864,3642",2017
"1864,3643",2017
"1864,3644",2017
"1864,3645",2017
"1864,3646",2017
"1864,3647",2017
"1864,3648",2017
"1864,3649",2017
"1864,3650",2017
"1865,3626",2017
"1865,3627",2017
"1865,3628",2017
"1865,3629",2017
"1865,3630",2017
"1865,3631",2017
"1865,3632",2017
"1865,3633",2017
"1865,3634",2017
"1865,3635",2017
"1865,3636",2017
"1865,3637",2017
"1865,3638",2017
"1865,3639",2017
"1865,3640",2017
"1865,3641",2017
"1865,3642",2017
"1865,3643",2017
"1865,3644",2017
"1865,3645",2017
"1865,3646",2017
"1866,3622",2017
"1866,3623",2017
"1866,3624",2017
"1866,3625",2017
"1866,3626",2017
"1866,3627",2017
"1866,3628",2017
"1866,3629",2017
"1866,3630",2017
"1866,3631",2017
"1866,3632",2017
"1866,3633",2017
"1866,3634",2017
"1866,3635",2017
"1866,3636",2017
"1866,3637",2017
"1866,3638",2017
"1866,3639",2017
"1866,3640",2017
"1866,3641",2017
"1866,3642",2017
"1866,3643",2017
"1866,3644",2017
"1866,3645",2017
"1867,3622",2017
"1867,3623",2017
"1867,3624",2017
"1867,3625",2017
"1867,3626",2017
"1867,3627",2017
"1867,3628",2017
"1867,3629",2017
"1867,3630",2017
"1867,3631",2017
"1867,3632",2017
"1867,3633",2017
"1867,3634",2017
"1867,3635",2017
"1867,3636",2017
"1867,3637",2017
"1867,3638",2017
"1867,3639",2017
"1867,3640",2017
"1867,3641",2017
"1867,3642",2017
"1867,3643",2017
"1867,3644",2017
"1867,3645",2017
"1868,3622",2017
"1868,3623",2017
"1868,3624",2017
"1868,3625",2017
"1868,3626",2017
"1868,3627",2017
"1868,3628",2017
"1868,3629",2017
"1868,3630",2017
"1868,3631",2017
"1868,3632",2017
"1868,3633",2017
"1868,3634",2017
"1868,3635",2017
"1868,3636",2017
"1868,3637",2017
"1868,3638",2017
"1868,3639",2017
"1868,3640",2017
"1868,3641",2017
"1868,3642",2017
"1868,3643",2017
"1868,3644",2017
"1868,3645",2017
"1869,3622",2017
"1869,3623",2017
"1869,3624",2017
"1869,3625",2017
"1869,3626",2017
"1869,3627",2017
"1869,3628",2017
"1869,3629",2017
"1869,3630",2017
"1869,3631",2017
"1869,3632",2017
"1869,3633",2017
"1869,3634",2017
"1869,3635",2017
"1869,3636",2017
"1869,3637",2017
"1869,3638",2017
"1869,3639",2017
"1869,3640",2017
"1869,3641",2017
"1869,3642",2017
"1869,3643",2017
"1869,3644",2017
"1869,3645",2017
"1870,3623",2017
"1870,3624",2017
"1870,3625",2017
"1870,3626",2017
"1870,3627",2017
"1870,3628",2017
"1870,3629",2017
"1870,3630",2017
"1870,3631",2017
"1870,3632",2017
"1870,3633",2017
"1870,3634",2017
"1870,3635",2017
"1870,3636",2017
"1870,3637",2017
"1870,3638",2017
"1870,3639",2017
"1870,3640",2017
"1870,3641",2017
"1870,3642",2017
"1870,3643",2017
"1870,3644",2017
"1870,3645",2017
"1871,3622",2017
"1871,3623",2017
"1871,3624",2017
"1871,3625",2017
"1871,3626",2017
"1871,3627",2017
"1871,3628",2017
"1871,3629",2017
"1871,3630",2017
"1871,3631",2017
"1871,3632",2017
"1871,3633",2017
"1871,3634",2017
"1871,3635",2017
"1871,3636",2017
"1871,3637",2017
"1871,3638",2017
"1871,3639",2017
"1871,3640",2017
"1871,3641",2017
"1871,3642",2017
"1871,3643",2017
"1871,3644",2017
"1872,3622",2017
"1872,3623",2017
"1872,3624",2017
"1872,3625",2017
"1872,3626",2017
"1872,3627",2017
"1872,3628",2017
"1872,3629",2017
"1872,3630",2017
"1872,3631",2017
"1872,3632",2017
"1872,3633",2017
"1872,3634",2017
"1872,3635",2017
"1872,3636",2017
"1872,3637",2017
"1872,3638",2017
"1872,3639",2017
"1872,3640",2017
"1872,3641",2017
"1872,3642",2017
"1872,3643",2017
"1872,3644",2017
"1873,3621",2017
"1873,3622",2017
"1873,3623",2017
"1873,3624",2017
"1873,3625",2017
"1873,3626",2017
"1873,3627",2017
"1873,3628",2017
"1873,3629",2017
"1873,3630",2017
"1873,3631",2017
"1873,3632",2017
"1873,3633",2017
"1873,3634",2017
"1873,3635",2017
"1873,3636",2017
"1873,3637",2017
"1873,3638",2017
"1873,3639",2017
"1873,3640",2017
"1873,3641",2017
"1873,3642",2017
"1873,3643",2017
"1874,3622",2017
"1874,3623",2017
"1874,3624",2017
"1874,3625",2017
"1874,3626",2017
"1874,3633",2017
"1874,3634",2017
"1874,3636",2017
"1874,3637",2017
"1874,3638",2017
"1874,3639",2017
"1874,3640",2017
"1874,3641",2017
"1874,3642",2017
"1874,3643",2017
"1875,3622",2017
"1875,3623",2017
"1875,3624",2017
"1875,3639",2017
"1875,3640",2017
"1875,3641",2017
"1875,3642",2017
"1876,3622",2017
"1876,3623",2017
"1876,3638",2017
"1876,3639",2017
"1876,3640",2017
"1876,3641",2017
"1876,3642",2017
"1877,3638",2017
"1877,3639",2017
"1877,3640",2017
"1877,3641",2017
"1878,3639",2017
"1878,3640",2017
