grid_id,year,LST_C,area_name,global_iqr_1_5_flag,global_iqr_3_0_flag,global_modified_z,global_mad_flag,year_iqr_lower_fence,year_iqr_upper_fence,year_iqr_flag,year_modified_z,year_mad_flag,any_outlier_candidate
"1878,3640",2015,31.214261914250027,Ranala,False,False,-1.3881089972999558,False,32.86236135511302,43.62964657348397,True,-3.4923145376483276,False,True
"1809,3628",2015,31.27152046169578,Battaramulla Sout,False,False,-1.3695327690905004,False,32.86236135511302,43.62964657348397,True,-3.463576020621364,False,True
"1877,3641",2015,31.67663408969104,Ranala,False,False,-1.238102903330627,False,32.86236135511302,43.62964657348397,True,-3.2602462923039104,False,True
"1807,3632",2015,31.6993936653392,Rajamalwatta,False,False,-1.2307190787306193,False,32.86236135511302,43.62964657348397,True,-3.2488230815961834,False,True
"1807,3631",2015,32.153405909260464,Rajamalwatta,False,False,-1.08342517364232,False,32.86236135511302,43.62964657348397,True,-3.020950751884313,False,True
"1809,3629",2015,32.21116563619741,Rajamalwatta,False,False,-1.0646863491914715,False,32.86236135511302,43.62964657348397,True,-2.9919606889138413,False,True
"1854,3611",2015,32.22423024216219,Athurugiriya South,False,False,-1.060447836118844,False,32.86236135511302,43.62964657348397,True,-2.985403460033292,False,True
"1823,3633",2015,32.31753356329302,Muttettugoda,False,False,-1.0301777041762123,False,32.86236135511302,43.62964657348397,True,-2.938573786515449,False,True
"1862,3653",2015,32.36261592473214,Wekewatta,False,False,-1.0155517614711915,False,32.86236135511302,43.62964657348397,True,-2.915946593377841,False,True
"1825,3633",2015,32.55457835406109,Muttettugoda,False,False,-0.9532739347723111,False,32.86236135511302,43.62964657348397,True,-2.8195991345284166,False,True
"1806,3635",2015,32.62444537874421,Subhoothipura,False,False,-0.9306071740400563,False,32.86236135511302,43.62964657348397,True,-2.7845323232303927,False,True
"1833,3646",2015,32.64515308674496,Mahadeniya,False,False,-0.9238890310434821,False,32.86236135511302,43.62964657348397,True,-2.7741389610946743,False,True
"1807,3633",2015,32.840977852912644,Rajamalwatta,False,False,-0.8603581573544383,False,32.86236135511302,43.62964657348397,True,-2.675852964892222,False,True
"1854,3623",2015,43.656216858431165,Oruwala,False,False,2.648399170041319,False,32.86236135511302,43.62964657348397,True,2.7524008797455117,False,True
"1840,3641",2015,43.67506545597691,Malabe North,False,False,2.6545141671038928,False,32.86236135511302,43.62964657348397,True,2.761861139665938,False,True
"1814,3632",2015,43.7289890923312,Battaramulla North,False,False,2.6720084595630222,False,32.86236135511302,43.62964657348397,True,2.788925838486522,False,True
"1851,3628",2015,43.757749432161766,Shanthalokagama,False,False,2.6813390950734726,False,32.86236135511302,43.62964657348397,True,2.8033608801142393,False,True
"1831,3634",2015,43.76595464139704,Thalangama North B,False,False,2.684001087842415,False,32.86236135511302,43.62964657348397,True,2.8074791394106535,False,True
"1812,3630",2015,43.831148064788295,Battaramulla Sout,False,False,2.7051516053580578,False,32.86236135511302,43.62964657348397,True,2.84020023332158,False,True
"1853,3623",2015,43.83462261143765,Oruwala,False,False,2.706278842676539,False,32.86236135511302,43.62964657348397,True,2.841944135716906,False,True
"1817,3629",2015,43.84470595734014,Asiri Uyana,False,False,2.709550153999568,False,32.86236135511302,43.62964657348397,True,2.8470050466347376,False,True
"1816,3628",2015,43.878997326565965,Pahalawela,False,False,2.72067520569525,False,32.86236135511302,43.62964657348397,True,2.864216155584157,False,True
"1809,3641",2015,43.88016984798549,Kalapaluwawa,False,False,2.7210556034950764,False,32.86236135511302,43.62964657348397,True,2.8648046533418317,False,True
"1812,3633",2015,43.93245050532191,Rajamalwatta,True,False,2.738016868929582,False,32.86236135511302,43.62964657348397,True,2.891044728021808,False,True
"1813,3636",2015,43.96206916307368,Udumulla2,True,False,2.7476259660897204,False,32.86236135511302,43.62964657348397,True,2.9059105661907108,False,True
"1816,3626",2015,43.98904448575679,Pahalawela,True,False,2.75637749354787,False,32.86236135511302,43.62964657348397,True,2.9194496936191703,False,True
"1813,3633",2015,44.07473976239138,Battaramulla North,True,False,2.784179369184774,False,32.86236135511302,43.62964657348397,True,2.9624608295378163,False,True
"1844,3641",2015,44.24309790201528,Kothalawala,True,False,2.8387993230970863,False,32.86236135511302,43.62964657348397,True,3.0469611090252284,False,True
"1813,3629",2015,44.31665678071854,Battaramulla Sout,True,False,2.8626638215620193,False,32.86236135511302,43.62964657348397,True,3.0838808910036453,False,True
"1872,3638",2015,44.35171529551869,Ranala,True,False,2.8740377561213823,False,32.86236135511302,43.62964657348397,True,3.1014770363735344,False,True
"1822,3640",2015,44.41636737662376,Thalangama North A,True,False,2.8950126474939224,False,32.86236135511302,43.62964657348397,True,3.1339264263170548,False,True
"1818,3628",2015,44.5066185153806,Asiri Uyana,True,False,2.924292568562453,False,32.86236135511302,43.62964657348397,True,3.179224185404004,False,True
"1872,3639",2015,44.52114079014207,Ranala,True,False,2.929003988990033,False,32.86236135511302,43.62964657348397,True,3.1865130297620996,False,True
"1813,3634",2015,44.55247457018267,Subhoothipura,True,False,2.939169518411653,False,32.86236135511302,43.62964657348397,True,3.202239701348887,False,True
"1821,3641",2015,44.606722878026346,Thalangama North A,True,False,2.9567691431215835,False,32.86236135511302,43.62964657348397,True,3.2294673553533233,False,True
"1816,3627",2015,44.65519233787294,Pahalawela,True,False,2.972493952559902,False,32.86236135511302,43.62964657348397,True,3.2537945599232394,False,True
"1814,3634",2015,44.65701339244064,Battaramulla North,True,False,2.973084752130281,False,32.86236135511302,43.62964657348397,True,3.254708561588239,False,True
"1813,3631",2015,44.73587083747094,Battaramulla Sout,True,False,2.998668249446299,False,32.86236135511302,43.62964657348397,True,3.294287735839092,False,True
"1814,3629",2015,44.74409893848881,Battaramulla Sout,True,False,3.0013376689313676,False,32.86236135511302,43.62964657348397,True,3.2984174847019267,False,True
"1817,3626",2015,44.750068701917485,Pahalawela,True,False,3.00327442235517,False,32.86236135511302,43.62964657348397,True,3.301413756098864,False,True
"1818,3626",2015,44.80469371015502,Kumaragewatta,True,False,3.020996258905866,False,32.86236135511302,43.62964657348397,True,3.328830479005078,False,True
"1851,3626",2015,44.80618626968379,Shanthalokagama,True,False,3.0214804857621083,False,32.86236135511302,43.62964657348397,True,3.3295796064165257,False,True
"1818,3627",2015,44.81225581357596,Kumaragewatta,True,False,3.0234496106787856,False,32.86236135511302,43.62964657348397,True,3.3326259584158704,False,True
"1813,3630",2015,44.83825482360908,Battaramulla Sout,True,False,3.03188439579192,False,32.86236135511302,43.62964657348397,True,3.345675066817177,False,True
"1814,3631",2015,44.848578252717225,Battaramulla North,True,False,3.035233596628682,False,32.86236135511302,43.62964657348397,True,3.350856477391419,False,True
"1814,3630",2015,44.92129111782602,Battaramulla North,True,False,3.0588236253017658,False,32.86236135511302,43.62964657348397,True,3.387351638467384,False,True
"1851,3627",2015,45.02551861738197,Shanthalokagama,True,False,3.0926378574788322,False,32.86236135511302,43.62964657348397,True,3.4396642433846547,False,True
"1852,3624",2015,45.2887009923297,Oruwala,True,False,3.1780213692133468,False,32.86236135511302,43.62964657348397,True,3.5717575552312035,True,True
"1817,3627",2015,45.30040298914174,Pahalawela,True,False,3.1818178148617915,False,32.86236135511302,43.62964657348397,True,3.5776308798200045,True,True
"1813,3632",2015,45.31237860335162,Battaramulla Sout,True,False,3.1857030294268647,False,32.86236135511302,43.62964657348397,True,3.5836415351410302,True,True
"1817,3628",2015,45.35334674589704,Asiri Uyana,True,False,3.19899420776076,False,32.86236135511302,43.62964657348397,True,3.604203769333579,True,True
"1852,3627",2015,45.81249850803648,Shanthalokagama,True,False,3.347955512173115,False,32.86236135511302,43.62964657348397,True,3.834655663816339,True,True
"1845,3650",2015,46.00078176820274,Kaduwela,True,False,3.409039716451656,False,32.86236135511302,43.62964657348397,True,3.9291565186154744,True,True
"1852,3625",2015,46.00240853527059,Shanthalokagama,True,False,3.409567483879298,False,32.86236135511302,43.62964657348397,True,3.9299730058503717,True,True
"1852,3626",2015,46.31969885099432,Shanthalokagama,True,False,3.5125050814339422,True,32.86236135511302,43.62964657348397,True,4.089223520361871,True,True
"1873,3638",2015,47.6940384672638,Ranala,True,False,3.9583781866381136,True,32.86236135511302,43.62964657348397,True,4.77901542436382,True,True
"1869,3643",2015,50.49656241386048,Ranala,True,True,4.867593084968669,True,32.86236135511302,43.62964657348397,True,6.1856243194645515,True,True
"1869,3644",2015,53.193236295323054,Ranala,True,True,5.742467346771903,True,32.86236135511302,43.62964657348397,True,7.53910623117396,True,True
"1822,3637",2016,29.931916644204364,Muttettugoda,False,False,-1.8041366375793948,False,31.66698184452465,41.18311665407443,True,-3.661532945848731,True,True
"1822,3636",2016,30.46662191514676,Muttettugoda,False,False,-1.6306637225139993,False,31.66698184452465,41.18311665407443,True,-3.3519370453400024,False,True
"1806,3639",2016,30.74601407823486,Kotuwegoda,False,False,-1.5400213151707947,False,31.66698184452465,41.18311665407443,True,-3.190168173726128,False,True
"1821,3637",2016,30.9223024619384,Muttettugoda,False,False,-1.4828285746554042,False,31.66698184452465,41.18311665407443,True,-3.0880966889888746,False,True
"1803,3640",2016,31.02097337089554,Kotuwegoda,False,False,-1.4508170514123666,False,31.66698184452465,41.18311665407443,True,-3.0309659469283736,False,True
"1805,3641",2016,31.250695005135142,Kalapaluwawa,False,False,-1.3762891129185202,False,31.66698184452465,41.18311665407443,True,-2.8979564553753936,False,True
"1859,3656",2016,31.334769413926725,Ihala Bomiriya,False,False,-1.349013090840468,False,31.66698184452465,41.18311665407443,True,-2.8492771291856704,False,True
"1821,3636",2016,31.37720894998666,Muttettugoda,False,False,-1.3352445524803276,False,31.66698184452465,41.18311665407443,True,-2.8247045148920225,False,True
"1858,3656",2016,31.408566178571448,Ihala Bomiriya,False,False,-1.3250714157139964,False,31.66698184452465,41.18311665407443,True,-2.806548588723471,False,True
"1831,3655",2016,31.475479595355274,Welivita,False,False,-1.3033628856184951,False,31.66698184452465,41.18311665407443,True,-2.7678055266085355,False,True
"1813,3631",2016,41.18524121303725,Battaramulla Sout,False,False,1.8467475470703962,False,31.66698184452465,41.18311665407443,True,2.854174571798223,False,True
"1809,3634",2016,41.18797782142733,Subhoothipura,False,False,1.8476353771716088,False,31.66698184452465,41.18311665407443,True,2.855759075981945,False,True
"1811,3629",2016,41.19431191023278,Battaramulla Sout,False,False,1.8496903276444685,False,31.66698184452465,41.18311665407443,True,2.859426531745319,False,True
"1813,3641",2016,41.24659902566278,Walpola,False,False,1.8666536882599671,False,31.66698184452465,41.18311665407443,True,2.88970092301516,False,True
"1844,3641",2016,41.280733594117926,Kothalawala,False,False,1.8777278695261754,False,31.66698184452465,41.18311665407443,True,2.909464937012481,False,True
"1813,3632",2016,41.28224920683196,Battaramulla Sout,False,False,1.8782195754619537,False,31.66698184452465,41.18311665407443,True,2.9103424811634824,False,True
"1821,3641",2016,41.30766161434214,Thalangama North A,False,False,1.886464050781694,False,31.66698184452465,41.18311665407443,True,2.925056338712223,False,True
"1822,3640",2016,41.326049432889846,Thalangama North A,False,False,1.8924295586203257,False,31.66698184452465,41.18311665407443,True,2.9357029389068225,False,True
"1814,3629",2016,41.33167687637694,Battaramulla Sout,False,False,1.89425525415602,False,31.66698184452465,41.18311665407443,True,2.938961244984258,False,True
"1818,3628",2016,41.34612864296682,Asiri Uyana,False,False,1.8989437998173944,False,31.66698184452465,41.18311665407443,True,2.9473288596955367,False,True
"1817,3636",2016,41.3628551064834,Thalangama North A,False,False,1.904370318953521,False,31.66698184452465,41.18311665407443,True,2.9570135305154372,False,True
"1818,3627",2016,41.36561573513785,Kumaragewatta,False,False,1.9052659418810012,False,31.66698184452465,41.18311665407443,True,2.9586119425017983,False,True
"1814,3631",2016,41.38453491090315,Battaramulla North,False,False,1.9114038364352413,False,31.66698184452465,41.18311665407443,True,2.969566200064319,False,True
"1817,3626",2016,41.43531181683759,Pahalawela,False,False,1.9278772440658118,False,31.66698184452465,41.18311665407443,True,2.9989661756623036,False,True
"1871,3639",2016,41.44579800234526,Ranala,False,False,1.9312792474998284,False,31.66698184452465,41.18311665407443,True,3.0050377074417227,False,True
"1814,3630",2016,41.49920208519668,Battaramulla North,False,False,1.9486049826890497,False,31.66698184452465,41.18311665407443,True,3.035958826083562,False,True
"1814,3635",2016,41.53708136272186,Udumulla2,False,False,1.9608940493019198,False,31.66698184452465,41.18311665407443,True,3.0578910374779977,False,True
"1813,3634",2016,41.569006850913375,Subhoothipura,False,False,1.9712515449213432,False,31.66698184452465,41.18311665407443,True,3.0763759876046604,False,True
"1816,3638",2016,41.58458659759271,Thalangama North A,False,False,1.9763060379651123,False,31.66698184452465,41.18311665407443,True,3.0853967060546315,False,True
"1808,3640",2016,41.63091317651293,Kalapaluwawa,False,False,1.9913356386199421,False,31.66698184452465,41.18311665407443,True,3.112219929422179,False,True
"1812,3630",2016,41.720002594333856,Battaramulla Sout,False,False,2.0202386658589244,False,31.66698184452465,41.18311665407443,True,3.1638029603645474,False,True
"1812,3636",2016,41.72991992758645,Udumulla2,False,False,2.023456118168625,False,31.66698184452465,41.18311665407443,True,3.169545125040745,False,True
"1809,3642",2016,41.770429093037855,Kalapaluwawa,False,False,2.0365983918651906,False,31.66698184452465,41.18311665407443,True,3.1930000491612436,False,True
"1813,3636",2016,41.807682926713895,Udumulla2,False,False,2.0486845475033317,False,31.66698184452465,41.18311665407443,True,3.214570126755595,False,True
"1817,3638",2016,41.824065831615705,Thalangama North A,False,False,2.053999606892119,False,31.66698184452465,41.18311665407443,True,3.224055876142515,False,True
"1814,3634",2016,41.83739495286368,Battaramulla North,False,False,2.058323935908123,False,31.66698184452465,41.18311665407443,True,3.2317734759493857,False,True
"1809,3640",2016,41.85199663035667,Kalapaluwawa,False,False,2.0630611167387696,False,31.66698184452465,41.18311665407443,True,3.2402278895077425,False,True
"1812,3631",2016,41.85749496501069,Rajamalwatta,False,False,2.064844925861795,False,31.66698184452465,41.18311665407443,True,3.243411441196896,False,True
"1817,3627",2016,41.873638676984015,Pahalawela,False,False,2.0700823845669496,False,31.66698184452465,41.18311665407443,True,3.2527586971854654,False,True
"1852,3624",2016,41.94159110240226,Oruwala,False,False,2.092127997287938,False,31.66698184452465,41.18311665407443,True,3.292103348308946,False,True
"1853,3623",2016,41.94843580039171,Oruwala,False,False,2.0943486032506926,False,31.66698184452465,41.18311665407443,True,3.2960664482687,False,True
"1852,3625",2016,41.98333060095352,Shanthalokagama,False,False,2.1056694244638727,False,31.66698184452465,41.18311665407443,True,3.3162706388575964,False,True
"1811,3630",2016,42.012030580298834,Battaramulla Sout,False,False,2.114980477393224,False,31.66698184452465,41.18311665407443,True,3.3328880100204685,False,True
"1817,3628",2016,42.01343417877644,Asiri Uyana,False,False,2.1154358428678584,False,31.66698184452465,41.18311665407443,True,3.3337006976041574,False,True
"1814,3637",2016,42.01860559941361,Udumulla2,False,False,2.1171135922032596,False,31.66698184452465,41.18311665407443,True,3.3366949651307367,False,True
"1814,3636",2016,42.04403484039652,Udumulla2,False,False,2.125363528758833,False,31.66698184452465,41.18311665407443,True,3.3514185693089447,False,True
"1829,3644",2016,42.04437344888468,Mahadeniya,False,False,2.1254733825506293,False,31.66698184452465,41.18311665407443,True,3.3516146246042777,False,True
"1815,3634",2016,42.07735055531546,Battaramulla North,False,False,2.13617205169389,False,31.66698184452465,41.18311665407443,True,3.370708464737211,False,True
"1817,3637",2016,42.10542307457493,Thalangama North A,False,False,2.1452795395265536,False,31.66698184452465,41.18311665407443,True,3.3869625346931063,False,True
"1872,3638",2016,42.12107716386658,Ranala,False,False,2.1503581513332612,False,31.66698184452465,41.18311665407443,True,3.3960262977309217,False,True
"1811,3635",2016,42.12615795883937,Subhoothipura,False,False,2.1520064992413084,False,31.66698184452465,41.18311665407443,True,3.398968092735353,False,True
"1851,3627",2016,42.13224886389512,Shanthalokagama,False,False,2.1539825542997244,False,31.66698184452465,41.18311665407443,True,3.4024947444033353,False,True
"1817,3629",2016,42.16749899462621,Asiri Uyana,False,False,2.1654186542722953,False,31.66698184452465,41.18311665407443,True,3.42290467218936,False,True
"1812,3633",2016,42.200156025092994,Rajamalwatta,False,False,2.176013482078029,False,31.66698184452465,41.18311665407443,True,3.441813187412123,False,True
"1852,3627",2016,42.24641247059796,Shanthalokagama,False,False,2.191020329547791,False,31.66698184452465,41.18311665407443,True,3.4685958033291175,False,True
"1810,3631",2016,42.25951977325256,Rajamalwatta,False,False,2.1952726945864427,False,31.66698184452465,41.18311665407443,True,3.4761849695279854,False,True
"1811,3633",2016,42.297594815734286,Rajamalwatta,False,False,2.207625272669135,False,31.66698184452465,41.18311665407443,True,3.4982305293992413,False,True
"1818,3626",2016,42.388919289239226,Kumaragewatta,False,False,2.2372534126868926,False,31.66698184452465,41.18311665407443,True,3.551107664055903,True,True
"1809,3641",2016,42.39391371009298,Kalapaluwawa,False,False,2.2388737384843873,False,31.66698184452465,41.18311665407443,True,3.553999448195253,True,True
"1815,3637",2016,42.55959825300494,Thalangama North A,False,False,2.2926263049955784,False,31.66698184452465,41.18311665407443,True,3.6499312784029483,True,True
"1815,3636",2016,42.61530277986422,Thalangama North A,False,False,2.3106983667120953,False,31.66698184452465,41.18311665407443,True,3.6821843607879723,True,True
"1845,3650",2016,42.92899040618022,Kaduwela,False,False,2.412467153956466,False,31.66698184452465,41.18311665407443,True,3.8638104049385795,True,True
"1852,3626",2016,42.94461395102274,Shanthalokagama,False,False,2.417535856314141,False,31.66698184452465,41.18311665407443,True,3.872856482651884,True,True
"1815,3635",2016,42.99527299814097,Udumulla2,False,False,2.4339710273431194,False,31.66698184452465,41.18311665407443,True,3.902188217653936,True,True
"1808,3641",2016,43.04201267000003,Kalapaluwawa,False,False,2.4491346465689046,False,31.66698184452465,41.18311665407443,True,3.929250623029488,True,True
"1816,3637",2016,43.21284064344035,Thalangama North A,False,False,2.5045558816638542,False,31.66698184452465,41.18311665407443,True,4.028160514409699,True,True
"1816,3636",2016,43.65069445724241,Thalangama North A,False,False,2.6466075530806608,False,31.66698184452465,41.18311665407443,True,4.281679140729418,True,True
"1872,3639",2016,43.87072269100534,Ranala,False,False,2.7179906891404095,False,31.66698184452465,41.18311665407443,True,4.409076125332023,True,True
"1873,3638",2016,45.25692833901272,Ranala,True,False,3.1677134573789534,False,31.66698184452465,41.18311665407443,True,5.2116932103081,True,True
"1869,3643",2016,48.56715150915292,Ranala,True,False,4.241639775384332,True,31.66698184452465,41.18311665407443,True,7.1283220130094325,True,True
"1869,3644",2016,51.07347888021932,Ranala,True,True,5.054760458486624,True,31.66698184452465,41.18311665407443,True,8.579492819774437,True,True
"1837,3618",2017,13.603582696967676,Hokandara South,True,True,-7.101491726292465,True,23.081635797752945,41.725691270021976,True,-6.0985051237011385,True,True
"1838,3618",2017,13.909094588921365,Hokandara East,True,True,-7.002375369367568,True,23.081635797752945,41.725691270021976,True,-6.001833010389299,True,True
"1835,3614",2017,14.355515168558163,Hokandara South,True,True,-6.857544406399332,True,23.081635797752945,41.725691270021976,True,-5.860573629016581,True,True
"1841,3651",2017,14.41486060385391,Hewagama,True,True,-6.838291135081407,True,23.081635797752945,41.725691270021976,True,-5.841795150022642,True,True
"1838,3619",2017,14.420618945403104,Hokandara East,True,True,-6.836422972658545,True,23.081635797752945,41.725691270021976,True,-5.839973057130701,True,True
"1836,3618",2017,14.788097159533434,Hokandara South,True,True,-6.717203057515644,True,23.081635797752945,41.725691270021976,True,-5.723693146293628,True,True
"1839,3620",2017,14.788381045811615,Hokandara East,True,True,-6.717110957095284,True,23.081635797752945,41.725691270021976,True,-5.72360331710146,True,True
"1838,3617",2017,14.849862135505742,Hokandara South,True,True,-6.6971648214758615,True,23.081635797752945,41.725691270021976,True,-5.7041490600791285,True,True
"1837,3619",2017,14.96922248703667,Hokandara South,True,True,-6.6584410810369326,True,23.081635797752945,41.725691270021976,True,-5.6663802604610485,True,True
"1839,3618",2017,15.09940317289959,Hokandara East,True,True,-6.6162069302082855,True,23.081635797752945,41.725691270021976,True,-5.625187618386542,True,True
"1837,3617",2017,15.103262867118792,Hokandara South,True,True,-6.614954740555683,True,23.081635797752945,41.725691270021976,True,-5.623966308163489,True,True
"1834,3614",2017,15.136426890887972,Hokandara South,True,True,-6.6041954303502735,True,23.081635797752945,41.725691270021976,True,-5.6134723262658,True,True
"1835,3615",2017,15.496761253875524,Hokandara South,True,True,-6.487293174579509,True,23.081635797752945,41.725691270021976,True,-5.4994529205198415,True,True
"1840,3620",2017,15.538755513840046,Hokandara East,True,True,-6.473669095880566,True,23.081635797752945,41.725691270021976,True,-5.486164816309638,True,True
"1839,3619",2017,15.593106391549671,Hokandara East,True,True,-6.45603619471983,True,23.081635797752945,41.725691270021976,True,-5.468966748584865,True,True
"1841,3621",2017,16.247613796576346,Hokandara East,True,True,-6.243696212954256,True,23.081635797752945,41.725691270021976,True,-5.261863144147206,True,True
"1839,3617",2017,16.439121511181554,Hokandara East,True,True,-6.181565908064001,True,23.081635797752945,41.725691270021976,True,-5.201264994045694,True,True
"1841,3652",2017,16.64833900855178,Hewagama,True,True,-6.1136900685617395,True,23.081635797752945,41.725691270021976,True,-5.135062996201171,True,True
"1834,3615",2017,16.74538306209397,Hokandara South,True,True,-6.0822063414085425,True,23.081635797752945,41.725691270021976,True,-5.104355668639292,True,True
"1840,3618",2017,16.85448323051285,Hokandara East,True,True,-6.046811283087175,True,23.081635797752945,41.725691270021976,True,-5.069833464687474,True,True
"1841,3617",2017,16.921463110677305,Hokandara East,True,True,-6.025081190465532,True,23.081635797752945,41.725691270021976,True,-5.048639243659073,True,True
"1841,3620",2017,16.96656804479831,Hokandara East,True,True,-6.010447924569326,True,23.081635797752945,41.725691270021976,True,-5.0343668391566325,True,True
"1840,3617",2017,16.982115887251442,Hokandara East,True,True,-6.00540378212321,True,23.081635797752945,41.725691270021976,True,-5.029447087006324,True,True
"1836,3614",2017,17.07551370480283,Hokandara South,True,True,-5.97510299297477,True,23.081635797752945,41.725691270021976,True,-4.999893525789221,True,True
"1836,3617",2017,17.119885108387415,Hokandara South,True,True,-5.960707704310803,True,23.081635797752945,41.725691270021976,True,-4.985853229918236,True,True
"1840,3651",2017,17.283771542706653,Raggahawatta,True,True,-5.907538493072384,True,23.081635797752945,41.725691270021976,True,-4.933995189802453,True,True
"1833,3614",2017,17.490203861195667,Hokandara South,True,True,-5.840566241258066,True,23.081635797752945,41.725691270021976,True,-4.86867449686124,True,True
"1840,3616",2017,17.517319793033888,Hokandara East,True,True,-5.831769096370378,True,23.081635797752945,41.725691270021976,True,-4.8600942926064805,True,True
"1842,3651",2017,17.558588909509865,Hewagama,True,True,-5.818380273917509,True,23.081635797752945,41.725691270021976,True,-4.847035643142027,True,True
"1836,3615",2017,17.653084022663606,Hokandara South,True,True,-5.787723492267829,True,23.081635797752945,41.725691270021976,True,-4.817134868321784,True,True
"1841,3618",2017,17.75825497300097,Hokandara East,True,True,-5.753603179028603,True,23.081635797752945,41.725691270021976,True,-4.783855973797872,True,True
"1840,3619",2017,17.8000131973044,Hokandara East,True,True,-5.740055676709982,True,23.081635797752945,41.725691270021976,True,-4.7706425575679905,True,True
"1837,3616",2017,17.88558772396799,Hokandara South,True,True,-5.7122929756438205,True,23.081635797752945,41.725691270021976,True,-4.743564494303978,True,True
"1836,3619",2017,17.914994736562985,Hokandara South,True,True,-5.702752541921842,True,23.081635797752945,41.725691270021976,True,-4.734259330974439,True,True
"1840,3652",2017,17.915272064153537,Raggahawatta,True,True,-5.702662569317913,True,23.081635797752945,41.725691270021976,True,-4.734171577126014,True,True
"1838,3620",2017,17.96416460462412,Hokandara East,True,True,-5.6868005010322635,True,23.081635797752945,41.725691270021976,True,-4.718700672925688,True,True
"1838,3616",2017,18.34436685594468,Hokandara South,True,True,-5.56345256257869,True,23.081635797752945,41.725691270021976,True,-4.598394537259289,True,True
"1840,3621",2017,18.43582053026624,Hokandara East,True,True,-5.533782506306305,True,23.081635797752945,41.725691270021976,True,-4.569456154827557,True,True
"1842,3621",2017,18.479543370542817,Hokandara East,True,True,-5.519597629197559,True,23.081635797752945,41.725691270021976,True,-4.555621081690131,True,True
"1835,3618",2017,18.63471496013515,Hokandara South,True,True,-5.4692557503257255,True,23.081635797752945,41.725691270021976,True,-4.506520650947741,True,True
"1830,3641",2017,18.66651418119442,Thalahena North,True,True,-5.458939219194027,True,23.081635797752945,41.725691270021976,True,-4.496458529038798,True,True
"1839,3621",2017,18.722000145661173,Hokandara East,True,True,-5.440938065054853,True,23.081635797752945,41.725691270021976,True,-4.478901289581291,True,True
"1831,3642",2017,18.73297129706632,Mahadeniya,True,True,-5.437378725509686,True,23.081635797752945,41.725691270021976,True,-4.475429724579296,True,True
"1839,3616",2017,18.897830070591617,Hokandara East,True,True,-5.383894061019404,True,23.081635797752945,41.725691270021976,True,-4.42326401039785,True,True
"1828,3650",2017,19.15637064292742,Mahadeniya,True,True,-5.300016476145926,True,23.081635797752945,41.725691270021976,True,-4.341454875752631,True,True
"1837,3634",2017,19.18222390146975,Malabe East,True,True,-5.291628976775715,True,23.081635797752945,41.725691270021976,True,-4.3332742150153285,True,True
"1828,3641",2017,19.21725837121484,Thalahena South,True,True,-5.280262843085394,True,23.081635797752945,41.725691270021976,True,-4.322188374109565,True,True
"1832,3615",2017,19.28047924511632,Hokandara South,True,True,-5.259752274208182,True,23.081635797752945,41.725691270021976,True,-4.30218360294863,True,True
"1841,3622",2017,19.50025120466044,Hokandara East,True,True,-5.188452280466659,True,23.081635797752945,41.725691270021976,True,-4.232641891691659,True,True
"1837,3615",2017,19.518351448915283,Hokandara South,True,True,-5.182580069540537,True,23.081635797752945,41.725691270021976,True,-4.226914491516214,True,True
"1838,3615",2017,19.66495671601594,Hokandara South,True,True,-5.135017338387599,True,23.081635797752945,41.725691270021976,True,-4.180524673749592,True,True
"1835,3619",2017,19.7694338428846,Hokandara South,True,True,-5.101122120329208,True,23.081635797752945,41.725691270021976,True,-4.147465323481572,True,True
"1842,3650",2017,19.77357274066089,Hewagama,True,True,-5.0997793494581725,True,23.081635797752945,41.725691270021976,True,-4.1461556658042324,True,True
"1829,3641",2017,19.776646335777688,Thalahena North,True,True,-5.098782191708629,True,23.081635797752945,41.725691270021976,True,-4.145183098309377,True,True
"1831,3641",2017,19.797997589429063,Thalahena North,True,True,-5.0918552650211915,True,23.081635797752945,41.725691270021976,True,-4.138426992027765,True,True
"1840,3622",2017,19.799394654248683,Hokandara East,True,True,-5.091402019242693,True,23.081635797752945,41.725691270021976,True,-4.137984923446791,True,True
"1839,3622",2017,19.816763901902576,Hokandara East,True,True,-5.085766963471309,True,23.081635797752945,41.725691270021976,True,-4.1324888300980165,True,True
"1829,3650",2017,19.826437038499304,Welivita,True,True,-5.08262873519033,True,23.081635797752945,41.725691270021976,True,-4.129427991610912,True,True
"1827,3650",2017,19.84864494835609,Mahadeniya,True,True,-5.075423885958947,True,23.081635797752945,41.725691270021976,True,-4.122400816451329,True,True
"1833,3644",2017,19.868307472417754,Mahadeniya,True,True,-5.069044829024444,True,23.081635797752945,41.725691270021976,True,-4.116179069265218,True,True
"1843,3651",2017,19.86888151868915,Hewagama,True,True,-5.06885859282014,True,23.081635797752945,41.725691270021976,True,-4.11599742571007,True,True
"1829,3649",2017,19.923541382544187,Mahadeniya,True,True,-5.05112544816028,True,23.081635797752945,41.725691270021976,True,-4.098701586525503,True,True
"1833,3615",2017,19.94249914356566,Hokandara South,True,True,-5.044975035500776,True,23.081635797752945,41.725691270021976,True,-4.092702845167557,True,True
"1839,3642",2017,19.99779113689045,Mahadeniya,True,True,-5.027036810869246,True,23.081635797752945,41.725691270021976,True,-4.07520698335429,True,True
"1842,3620",2017,20.030590484871663,Hokandara East,True,True,-5.016395811395802,True,23.081635797752945,41.725691270021976,True,-4.064828394605034,True,True
"1842,3653",2017,20.04194506756759,Hewagama,True,True,-5.012712076324065,True,23.081635797752945,41.725691270021976,True,-4.061235501713141,True,True
"1841,3650",2017,20.08744063929452,Hewagama,True,True,-4.997952076976897,True,23.081635797752945,41.725691270021976,True,-4.046839489050434,True,True
"1839,3615",2017,20.13149815569723,Hokandara South,True,True,-4.983658621841417,True,23.081635797752945,41.725691270021976,True,-4.0328985154579335,True,True
"1838,3642",2017,20.18939352598053,Mahadeniya,True,True,-4.964875791004283,True,23.081635797752945,41.725691270021976,True,-4.014578875719961,True,True
"1832,3641",2017,20.206602760434222,Thalahena North,True,True,-4.959292647861774,True,23.081635797752945,41.725691270021976,True,-4.009133414816692,True,True
"1832,3642",2017,20.267788335945,Mahadeniya,True,True,-4.939442385071018,True,23.081635797752945,41.725691270021976,True,-3.9897726663659423,True,True
"1843,3653",2017,20.297657198503003,Kaduwela,True,True,-4.929752114674969,True,23.081635797752945,41.725691270021976,True,-3.980321361386492,True,True
"1840,3614",2017,20.31188641940895,Hokandara South,True,True,-4.925135768878876,True,23.081635797752945,41.725691270021976,True,-3.9758188562729844,True,True
"1839,3637",2017,20.320547475835937,Malabe North,True,True,-4.9223258868979345,True,23.081635797752945,41.725691270021976,True,-3.9730782669526943,True,True
"1830,3642",2017,20.32387817419721,Thalahena North,True,True,-4.921245317871722,True,23.081635797752945,41.725691270021976,True,-3.9720243451320756,True,True
"1840,3615",2017,20.33653822983801,Hokandara East,True,True,-4.917138051913731,True,23.081635797752945,41.725691270021976,True,-3.9680183657719423,True,True
"1837,3633",2017,20.35566899166125,Malabe East,True,True,-4.910931513094597,True,23.081635797752945,41.725691270021976,True,-3.9619648823448603,True,True
"1836,3643",2017,20.409256515885925,Mahadeniya,True,True,-4.893546264540739,True,23.081635797752945,41.725691270021976,True,-3.945008360028099,True,True
"1838,3633",2017,20.415843499474,Malabe East,True,True,-4.891409268130553,True,23.081635797752945,41.725691270021976,True,-3.942924062687862,True,True
"1842,3652",2017,20.421868727373315,Hewagama,True,True,-4.889454520525792,True,23.081635797752945,41.725691270021976,True,-3.94101751983453,True,True
"1843,3652",2017,20.425768193482742,Kaduwela,True,True,-4.8881894277916045,True,23.081635797752945,41.725691270021976,True,-3.9397836247243414,True,True
"1833,3643",2017,20.516284651088903,Mahadeniya,True,True,-4.858823430081016,True,23.081635797752945,41.725691270021976,True,-3.9111418026652,True,True
"1830,3650",2017,20.52957198069132,Welivita,True,True,-4.854512659410094,True,23.081635797752945,41.725691270021976,True,-3.9069373370886806,True,True
"1832,3643",2017,20.609354592051886,Mahadeniya,True,True,-4.828629013004562,True,23.081635797752945,41.725691270021976,True,-3.8816919903480294,True,True
"1835,3617",2017,20.739063560000016,Hokandara South,True,True,-4.786547900281605,True,23.081635797752945,41.725691270021976,True,-3.8406486124066417,True,True
"1835,3616",2017,20.74040993187194,Hokandara South,True,True,-4.786111100672406,True,23.081635797752945,41.725691270021976,True,-3.840222584426748,True,True
"1838,3632",2017,20.94157008964484,Malabe East,True,True,-4.7208492810116836,True,23.081635797752945,41.725691270021976,True,-3.7765701437911554,True,True
"1837,3614",2017,20.9895620386912,Hokandara South,True,False,-4.705279389048456,True,23.081635797752945,41.725691270021976,True,-3.7613842107441724,True,True
"1837,3650",2017,20.990528861584384,Raggahawatta,True,False,-4.704965725438338,True,23.081635797752945,41.725691270021976,True,-3.7610782821870727,True,True
"1842,3622",2017,21.011581577414333,Hokandara East,True,False,-4.6981356525298965,True,23.081635797752945,41.725691270021976,True,-3.754416641236797,True,True
"1838,3638",2017,21.029517351447428,Malabe North,True,False,-4.692316800211513,True,23.081635797752945,41.725691270021976,True,-3.7487412838273846,True,True
"1838,3637",2017,21.061535814621635,Malabe North,True,False,-4.6819291409820565,True,23.081635797752945,41.725691270021976,True,-3.7386097878641533,True,True
"1834,3644",2017,21.087003258417063,Mahadeniya,True,False,-4.6736668103963295,True,23.081635797752945,41.725691270021976,True,-3.7305512092058546,True,True
"1830,3649",2017,21.22940884495553,Welivita,True,False,-4.627466569701327,True,23.081635797752945,41.725691270021976,True,-3.685490282411644,True,True
"1836,3642",2017,21.22976460470717,Mahadeniya,True,False,-4.6273511515737455,True,23.081635797752945,41.725691270021976,True,-3.685377710534973,True,True
"1828,3640",2017,21.263146603833487,Thalahena South,True,False,-4.616521124241218,True,23.081635797752945,41.725691270021976,True,-3.6748147554189603,True,True
"1835,3642",2017,21.281028840882893,Mahadeniya,True,False,-4.610719640774665,True,23.081635797752945,41.725691270021976,True,-3.6691563385394907,True,True
"1827,3641",2017,21.39268054318812,Thalahena South,True,False,-4.574496795548611,True,23.081635797752945,41.725691270021976,True,-3.633826761194112,True,True
"1837,3651",2017,21.44068521381756,Raggahawatta,True,False,-4.558922776358252,True,23.081635797752945,41.725691270021976,True,-3.618636802698846,True,True
"1843,3621",2017,21.487188435184887,Boralugoda,True,False,-4.54383586809512,True,23.081635797752945,41.725691270021976,True,-3.603921942807011,True,True
"1829,3651",2017,21.52237844501116,Welivita,True,False,-4.5324192729772435,True,23.081635797752945,41.725691270021976,True,-3.592786884869934,True,True
"1836,3616",2017,21.53111593478365,Hokandara South,True,False,-4.529584593942723,True,23.081635797752945,41.725691270021976,True,-3.590022109999975,True,True
"1842,3618",2017,21.553502499154018,Hokandara East,True,False,-4.522321784334015,True,23.081635797752945,41.725691270021976,True,-3.5829384037860024,True,True
"1830,3651",2017,21.64095961948032,Welivita,True,False,-4.493948318743356,True,23.081635797752945,41.725691270021976,True,-3.5552646376617254,True,True
"1843,3622",2017,21.660536381762828,Boralugoda,True,False,-4.487597085259715,True,23.081635797752945,41.725691270021976,True,-3.549070027790564,True,True
"1837,3638",2017,21.7711586844464,Malabe North,True,False,-4.451708205234379,True,23.081635797752945,41.725691270021976,True,-3.5140661799486463,True,True
"1833,3642",2017,21.82109366995072,Mahadeniya,True,False,-4.4355079394619565,True,23.081635797752945,41.725691270021976,True,-3.4982654183284394,False,True
"1838,3641",2017,21.83733863877988,Malabe North,True,False,-4.430237630282146,True,23.081635797752945,41.725691270021976,True,-3.493125076794245,False,True
"1841,3634",2017,21.89583314060116,Malabe East,True,False,-4.411260424898792,True,23.081635797752945,41.725691270021976,True,-3.474615855853531,False,True
"1843,3650",2017,21.899990040900605,Hewagama,True,False,-4.4099118135202096,True,23.081635797752945,41.725691270021976,True,-3.473300501697579,False,True
"1841,3616",2017,22.01173845630379,Hokandara East,True,False,-4.3736575919379845,True,23.081635797752945,41.725691270021976,True,-3.437940321747815,False,True
"1842,3619",2017,22.047374063585668,Hokandara East,True,False,-4.362096432900937,True,23.081635797752945,41.725691270021976,True,-3.4266642648877688,False,True
"1829,3648",2017,22.13390972407481,Mahadeniya,True,False,-4.33402191391274,True,23.081635797752945,41.725691270021976,True,-3.399282073239433,False,True
"1841,3619",2017,22.14015668575987,Hokandara East,True,False,-4.331995229844527,True,23.081635797752945,41.725691270021976,True,-3.3973053679006955,False,True
"1832,3644",2017,22.142177939114703,Mahadeniya,True,False,-4.331339480349237,True,23.081635797752945,41.725691270021976,True,-3.396665789414566,False,True
"1834,3654",2017,22.220551393671887,Welivita,True,False,-4.305913002690212,True,23.081635797752945,41.725691270021976,True,-3.37186633748115,False,True
"1839,3623",2017,22.297284917194165,Hokandara East,True,False,-4.281018563207339,True,23.081635797752945,41.725691270021976,True,-3.3475858034786077,False,True
"1833,3654",2017,22.33280498927437,Welivita,True,False,-4.269494886928206,True,23.081635797752945,41.725691270021976,True,-3.336346305038715,False,True
"1831,3643",2017,22.33550188655919,Mahadeniya,True,False,-4.268619940188286,True,23.081635797752945,41.725691270021976,True,-3.335492934787752,False,True
"1837,3643",2017,22.34041493113689,Mahadeniya,True,False,-4.267026015065314,True,23.081635797752945,41.725691270021976,True,-3.3339383164091205,False,True
"1838,3650",2017,22.35283325739575,Raggahawatta,True,False,-4.262997172685361,True,23.081635797752945,41.725691270021976,True,-3.3300088266744887,False,True
"1841,3635",2017,22.4105733422271,Malabe East,True,False,-4.2442647206671404,True,23.081635797752945,41.725691270021976,True,-3.311738323396346,False,True
"1837,3649",2017,22.42317354455696,Raggahawatta,True,False,-4.240176872749124,True,23.081635797752945,41.725691270021976,True,-3.3077512832206106,False,True
"1846,3618",2017,22.50372337775505,Thaldiyawala,True,False,-4.214044318738057,True,23.081635797752945,41.725691270021976,True,-3.282263167021991,False,True
"1840,3635",2017,22.52631759371836,Malabe East,True,False,-4.206714141311782,True,23.081635797752945,41.725691270021976,True,-3.275113754304111,False,True
"1841,3614",2017,22.56878765006196,Hokandara East,True,False,-4.192935701342542,True,23.081635797752945,41.725691270021976,True,-3.261675095425879,False,True
"1836,3640",2017,22.588399293396137,Malabe North,True,False,-4.186573151498202,True,23.081635797752945,41.725691270021976,True,-3.255469448259384,False,True
"1838,3643",2017,22.59083465796777,Mahadeniya,True,False,-4.185783053074927,True,23.081635797752945,41.725691270021976,True,-3.2546988339362595,False,True
"1828,3648",2017,22.59998878100928,Mahadeniya,True,False,-4.182813206890169,True,23.081635797752945,41.725691270021976,True,-3.251802225184697,False,True
"1836,3644",2017,22.61370581749764,Mahadeniya,True,False,-4.178363027632538,True,23.081635797752945,41.725691270021976,True,-3.2474617888853916,False,True
"1836,3641",2017,22.624733448337977,Mahadeniya,True,False,-4.174785364624341,True,23.081635797752945,41.725691270021976,True,-3.2439723522832966,False,True
"1839,3641",2017,22.638371857255983,Malabe North,True,False,-4.170360694286436,True,23.081635797752945,41.725691270021976,True,-3.239656795844942,False,True
"1831,3651",2017,22.648874210958777,Welivita,True,False,-4.1669534454507176,True,23.081635797752945,41.725691270021976,True,-3.2363335709429424,False,True
"1838,3634",2017,22.65703006196733,Malabe East,True,False,-4.164307465831329,True,23.081635797752945,41.725691270021976,True,-3.2337528420953308,False,True
"1840,3650",2017,22.75977559851277,Raggahawatta,True,False,-4.130974022712127,True,23.081635797752945,41.725691270021976,True,-3.201241413202368,False,True
"1840,3640",2017,22.848348970351363,Malabe North,True,False,-4.10223841480811,True,23.081635797752945,41.725691270021976,True,-3.173214435319326,False,True
"1833,3653",2017,22.87582758027192,Welivita,True,False,-4.093323607298428,True,23.081635797752945,41.725691270021976,True,-3.1645194700434915,False,True
"1835,3643",2017,22.900218996092114,Mahadeniya,True,False,-4.085410369417971,True,23.081635797752945,41.725691270021976,True,-3.1568013753437163,False,True
"1838,3649",2017,23.01638303621451,Raggahawatta,True,False,-4.04772359922719,True,23.081635797752945,41.725691270021976,True,-3.1200439739291235,False,True
"1847,3619",2017,23.01641713914186,Thaldiyawala,True,False,-4.047712535311158,True,23.081635797752945,41.725691270021976,True,-3.1200331828530836,False,True
"1834,3616",2017,23.031890269801167,Hokandara South,True,False,-4.042692631400492,True,23.081635797752945,41.725691270021976,True,-3.115137071507565,False,True
"1838,3651",2017,23.046622375776945,Raggahawatta,True,False,-4.037913136026963,True,23.081635797752945,41.725691270021976,True,-3.1104754401415806,False,True
"1837,3632",2017,23.06163507354256,Malabe East,True,False,-4.0330426090545854,True,23.081635797752945,41.725691270021976,True,-3.105725022047433,False,True
"1838,3622",2017,23.073282388993107,Hokandara East,True,False,-4.029263903525218,True,23.081635797752945,41.725691270021976,True,-3.102039500702213,False,True
"1843,3623",2017,23.153848024202507,Boralugoda,True,False,-4.003126222912423,True,23.081635797752945,41.725691270021976,False,-3.076546384325636,False,True
"1837,3642",2017,23.18176554933792,Mahadeniya,True,False,-3.994069019383989,True,23.081635797752945,41.725691270021976,False,-3.0677125345660787,False,True
"1837,3641",2017,23.18818973919246,Malabe North,True,False,-3.991984837683225,True,23.081635797752945,41.725691270021976,False,-3.0656797495062786,False,True
"1846,3619",2017,23.204259133275585,Thaldiyawala,True,False,-3.9867714897204842,True,23.081635797752945,41.725691270021976,False,-3.060594964505857,False,True
"1836,3650",2017,23.21197658227186,Welivita,True,False,-3.984267739622991,True,23.081635797752945,41.725691270021976,False,-3.0581529577509805,False,True
"1827,3629",2017,23.246662720746382,Pothuarawa,True,False,-3.973014614059197,True,23.081635797752945,41.725691270021976,False,-3.0471773381522915,False,True
"1837,3640",2017,23.277340911054065,Malabe North,True,False,-3.96306177575591,True,23.081635797752945,41.725691270021976,False,-3.0374699402809315,False,True
"1847,3618",2017,23.285285185198457,Thaldiyawala,True,False,-3.9604844374187027,True,23.081635797752945,41.725691270021976,False,-3.0349561599977615,False,True
"1843,3618",2017,23.286015203306302,Boralugoda,True,False,-3.9602475997137088,True,23.081635797752945,41.725691270021976,False,-3.0347251627924154,False,True
"1835,3641",2017,23.355447223874112,Malabe North,True,False,-3.9377219661332687,True,23.081635797752945,41.725691270021976,False,-3.0127550191201724,False,True
"1841,3633",2017,23.36715869159429,Malabe East,True,False,-3.933922447864947,True,23.081635797752945,41.725691270021976,False,-3.009049198285333,False,True
"1848,3611",2017,23.39578536627713,Athurugiriya South,True,False,-3.9246351769594088,True,23.081635797752945,41.725691270021976,False,-2.999990954689695,False,True
"1833,3652",2017,23.44898300971236,Welivita,True,False,-3.907376416324687,True,23.081635797752945,41.725691270021976,False,-2.9831578010562745,False,True
"1839,3652",2017,23.461058929092363,Raggahawatta,True,False,-3.9034586600376544,True,23.081635797752945,41.725691270021976,False,-2.9793366579931257,False,True
"1839,3643",2017,23.503449256586965,Mahadeniya,True,False,-3.88970608627285,True,23.081635797752945,41.725691270021976,False,-2.9659232274497893,False,True
"1827,3628",2017,23.51945914715309,Pothuarawa,True,False,-3.8845120428674265,True,23.081635797752945,41.725691270021976,False,-2.9608572709496306,False,True
"1822,3634",2017,23.52700973385224,Muttettugoda,True,False,-3.8820624274319044,True,23.081635797752945,41.725691270021976,False,-2.9584680638772536,False,True
"1833,3641",2017,23.59496067220656,Mahadeniya,True,False,-3.8600172971548488,True,23.081635797752945,41.725691270021976,False,-2.9369665741308877,False,True
"1835,3640",2017,23.597011430037497,Malabe North,True,False,-3.8593519756060286,True,23.081635797752945,41.725691270021976,False,-2.9363176596413743,False,True
"1837,3645",2017,23.598872883057386,Mahadeniya,True,False,-3.8587480696803436,True,23.081635797752945,41.725691270021976,False,-2.935728646244506,False,True
"1839,3640",2017,23.620009198591543,Malabe North,True,False,-3.851890874756886,True,23.081635797752945,41.725691270021976,False,-2.9290405521174776,False,True
"1830,3636",2017,23.63753957319848,Thalangama North B,True,False,-3.846203545024949,True,23.081635797752945,41.725691270021976,False,-2.923493473902081,False,True
"1837,3648",2017,23.660180317359405,Raggahawatta,True,False,-3.8388582725874376,True,23.081635797752945,41.725691270021976,False,-2.916329338421158,False,True
"1831,3636",2017,23.666896421848016,Thalangama North B,True,False,-3.8366793858495725,True,23.081635797752945,41.725691270021976,False,-2.9142041837831987,False,True
"1843,3620",2017,23.681291337610887,Boralugoda,True,False,-3.8320092841408218,True,23.081635797752945,41.725691270021976,False,-2.9096492483964163,False,True
"1829,3640",2017,23.68268165877724,Thalahena North,True,False,-3.831558226186634,True,23.081635797752945,41.725691270021976,False,-2.9092093136872497,False,True
"1838,3640",2017,23.69315472727028,Malabe North,True,False,-3.8281604782684866,True,23.081635797752945,41.725691270021976,False,-2.905895355406911,False,True
"1831,3650",2017,23.70631640277497,Welivita,True,False,-3.8238904732002377,True,23.081635797752945,41.725691270021976,False,-2.901730650139216,False,True
"1831,3637",2017,23.759400962831947,Thalangama North B,True,False,-3.806668399885311,True,23.081635797752945,41.725691270021976,False,-2.884933279103606,False,True
"1832,3651",2017,23.777697451401387,Welivita,True,False,-3.800732521972592,True,23.081635797752945,41.725691270021976,False,-2.8791437819914543,False,True
"1830,3637",2017,23.840810601216425,Thalahena North,True,False,-3.780256901715328,True,23.081635797752945,41.725691270021976,False,-2.8591730976054226,False,True
"1838,3639",2017,23.846300819216,Malabe North,True,False,-3.7784757258554897,True,23.081635797752945,41.725691270021976,False,-2.857435846157803,False,True
"1840,3634",2017,23.88673176313514,Malabe East,True,False,-3.7653588293488647,True,23.081635797752945,41.725691270021976,False,-2.8446424168517903,False,True
"1839,3651",2017,24.003530545095828,Raggahawatta,True,False,-3.727466131663094,True,23.081635797752945,41.725691270021976,False,-2.807684166185396,False,True
"1839,3649",2017,24.021887102722687,Raggahawatta,True,False,-3.7215107657163835,True,23.081635797752945,41.725691270021976,False,-2.801875661620906,False,True
"1841,3636",2017,24.027673788669546,Malabe East,True,False,-3.719633407600948,True,23.081635797752945,41.725691270021976,False,-2.8000445998053496,False,True
"1829,3642",2017,24.07495162573304,Thalahena South,True,False,-3.7042951929636843,True,23.081635797752945,41.725691270021976,False,-2.785084630841413,False,True
"1851,3655",2017,24.14121896608722,Pahala Bomiriya A,True,False,-3.6827962676125092,True,23.081635797752945,41.725691270021976,False,-2.7641158764187055,False,True
"1838,3621",2017,24.15349639906784,Hokandara East,True,False,-3.6788131348393556,True,23.081635797752945,41.725691270021976,False,-2.760230969076175,False,True
"1840,3643",2017,24.19971586983824,Kothalawala,True,False,-3.6638182829779,True,23.081635797752945,41.725691270021976,False,-2.74560589544334,False,True
"1848,3618",2017,24.202273448401403,Thaldiyawala,True,False,-3.662988535015852,True,23.081635797752945,41.725691270021976,False,-2.7447966093527696,False,True
"1849,3632",2017,24.23605224878041,Thunadahena,True,False,-3.6520297745779176,True,23.081635797752945,41.725691270021976,False,-2.7341080957342148,False,True
"1828,3642",2017,24.24532616041711,Thalahena South,True,False,-3.649021065718845,True,23.081635797752945,41.725691270021976,False,-2.7311735826753156,False,True
"1837,3644",2017,24.252281656576663,Mahadeniya,True,False,-3.6467645138198947,True,23.081635797752945,41.725691270021976,False,-2.728972678125982,False,True
"1834,3641",2017,24.263296178287646,Mahadeniya,True,False,-3.6431911037693676,True,23.081635797752945,41.725691270021976,False,-2.725487389602152,False,True
"1837,3639",2017,24.34353518349055,Malabe North,True,False,-3.6171593908035264,True,23.081635797752945,41.725691270021976,False,-2.7000976276737347,False,True
"1841,3640",2017,24.34736388749609,Malabe North,True,False,-3.6159172552180787,True,23.081635797752945,41.725691270021976,False,-2.698886123581065,False,True
"1827,3640",2017,24.352401274465805,Thalahena South,True,False,-3.6142829900454,True,23.081635797752945,41.725691270021976,False,-2.6972921599522914,False,True
"1839,3650",2017,24.37233881773718,Raggahawatta,True,False,-3.6078147094084203,True,23.081635797752945,41.725691270021976,False,-2.6909833893510404,False,True
"1828,3649",2017,24.37790724932626,Mahadeniya,True,False,-3.606008158935489,True,23.081635797752945,41.725691270021976,False,-2.689221389037055,False,True
"1848,3619",2017,24.384215468802743,Thaldiyawala,True,False,-3.60396160117568,True,23.081635797752945,41.725691270021976,False,-2.6872253000988247,False,True
"1827,3649",2017,24.391522613230794,Mahadeniya,True,False,-3.601590965025967,True,23.081635797752945,41.725691270021976,False,-2.6849131246557763,False,True
"1839,3614",2017,24.43350738838922,Hokandara South,True,False,-3.5879699634557736,True,23.081635797752945,41.725691270021976,False,-2.6716280216912645,False,True
"1809,3628",2017,24.448359833815488,Battaramulla Sout,True,False,-3.583151426695507,True,23.081635797752945,41.725691270021976,False,-2.6669283117126303,False,True
"1837,3622",2017,24.45930528940169,Arangala,True,False,-3.579600423572027,True,23.081635797752945,41.725691270021976,False,-2.6634648775532836,False,True
"1837,3620",2017,24.47191811571089,Hokandara East,True,False,-3.575508480092185,True,23.081635797752945,41.725691270021976,False,-2.659473842813693,False,True
"1809,3629",2017,24.53993990889501,Rajamalwatta,True,False,-3.5534403625835838,True,23.081635797752945,41.725691270021976,False,-2.637949932708855,False,True
"1833,3645",2017,24.551042719757493,Mahadeniya,True,False,-3.549838309133951,True,23.081635797752945,41.725691270021976,False,-2.634436707142039,False,True
"1849,3610",2017,24.557422949882543,Athurugiriya South,True,False,-3.547768389163591,True,23.081635797752945,41.725691270021976,False,-2.6324178321134433,False,True
"1832,3652",2017,24.55762093353892,Welivita,True,False,-3.5477041578872726,True,23.081635797752945,41.725691270021976,False,-2.6323551848025946,False,True
"1838,3644",2017,24.55822619371841,Mahadeniya,True,False,-3.5475077950432623,True,23.081635797752945,41.725691270021976,False,-2.632163664334174,False,True
"1831,3648",2017,24.56998383671172,Mahadeniya,True,False,-3.5436932962619943,True,23.081635797752945,41.725691270021976,False,-2.6284432324110147,False,True
"1842,3623",2017,24.60270495145357,Hokandara East,True,False,-3.533077677776592,True,23.081635797752945,41.725691270021976,False,-2.6180893987458647,False,True
"1843,3619",2017,24.61623485795049,Boralugoda,True,False,-3.5286882085715354,True,23.081635797752945,41.725691270021976,False,-2.613808175368258,False,True
"1841,3615",2017,24.63480813133588,Hokandara East,True,False,-3.5226625341457134,True,23.081635797752945,41.725691270021976,False,-2.6079310961560473,False,True
"1831,3652",2017,24.637293860113505,Welivita,True,False,-3.5218560962058807,True,23.081635797752945,41.725691270021976,False,-2.607144545254489,False,True
"1845,3618",2017,24.66933033503985,Boralugoda,True,False,-3.511462593474745,True,23.081635797752945,41.725691270021976,False,-2.5970073498923494,False,True
"1852,3655",2017,24.68224368844935,Pahala Bomiriya A,True,False,-3.5072731508398003,True,23.081635797752945,41.725691270021976,False,-2.5929212203605125,False,True
"1840,3642",2017,24.71023038275501,Kothalawala,True,False,-3.4981935069535703,False,23.081635797752945,41.725691270021976,False,-2.5840654836301375,False,True
"1831,3638",2017,24.73901875086191,Thalahena North,True,False,-3.4888537783088953,False,23.081635797752945,41.725691270021976,False,-2.5749560759213375,False,True
"1834,3643",2017,24.754651719893783,Mahadeniya,True,False,-3.483782018488188,False,23.081635797752945,41.725691270021976,False,-2.5700093874504386,False,True
"1847,3620",2017,24.758829031668384,Thaldiyawala,True,False,-3.482426785072591,False,23.081635797752945,41.725691270021976,False,-2.5686875745591937,False,True
"1840,3649",2017,24.8327085730482,Raggahawatta,True,False,-3.4584582549246394,False,23.081635797752945,41.725691270021976,False,-2.54531011664741,False,True
"1841,3623",2017,24.87082663614275,Hokandara East,True,False,-3.4460917197864993,False,23.081635797752945,41.725691270021976,False,-2.5332485445392368,False,True
"1842,3617",2017,24.90128465597932,Hokandara East,True,False,-3.436210310764932,False,23.081635797752945,41.725691270021976,False,-2.5236108144788245,False,True
"1835,3620",2017,24.925479064631546,Hokandara South,True,False,-3.4283609873614287,False,23.081635797752945,41.725691270021976,False,-2.5159550581029144,False,True
"1834,3653",2017,24.93507644049184,Welivita,True,False,-3.4252473379213746,False,23.081635797752945,41.725691270021976,False,-2.512918192334025,False,True
"1831,3649",2017,24.963684547466062,Welivita,True,False,-3.415966090884901,False,23.081635797752945,41.725691270021976,False,-2.5038658240567586,False,True
"1810,3629",2017,24.97013354503136,Battaramulla Sout,True,False,-3.4138738608888697,False,23.081635797752945,41.725691270021976,False,-2.501825189175434,False,True
"1836,3639",2017,24.970354719184392,Malabe North,True,False,-3.4138021059854697,False,23.081635797752945,41.725691270021976,False,-2.501755203772748,False,True
"1842,3634",2017,24.979291702990945,Malabe East,True,False,-3.4109027056670804,False,23.081635797752945,41.725691270021976,False,-2.4989273036681454,False,True
"1832,3636",2017,25.00327655140874,Thalangama North B,True,False,-3.4031213692962923,False,23.081635797752945,41.725691270021976,False,-2.49133785774123,False,True
"1834,3642",2017,25.035086028826537,Mahadeniya,True,False,-3.3928015107232747,False,23.081635797752945,41.725691270021976,False,-2.48127249044682,False,True
"1829,3629",2017,25.11954092523662,Pothuarawa,True,False,-3.365402048125904,False,23.081635797752945,41.725691270021976,False,-2.4545487080654356,False,True
"1838,3652",2017,25.13137031378037,Raggahawatta,True,False,-3.3615642731391184,False,23.081635797752945,41.725691270021976,False,-2.4508055739360306,False,True
"1817,3622",2017,25.141495192438907,Pahalawela,True,False,-3.358279487461797,False,23.081635797752945,41.725691270021976,False,-2.4476017922086233,False,True
"1824,3645",2017,25.25293996447784,Thalahena South,True,False,-3.3221237760353524,False,23.081635797752945,41.725691270021976,False,-2.412337693120156,False,True
"1828,3627",2017,25.263278292809947,Evarihena,True,False,-3.3187697414856028,False,23.081635797752945,41.725691270021976,False,-2.409066370221445,False,True
"1851,3617",2017,25.266393447064697,Athurugiriya,True,False,-3.317759100822762,False,23.081635797752945,41.725691270021976,False,-2.4080806523065936,False,True
"1844,3653",2017,25.283198116934333,Kaduwela,True,False,-3.3123072094212436,False,23.081635797752945,41.725691270021976,False,-2.402763206431027,False,True
"1817,3621",2017,25.28801584684437,Pahalawela,True,False,-3.3107442069656683,False,23.081635797752945,41.725691270021976,False,-2.401238748156128,False,True
"1844,3652",2017,25.291384094322183,Kaduwela,True,False,-3.3096514559860344,False,23.081635797752945,41.725691270021976,False,-2.40017294479327,False,True
"1816,3621",2017,25.34050689724206,Pahalawela,True,False,-3.293714684306796,False,23.081635797752945,41.725691270021976,False,-2.384629179410855,False,True
"1843,3634",2017,25.35734612951017,Malabe East,True,False,-3.288251579924332,False,23.081635797752945,41.725691270021976,False,-2.379300797070328,False,True
"1818,3622",2017,25.357935778316435,Pahalawela,True,False,-3.288060281833877,False,23.081635797752945,41.725691270021976,False,-2.37911421645689,False,True
"1835,3654",2017,25.36822445747695,Raggahawatta,True,False,-3.2847223548241034,False,23.081635797752945,41.725691270021976,False,-2.3758586038806526,False,True
"1834,3618",2017,25.39540965467569,Hokandara South,True,False,-3.2759027383718817,False,23.081635797752945,41.725691270021976,False,-2.3672564822179067,False,True
"1834,3645",2017,25.421171715714305,Mahadeniya,True,False,-3.26754482594924,False,23.081635797752945,41.725691270021976,False,-2.359104678803822,False,True
"1847,3611",2017,25.43277526522604,Athurugiriya South,True,False,-3.2637803192793156,False,23.081635797752945,41.725691270021976,False,-2.3554330061692643,False,True
"1831,3639",2017,25.439107792064306,Thalahena North,True,False,-3.26172587555104,False,23.081635797752945,41.725691270021976,False,-2.353429225733275,False,True
"1840,3637",2017,25.440547352972988,Malabe North,True,False,-3.2612588428868525,False,23.081635797752945,41.725691270021976,False,-2.352973710255977,False,True
"1830,3638",2017,25.460575136117345,Thalahena North,True,False,-3.2547612859837267,False,23.081635797752945,41.725691270021976,False,-2.3466363853514207,False,True
"1830,3652",2017,25.481981253264657,Welivita,True,False,-3.2478165600878506,False,23.081635797752945,41.725691270021976,False,-2.3398629187960007,False,True
"1821,3634",2017,25.536344236749688,Batapotha,True,False,-3.230179731484722,False,23.081635797752945,41.725691270021976,False,-2.322661020480922,False,True
"1833,3651",2017,25.55128034134897,Welivita,True,False,-3.2253340534161428,False,23.081635797752945,41.725691270021976,False,-2.3179348385080174,False,True
"1850,3632",2017,25.55305813531853,Thunadahena,True,False,-3.224757288758967,False,23.081635797752945,41.725691270021976,False,-2.317372297066598,False,True
"1834,3631",2017,25.584165138484053,Malabe West,True,False,-3.214665331915974,False,23.081635797752945,41.725691270021976,False,-2.307529211366795,False,True
"1846,3641",2017,25.588621371615467,Kothalawala,True,False,-3.213219608835378,False,23.081635797752945,41.725691270021976,False,-2.3061191403169605,False,True
"1832,3637",2017,25.60863997109736,Malabe West,True,False,-3.2067250313618287,False,23.081635797752945,41.725691270021976,False,-2.299784721368217,False,True
"1810,3630",2017,25.622334670010986,Rajamalwatta,True,False,-3.202282099020237,False,23.081635797752945,41.725691270021976,False,-2.2954513532734975,False,True
"1817,3623",2017,25.66046922629732,Pahalawela,True,False,-3.1899102130426473,False,23.081635797752945,41.725691270021976,False,-2.2833845622794233,False,True
"1834,3632",2017,25.66382589737104,Malabe West,True,False,-3.188821217762971,False,23.081635797752945,41.725691270021976,False,-2.2823224219996647,False,True
"1822,3635",2017,25.68979569808677,Muttettugoda,True,False,-3.1803959089458638,False,23.081635797752945,41.725691270021976,False,-2.274104884209491,False,True
"1834,3617",2017,25.71832241509953,Hokandara South,True,False,-3.171141067023832,False,23.081635797752945,41.725691270021976,False,-2.2650782698874194,False,True
"1840,3641",2017,25.771981151528987,Malabe North,True,False,-3.153732715296275,False,23.081635797752945,41.725691270021976,False,-2.248099214129206,False,True
"1840,3636",2017,25.78638007848974,Malabe East,True,False,-3.1490613122459687,False,23.081635797752945,41.725691270021976,False,-2.243543009492401,False,True
"1815,3629",2017,25.807911562908007,Asiri Uyana,True,False,-3.1420759138018144,False,23.081635797752945,41.725691270021976,False,-2.2367298733877985,False,True
"1838,3636",2017,25.82048559949239,Malabe North,True,False,-3.137996554762418,False,23.081635797752945,41.725691270021976,False,-2.2327511127520037,False,True
"1832,3639",2017,25.853257783467686,Thalahena North,True,False,-3.127364368030399,False,23.081635797752945,41.725691270021976,False,-2.222381119418923,False,True
"1843,3624",2017,25.925082865476288,Pore,True,False,-3.1040623603114863,False,23.081635797752945,41.725691270021976,False,-2.199653747262751,False,True
"1836,3651",2017,25.93973380997858,Raggahawatta,True,False,-3.099309195924693,False,23.081635797752945,41.725691270021976,False,-2.1950177975522704,False,True
"1821,3635",2017,25.94625772836964,Thalangama North A,True,False,-3.097192659577573,False,23.081635797752945,41.725691270021976,False,-2.1929534557228747,False,True
"1833,3616",2017,25.94757964586488,Hokandara South,True,False,-3.0967637936324683,False,23.081635797752945,41.725691270021976,False,-2.192535165760178,False,True
"1840,3633",2017,25.9629968495799,Malabe East,True,False,-3.091762033941775,False,23.081635797752945,41.725691270021976,False,-2.187656751191897,False,True
"1835,3639",2017,25.976450231648663,Malabe North,True,False,-3.087397391339984,False,23.081635797752945,41.725691270021976,False,-2.1833997421849407,False,True
"1835,3631",2017,26.00877753731311,Malabe West,True,False,-3.0769095352170432,False,23.081635797752945,41.725691270021976,False,-2.173170520218243,False,True
"1828,3651",2017,26.03737049507035,Welivita,True,False,-3.0676332029980857,False,23.081635797752945,41.725691270021976,False,-2.1641229455573936,False,True
"1815,3631",2017,26.047984767680013,Battaramulla North,True,False,-3.0641896446287205,False,23.081635797752945,41.725691270021976,False,-2.1607643065273954,False,True
"1829,3627",2017,26.07975517885562,Pothuarawa,True,False,-3.0538824602058976,False,23.081635797752945,41.725691270021976,False,-2.1507113008342564,False,True
"1844,3651",2017,26.120713822702804,Kaduwela,True,False,-3.0405943635077417,False,23.081635797752945,41.725691270021976,False,-2.1377508931925977,False,True
"1826,3640",2017,26.15715665641335,Thalahena South,True,False,-3.028771318289074,False,23.081635797752945,41.725691270021976,False,-2.12621940835467,False,True
"1826,3628",2017,26.187861394532767,Kumaragewatta,True,False,-3.018809867154494,False,23.081635797752945,41.725691270021976,False,-2.1165036100474124,False,True
"1835,3644",2017,26.23378085267009,Mahadeniya,True,False,-3.0039123475409966,False,23.081635797752945,41.725691270021976,False,-2.101973468415667,False,True
"1838,3645",2017,26.25095604312413,Mahadeniya,True,False,-2.9983402491967728,False,23.081635797752945,41.725691270021976,False,-2.0965387799421418,False,True
"1837,3635",2017,26.26336448186488,Malabe North,True,False,-2.994314614596287,False,23.081635797752945,41.725691270021976,False,-2.092612418882028,False,True
"1836,3645",2017,26.291373325619457,Mahadeniya,True,False,-2.985227784827143,False,23.081635797752945,41.725691270021976,False,-2.0837496734750944,False,True
"1812,3629",2017,26.29441213645325,Battaramulla Sout,True,False,-2.984241912043915,False,23.081635797752945,41.725691270021976,False,-2.0827881126553858,False,True
"1849,3631",2017,26.29462368136749,Shanthalokagama,True,False,-2.9841732811271564,False,23.081635797752945,41.725691270021976,False,-2.082721174200751,False,True
"1846,3620",2017,26.29529883258663,Thaldiyawala,True,False,-2.9839542437313065,False,23.081635797752945,41.725691270021976,False,-2.082507538342775,False,True
"1829,3639",2017,26.30212612488091,Thalahena North,True,False,-2.981739284648886,False,23.081635797752945,41.725691270021976,False,-2.0803472009167425,False,True
"1827,3642",2017,26.33370579293349,Thalahena South,True,False,-2.9714939824766753,False,23.081635797752945,41.725691270021976,False,-2.070354551436531,False,True
"1828,3629",2017,26.33498880722987,Pothuarawa,True,False,-2.971077737786079,False,23.081635797752945,41.725691270021976,False,-2.0699485714838453,False,True
"1843,3649",2017,26.370312725789,Hewagama,True,False,-2.9596176990376586,False,23.081635797752945,41.725691270021976,False,-2.0587711412511656,False,True
"1848,3632",2017,26.397275743686112,Thunadahena,True,False,-2.950870163586345,False,23.081635797752945,41.725691270021976,False,-2.0502393230469367,False,True
"1845,3617",2017,26.41431044520995,Boralugoda,True,False,-2.945343643667436,False,23.081635797752945,41.725691270021976,False,-2.044849089019007,False,True
"1839,3636",2017,26.423792440901163,Malabe East,True,False,-2.942267426688513,False,23.081635797752945,41.725691270021976,False,-2.0418487326138224,False,True
"1850,3617",2017,26.4408221961031,Thaldiyawala,True,False,-2.9367425114907943,False,23.081635797752945,41.725691270021976,False,-2.0364600637341046,False,True
"1847,3624",2017,26.49686806223178,Pore,True,False,-2.9185597100428646,False,23.081635797752945,41.725691270021976,False,-2.018725656453247,False,True
"1838,3614",2017,26.52501843326104,Hokandara South,True,False,-2.9094269649812508,False,23.081635797752945,41.725691270021976,False,-2.009818128040823,False,True
"1815,3640",2017,26.587710071901185,Walpola,True,False,-2.889088094399397,False,23.081635797752945,41.725691270021976,False,-1.989980821035949,False,True
"1849,3611",2017,26.61570693740043,Athurugiriya South,True,False,-2.88000515070167,False,23.081635797752945,41.725691270021976,False,-1.9811218658685688,False,True
"1824,3635",2017,26.639806302903192,Muttettugoda,True,False,-2.8721866618776812,False,23.081635797752945,41.725691270021976,False,-1.9734961836807872,False,True
"1822,3633",2017,26.65545827096394,Batapotha,True,False,-2.8671087382559017,False,23.081635797752945,41.725691270021976,False,-1.9685434834102808,False,True
"1834,3652",2017,26.68141780528728,Welivita,True,False,-2.8586867601353707,False,23.081635797752945,41.725691270021976,False,-1.9603291941805552,False,True
"1845,3619",2017,26.710402007346445,Thaldiyawala,True,False,-2.849283497636786,False,23.081635797752945,41.725691270021976,False,-1.9511578193846375,False,True
"1840,3623",2017,26.711172217636207,Hokandara East,True,False,-2.8490336204961646,False,23.081635797752945,41.725691270021976,False,-1.950914104300653,False,True
"1833,3639",2017,26.71627142206553,Thalahena North,True,False,-2.8473793000603282,False,23.081635797752945,41.725691270021976,False,-1.9493005799784422,False,True
"1839,3638",2017,26.74451016249609,Malabe North,True,False,-2.838217885564394,False,23.081635797752945,41.725691270021976,False,-1.9403650891298552,False,True
"1839,3648",2017,26.754553358131584,Raggahawatta,True,False,-2.8349596000786526,False,23.081635797752945,41.725691270021976,False,-1.9371871540901464,False,True
"1836,3638",2017,26.75513421848356,Malabe North,True,False,-2.834771153201506,False,23.081635797752945,41.725691270021976,False,-1.9370033543781113,False,True
"1818,3623",2017,26.806072698135143,Pahalawela,True,False,-2.8182453266679732,False,23.081635797752945,41.725691270021976,False,-1.9208850604376666,False,True
"1844,3622",2017,26.81482415306104,Boralugoda,True,False,-2.815406116958327,False,23.081635797752945,41.725691270021976,False,-1.918115866620596,False,True
"1834,3639",2017,26.81924012404961,Malabe North,True,False,-2.813973456010584,False,23.081635797752945,41.725691270021976,False,-1.9167185355869034,False,True
"1838,3648",2017,26.84739133763092,Raggahawatta,True,False,-2.8048404376021967,False,23.081635797752945,41.725691270021976,False,-1.907810740568532,False,True
"1848,3624",2017,26.86341930374604,Pore,True,False,-2.799640529997661,False,23.081635797752945,41.725691270021976,False,-1.9027390644824378,False,True
"1832,3640",2017,26.88032198251352,Thalahena North,True,False,-2.7941568418472866,False,23.081635797752945,41.725691270021976,False,-1.8973906059768306,False,True
"1846,3638",2017,26.886974047554475,Thunadahena,True,False,-2.7919987312458616,False,23.081635797752945,41.725691270021976,False,-1.895285715128607,False,True
"1842,3641",2017,26.89418945431637,Kothalawala,True,False,-2.7896578572870876,False,23.081635797752945,41.725691270021976,False,-1.893002567930584,False,True
"1836,3634",2017,26.89713216028425,Malabe East,True,False,-2.788703163533033,False,23.081635797752945,41.725691270021976,False,-1.8920714172544146,False,True
"1835,3650",2017,26.9486976612834,Welivita,True,False,-2.771973914241429,False,23.081635797752945,41.725691270021976,False,-1.8757547170314086,False,True
"1847,3612",2017,26.95400564098385,Athurugiriya South,True,False,-2.770251861436297,False,23.081635797752945,41.725691270021976,False,-1.874075130643535,False,True
"1837,3646",2017,26.98007425256436,Mahadeniya,True,False,-2.7617944956904754,False,23.081635797752945,41.725691270021976,False,-1.8658263264595873,False,True
"1841,3643",2017,26.983779650639203,Kothalawala,True,False,-2.76059236389853,False,23.081635797752945,41.725691270021976,False,-1.8646538396530477,False,True
"1836,3649",2017,26.9869020666545,Welivita,True,False,-2.759579367323303,False,23.081635797752945,41.725691270021976,False,-1.8636658239234232,False,True
"1842,3649",2017,26.994405029509835,Hewagama,True,False,-2.757145202356407,False,23.081635797752945,41.725691270021976,False,-1.8612916863057776,False,True
"1815,3628",2017,27.00341080595127,Pahalawela,True,False,-2.754223483838523,False,23.081635797752945,41.725691270021976,False,-1.858442018376192,False,True
"1823,3634",2017,27.01706587586144,Muttettugoda,True,False,-2.7497934082221662,False,23.081635797752945,41.725691270021976,False,-1.8541211899554202,False,True
"1830,3640",2017,27.03236191146607,Thalahena North,True,False,-2.744830958757993,False,23.081635797752945,41.725691270021976,False,-1.8492811162098892,False,True
"1829,3628",2017,27.0460635433814,Pothuarawa,True,False,-2.740385777162314,False,23.081635797752945,41.725691270021976,False,-1.8449455543284654,False,True
"1810,3628",2017,27.049385258252244,Battaramulla Sout,True,False,-2.7393081226244305,False,23.081635797752945,41.725691270021976,False,-1.8438944751238875,False,True
"1835,3622",2017,27.05736555868807,Arangala,True,False,-2.7367190963796353,False,23.081635797752945,41.725691270021976,False,-1.8413692951609695,False,True
"1832,3654",2017,27.0604675058083,Welivita,True,False,-2.735712740470001,False,23.081635797752945,41.725691270021976,False,-1.8403877563358297,False,True
"1832,3653",2017,27.094216575580475,Welivita,True,False,-2.72476362544855,False,23.081635797752945,41.725691270021976,False,-1.8297086502744544,False,True
"1847,3638",2017,27.12065868743801,Thunadahena,True,False,-2.7161850860667944,False,23.081635797752945,41.725691270021976,False,-1.8213416606383084,False,True
"1828,3630",2017,27.13249602919106,Pothuarawa,True,False,-2.7123447308428634,False,23.081635797752945,41.725691270021976,False,-1.8175960099012975,False,True
"1815,3621",2017,27.19705204336283,Pahalawela,True,False,-2.6914010061931273,False,23.081635797752945,41.725691270021976,False,-1.7971687647388725,False,True
"1814,3635",2017,41.73662481092557,Udumulla2,False,False,2.0256313644607746,False,23.081635797752945,41.725691270021976,True,2.8035399576065436,False,True
"1815,3634",2017,41.894554107036406,Battaramulla North,False,False,2.076867918239808,False,23.081635797752945,41.725691270021976,True,2.8535130002637517,False,True
"1814,3634",2017,41.98056720514391,Battaramulla North,False,False,2.1047729037960896,False,23.081635797752945,41.725691270021976,True,2.8807298392331884,False,True
"1873,3638",2017,42.02316109681242,Ranala,False,False,2.118591519308694,False,23.081635797752945,41.725691270021976,True,2.8942076829120023,False,True
"1816,3636",2017,42.27387989444858,Thalangama North A,False,False,2.1999315079925164,False,23.081635797752945,41.725691270021976,True,2.9735417993665094,False,True
"1815,3635",2017,43.73342438286009,Udumulla2,False,False,2.6734473882944583,False,23.081635797752945,41.725691270021976,True,3.435380614429001,False,True
"1869,3643",2017,47.14793549917835,Ranala,True,False,3.7812075490031365,True,23.081635797752945,41.725691270021976,True,4.51582302676985,True,True
"1869,3644",2017,48.97951427587129,Ranala,True,False,4.37542145866752,True,23.081635797752945,41.725691270021976,True,5.095383416081515,True,True
"1832,3620",2018,23.20508722921276,Wellangiriya,True,False,-3.986502832903388,True,28.483870301746528,41.51477912264816,True,-4.885495566100369,True,True
"1866,3634",2018,24.63968277361624,Batewela,True,False,-3.5210810677711915,True,28.483870301746528,41.51477912264816,True,-4.282145895716489,True,True
"1832,3619",2018,24.83003281865479,Wellangiriya,True,False,-3.459326342336245,False,28.483870301746528,41.51477912264816,True,-4.2020901354852525,True,True
"1856,3655",2018,25.23105452589289,Ihala Bomiriya,True,False,-3.3292240068262786,False,28.483870301746528,41.51477912264816,True,-4.033431926680138,True,True
"1825,3641",2018,25.36599547538464,Thalahena South,True,False,-3.2854454971647424,False,28.483870301746528,41.51477912264816,True,-3.976679640145616,True,True
"1832,3621",2018,25.368066325637983,Wellangiriya,True,False,-3.2847736570882864,False,28.483870301746528,41.51477912264816,True,-3.9758087000241,True,True
"1856,3654",2018,25.67492648458295,Ihala Bomiriya,True,False,-3.18521988572599,False,28.483870301746528,41.51477912264816,True,-3.8467521331919645,True,True
"1865,3634",2018,25.80799813171873,Batewela,True,False,-3.1420478285279896,False,28.483870301746528,41.51477912264816,True,-3.790786021523747,True,True
"1834,3651",2018,25.89033907060112,Welivita,True,False,-3.1153341911778756,False,28.483870301746528,41.51477912264816,True,-3.756155788265602,True,True
"1866,3633",2018,25.999913876354285,Dedigamuwa,True,False,-3.0797851476118288,False,28.483870301746528,41.51477912264816,True,-3.7100717730241906,True,True
"1831,3628",2018,26.064300993787096,Pothuarawa,True,False,-3.0588962176522605,False,28.483870301746528,41.51477912264816,True,-3.6829924012586743,True,True
"1834,3649",2018,26.13943654729181,Welivita,True,False,-3.0345202030516503,False,28.483870301746528,41.51477912264816,True,-3.6513925460813526,True,True
"1826,3641",2018,26.292482323631752,Thalahena South,True,False,-2.984867995746224,False,28.483870301746528,41.51477912264816,True,-3.5870258895218945,True,True
"1859,3645",2018,26.67685327187824,Pahala Bomiriya B,True,False,-2.8601676187679845,False,28.483870301746528,41.51477912264816,True,-3.4253705115762663,False,True
"1855,3655",2018,26.77361305550002,Ihala Bomiriya,True,False,-2.82877611649911,False,28.483870301746528,41.51477912264816,True,-3.384676126470747,False,True
"1835,3648",2018,26.807156111650347,Welivita,True,False,-2.8178938378929095,False,28.483870301746528,41.51477912264816,True,-3.370568880738026,False,True
"1859,3622",2018,26.868244273853666,Oruwala,True,False,-2.798075178625309,False,28.483870301746528,41.51477912264816,True,-3.3448769547638273,False,True
"1833,3619",2018,26.99752420937496,Hokandara South,True,False,-2.756133255676206,False,28.483870301746528,41.51477912264816,True,-3.290505528065681,False,True
"1830,3628",2018,27.028602151088425,Pothuarawa,True,False,-2.746050727157709,False,28.483870301746528,41.51477912264816,True,-3.2774350386429454,False,True
"1858,3645",2018,27.07781778802753,Pahala Bomiriya B,True,False,-2.730083837600814,False,28.483870301746528,41.51477912264816,True,-3.2567363557000193,False,True
"1860,3645",2018,27.214633330455843,Pahala Bomiriya B,True,False,-2.6856971590676797,False,28.483870301746528,41.51477912264816,True,-3.199195669232992,False,True
"1831,3620",2018,27.35839467001328,Wellangiriya,False,False,-2.639057075264539,False,28.483870301746528,41.51477912264816,True,-3.1387337800445727,False,True
"1834,3648",2018,27.688376667461377,Mahadeniya,False,False,-2.5320019513912784,False,28.483870301746528,41.51477912264816,True,-2.999952832222997,False,True
"1858,3646",2018,27.70086912079213,Pahala Bomiriya A,False,False,-2.5279490601755534,False,28.483870301746528,41.51477912264816,True,-2.9946988652573245,False,True
"1867,3634",2018,27.733696338598016,Batewela,False,False,-2.517299018973908,False,28.483870301746528,41.51477912264816,True,-2.980892680566408,False,True
"1833,3650",2018,27.734655749468423,Welivita,False,False,-2.516987760025325,False,28.483870301746528,41.51477912264816,True,-2.9804891799179627,False,True
"1833,3620",2018,27.74570400180957,Hokandara South,False,False,-2.513403406842087,False,28.483870301746528,41.51477912264816,True,-2.9758426023969644,False,True
"1859,3623",2018,27.858900910854526,Oruwala,False,False,-2.4766792545744045,False,28.483870301746528,41.51477912264816,True,-2.928235234573202,False,True
"1833,3649",2018,27.89504385966629,Welivita,False,False,-2.4649535001632206,False,28.483870301746528,41.51477912264816,True,-2.913034548681383,False,True
"1861,3626",2018,27.925946390788948,Shanthalokagama,False,False,-2.454927879605379,False,28.483870301746528,41.51477912264816,True,-2.9000378319136373,False,True
"1850,3655",2018,28.14015054533218,Pahala Bomiriya A,False,False,-2.3854342330545557,False,28.483870301746528,41.51477912264816,True,-2.8099497185476805,False,True
"1831,3619",2018,28.25408997256758,Wellangiriya,False,False,-2.348469187715521,False,28.483870301746528,41.51477912264816,True,-2.7620300689053887,False,True
"1841,3630",2018,28.27214993562061,Malabe East,False,False,-2.342610045105498,False,28.483870301746528,41.51477912264816,True,-2.754434567303771,False,True
"1825,3633",2018,28.30666950045964,Muttettugoda,False,False,-2.3314109605540003,False,28.483870301746528,41.51477912264816,True,-2.739916630071445,False,True
"1832,3618",2018,28.38591646778524,Hokandara South,False,False,-2.3057010916240848,False,28.483870301746528,41.51477912264816,True,-2.7065876323610114,False,True
"1865,3626",2018,28.387438440067807,Dedigamuwa,False,False,-2.305207322471519,False,28.483870301746528,41.51477912264816,True,-2.7059475345448685,False,True
"1831,3629",2018,28.419230305076685,Pothuarawa,False,False,-2.2948931778423938,False,28.483870301746528,41.51477912264816,True,-2.6925767894949315,False,True
"1833,3621",2018,28.420343784249937,Wellangiriya,False,False,-2.2945319349511313,False,28.483870301746528,41.51477912264816,True,-2.692108492144656,False,True
"1832,3628",2018,28.42646884854108,Pothuarawa,False,False,-2.2925447977088234,False,28.483870301746528,41.51477912264816,True,-2.689532466075456,False,True
"1816,3637",2018,41.58738773525348,Thalangama North A,False,False,1.9772148031146617,False,28.483870301746528,41.51477912264816,True,2.8455719075748296,False,True
"1814,3641",2018,41.62102022758988,Walpola,False,False,1.988126097249143,False,28.483870301746528,41.51477912264816,True,2.8597167675979343,False,True
"1813,3636",2018,41.63386041796036,Udumulla2,False,False,1.9922918038067698,False,28.483870301746528,41.51477912264816,True,2.8651169827721126,False,True
"1814,3636",2018,41.661434561865455,Udumulla2,False,False,2.001237605136198,False,28.483870301746528,41.51477912264816,True,2.8767138754999317,False,True
"1815,3636",2018,41.74446240813301,Thalangama North A,False,False,2.0281740939017747,False,28.483870301746528,41.51477912264816,True,2.9116330022695913,False,True
"1814,3637",2018,41.75340282632659,Udumulla2,False,False,2.031074608428611,False,28.483870301746528,41.51477912264816,True,2.9153930853057015,False,True
"1814,3634",2018,41.79526311284637,Battaramulla North,False,False,2.0446552225027164,False,28.483870301746528,41.51477912264816,True,2.932998319179745,False,True
"1852,3626",2018,41.91093128248582,Shanthalokagama,False,False,2.0821811188385984,False,28.483870301746528,41.51477912264816,True,2.9816450282108167,False,True
"1845,3650",2018,42.23252779676209,Kaduwela,False,False,2.1865157641807893,False,28.483870301746528,41.51477912264816,True,3.1168992827232795,False,True
"1809,3641",2018,42.255795037294426,Kalapaluwawa,False,False,2.1940642890598463,False,28.483870301746528,41.51477912264816,True,3.126684815628837,False,True
"1812,3641",2018,42.28709222678483,Walpola,False,False,2.2042179475130075,False,28.483870301746528,41.51477912264816,True,3.139847514367615,False,True
"1811,3640",2018,42.314809373822335,Kalapaluwawa,False,False,2.213210142943246,False,28.483870301746528,41.51477912264816,True,3.1515045501044816,False,True
"1815,3635",2018,42.33137821333122,Udumulla2,False,False,2.2185855245694475,False,28.483870301746528,41.51477912264816,True,3.1584729279830603,False,True
"1816,3636",2018,42.43256036145211,Thalangama North A,False,False,2.2514117620145626,False,28.483870301746528,41.51477912264816,True,3.201027232543415,False,True
"1808,3641",2018,42.469533415,Kalapaluwawa,False,False,2.26340682495179,False,28.483870301746528,41.51477912264816,True,3.2165770366385336,False,True
"1814,3640",2018,42.85065263923392,Walpola,False,False,2.38705225432786,False,28.483870301746528,41.51477912264816,True,3.3768648328857407,False,True
"1813,3641",2018,43.02078146470124,Walpola,False,False,2.442246666828137,False,28.483870301746528,41.51477912264816,True,3.448416129116194,False,True
"1869,3643",2018,44.816226573927246,Ranala,True,False,3.0247378332017276,False,28.483870301746528,41.51477912264816,True,4.203528759341393,True,True
"1869,3644",2018,48.824831556705625,Ranala,True,False,4.325238182642175,True,28.483870301746528,41.51477912264816,True,5.889432848820628,True,True
"1840,3631",2019,25.97467284572588,Malabe East,True,False,-3.0879740236157014,False,29.752257780839848,41.231306962922254,True,-4.402737870505203,True,True
"1839,3630",2019,25.990882512872776,Malabe East,True,False,-3.082715167260581,False,29.752257780839848,41.231306962922254,True,-4.395154350299608,True,True
"1839,3631",2019,26.24168178087709,Malabe East,True,False,-3.001349071803364,False,29.752257780839848,41.231306962922254,True,-4.277820582787709,True,True
"1858,3632",2019,26.293248678253548,Korathota,True,False,-2.9846193694890295,False,29.752257780839848,41.231306962922254,True,-4.253695558834389,True,True
"1841,3632",2019,26.471033241069254,Malabe East,True,False,-2.926941227826218,False,29.752257780839848,41.231306962922254,True,-4.170520943826088,True,True
"1840,3632",2019,26.636680058290327,Malabe East,True,False,-2.8732009005539627,False,29.752257780839848,41.231306962922254,True,-4.0930248438750745,True,True
"1859,3632",2019,26.98040670914717,Nawagamuwa South,True,False,-2.761686637743889,False,29.752257780839848,41.231306962922254,True,-3.9322159896060627,True,True
"1859,3633",2019,27.13748873569386,Nawagamuwa South,True,False,-2.7107249612273883,False,29.752257780839848,41.231306962922254,True,-3.858726835790789,True,True
"1841,3631",2019,27.23688542014308,Malabe East,False,False,-2.678477976699161,False,29.752257780839848,41.231306962922254,True,-3.812225155154235,True,True
"1857,3632",2019,27.438384997373834,Korathota,False,False,-2.6131060401460435,False,29.752257780839848,41.231306962922254,True,-3.7179557231233065,True,True
"1858,3631",2019,27.71839530316509,Korathota,False,False,-2.522263090518201,False,29.752257780839848,41.231306962922254,True,-3.5869558825652326,True,True
"1860,3632",2019,28.36927637806125,Nawagamuwa South,False,False,-2.3110995887555656,False,29.752257780839848,41.231306962922254,True,-3.2824481009936877,False,True
"1837,3629",2019,28.370335162304468,Hokandara,False,False,-2.310756090385384,False,29.752257780839848,41.231306962922254,True,-3.281952760057379,False,True
"1858,3633",2019,28.37424987387396,Korathota,False,False,-2.309486051609811,False,29.752257780839848,41.231306962922254,True,-3.2801213039258434,False,True
"1840,3630",2019,28.39757960624221,Malabe East,False,False,-2.301917252681603,False,29.752257780839848,41.231306962922254,True,-3.269206737007076,False,True
"1859,3634",2019,28.66902469468921,Nawagamuwa South,False,False,-2.2138530922328132,False,29.752257780839848,41.231306962922254,True,-3.142214042197699,False,True
"1857,3631",2019,28.69625419614867,Korathota,False,False,-2.205019102274897,False,29.752257780839848,41.231306962922254,True,-3.1294750098267827,False,True
"1851,3647",2019,28.74402856046009,Pahala Bomiriya B,False,False,-2.189519800710332,False,29.752257780839848,41.231306962922254,True,-3.1071242820924074,False,True
"1839,3632",2019,28.91395928819547,Malabe East,False,False,-2.1343896564955838,False,29.752257780839848,41.231306962922254,True,-3.0276240002140407,False,True
"1840,3629",2019,29.028402515348063,Hokandara,False,False,-2.0972611647777795,False,29.752257780839848,41.231306962922254,True,-2.974082954760102,False,True
"1852,3643",2019,29.02936186425461,Welihinda,False,False,-2.096949925931956,False,29.752257780839848,41.231306962922254,True,-2.973634133587459,False,True
"1850,3648",2019,29.088300395640577,Kaduwela,False,False,-2.0778286652958355,False,29.752257780839848,41.231306962922254,True,-2.9460603691416445,False,True
"1833,3651",2019,29.12985295893913,Welivita,False,False,-2.064347884993942,False,29.752257780839848,41.231306962922254,True,-2.9266204447734765,False,True
"1849,3642",2019,29.285737874893137,Korathota,False,False,-2.0137745836729994,False,29.752257780839848,41.231306962922254,True,-2.853691346404478,False,True
"1851,3646",2019,29.38293037223364,Pahala Bomiriya B,False,False,-1.9822426973191813,False,29.752257780839848,41.231306962922254,True,-2.8082208712408288,False,True
"1838,3631",2019,29.421657409648763,Malabe East,False,False,-1.9696785943687702,False,29.752257780839848,41.231306962922254,True,-2.790102839076507,False,True
"1838,3632",2019,29.4223835844148,Malabe East,False,False,-1.9694430035482622,False,29.752257780839848,41.231306962922254,True,-2.7897631059431163,False,True
"1852,3640",2019,29.473817372327247,Korathota,False,False,-1.9527564855599464,False,29.752257780839848,41.231306962922254,True,-2.7657003558354423,False,True
"1851,3648",2019,29.4895413247736,Pahala Bomiriya B,False,False,-1.9476552082480334,False,29.752257780839848,41.231306962922254,True,-2.7583440720815484,False,True
"1859,3631",2019,29.577009752770284,Korathota,False,False,-1.919278074141931,False,29.752257780839848,41.231306962922254,True,-2.7174228992373854,False,True
"1857,3633",2019,29.58132760826644,Korathota,False,False,-1.9178772445252164,False,29.752257780839848,41.231306962922254,True,-2.7154028365116543,False,True
"1813,3642",2019,41.23329656110366,Walpola,False,False,1.8623380073979505,False,29.752257780839848,41.231306962922254,True,2.735846790518941,False,True
"1811,3639",2019,41.237203596459246,Kalapaluwawa,False,False,1.8636055558012101,False,29.752257780839848,41.231306962922254,True,2.7376746554155225,False,True
"1860,3645",2019,41.25382553912272,Pahala Bomiriya B,False,False,1.868998165533299,False,29.752257780839848,41.231306962922254,True,2.7454510543324404,False,True
"1812,3636",2019,41.28468119407457,Udumulla2,False,False,1.8790085781879484,False,29.752257780839848,41.231306962922254,True,2.759886544010526,False,True
"1813,3635",2019,41.327039461239,Udumulla2,False,False,1.8927507507107328,False,29.752257780839848,41.231306962922254,True,2.779703408354774,False,True
"1824,3642",2019,41.33163418649416,Muttettugoda,False,False,1.8942414043983846,False,29.752257780839848,41.231306962922254,True,2.7818530016496825,False,True
"1817,3629",2019,41.37902488921824,Asiri Uyana,False,False,1.9096162357219184,False,29.752257780839848,41.231306962922254,True,2.8040242373949043,False,True
"1812,3640",2019,41.49509176355333,Walpola,False,False,1.9472714826918067,False,29.752257780839848,41.231306962922254,True,2.8583248888977306,False,True
"1814,3631",2019,41.571749479234285,Battaramulla North,False,False,1.9721413280516473,False,29.752257780839848,41.231306962922254,True,2.8941883850764643,False,True
"1816,3635",2019,41.58197624177235,Thalangama North A,False,False,1.9754591676271456,False,29.752257780839848,41.231306962922254,True,2.8989728670551775,False,True
"1810,3641",2019,41.590595965335176,Kalapaluwawa,False,False,1.978255640104152,False,29.752257780839848,41.231306962922254,True,2.9030055129579546,False,True
"1815,3634",2019,41.60804793623233,Battaramulla North,False,False,1.983917533542813,False,29.752257780839848,41.231306962922254,True,2.9111702317474695,False,True
"1814,3634",2019,41.6301407381829,Battaramulla North,False,False,1.9910850386425352,False,29.752257780839848,41.231306962922254,True,2.9215061139387606,False,True
"1818,3629",2019,41.63142657661107,Asiri Uyana,False,False,1.9915021995582,False,29.752257780839848,41.231306962922254,True,2.922107679758266,False,True
"1871,3639",2019,41.6531177666188,Ranala,False,False,1.998539410833949,False,29.752257780839848,41.231306962922254,True,2.932255672077684,False,True
"1813,3631",2019,41.711049468941575,Battaramulla Sout,False,False,2.0173340287716415,False,29.752257780839848,41.231306962922254,True,2.959358402265047,False,True
"1811,3633",2019,41.72357727935554,Rajamalwatta,False,False,2.0213983907856283,False,29.752257780839848,41.231306962922254,True,2.965219404995405,False,True
"1816,3638",2019,41.76776722997893,Thalangama North A,False,False,2.0357348111798483,False,29.752257780839848,41.231306962922254,True,2.985893202945717,False,True
"1810,3640",2019,41.7740472267869,Kalapaluwawa,False,False,2.037772212739328,False,29.752257780839848,41.231306962922254,True,2.988831232595105,False,True
"1811,3641",2019,41.816601665138286,Walpola,False,False,2.0515780285241156,False,29.752257780839848,41.231306962922254,True,3.0087398735407214,False,True
"1829,3644",2019,41.897634740628106,Mahadeniya,False,False,2.0778673594618087,False,29.752257780839848,41.231306962922254,True,3.0466503352256944,False,True
"1811,3635",2019,41.91235606394907,Subhoothipura,False,False,2.082643356649206,False,29.752257780839848,41.231306962922254,True,3.0535375496173227,False,True
"1813,3632",2019,42.06145795575925,Battaramulla Sout,False,False,2.1310160606782715,False,29.752257780839848,41.231306962922254,True,3.1232932823531114,False,True
"1845,3650",2019,42.15608481935713,Kaduwela,False,False,2.161715585751007,False,29.752257780839848,41.231306962922254,True,3.1675634530841634,False,True
"1810,3642",2019,42.169780993013134,Kalapaluwawa,False,False,2.166158996539086,False,29.752257780839848,41.231306962922254,True,3.1739710621188446,False,True
"1815,3637",2019,42.18855542593997,Thalangama North A,False,False,2.1722499325846156,False,29.752257780839848,41.231306962922254,True,3.182754480689934,False,True
"1814,3635",2019,42.21156041427823,Udumulla2,False,False,2.1797133757278835,False,29.752257780839848,41.231306962922254,True,3.193517119571518,False,True
"1811,3640",2019,42.23065280613398,Kalapaluwawa,False,False,2.1859074662872495,False,29.752257780839848,41.231306962922254,True,3.202449291842491,False,True
"1817,3638",2019,42.52523026952233,Thalangama North A,False,False,2.2814763975537833,False,29.752257780839848,41.231306962922254,True,3.3402642219995404,False,True
"1813,3641",2019,42.57565606641454,Walpola,False,False,2.297835895873239,False,29.752257780839848,41.231306962922254,True,3.363855394239527,False,True
"1813,3634",2019,42.67669254367918,Subhoothipura,False,False,2.330614873735465,False,29.752257780839848,41.231306962922254,True,3.4111242344874455,False,True
"1808,3640",2019,42.70970937938917,Kalapaluwawa,False,False,2.3413264321361367,False,29.752257780839848,41.231306962922254,True,3.4265708095751664,False,True
"1812,3641",2019,42.72206229761047,Walpola,False,False,2.3453340543719103,False,29.752257780839848,41.231306962922254,True,3.4323499908551014,False,True
"1815,3636",2019,42.79092703424214,Thalangama North A,False,False,2.367675645633301,False,29.752257780839848,41.231306962922254,True,3.4645676247501456,False,True
"1817,3636",2019,42.89360474497222,Thalangama North A,False,False,2.4009870842155245,False,29.752257780839848,41.231306962922254,True,3.512604298602202,True,True
"1817,3637",2019,42.90230241909742,Thalangama North A,False,False,2.4038088459724776,False,29.752257780839848,41.231306962922254,True,3.516673412845719,True,True
"1864,3643",2019,42.93347249361231,Nawagamuwa,False,False,2.4139212648745274,False,29.752257780839848,41.231306962922254,True,3.531256000369043,True,True
"1809,3640",2019,43.09968587306805,Kalapaluwawa,False,False,2.467845400326269,False,29.752257780839848,41.231306962922254,True,3.6090171604298904,True,True
"1872,3638",2019,43.24957881882208,Ranala,False,False,2.516474743743556,False,29.752257780839848,41.231306962922254,True,3.679142979331702,True,True
"1809,3642",2019,43.37991734685759,Kalapaluwawa,False,False,2.558760102860744,False,29.752257780839848,41.231306962922254,True,3.740120472081395,True,True
"1815,3635",2019,43.58167985476685,Udumulla2,False,False,2.6242173412684324,False,29.752257780839848,41.231306962922254,True,3.8345129134310856,True,True
"1816,3637",2019,43.88503992789133,Thalangama North A,False,False,2.7226355897113663,False,29.752257780839848,41.231306962922254,True,3.976436694052998,True,True
"1809,3641",2019,43.99647144899476,Kalapaluwawa,True,False,2.7587870021743757,False,29.752257780839848,41.231306962922254,True,4.028568744894639,True,True
"1872,3639",2019,44.0286028275851,Ranala,True,False,2.769211294232151,False,29.752257780839848,41.231306962922254,True,4.043601068295561,True,True
"1816,3636",2019,44.52220117643356,Thalangama North A,True,False,2.929348007108194,False,29.752257780839848,41.231306962922254,True,4.274525800926945,True,True
"1808,3641",2019,44.65598272500002,Kalapaluwawa,True,False,2.972750375614651,False,29.752257780839848,41.231306962922254,True,4.3371140741774425,True,True
"1873,3638",2019,45.24472208125531,Ranala,True,False,3.1637534157816734,False,29.752257780839848,41.231306962922254,True,4.612549514247286,True,True
"1869,3643",2019,47.6892619721313,Ranala,True,False,3.9568285618645054,True,29.752257780839848,41.231306962922254,True,5.756201477476586,True,True
"1869,3644",2019,52.3712039790942,Ranala,True,True,5.47577773302852,True,29.752257780839848,41.231306962922254,True,7.946598201201185,True,True
"1849,3611",2020,17.020626737667552,Athurugiriya South,True,True,-5.99290981610796,True,26.98700082206136,51.270032482203476,True,-5.1902243739361165,True,True
"1849,3610",2020,17.50188237720236,Athurugiriya South,True,True,-5.836777413420726,True,26.98700082206136,51.270032482203476,True,-5.079024552689161,True,True
"1850,3610",2020,17.807267380258498,Athurugiriya South,True,True,-5.737702222701108,True,26.98700082206136,51.270032482203476,True,-5.008461727110289,True,True
"1848,3610",2020,17.825418469328575,Athurugiriya South,True,True,-5.731813516335734,True,26.98700082206136,51.270032482203476,True,-5.004267702782633,True,True
"1850,3611",2020,18.13059620422925,Athurugiriya South,True,True,-5.632805569036149,True,26.98700082206136,51.270032482203476,True,-4.9337527689684375,True,True
"1848,3611",2020,18.23637941564514,Athurugiriya South,True,True,-5.598486621671087,True,26.98700082206136,51.270032482203476,True,-4.909310303812608,True,True
"1849,3612",2020,18.64912631097002,Athurugiriya South,True,True,-5.464580316633163,True,26.98700082206136,51.270032482203476,True,-4.813940240150127,True,True
"1847,3610",2020,18.75938118760015,Athurugiriya South,True,True,-5.428810639600626,True,26.98700082206136,51.270032482203476,True,-4.788464543730805,True,True
"1850,3612",2020,18.811209478198585,Athurugiriya South,True,True,-5.411996134224383,True,26.98700082206136,51.270032482203476,True,-4.77648900271553,True,True
"1831,3636",2020,19.06897474317896,Thalangama North B,True,True,-5.328370080118089,True,26.98700082206136,51.270032482203476,True,-4.716929282195271,True,True
"1835,3644",2020,19.3814300199444,Mahadeniya,True,True,-5.227001100544469,True,26.98700082206136,51.270032482203476,True,-4.644732786051205,True,True
"1833,3641",2020,19.574015553391504,Mahadeniya,True,True,-5.16452112194315,True,26.98700082206136,51.270032482203476,True,-4.600233615267942,True,True
"1851,3611",2020,19.62958464845459,Athurugiriya South,True,True,-5.1464929979803,True,26.98700082206136,51.270032482203476,True,-4.5873937170304,True,True
"1832,3636",2020,19.77139094488676,Thalangama North B,True,True,-5.100487183275386,True,26.98700082206136,51.270032482203476,True,-4.554627690994439,True,True
"1874,3638",2020,19.78555542505228,Ranala,True,True,-5.095891841134158,True,26.98700082206136,51.270032482203476,True,-4.5513548199191325,True,True
"1848,3612",2020,19.8810593780211,Athurugiriya South,True,True,-5.064907764443515,True,26.98700082206136,51.270032482203476,True,-4.529287499297652,True,True
"1834,3642",2020,19.911253662897145,Mahadeniya,True,True,-5.055111918207456,True,26.98700082206136,51.270032482203476,True,-4.52231075179576,True,True
"1847,3611",2020,20.062991983853543,Athurugiriya South,True,True,-5.005883884945239,True,26.98700082206136,51.270032482203476,True,-4.487249813740105,True,True
"1835,3645",2020,20.1858785126708,Mahadeniya,True,True,-4.966016156806658,True,26.98700082206136,51.270032482203476,True,-4.458855424322982,True,True
"1836,3644",2020,20.187775891370286,Mahadeniya,True,True,-4.9654005956145975,True,26.98700082206136,51.270032482203476,True,-4.45841701247928,True,True
"1831,3635",2020,20.512250320802625,Thalangama North B,True,True,-4.860132276417735,True,26.98700082206136,51.270032482203476,True,-4.383443348613312,True,True
"1834,3641",2020,20.726738353431926,Mahadeniya,True,True,-4.790546532104295,True,26.98700082206136,51.270032482203476,True,-4.33388334571954,True,True
"1858,3626",2020,20.74515577547009,Oruwala,True,True,-4.784571420089185,True,26.98700082206136,51.270032482203476,True,-4.329627782001984,True,True
"1857,3626",2020,20.8114607207819,Shanthalokagama,True,True,-4.763060294668224,True,26.98700082206136,51.270032482203476,True,-4.3143072382810015,True,True
"1860,3627",2020,20.903509579114218,Shanthalokagama,True,True,-4.7331971445346825,True,26.98700082206136,51.270032482203476,True,-4.2930382582386395,True,True
"1860,3628",2020,20.927659997810647,Korathota,True,True,-4.725362092667818,True,26.98700082206136,51.270032482203476,True,-4.287458017673193,True,True
"1859,3626",2020,20.965715447665914,Oruwala,True,True,-4.713015870965378,True,26.98700082206136,51.270032482203476,True,-4.278664854801441,True,True
"1851,3612",2020,20.974867204316737,Athurugiriya South,True,True,-4.710046792502042,True,26.98700082206136,51.270032482203476,True,-4.276550232924697,True,True
"1856,3645",2020,21.114723786036883,Pahala Bomiriya B,True,False,-4.664673518213356,True,26.98700082206136,51.270032482203476,True,-4.244234711588628,True,True
"1836,3646",2020,21.165221490510028,Mahadeniya,True,False,-4.648290691121287,True,26.98700082206136,51.270032482203476,True,-4.232566618272936,True,True
"1833,3642",2020,21.17341339168072,Mahadeniya,True,False,-4.645633015850004,True,26.98700082206136,51.270032482203476,True,-4.230673782384853,True,True
"1834,3644",2020,21.211319340251123,Mahadeniya,True,False,-4.63333529642555,True,26.98700082206136,51.270032482203476,True,-4.221915163557447,True,True
"1850,3613",2020,21.23272432867637,Athurugiriya South,True,False,-4.6263909367177725,True,26.98700082206136,51.270032482203476,True,-4.2169692872057825,True,True
"1835,3642",2020,21.274839871940014,Mahadeniya,True,False,-4.612727510421954,True,26.98700082206136,51.270032482203476,True,-4.207237991615848,True,True
"1858,3627",2020,21.30860892154029,Shanthalokagama,True,False,-4.601771913401518,True,26.98700082206136,51.270032482203476,True,-4.199435252342268,True,True
"1836,3645",2020,21.355093778587733,Mahadeniya,True,False,-4.586690963022619,True,26.98700082206136,51.270032482203476,True,-4.188694375000317,True,True
"1833,3643",2020,21.42986249885332,Mahadeniya,True,False,-4.5624339590897405,True,26.98700082206136,51.270032482203476,True,-4.171418175730353,True,True
"1810,3634",2020,21.503582730215367,Subhoothipura,True,False,-4.538517113439181,True,26.98700082206136,51.270032482203476,True,-4.1543842422523625,True,True
"1834,3643",2020,21.59237986714835,Mahadeniya,True,False,-4.509708910060007,True,26.98700082206136,51.270032482203476,True,-4.133866610991493,True,True
"1859,3628",2020,21.622980407163883,Shanthalokagama,True,False,-4.499781263620849,True,26.98700082206136,51.270032482203476,True,-4.12679599342309,True,True
"1855,3646",2020,21.630399742271383,Pahala Bomiriya B,True,False,-4.497374229767083,True,26.98700082206136,51.270032482203476,True,-4.125081668083396,True,True
"1859,3627",2020,21.63389934605328,Shanthalokagama,True,False,-4.496238863234135,True,26.98700082206136,51.270032482203476,True,-4.124273043138537,True,True
"1835,3646",2020,21.8028562662524,Mahadeniya,True,False,-4.441424648637454,True,26.98700082206136,51.270032482203476,True,-4.085233543585369,True,True
"1833,3644",2020,21.87034572334765,Mahadeniya,True,False,-4.4195292354168965,True,26.98700082206136,51.270032482203476,True,-4.069639304373337,True,True
"1835,3643",2020,22.0365785608194,Mahadeniya,True,False,-4.365598787256188,True,26.98700082206136,51.270032482203476,True,-4.031229236430858,True,True
"1852,3614",2020,22.07942713333019,Athurugiriya,True,False,-4.351697546359989,True,26.98700082206136,51.270032482203476,True,-4.02132856574263,True,True
"1835,3647",2020,22.140456181697665,Mahadeniya,True,False,-4.331898065226552,True,26.98700082206136,51.270032482203476,True,-4.007227080561292,True,True
"1857,3646",2020,22.14301248990949,Pahala Bomiriya B,True,False,-4.331068729400987,True,26.98700082206136,51.270032482203476,True,-4.006636415241543,True,True
"1837,3645",2020,22.149562880324183,Mahadeniya,True,False,-4.328943604810293,True,26.98700082206136,51.270032482203476,True,-4.005122869875268,True,True
"1836,3643",2020,22.16032722632292,Mahadeniya,True,False,-4.325451358556797,True,26.98700082206136,51.270032482203476,True,-4.0026356401109435,True,True
"1852,3611",2020,22.185459379322133,Athurugiriya South,True,False,-4.317297805413475,True,26.98700082206136,51.270032482203476,True,-3.996828558195467,True,True
"1874,3637",2020,22.217102990619804,Ranala,True,False,-4.307031758315551,True,26.98700082206136,51.270032482203476,True,-3.9895169266407478,True,True
"1836,3647",2020,22.260908040950618,Mahadeniya,True,False,-4.292820210031989,True,26.98700082206136,51.270032482203476,True,-3.9793952504122703,True,True
"1852,3652",2020,22.308623823823616,Pahala Bomiriya A,True,False,-4.277339913877403,True,26.98700082206136,51.270032482203476,True,-3.9683699530645553,True,True
"1833,3636",2020,22.32450904333892,Malabe West,True,False,-4.272186317147532,True,26.98700082206136,51.270032482203476,True,-3.9646994847615176,True,True
"1832,3637",2020,22.359065628167947,Malabe West,True,False,-4.260975222305638,True,26.98700082206136,51.270032482203476,True,-3.9567147761363737,True,True
"1860,3626",2020,22.44900899069138,Oruwala,True,False,-4.231795152207911,True,26.98700082206136,51.270032482203476,True,-3.935932295863262,True,True
"1811,3637",2020,22.45926394836757,Subhoothipura,True,False,-4.228468165363689,True,26.98700082206136,51.270032482203476,True,-3.9335627663101334,True,True
"1856,3646",2020,22.52019795885128,Pahala Bomiriya B,True,False,-4.208699517101434,True,26.98700082206136,51.270032482203476,True,-3.9194832407586024,True,True
"1852,3641",2020,22.55199526726104,Welihinda,True,False,-4.1983836064851925,True,26.98700082206136,51.270032482203476,True,-3.9121360956639135,True,True
"1855,3645",2020,22.55990437814065,Pahala Bomiriya B,True,False,-4.1958176760662855,True,26.98700082206136,51.270032482203476,True,-3.9103086018253266,True,True
"1811,3638",2020,22.652961273904488,Kalapaluwawa,True,False,-4.165627491206804,True,26.98700082206136,51.270032482203476,True,-3.8888067027831923,True,True
"1851,3613",2020,22.753823056675685,Athurugiriya South,True,False,-4.1329051889837976,True,26.98700082206136,51.270032482203476,True,-3.865501392063825,True,True
"1853,3652",2020,22.95849865479769,Pahala Bomiriya A,True,False,-4.066502864977526,True,26.98700082206136,51.270032482203476,True,-3.818208668498485,True,True
"1851,3615",2020,22.971511236355845,Thaldiyawala,True,False,-4.062281230035644,True,26.98700082206136,51.270032482203476,True,-3.8152019572532376,True,True
"1856,3644",2020,22.97731484063041,Pahala Bomiriya B,True,False,-4.0603983831551185,True,26.98700082206136,51.270032482203476,True,-3.8138609656784817,True,True
"1850,3614",2020,23.059939785467908,Thaldiyawala,True,False,-4.033592606558196,True,26.98700082206136,51.270032482203476,True,-3.794769492578342,True,True
"1833,3645",2020,23.33957052466478,Mahadeniya,True,False,-3.94287279864443,True,26.98700082206136,51.270032482203476,True,-3.730157495004863,True,True
"1851,3614",2020,23.42123522204296,Athurugiriya South,True,False,-3.916378552408259,True,26.98700082206136,51.270032482203476,True,-3.7112878984648243,True,True
"1812,3639",2020,23.46646297954783,Walpola,True,False,-3.901705439269851,True,26.98700082206136,51.270032482203476,True,-3.700837488876265,True,True
"1855,3644",2020,23.51949854435464,Pahala Bomiriya B,True,False,-3.8844992613450255,True,26.98700082206136,51.270032482203476,True,-3.68858299284179,True,True
"1830,3634",2020,23.5396382587952,Thalangama North B,True,False,-3.8779653908888188,True,26.98700082206136,51.270032482203476,True,-3.6839294730452843,True,True
"1849,3613",2020,23.550009287216803,Athurugiriya South,True,False,-3.874600747541745,True,26.98700082206136,51.270032482203476,True,-3.681533123970302,True,True
"1850,3615",2020,23.568556259077766,Thaldiyawala,True,False,-3.868583606044923,True,26.98700082206136,51.270032482203476,True,-3.6772476262302543,True,True
"1834,3645",2020,23.645243768182688,Mahadeniya,True,False,-3.8437040948890133,True,26.98700082206136,51.270032482203476,True,-3.6595280680499402,True,True
"1852,3613",2020,23.65582749156537,Athurugiriya South,True,False,-3.8402704475187464,True,26.98700082206136,51.270032482203476,True,-3.657082573282504,True,True
"1861,3628",2020,23.68894942485013,Korathota,True,False,-3.829524792609861,True,26.98700082206136,51.270032482203476,True,-3.6494293579057886,True,True
"1873,3638",2020,23.90138042414671,Ranala,True,False,-3.7606064057884927,True,26.98700082206136,51.270032482203476,True,-3.600344656951581,True,True
"1853,3651",2020,23.939459238420472,Pahala Bomiriya A,True,False,-3.7482526040340023,True,26.98700082206136,51.270032482203476,True,-3.5915460954539298,True,True
"1833,3646",2020,23.945510596294053,Mahadeniya,True,False,-3.7462893791557734,True,26.98700082206136,51.270032482203476,True,-3.590147857472773,True,True
"1812,3640",2020,24.01069548120764,Walpola,True,False,-3.7251416317542323,True,26.98700082206136,51.270032482203476,True,-3.5750861169861556,True,True
"1856,3650",2020,24.078499925364824,Ihala Bomiriya,True,False,-3.703144028174217,True,26.98700082206136,51.270032482203476,True,-3.559419096278999,True,True
"1861,3627",2020,24.154921742807783,Korathota,True,False,-3.6783507146109145,True,26.98700082206136,51.270032482203476,True,-3.5417609293072023,True,True
"1851,3653",2020,24.23088190752579,Pahala Bomiriya A,True,False,-3.653707173732298,True,26.98700082206136,51.270032482203476,True,-3.5242094326708266,True,True
"1811,3636",2020,24.25717472094415,Subhoothipura,True,False,-3.6451770708198765,True,26.98700082206136,51.270032482203476,True,-3.5181341664048,True,True
"1810,3635",2020,24.26242053274341,Subhoothipura,True,False,-3.6434751869706705,True,26.98700082206136,51.270032482203476,True,-3.5169220593946116,True,True
"1857,3627",2020,24.32340474139621,Shanthalokagama,True,False,-3.623690253058737,True,26.98700082206136,51.270032482203476,True,-3.5028309349609663,True,True
"1860,3629",2020,24.375513664670795,Korathota,True,False,-3.6067847028190148,True,26.98700082206136,51.270032482203476,True,-3.4907905504387067,False,True
"1854,3645",2020,24.451247250790768,Pahala Bomiriya B,True,False,-3.5822146701925677,True,26.98700082206136,51.270032482203476,True,-3.4732914074737065,False,True
"1858,3621",2020,24.473296800198465,Oruwala,True,False,-3.5750611973927007,True,26.98700082206136,51.270032482203476,True,-3.4681965976651776,False,True
"1854,3646",2020,24.63561618533971,Pahala Bomiriya B,True,False,-3.5224003794762306,True,26.98700082206136,51.270032482203476,True,-3.430690779281274,False,True
"1812,3638",2020,24.67826287508902,Walpola,True,False,-3.508564634831965,True,26.98700082206136,51.270032482203476,True,-3.420836755998593,False,True
"1850,3651",2020,24.746538702535165,Pahala Bomiriya A,True,False,-3.486414101707968,False,26.98700082206136,51.270032482203476,True,-3.4050608165938345,False,True
"1828,3618",2020,24.755131569867984,Wellangiriya,True,False,-3.4836263421215197,False,26.98700082206136,51.270032482203476,True,-3.403075332720166,False,True
"1834,3647",2020,24.765358901282497,Mahadeniya,True,False,-3.4803083179870495,False,26.98700082206136,51.270032482203476,True,-3.4007121865423326,False,True
"1811,3639",2020,24.89600652957084,Kalapaluwawa,True,False,-3.4379226783511894,False,26.98700082206136,51.270032482203476,True,-3.370524503077376,False,True
"1830,3635",2020,24.97846467999365,Thalangama North B,True,False,-3.4111710143933327,False,26.98700082206136,51.270032482203476,True,-3.3514715698042523,False,True
"1851,3652",2020,24.987969093246942,Pahala Bomiriya A,True,False,-3.408087524548303,False,26.98700082206136,51.270032482203476,True,-3.3492754624384355,False,True
"1858,3628",2020,25.01019699591224,Shanthalokagama,True,False,-3.4008761891067376,False,26.98700082206136,51.270032482203476,True,-3.3441394419951944,False,True
"1852,3612",2020,25.222413797071106,Athurugiriya South,True,False,-3.3320272939798965,False,26.98700082206136,51.270032482203476,True,-3.2951042340602235,False,True
"1838,3645",2020,25.23126204174641,Mahadeniya,True,False,-3.3291566830462656,False,26.98700082206136,51.270032482203476,True,-3.2930597422238383,False,True
"1857,3625",2020,25.255581547935385,Oruwala,True,False,-3.321266774603589,False,26.98700082206136,51.270032482203476,True,-3.2874404319885504,False,True
"1837,3646",2020,25.301833492345104,Mahadeniya,True,False,-3.3062613874113973,False,26.98700082206136,51.270032482203476,True,-3.27675337187294,False,True
"1828,3619",2020,25.309723563630783,Wellangiriya,True,False,-3.3037016339539678,False,26.98700082206136,51.270032482203476,True,-3.274930277358263,False,True
"1857,3645",2020,25.34895778286353,Pahala Bomiriya B,True,False,-3.290972987444417,False,26.98700082206136,51.270032482203476,True,-3.2658647458464407,False,True
"1831,3637",2020,25.399579898923527,Thalangama North B,True,False,-3.274549797853955,False,26.98700082206136,51.270032482203476,True,-3.2541679057585906,False,True
"1840,3647",2020,25.40639679354257,Raggahawatta,True,False,-3.2723382120598314,False,26.98700082206136,51.270032482203476,True,-3.2525927814362463,False,True
"1834,3638",2020,25.407229082502184,Malabe North,True,False,-3.272068194912354,False,26.98700082206136,51.270032482203476,True,-3.252400471204569,False,True
"1858,3646",2020,25.446897367530408,Pahala Bomiriya A,True,False,-3.259198725667432,False,26.98700082206136,51.270032482203476,True,-3.2432346436444477,False,True
"1836,3642",2020,25.50617124338124,Mahadeniya,True,False,-3.239968670177338,False,26.98700082206136,51.270032482203476,True,-3.229538711882281,False,True
"1861,3629",2020,25.58363680150289,Korathota,True,False,-3.214836738784841,False,26.98700082206136,51.270032482203476,True,-3.211639376252158,False,True
"1858,3620",2020,25.60487312984784,Athurugiriya,True,False,-3.207947096988733,False,26.98700082206136,51.270032482203476,True,-3.2067324708116676,False,True
"1811,3634",2020,25.840278445755768,Subhoothipura,True,False,-3.1315752177654996,False,26.98700082206136,51.270032482203476,True,-3.1523392816225537,False,True
"1837,3644",2020,25.90597879826728,Mahadeniya,True,False,-3.1102602386726077,False,26.98700082206136,51.270032482203476,True,-3.137158436236089,False,True
"1855,3642",2020,25.91282438903721,Pahala Bomiriya B,True,False,-3.108039343067612,False,26.98700082206136,51.270032482203476,True,-3.1355766813278625,False,True
"1857,3650",2020,25.976266290214603,Ihala Bomiriya,True,False,-3.087457066937929,False,26.98700082206136,51.270032482203476,True,-3.1209176778981833,False,True
"1834,3646",2020,25.97871037336356,Mahadeniya,True,False,-3.0866641399713326,False,26.98700082206136,51.270032482203476,True,-3.120352943509742,False,True
"1852,3615",2020,25.98560599599334,Athurugiriya,True,False,-3.0844270126718945,False,26.98700082206136,51.270032482203476,True,-3.118759628147122,False,True
"1830,3636",2020,26.03039411338593,Thalangama North B,True,False,-3.0698965307286534,False,26.98700082206136,51.270032482203476,True,-3.1084108026188475,False,True
"1853,3616",2020,26.031074336131223,Athurugiriya,True,False,-3.0696758479919533,False,26.98700082206136,51.270032482203476,True,-3.1082536290888765,False,True
"1852,3616",2020,26.034737396534176,Athurugiriya,True,False,-3.068487451690864,False,26.98700082206136,51.270032482203476,True,-3.1074072355537914,False,True
"1850,3652",2020,26.085164693498697,Pahala Bomiriya A,True,False,-3.052127466707199,False,26.98700082206136,51.270032482203476,True,-3.0957554107277137,False,True
"1840,3648",2020,26.11335565819507,Raggahawatta,True,False,-3.0429815519572547,False,26.98700082206136,51.270032482203476,True,-3.0892415541045555,False,True
"1833,3637",2020,26.42880463668019,Malabe West,True,False,-2.9406413342224074,False,26.98700082206136,51.270032482203476,True,-3.0163533276850436,False,True
"1829,3619",2020,26.4523330481285,Wellangiriya,True,False,-2.933008078403547,False,26.98700082206136,51.270032482203476,True,-3.010916809268748,False,True
"1829,3618",2020,26.47766148825936,Wellangiriya,True,False,-2.9247908443826147,False,26.98700082206136,51.270032482203476,True,-3.0050643728843385,False,True
"1835,3641",2020,26.55695015106113,Malabe North,True,False,-2.89906744830758,False,26.98700082206136,51.270032482203476,True,-2.986743787303275,False,True
"1808,3636",2020,26.56965109384581,Subhoothipura,True,False,-2.8949469174494236,False,26.98700082206136,51.270032482203476,True,-2.9838090838914053,False,True
"1849,3615",2020,26.614184069238465,Thaldiyawala,True,False,-2.8804992105018483,False,26.98700082206136,51.270032482203476,True,-2.9735192119471616,False,True
"1856,3653",2020,26.641145092509152,Ihala Bomiriya,True,False,-2.8717523221615315,False,26.98700082206136,51.270032482203476,True,-2.9672895478725065,False,True
"1824,3622",2020,26.74025267267329,Wickramasinghapura,True,False,-2.8395991309168496,False,26.98700082206136,51.270032482203476,True,-2.9443895664632014,False,True
"1810,3637",2020,26.74621364356318,Kalapaluwawa,True,False,-2.837665230031476,False,26.98700082206136,51.270032482203476,True,-2.9430122134662473,False,True
"1855,3641",2020,26.798517023760848,Pahala Bomiriya B,True,False,-2.820696592683518,False,26.98700082206136,51.270032482203476,True,-2.930926897366442,False,True
"1855,3643",2020,26.831386629379537,Pahala Bomiriya B,True,False,-2.810032799723942,False,26.98700082206136,51.270032482203476,True,-2.923331985288551,False,True
"1808,3635",2020,26.88292657045229,Subhoothipura,True,False,-2.793311842766791,False,26.98700082206136,51.270032482203476,True,-2.9114230708498363,False,True
"1849,3614",2020,26.887192584239344,Thaldiyawala,True,False,-2.791927832008781,False,26.98700082206136,51.270032482203476,True,-2.9104373577867833,False,True
"1828,3626",2020,26.89289966530253,Kumaragewatta,True,False,-2.7900762998800617,False,26.98700082206136,51.270032482203476,True,-2.909118669044389,False,True
"1827,3627",2020,26.89528203565117,Kumaragewatta,True,False,-2.789303394222304,False,26.98700082206136,51.270032482203476,True,-2.908568194130124,False,True
"1809,3628",2020,26.94347181511224,Battaramulla Sout,True,False,-2.7736693206985166,False,26.98700082206136,51.270032482203476,True,-2.8974333742510656,False,True
"1828,3620",2020,26.990878312082064,Wellangiriya,True,False,-2.7582893652926157,False,26.98700082206136,51.270032482203476,False,-2.8864795410781503,False,True
"1810,3636",2020,27.00234562841229,Subhoothipura,True,False,-2.7545690563675227,False,26.98700082206136,51.270032482203476,False,-2.88382988168437,False,True
"1811,3635",2020,27.051742324656768,Subhoothipura,True,False,-2.7385434262535213,False,26.98700082206136,51.270032482203476,False,-2.8724161893733853,False,True
"1829,3634",2020,27.05792725756404,Thalangama North B,True,False,-2.7365368660058227,False,26.98700082206136,51.270032482203476,False,-2.870987087297038,False,True
"1852,3653",2020,27.07748180383967,Pahala Bomiriya A,True,False,-2.7301928399983053,False,26.98700082206136,51.270032482203476,False,-2.8664687775427518,False,True
"1832,3646",2020,27.08538284328313,Mahadeniya,True,False,-2.727629528172544,False,26.98700082206136,51.270032482203476,False,-2.864643148705182,False,True
"1852,3642",2020,27.14936291819205,Welihinda,True,False,-2.7068726538649623,False,26.98700082206136,51.270032482203476,False,-2.8498597938542845,False,True
"1854,3642",2020,27.21466907565867,Pahala Bomiriya B,True,False,-2.6856855623528713,False,26.98700082206136,51.270032482203476,False,-2.8347700319064906,False,True
"1833,3615",2020,43.92827681443588,Hokandara South,True,False,2.7366628102285993,False,26.98700082206136,51.270032482203476,False,1.0271071914758096,False,True
"1839,3629",2020,43.95462811022249,Hokandara,True,False,2.745211886409943,False,26.98700082206136,51.270032482203476,False,1.0331959707863825,False,True
"1838,3633",2020,43.96044516096835,Malabe East,True,False,2.747099095691029,False,26.98700082206136,51.270032482203476,False,1.0345400693277513,False,True
"1846,3619",2020,43.96092659349337,Thaldiyawala,True,False,2.747255285480173,False,26.98700082206136,51.270032482203476,False,1.0346513100204868,False,True
"1837,3617",2020,43.96655557878837,Hokandara South,True,False,2.7490814812202364,False,26.98700082206136,51.270032482203476,False,1.0359519538097448,False,True
"1834,3614",2020,43.96665516400595,Hokandara South,True,False,2.7491137893700324,False,26.98700082206136,51.270032482203476,False,1.035974964154941,False,True
"1826,3652",2020,43.98137032787613,Welivita,True,False,2.7538877882642754,False,26.98700082206136,51.270032482203476,False,1.039375077229076,False,True
"1841,3631",2020,43.99318406447785,Malabe East,True,False,2.7577204853358865,False,26.98700082206136,51.270032482203476,False,1.0421047811337203,False,True
"1844,3644",2020,44.00624057822475,Kothalawala,True,False,2.7619563730732066,False,26.98700082206136,51.270032482203476,False,1.0451216434320338,False,True
"1839,3631",2020,44.0106505355027,Malabe East,True,False,2.7633870830098632,False,26.98700082206136,51.270032482203476,False,1.0461406163452422,False,True
"1839,3618",2020,44.01697425483735,Hokandara East,True,False,2.7654386693447126,False,26.98700082206136,51.270032482203476,False,1.0476017866710778,False,True
"1819,3627",2020,44.03093920273936,Kumaragewatta,True,False,2.7699692777994014,False,26.98700082206136,51.270032482203476,False,1.0508285534512607,False,True
"1842,3638",2020,44.050104506522814,Malabe East,True,False,2.776187022968754,False,26.98700082206136,51.270032482203476,False,1.0552569241128982,False,True
"1840,3643",2020,44.05034399324269,Kothalawala,True,False,2.7762647189662957,False,26.98700082206136,51.270032482203476,False,1.0553122603588632,False,True
"1816,3632",2020,44.055380129281744,Aruppitiya,True,False,2.7778985783030863,False,26.98700082206136,51.270032482203476,False,1.0564759192987552,False,True
"1814,3628",2020,44.08023791592036,Pahalawela,True,False,2.785963119545917,False,26.98700082206136,51.270032482203476,False,1.062219605613747,False,True
"1813,3642",2020,44.0881589886761,Walpola,True,False,2.788532930722384,False,26.98700082206136,51.270032482203476,False,1.064049863385633,False,True
"1844,3647",2020,44.115366191838,Kothalawala,True,False,2.7973596865068426,False,26.98700082206136,51.270032482203476,False,1.0703364102428448,False,True
"1821,3639",2020,44.12157492845831,Thalangama North A,True,False,2.7993739693256745,False,26.98700082206136,51.270032482203476,False,1.0717710124493043,False,True
"1839,3640",2020,44.12313977507194,Malabe North,True,False,2.7998816480759117,False,26.98700082206136,51.270032482203476,False,1.0721325888120936,False,True
"1815,3644",2020,44.12792719067198,Walpola,True,False,2.8014348157458415,False,26.98700082206136,51.270032482203476,False,1.0732387779457402,False,True
"1841,3636",2020,44.12917382872677,Malabe East,True,False,2.801839258995511,False,26.98700082206136,51.270032482203476,False,1.0735268284483506,False,True
"1838,3636",2020,44.13901878434986,Malabe North,True,False,2.805033230036074,False,26.98700082206136,51.270032482203476,False,1.0758016221661546,False,True
"1858,3633",2020,44.14269489797453,Korathota,True,False,2.8062258611568773,False,26.98700082206136,51.270032482203476,False,1.076651031802875,False,True
"1818,3640",2020,44.150532963540535,Thalangama North A,True,False,2.8087687425461185,False,26.98700082206136,51.270032482203476,False,1.0784621097794453,False,True
"1830,3622",2020,44.15235485183877,Wellangiriya,True,False,2.8093598126013317,False,26.98700082206136,51.270032482203476,False,1.0788830786709305,False,True
"1815,3631",2020,44.157271311680006,Battaramulla North,True,False,2.810954845728568,False,26.98700082206136,51.270032482203476,False,1.0800190850064437,False,True
"1820,3631",2020,44.16687681802416,Aruppitiya,True,False,2.814071132918448,False,26.98700082206136,51.270032482203476,False,1.0822385511294559,False,True
"1833,3614",2020,44.17234274680127,Hokandara South,True,False,2.8158444286947066,False,26.98700082206136,51.270032482203476,False,1.0835015187770685,False,True
"1811,3631",2020,44.17989332334712,Rajamalwatta,True,False,2.818294040836223,False,26.98700082206136,51.270032482203476,False,1.0852461690070834,False,True
"1819,3639",2020,44.18845567965677,Thalangama North A,True,False,2.8210719018179287,False,26.98700082206136,51.270032482203476,False,1.087224602947111,False,True
"1843,3638",2020,44.18880551834142,Malabe North,True,False,2.8211853989905333,False,26.98700082206136,51.270032482203476,False,1.0873054373228614,False,True
"1841,3633",2020,44.19460556243613,Malabe East,True,False,2.8230670908520037,False,26.98700082206136,51.270032482203476,False,1.0886456062758527,False,True
"1824,3644",2020,44.196773233666654,Thalangama North A,True,False,2.823770342283581,False,26.98700082206136,51.270032482203476,False,1.0891464724134203,False,True
"1823,3639",2020,44.19934859091948,Muttettugoda,True,False,2.8246058581355094,False,26.98700082206136,51.270032482203476,False,1.0897415392399366,False,True
"1845,3647",2020,44.20183353254903,Kaduwela,True,False,2.8254120407031253,False,26.98700082206136,51.270032482203476,False,1.090315714464735,False,True
"1821,3638",2020,44.23962956351849,Thalangama North A,True,False,2.8376740998719425,False,26.98700082206136,51.270032482203476,False,1.0990489355272686,False,True
"1813,3632",2020,44.24962805285343,Battaramulla Sout,True,False,2.840917881419346,False,26.98700082206136,51.270032482203476,False,1.1013592050294807,False,True
"1840,3644",2020,44.267414604545806,Kothalawala,True,False,2.8466883219568024,False,26.98700082206136,51.270032482203476,False,1.1054689986740884,False,True
"1845,3621",2020,44.26768677909433,Boralugoda,True,False,2.846776622773917,False,26.98700082206136,51.270032482203476,False,1.1055318878304077,False,True
"1842,3636",2020,44.26910412161411,Malabe East,True,False,2.847236447189186,False,26.98700082206136,51.270032482203476,False,1.1058593816235143,False,True
"1834,3625",2020,44.27111926172128,Arangala,True,False,2.847890213380867,False,26.98700082206136,51.270032482203476,False,1.1063250036366326,False,True
"1840,3632",2020,44.28291339202196,Malabe East,True,False,2.8517165496358174,False,26.98700082206136,51.270032482203476,False,1.1090501772729697,False,True
"1834,3631",2020,44.29694093936756,Malabe West,True,False,2.8562674670505084,False,26.98700082206136,51.270032482203476,False,1.112291408396768,False,True
"1832,3622",2020,44.29738757162647,Evarihena,True,False,2.856412366687984,False,26.98700082206136,51.270032482203476,False,1.1123946080754303,False,True
"1829,3631",2020,44.3028624545648,Pothuarawa,True,False,2.85818856743738,False,26.98700082206136,51.270032482203476,False,1.113659644688152,False,True
"1872,3642",2020,44.30512316760372,Ranala,True,False,2.8589220041590635,False,26.98700082206136,51.270032482203476,False,1.1141820092386452,False,True
"1814,3644",2020,44.30979374920204,Walpola,True,False,2.8604372677050622,False,26.98700082206136,51.270032482203476,False,1.1152612024910198,False,True
"1843,3640",2020,44.337622122508776,Kothalawala,True,False,2.8694655479584785,False,26.98700082206136,51.270032482203476,False,1.121691278074744,False,True
"1819,3637",2020,44.34348422253846,Thalangama North A,True,False,2.871367372450991,False,26.98700082206136,51.270032482203476,False,1.12304578578724,False,True
"1815,3643",2020,44.34550008090478,Walpola,True,False,2.8720213716654523,False,26.98700082206136,51.270032482203476,False,1.123511573762651,False,True
"1834,3634",2020,44.35960264783096,Malabe West,True,False,2.8765966274699784,False,26.98700082206136,51.270032482203476,False,1.1267701390499705,False,True
"1826,3646",2020,44.36110270661475,Mahadeniya,True,False,2.8770832872882646,False,26.98700082206136,51.270032482203476,False,1.127116745416555,False,True
"1835,3633",2020,44.36525571239853,Malabe West,True,False,2.878430635180171,False,26.98700082206136,51.270032482203476,False,1.1280763466406363,False,True
"1828,3651",2020,44.37281474298929,Welivita,True,False,2.8808829900435087,False,26.98700082206136,51.270032482203476,False,1.1298229502779578,False,True
"1823,3636",2020,44.37367276022642,Muttettugoda,True,False,2.881161354143116,False,26.98700082206136,51.270032482203476,False,1.1300212053331873,False,True
"1824,3640",2020,44.37497496070766,Muttettugoda,True,False,2.8815838233532705,False,26.98700082206136,51.270032482203476,False,1.1303220941931738,False,True
"1841,3627",2020,44.376732500971166,Hokandara,True,False,2.8821540171580136,False,26.98700082206136,51.270032482203476,False,1.1307281947083283,False,True
"1817,3623",2020,44.38106964354056,Pahalawela,True,False,2.8835611040252176,False,26.98700082206136,51.270032482203476,False,1.1317303429198395,False,True
"1832,3621",2020,44.38349386899121,Wellangiriya,True,False,2.884347588615052,False,26.98700082206136,51.270032482203476,False,1.132290488951655,False,True
"1824,3641",2020,44.40124914012967,Muttettugoda,True,False,2.890107880891088,False,26.98700082206136,51.270032482203476,False,1.1363930548534211,False,True
"1836,3623",2020,44.40679016054352,Arangala,True,False,2.891905538434156,False,26.98700082206136,51.270032482203476,False,1.1376733733139832,False,True
"1827,3630",2020,44.40993880344119,Pothuarawa,True,False,2.892927043722473,False,26.98700082206136,51.270032482203476,False,1.138400904585575,False,True
"1839,3625",2020,44.4106680852987,Hokandara,True,False,2.893163642567859,False,26.98700082206136,51.270032482203476,False,1.1385694138050662,False,True
"1842,3632",2020,44.421019888323045,Malabe East,True,False,2.8965220486738064,False,26.98700082206136,51.270032482203476,False,1.1409613206240765,False,True
"1846,3648",2020,44.43241838487724,Kaduwela,True,False,2.900220030594078,False,26.98700082206136,51.270032482203476,False,1.1435950783926827,False,True
"1846,3650",2020,44.436594154245554,Kaduwela,True,False,2.9015747636111766,False,26.98700082206136,51.270032482203476,False,1.1445599394128552,False,True
"1840,3625",2020,44.4445294969506,Hokandara,True,False,2.904149204346839,False,26.98700082206136,51.270032482203476,False,1.1463934944257117,False,True
"1819,3630",2020,44.45137585864624,Aruppitiya,True,False,2.906370350061077,False,26.98700082206136,51.270032482203476,False,1.147975427465463,False,True
"1818,3630",2020,44.45326734107097,Asiri Uyana,True,False,2.906983998341437,False,26.98700082206136,51.270032482203476,False,1.1484124769049775,False,True
"1843,3646",2020,44.4679771487226,Hewagama,True,False,2.911756259532883,False,26.98700082206136,51.270032482203476,False,1.151811352361315,False,True
"1832,3623",2020,44.46973717721096,Evarihena,True,False,2.9123272605853603,False,26.98700082206136,51.270032482203476,False,1.1522180278103213,False,True
"1841,3640",2020,44.47622559313029,Malabe North,True,False,2.9144322789662316,False,26.98700082206136,51.270032482203476,False,1.1537172532346773,False,True
"1816,3630",2020,44.48430121405621,Asiri Uyana,True,False,2.9170522297673784,False,26.98700082206136,51.270032482203476,False,1.1555832211935957,False,True
"1826,3651",2020,44.48495542729614,Welivita,True,False,2.917264474313997,False,26.98700082206136,51.270032482203476,False,1.1557343849189876,False,True
"1835,3632",2020,44.48787378733689,Malabe West,True,False,2.9182112695879354,False,26.98700082206136,51.270032482203476,False,1.1564087066062696,False,True
"1835,3614",2020,44.48891289156326,Hokandara South,True,False,2.9185483832260486,False,26.98700082206136,51.270032482203476,False,1.1566488039573182,False,True
"1822,3641",2020,44.49675456841992,Thalangama North A,True,False,2.9210924362160773,False,26.98700082206136,51.270032482203476,False,1.1584607163654088,False,True
"1830,3653",2020,44.5005529791974,Welivita,True,False,2.9223247438554325,False,26.98700082206136,51.270032482203476,False,1.159338384209233,False,True
"1833,3631",2020,44.51388744302402,Malabe West,True,False,2.9266508061490777,False,26.98700082206136,51.270032482203476,False,1.162419470168822,False,True
"1822,3642",2020,44.52097669669394,Thalangama North A,True,False,2.9289507526178915,False,26.98700082206136,51.270032482203476,False,1.1640575262789425,False,True
"1842,3635",2020,44.526256147330685,Malabe East,True,False,2.9306635498197693,False,26.98700082206136,51.270032482203476,False,1.1652774059413509,False,True
"1822,3625",2020,44.53305007984275,Kumaragewatta,True,False,2.932867686082628,False,26.98700082206136,51.270032482203476,False,1.1668472245966421,False,True
"1841,3644",2020,44.538581668194176,Hewagama,True,False,2.934662283608424,False,26.98700082206136,51.270032482203476,False,1.1681253636673543,False,True
"1843,3641",2020,44.55435229892246,Kothalawala,True,False,2.939778704623002,False,26.98700082206136,51.270032482203476,False,1.1717693548725943,False,True
"1818,3637",2020,44.55552678169675,Thalangama North A,True,False,2.940159738739593,False,26.98700082206136,51.270032482203476,False,1.1720407330421774,False,True
"1842,3644",2020,44.55917227021295,Kothalawala,True,False,2.9413424342432823,False,26.98700082206136,51.270032482203476,False,1.1728830663844962,False,True
"1815,3626",2020,44.56083732688977,Pahalawela,True,False,2.9418826238602054,False,26.98700082206136,51.270032482203476,False,1.1732677974704684,False,True
"1832,3619",2020,44.56752192065671,Wellangiriya,True,False,2.944051287663978,False,26.98700082206136,51.270032482203476,False,1.1748123521123857,False,True
"1823,3641",2020,44.58426462535492,Thalangama North A,True,False,2.949483075880613,False,26.98700082206136,51.270032482203476,False,1.1786809525332165,False,True
"1825,3636",2020,44.58527700893269,Muttettugoda,True,False,2.949811520614459,False,26.98700082206136,51.270032482203476,False,1.1789148757616081,False,True
"1841,3635",2020,44.59149064009526,Malabe East,True,False,2.9518273913557587,False,26.98700082206136,51.270032482203476,False,1.1803506089100857,False,True
"1836,3622",2020,44.59879126621964,Arangala,True,False,2.954195912790693,False,26.98700082206136,51.270032482203476,False,1.1820375051318257,False,True
"1840,3630",2020,44.606507085039055,Malabe East,True,False,2.956699134014529,False,26.98700082206136,51.270032482203476,False,1.1838203365482471,False,True
"1819,3628",2020,44.632511964404905,Asiri Uyana,True,False,2.965135823298641,False,26.98700082206136,51.270032482203476,False,1.1898290722377165,False,True
"1834,3615",2020,44.63370793217266,Hokandara South,True,False,2.965523827730749,False,26.98700082206136,51.270032482203476,False,1.190105414769765,False,True
"1851,3626",2020,44.63522552358494,Shanthalokagama,True,False,2.966016175609988,False,26.98700082206136,51.270032482203476,False,1.1904560722580275,False,True
"1823,3642",2020,44.63924775437883,Thalangama North A,True,False,2.9673210965426944,False,26.98700082206136,51.270032482203476,False,1.1913854563702355,False,True
"1838,3641",2020,44.64759803216383,Malabe North,True,False,2.970030153489929,False,26.98700082206136,51.270032482203476,False,1.1933148870527555,False,True
"1839,3633",2020,44.66014177832724,Malabe East,True,False,2.974099685493928,False,26.98700082206136,51.270032482203476,False,1.1962132683215687,False,True
"1818,3634",2020,44.68401737372051,Batapotha,True,False,2.9818455772157226,False,26.98700082206136,51.270032482203476,False,1.201730007704535,False,True
"1821,3632",2020,44.691221570736616,Batapotha,True,False,2.9841828144284532,False,26.98700082206136,51.270032482203476,False,1.2033946228375512,False,True
"1841,3638",2020,44.701318976239,Malabe North,True,False,2.9874586870676154,False,26.98700082206136,51.270032482203476,False,1.2057277480929947,False,True
"1852,3627",2020,44.718116021144034,Shanthalokagama,True,False,2.9929081047234862,False,26.98700082206136,51.270032482203476,False,1.2096089044628655,False,True
"1821,3633",2020,44.72594019803911,Batapotha,True,False,2.995446480250595,False,26.98700082206136,51.270032482203476,False,1.2114167732973549,False,True
"1837,3623",2020,44.7462488935481,Arangala,True,False,3.0020351727557397,False,26.98700082206136,51.270032482203476,False,1.2161093381731476,False,True
"1842,3629",2020,44.74919863616599,Hokandara,True,False,3.002992149390207,False,26.98700082206136,51.270032482203476,False,1.2167909111769493,False,True
"1838,3624",2020,44.75718243761089,Arangala,True,False,3.0055823114574514,False,26.98700082206136,51.270032482203476,False,1.2186356631561726,False,True
"1839,3636",2020,44.78298143385134,Malabe East,True,False,3.0139522066629048,False,26.98700082206136,51.270032482203476,False,1.2245968271085819,False,True
"1825,3635",2020,44.79873014640385,Muttettugoda,True,False,3.019061516825858,False,26.98700082206136,51.270032482203476,False,1.2282357538594482,False,True
"1819,3629",2020,44.80535047827182,Aruppitiya,True,False,3.021209332323942,False,26.98700082206136,51.270032482203476,False,1.2297654600277241,False,True
"1817,3632",2020,44.833776289006174,Batapotha,True,False,3.0304314375081582,False,26.98700082206136,51.270032482203476,False,1.2363335806122755,False,True
"1840,3636",2020,44.84118179550539,Malabe East,True,False,3.032833984985745,False,26.98700082206136,51.270032482203476,False,1.2380447106880752,False,True
"1842,3643",2020,44.85239285205088,Kothalawala,True,False,3.0364711562754194,False,26.98700082206136,51.270032482203476,False,1.2406351582203954,False,True
"1815,3625",2020,44.85397006496173,Pahalawela,True,False,3.0369828469884004,False,26.98700082206136,51.270032482203476,False,1.2409995919627697,False,True
"1850,3627",2020,44.85888010892531,Shanthalokagama,True,False,3.0385757986306405,False,26.98700082206136,51.270032482203476,False,1.2421341158336856,False,True
"1836,3624",2020,44.87593068362656,Arangala,True,False,3.044107468239493,False,26.98700082206136,51.270032482203476,False,1.2460738532688023,False,True
"1820,3638",2020,44.896319945442144,Thalangama North A,True,False,3.0507222986430675,False,26.98700082206136,51.270032482203476,False,1.2507850339449234,False,True
"1836,3627",2020,44.90178928590423,Hokandara,True,False,3.05249670126261,False,26.98700082206136,51.270032482203476,False,1.2520487899027974,False,True
"1833,3621",2020,44.90265331014072,Wellangiriya,True,False,3.0527770141959896,False,26.98700082206136,51.270032482203476,False,1.2522484329464485,False,True
"1825,3637",2020,44.91666712729874,Muttettugoda,True,False,3.0573234771648505,False,26.98700082206136,51.270032482203476,False,1.2554864915476218,False,True
"1820,3634",2020,44.92136179947085,Batapotha,True,False,3.0588465563474023,False,26.98700082206136,51.270032482203476,False,1.2565712512126863,False,True
"1839,3628",2020,44.93155380048244,Hokandara,True,False,3.06215311833942,False,26.98700082206136,51.270032482203476,False,1.2589262338820488,False,True
"1815,3642",2020,44.93430171731119,Walpola,True,False,3.0630446172053296,False,26.98700082206136,51.270032482203476,False,1.2595611726444376,False,True
"1844,3645",2020,44.96454796622018,Kothalawala,True,False,3.07285732198527,False,26.98700082206136,51.270032482203476,False,1.2665499270522227,False,True
"1832,3632",2020,44.978021015604334,Malabe West,True,False,3.0772283451984315,False,26.98700082206136,51.270032482203476,False,1.2696630348479412,False,True
"1833,3622",2020,44.98301894338826,Evarihena,True,False,3.0788498087393386,False,26.98700082206136,51.270032482203476,False,1.2708178653174913,False,True
"1828,3622",2020,44.98777758275288,Evarihena,True,False,3.080393640616795,False,26.98700082206136,51.270032482203476,False,1.271917405360774,False,True
"1841,3639",2020,45.010201762017154,Malabe North,True,False,3.087668653518888,False,26.98700082206136,51.270032482203476,False,1.2770987778392509,False,True
"1843,3639",2020,45.01239360993481,Malabe North,True,False,3.0883797485245275,False,26.98700082206136,51.270032482203476,False,1.2776052302870178,False,True
"1837,3626",2020,45.0396554691281,Hokandara,True,False,3.0972242362102893,False,26.98700082206136,51.270032482203476,False,1.2839044060682796,False,True
"1839,3637",2020,45.06570582538995,Malabe North,True,False,3.1056756794348352,False,26.98700082206136,51.270032482203476,False,1.2899236497337399,False,True
"1864,3643",2020,45.078740370658096,Nawagamuwa,True,False,3.10990444000088,False,26.98700082206136,51.270032482203476,False,1.292935435954582,False,True
"1845,3620",2020,45.08258139828659,Boralugoda,True,False,3.111150573704383,False,26.98700082206136,51.270032482203476,False,1.2938229509270949,False,True
"1819,3633",2020,45.08705588902361,Batapotha,True,False,3.1126022200482004,False,26.98700082206136,51.270032482203476,False,1.294856835061125,False,True
"1841,3632",2020,45.11647094603042,Malabe East,True,False,3.1221452635958964,False,26.98700082206136,51.270032482203476,False,1.3016535327253596,False,True
"1839,3643",2020,45.1172812115087,Mahadeniya,True,False,3.1224081357277647,False,26.98700082206136,51.270032482203476,False,1.3018407541705654,False,True
"1819,3634",2020,45.15597967596318,Batapotha,True,False,3.1349629688335656,False,26.98700082206136,51.270032482203476,False,1.3107824931890004,False,True
"1821,3640",2020,45.169642418793714,Thalangama North A,True,False,3.139395533753721,False,26.98700082206136,51.270032482203476,False,1.313939431904497,False,True
"1841,3628",2020,45.17180560773886,Hokandara,True,False,3.1400973310101623,False,26.98700082206136,51.270032482203476,False,1.3144392623568866,False,True
"1814,3626",2020,45.183143682322566,Pahalawela,True,False,3.143775710401855,False,26.98700082206136,51.270032482203476,False,1.3170590589128528,False,True
"1823,3640",2020,45.18388863840541,Thalangama North A,True,False,3.1440173943917276,False,26.98700082206136,51.270032482203476,False,1.3172311898479407,False,True
"1835,3626",2020,45.18424882334791,Arangala,True,False,3.1441342481714316,False,26.98700082206136,51.270032482203476,False,1.3173144148492308,False,True
"1813,3644",2020,45.19465433731591,Walpola,True,False,3.1475100795665507,False,26.98700082206136,51.270032482203476,False,1.3197187322185673,False,True
"1823,3643",2020,45.19731573480574,Thalangama North A,True,False,3.148373509208632,False,26.98700082206136,51.270032482203476,False,1.320333679661931,False,True
"1845,3649",2020,45.218846657331554,Kaduwela,True,False,3.15535872535961,False,26.98700082206136,51.270032482203476,False,1.3253086545805972,False,True
"1824,3635",2020,45.236994165713625,Muttettugoda,True,False,3.161246270052527,False,26.98700082206136,51.270032482203476,False,1.329501851547836,False,True
"1837,3624",2020,45.25219065723849,Arangala,True,False,3.1661764247131297,False,26.98700082206136,51.270032482203476,False,1.3330131810831736,False,True
"1824,3625",2020,45.26476545365619,Kumaragewatta,True,False,3.1702560302630935,False,26.98700082206136,51.270032482203476,False,1.3359187368813688,False,True
"1835,3624",2020,45.26745179786764,Arangala,True,False,3.171127553299342,False,26.98700082206136,51.270032482203476,False,1.3365394485605302,False,True
"1840,3629",2020,45.27261725984108,Hokandara,True,False,3.1728033694823616,False,26.98700082206136,51.270032482203476,False,1.3377329897908397,False,True
"1819,3632",2020,45.275852673022726,Aruppitiya,True,False,3.1738530254079005,False,26.98700082206136,51.270032482203476,False,1.3384805703652871,False,True
"1817,3633",2020,45.28656387061959,Batapotha,True,False,3.1773280288760626,False,26.98700082206136,51.270032482203476,False,1.3409555195612344,False,True
"1813,3635",2020,45.30914100895178,Udumulla2,True,False,3.1846526658548915,False,26.98700082206136,51.270032482203476,False,1.3461722350458238,False,True
"1818,3638",2020,45.31505106980249,Thalangama North A,True,False,3.1865700501405945,False,26.98700082206136,51.270032482203476,False,1.3475378246746406,False,True
"1851,3628",2020,45.32971630041153,Shanthalokagama,True,False,3.1913278493284962,False,26.98700082206136,51.270032482203476,False,1.3509264000767844,False,True
"1824,3637",2020,45.33230630824382,Muttettugoda,True,False,3.192168118226384,False,26.98700082206136,51.270032482203476,False,1.3515248520933825,False,True
"1818,3636",2020,45.33621561642647,Thalangama North A,True,False,3.1934364039964827,False,26.98700082206136,51.270032482203476,False,1.3524281440974617,False,True
"1815,3629",2020,45.34325671609568,Asiri Uyana,True,False,3.1957207279993693,False,26.98700082206136,51.270032482203476,False,1.3540550736548065,False,True
"1824,3636",2020,45.36433615960218,Muttettugoda,True,False,3.2025594720921373,False,26.98700082206136,51.270032482203476,False,1.3589257289933578,False,True
"1814,3627",2020,45.394475656122125,Pahalawela,True,False,3.2123375434971617,False,26.98700082206136,51.270032482203476,False,1.3658898169960059,False,True
"1850,3628",2020,45.407374056785365,Shanthalokagama,True,False,3.2165221350550306,False,26.98700082206136,51.270032482203476,False,1.3688701453917629,False,True
"1831,3653",2020,45.4078566533254,Welivita,True,False,3.2166787024822665,False,26.98700082206136,51.270032482203476,False,1.3689816550439688,False,True
"1828,3652",2020,45.41599734400004,Welivita,True,False,3.2193197636775044,False,26.98700082206136,51.270032482203476,False,1.3708626581397898,False,True
"1831,3622",2020,45.43055629589316,Wellangiriya,True,False,3.22404308316292,False,26.98700082206136,51.270032482203476,False,1.374226676584588,False,True
"1841,3630",2020,45.43405797312414,Malabe East,True,False,3.2251791223790764,False,26.98700082206136,51.270032482203476,False,1.3750357806244402,False,True
"1817,3635",2020,45.45919066128944,Thalangama North A,True,False,3.233332849144814,False,26.98700082206136,51.270032482203476,False,1.380842986196386,False,True
"1823,3644",2020,45.4866206732333,Thalangama North A,True,False,3.2422318901506992,False,26.98700082206136,51.270032482203476,False,1.3871810156642737,False,True
"1841,3642",2020,45.497695764853,Kothalawala,True,False,3.2458249507249857,False,26.98700082206136,51.270032482203476,False,1.3897400468884997,False,True
"1858,3634",2020,45.50422823448057,Korathota,True,False,3.2479442613255225,False,26.98700082206136,51.270032482203476,False,1.3912494514444431,False,True
"1816,3624",2020,45.50493294367279,Pahalawela,True,False,3.248172888130776,False,26.98700082206136,51.270032482203476,False,1.3914122828582873,False,True
"1844,3646",2020,45.50559765552911,Kothalawala,True,False,3.248388538713742,False,26.98700082206136,51.270032482203476,False,1.3915658724134654,False,True
"1840,3627",2020,45.60976650257653,Hokandara,True,False,3.2821837424237565,False,26.98700082206136,51.270032482203476,False,1.415635319542171,False,True
"1817,3630",2020,45.65060111520296,Asiri Uyana,True,False,3.2954316000246155,False,26.98700082206136,51.270032482203476,False,1.4250706409217548,False,True
"1840,3628",2020,45.65767816408153,Hokandara,True,False,3.2977275869275733,False,26.98700082206136,51.270032482203476,False,1.426705876970134,False,True
"1819,3638",2020,45.67399995905129,Thalangama North A,True,False,3.3030228205943617,False,26.98700082206136,51.270032482203476,False,1.4304772212079295,False,True
"1851,3627",2020,45.6887927221388,Shanthalokagama,True,False,3.307821994782676,False,26.98700082206136,51.270032482203476,False,1.4338952645012404,False,True
"1820,3632",2020,45.69253192173976,Batapotha,True,False,3.3090350927079055,False,26.98700082206136,51.270032482203476,False,1.4347592509007248,False,True
"1840,3638",2020,45.71027790710036,Malabe North,True,False,3.3147923724253587,False,26.98700082206136,51.270032482203476,False,1.4388596712134258,False,True
"1823,3626",2020,45.71421101278711,Jayawadanagama,True,False,3.3160683787522425,False,26.98700082206136,51.270032482203476,False,1.4397684619129685,False,True
"1841,3629",2020,45.73664742688335,Hokandara,True,False,3.3233473609661814,False,26.98700082206136,51.270032482203476,False,1.4449526613944257,False,True
"1819,3626",2020,45.74353962218714,Kumaragewatta,True,False,3.325583376347967,False,26.98700082206136,51.270032482203476,False,1.446545184832741,False,True
"1838,3625",2020,45.75144764798093,Hokandara,True,False,3.328148954735558,False,26.98700082206136,51.270032482203476,False,1.4483724279493841,False,True
"1816,3638",2020,45.75868350717667,Thalangama North A,True,False,3.3304964640194576,False,26.98700082206136,51.270032482203476,False,1.4500443590043886,False,True
"1816,3633",2020,45.81870276429285,Battaramulla North,True,False,3.349968341440178,False,26.98700082206136,51.270032482203476,False,1.4639125199451015,False,True
"1843,3644",2020,45.82613272159848,Kothalawala,True,False,3.3523788214235677,False,26.98700082206136,51.270032482203476,False,1.4656292996696103,False,True
"1840,3635",2020,45.84534793748637,Malabe East,True,False,3.3586127594354527,False,26.98700082206136,51.270032482203476,False,1.470069203114732,False,True
"1840,3633",2020,45.86137448417461,Malabe East,True,False,3.3638122065393508,False,26.98700082206136,51.270032482203476,False,1.4737723267366405,False,True
"1814,3641",2020,45.877351732037305,Walpola,True,False,3.368995659765048,False,26.98700082206136,51.270032482203476,False,1.4774640592804238,False,True
"1825,3642",2020,45.91742622837496,Thalahena South,True,False,3.3819969149934055,False,26.98700082206136,51.270032482203476,False,1.4867237467796002,False,True
"1839,3641",2020,45.92283158343432,Malabe North,True,False,3.3837505590101533,False,26.98700082206136,51.270032482203476,False,1.4879727181515698,False,True
"1816,3634",2020,45.94192178110114,Battaramulla North,True,False,3.3899439377150262,False,26.98700082206136,51.270032482203476,False,1.4923837346545068,False,True
"1813,3631",2020,45.97885031226917,Battaramulla Sout,True,False,3.4019245563827827,False,26.98700082206136,51.270032482203476,False,1.5009165096029025,False,True
"1844,3641",2020,45.98742481639066,Kothalawala,True,False,3.404706358444643,False,26.98700082206136,51.270032482203476,False,1.5028977504388805,False,True
"1814,3633",2020,46.033417700392754,Battaramulla North,True,False,3.4196276994032733,False,26.98700082206136,51.270032482203476,False,1.5135249515759077,False,True
"1813,3633",2020,46.050173111267206,Battaramulla North,True,False,3.4250636098486424,False,26.98700082206136,51.270032482203476,False,1.5173964879094026,False,True
"1841,3641",2020,46.1141194769362,Kothalawala,True,False,3.445809547963088,False,26.98700082206136,51.270032482203476,False,1.532172053840762,False,True
"1814,3637",2020,46.124158489149,Udumulla2,True,False,3.4490664762328653,False,26.98700082206136,51.270032482203476,False,1.5344916866343399,False,True
"1840,3634",2020,46.12510348043244,Malabe East,True,False,3.4493730570757304,False,26.98700082206136,51.270032482203476,False,1.5347100380741279,False,True
"1815,3633",2020,46.125465787916646,Battaramulla North,True,False,3.4494905994656224,False,26.98700082206136,51.270032482203476,False,1.5347937535138445,False,True
"1815,3628",2020,46.16471240042175,Pahalawela,True,False,3.462223266689387,False,26.98700082206136,51.270032482203476,False,1.5438621486381792,False,True
"1841,3643",2020,46.17063098118007,Kothalawala,True,False,3.4641434150645583,False,26.98700082206136,51.270032482203476,False,1.5452297068926588,False,True
"1817,3624",2020,46.1908052694865,Pahalawela,True,False,3.470688502222048,False,26.98700082206136,51.270032482203476,False,1.5498912153907798,False,True
"1814,3632",2020,46.19240439204194,Battaramulla North,True,False,3.4712073010189046,False,26.98700082206136,51.270032482203476,False,1.5502607116162954,False,True
"1815,3627",2020,46.2337048592893,Pahalawela,True,False,3.4846062945136485,False,26.98700082206136,51.270032482203476,False,1.5598036742291832,False,True
"1824,3643",2020,46.29027641838371,Thalangama North A,True,False,3.5029596450400167,True,26.98700082206136,51.270032482203476,False,1.572875203666306,False,True
"1827,3651",2020,46.29633528621596,Welivita,True,False,3.5049253063528427,True,26.98700082206136,51.270032482203476,False,1.5742751769124497,False,True
"1818,3633",2020,46.31730955464688,Batapotha,True,False,3.511729928794032,True,26.98700082206136,51.270032482203476,False,1.5791215303028416,False,True
"1817,3638",2020,46.39513881829693,Thalangama North A,True,False,3.536979856139934,True,26.98700082206136,51.270032482203476,False,1.597104904407367,False,True
"1824,3642",2020,46.43853417086096,Muttettugoda,True,False,3.5510584873385866,True,26.98700082206136,51.270032482203476,False,1.6071319151094832,False,True
"1816,3629",2020,46.50268797636233,Asiri Uyana,True,False,3.571871724569719,True,26.98700082206136,51.270032482203476,False,1.6219554124735034,False,True
"1815,3632",2020,46.55459148939298,Battaramulla North,True,False,3.5887106341463775,True,26.98700082206136,51.270032482203476,False,1.6339483345235735,False,True
"1843,3645",2020,46.56804415674994,Kothalawala,True,False,3.5930750448762434,True,26.98700082206136,51.270032482203476,False,1.6370567328102605,False,True
"1812,3644",2020,46.575073277293846,Walpola,True,False,3.5953554825254703,True,26.98700082206136,51.270032482203476,False,1.6386808944486801,False,True
"1821,3641",2020,46.6927150869737,Thalangama North A,True,False,3.6335216813040327,True,26.98700082206136,51.270032482203476,False,1.665863429328091,False,True
"1810,3631",2020,46.74373290487127,Rajamalwatta,True,False,3.6500732473197735,True,26.98700082206136,51.270032482203476,False,1.6776517010169247,False,True
"1840,3639",2020,46.74535573028613,Malabe North,True,False,3.6505997359681106,True,26.98700082206136,51.270032482203476,False,1.6780266740691294,False,True
"1820,3633",2020,46.76550004083104,Batapotha,True,False,3.657135097525422,True,26.98700082206136,51.270032482203476,False,1.6826812558500366,False,True
"1840,3640",2020,46.79188935483786,Malabe North,True,False,3.6656965078501624,True,26.98700082206136,51.270032482203476,False,1.6887788197211318,False,True
"1816,3635",2020,46.83247643332288,Thalangama North A,True,False,3.6788640586513264,True,26.98700082206136,51.270032482203476,False,1.6981569454025944,False,True
"1839,3634",2020,46.840216299459456,Malabe East,True,False,3.681375081478091,True,26.98700082206136,51.270032482203476,False,1.6999453332367496,False,True
"1818,3629",2020,46.8628385118871,Asiri Uyana,True,False,3.6887143417179145,True,26.98700082206136,51.270032482203476,False,1.7051724636254886,False,True
"1818,3624",2020,46.878589700707856,Pahalawela,True,False,3.693824455249555,True,26.98700082206136,51.270032482203476,False,1.7088119625474927,False,True
"1813,3643",2020,46.92423013415645,Walpola,True,False,3.7086314516743744,True,26.98700082206136,51.270032482203476,False,1.719357725805505,False,True
"1813,3630",2020,47.00224334583555,Battaramulla Sout,True,False,3.7339410567578173,True,26.98700082206136,51.270032482203476,False,1.7373836032830186,False,True
"1822,3640",2020,47.0399807958369,Thalangama North A,True,False,3.7461841106692364,True,26.98700082206136,51.270032482203476,False,1.746103288518337,False,True
"1823,3625",2020,47.048655289409474,Jayawadanagama,True,False,3.748998352025225,True,26.98700082206136,51.270032482203476,False,1.7481076331024563,False,True
"1813,3634",2020,47.08570233753632,Subhoothipura,True,False,3.7610174208139147,True,26.98700082206136,51.270032482203476,False,1.7566677927993164,False,True
"1818,3625",2020,47.12828690178742,Pahalawela,True,False,3.7748330102589343,True,26.98700082206136,51.270032482203476,False,1.766507461249081,False,True
"1813,3636",2020,47.14384798235131,Udumulla2,True,False,3.779881447507791,True,26.98700082206136,51.270032482203476,False,1.770103033404426,False,True
"1816,3628",2020,47.163294850730914,Pahalawela,True,False,3.786190539880786,True,26.98700082206136,51.270032482203476,False,1.7745964629042137,False,True
"1813,3629",2020,47.210772113733576,Battaramulla Sout,True,False,3.801593453710086,True,26.98700082206136,51.270032482203476,False,1.785566647408013,False,True
"1818,3628",2020,47.21473564053712,Asiri Uyana,True,False,3.8028793294736425,True,26.98700082206136,51.270032482203476,False,1.7864824672672626,False,True
"1816,3626",2020,47.29509824729731,Pahalawela,True,False,3.828951142142282,True,26.98700082206136,51.270032482203476,False,1.8050512003325216,False,True
"1812,3643",2020,47.41763359455521,Walpola,True,False,3.868704937443224,True,26.98700082206136,51.270032482203476,False,1.8333644450867719,False,True
"1837,3625",2020,47.45509012257271,Arangala,True,False,3.880856852631889,True,26.98700082206136,51.270032482203476,False,1.8420192199671324,False,True
"1818,3627",2020,47.481102418427184,Kumaragewatta,True,False,3.8892959480263776,True,26.98700082206136,51.270032482203476,False,1.8480296693242269,False,True
"1827,3652",2020,47.56688200608878,Welivita,True,False,3.9171251764507375,True,26.98700082206136,51.270032482203476,False,1.8678500600500947,False,True
"1816,3627",2020,47.56780349935759,Pahalawela,True,False,3.917424133899335,True,26.98700082206136,51.270032482203476,False,1.8680629819950105,False,True
"1817,3627",2020,47.63405407544556,Pahalawela,True,False,3.9389176204671545,True,26.98700082206136,51.270032482203476,False,1.883370963062228,False,True
"1816,3625",2020,47.64868789898792,Pahalawela,True,False,3.943665230349459,True,26.98700082206136,51.270032482203476,False,1.8867522814892557,False,True
"1817,3637",2020,47.711141262639465,Thalangama North A,True,False,3.9639267980523125,True,26.98700082206136,51.270032482203476,False,1.9011828716035566,False,True
"1814,3635",2020,47.723955808294285,Udumulla2,True,False,3.9680841847675437,True,26.98700082206136,51.270032482203476,False,1.9041438243054394,False,True
"1817,3636",2020,47.81634925437946,Thalangama North A,True,False,3.9980591285287765,True,26.98700082206136,51.270032482203476,False,1.925492425433507,False,True
"1815,3637",2020,47.93970267948357,Thalangama North A,True,False,4.0380783305059635,True,26.98700082206136,51.270032482203476,False,1.9539946967731956,False,True
"1814,3629",2020,47.95555033220086,Battaramulla Sout,True,False,4.043219739546064,True,26.98700082206136,51.270032482203476,False,1.9576564848221625,False,True
"1814,3636",2020,47.9978799300125,Udumulla2,True,False,4.056952610952006,True,26.98700082206136,51.270032482203476,False,1.9674372402532267,False,True
"1817,3628",2020,48.070197935984446,Asiri Uyana,True,False,4.080414536594818,True,26.98700082206136,51.270032482203476,False,1.9841471729301503,False,True
"1817,3629",2020,48.11825633618497,Asiri Uyana,True,False,4.096005987117591,True,26.98700082206136,51.270032482203476,False,1.9952516360734365,False,True
"1814,3634",2020,48.12991629071397,Battaramulla North,True,False,4.099788793107349,True,26.98700082206136,51.270032482203476,False,1.9979458068069493,False,True
"1814,3631",2020,48.1707762991648,Battaramulla North,True,False,4.113044889803514,True,26.98700082206136,51.270032482203476,False,2.0073869961928508,False,True
"1815,3634",2020,48.20888383948992,Battaramulla North,True,False,4.125408011069403,True,26.98700082206136,51.270032482203476,False,2.016192195185242,False,True
"1818,3626",2020,48.37039043402815,Kumaragewatta,True,False,4.177805137634947,True,26.98700082206136,51.270032482203476,False,2.0535102086639325,False,True
"1817,3625",2020,48.37948459855682,Pahalawela,True,False,4.1807555316493765,True,26.98700082206136,51.270032482203476,False,2.0556115231980456,False,True
"1817,3626",2020,48.49031948731219,Pahalawela,True,False,4.216713380371265,True,26.98700082206136,51.270032482203476,False,2.081221238295487,False,True
"1816,3637",2020,48.49717777651518,Thalangama North A,True,False,4.218938395692896,True,26.98700082206136,51.270032482203476,False,2.082805927327224,False,True
"1845,3650",2020,48.643743946198974,Kaduwela,True,False,4.266488442581729,True,26.98700082206136,51.270032482203476,False,2.1166717785106886,False,True
"1815,3635",2020,48.75646043869232,Udumulla2,True,False,4.303056734669641,True,26.98700082206136,51.270032482203476,False,2.142716260459949,False,True
"1814,3630",2020,48.76334005967106,Battaramulla North,True,False,4.3052886705988,True,26.98700082206136,51.270032482203476,False,2.14430587845138,False,True
"1815,3636",2020,48.81144098812523,Thalangama North A,True,False,4.3208939184423265,True,26.98700082206136,51.270032482203476,False,2.155420168251883,False,True
"1840,3641",2020,48.86381225642825,Malabe North,True,False,4.337884580535829,True,26.98700082206136,51.270032482203476,False,2.1675211707033064,False,True
"1816,3636",2020,49.82769681919906,Thalangama North A,True,False,4.650594916447967,True,26.98700082206136,51.270032482203476,False,2.3902381266779327,False,True
"1869,3643",2020,52.16197092955343,Ranala,True,True,5.407896847979663,True,26.98700082206136,51.270032482203476,True,2.9295998348621914,False,True
"1869,3644",2020,55.461864030226494,Ranala,True,True,6.478471810835437,True,26.98700082206136,51.270032482203476,True,3.692079259069262,True,True
"1837,3645",2021,27.44697816286192,Mahadeniya,False,False,-2.6103181838299263,False,29.44764192738006,42.25081015282802,True,-3.5283088186235423,True,True
"1805,3641",2021,28.081312865405444,Kalapaluwawa,False,False,-2.40452277473769,False,29.44764192738006,42.25081015282802,True,-3.258105867096126,False,True
"1838,3645",2021,29.406293629232504,Mahadeniya,False,False,-1.9746630220901122,False,29.44764192738006,42.25081015282802,True,-2.6937134230636977,False,True
"1814,3637",2021,42.29409611025029,Udumulla2,False,False,2.206490197568426,False,29.44764192738006,42.25081015282802,True,2.796010306554318,False,True
"1853,3623",2021,42.33794128228057,Oruwala,False,False,2.220714762421193,False,29.44764192738006,42.25081015282802,True,2.8146867164138216,False,True
"1864,3643",2021,42.40138998306155,Nawagamuwa,False,False,2.24129924452699,False,29.44764192738006,42.25081015282802,True,2.841713499203503,False,True
"1813,3633",2021,42.51972260196396,Battaramulla North,False,False,2.279689560583058,False,29.44764192738006,42.25081015282802,True,2.892118786445702,False,True
"1813,3636",2021,42.68840485018416,Udumulla2,False,False,2.3344146641283627,False,29.44764192738006,42.25081015282802,True,2.9639711400322555,False,True
"1824,3635",2021,42.68940959954421,Muttettugoda,False,False,2.3347406321145967,False,29.44764192738006,42.25081015282802,True,2.9643991258283067,False,True
"1814,3630",2021,42.80056573901312,Battaramulla North,False,False,2.370802703294675,False,29.44764192738006,42.25081015282802,True,3.011747500187239,False,True
"1813,3631",2021,42.86174627239093,Battaramulla Sout,False,False,2.390651330280526,False,29.44764192738006,42.25081015282802,True,3.0378081281623746,False,True
"1829,3642",2021,42.86973163538858,Thalahena South,False,False,2.393241998957901,False,29.44764192738006,42.25081015282802,True,3.0412095953094997,False,True
"1812,3633",2021,43.28985948540775,Rajamalwatta,False,False,2.529542886200949,False,29.44764192738006,42.25081015282802,True,3.2201684078084245,False,True
"1814,3632",2021,43.79835186892581,Battaramulla North,False,False,2.6945116285175583,False,29.44764192738006,42.25081015282802,True,3.4367672196105645,False,True
"1813,3632",2021,44.12466621939454,Battaramulla Sout,True,False,2.800376868079746,False,29.44764192738006,42.25081015282802,True,3.575764976266251,True,True
"1829,3644",2021,44.41521660014087,Mahadeniya,True,False,2.894639304342239,False,29.44764192738006,42.25081015282802,True,3.699528614185283,True,True
"1814,3631",2021,44.90306113400048,Battaramulla North,True,False,3.0529093233345566,False,29.44764192738006,42.25081015282802,True,3.9073322112560875,True,True
"1869,3643",2021,47.875644288560096,Ranala,True,False,4.017296048355821,True,29.44764192738006,42.25081015282802,True,5.173541893308878,True,True
"1869,3644",2021,51.64231861505127,Ranala,True,True,5.239307520894311,True,29.44764192738006,42.25081015282802,True,6.778004831217636,True,True
"1828,3648",2022,20.39790387526263,Mahadeniya,True,True,-4.897229369551359,True,28.57430313857007,45.2855460286565,True,-5.340529011365501,True,True
"1828,3649",2022,23.219017024500697,Mahadeniya,True,False,-3.9819836289116197,True,28.57430313857007,45.2855460286565,True,-4.427997984221584,True,True
"1827,3649",2022,23.556190076184624,Mahadeniya,True,False,-3.8725955317005725,True,28.57430313857007,45.2855460286565,True,-4.318934343416718,True,True
"1848,3610",2022,24.231288374168443,Athurugiriya South,True,False,-3.6535753049118296,True,28.57430313857007,45.2855460286565,True,-4.100563753265568,True,True
"1841,3634",2022,24.64973696423666,Malabe East,True,False,-3.5178192152136636,True,28.57430313857007,45.2855460286565,True,-3.96521033016554,True,True
"1867,3629",2022,24.96896217742229,Dedigamuwa,True,False,-3.4142538843612398,False,28.57430313857007,45.2855460286565,True,-3.8619521847922504,True,True
"1860,3647",2022,25.1850572508371,Wekewatta,True,False,-3.344146772362009,False,28.57430313857007,45.2855460286565,True,-3.792053017735724,True,True
"1841,3635",2022,25.20370556632049,Malabe East,True,False,-3.3380967522410905,False,28.57430313857007,45.2855460286565,True,-3.7860209426000075,True,True
"1868,3629",2022,25.216302368833283,Dedigamuwa,True,False,-3.3340100073160857,False,28.57430313857007,45.2855460286565,True,-3.781946319382987,True,True
"1859,3647",2022,25.31722939578071,Pahala Bomiriya A,True,False,-3.301266538109963,False,28.57430313857007,45.2855460286565,True,-3.749299970691942,True,True
"1841,3642",2022,25.671763782310524,Kothalawala,True,False,-3.1862459522573987,False,28.57430313857007,45.2855460286565,True,-3.6346205477892246,True,True
"1842,3635",2022,25.71286474605579,Malabe East,True,False,-3.1729116831182105,False,28.57430313857007,45.2855460286565,True,-3.62132582947096,True,True
"1848,3611",2022,26.044573158583365,Athurugiriya South,True,False,-3.0652964632954154,False,28.57430313857007,45.2855460286565,True,-3.514029807516712,True,True
"1829,3649",2022,26.070728511452707,Mahadeniya,True,False,-3.056810956319185,False,28.57430313857007,45.2855460286565,True,-3.5055694694315065,True,True
"1849,3610",2022,26.171672770742124,Athurugiriya South,True,False,-3.0240618964732073,False,28.57430313857007,45.2855460286565,True,-3.472917546683022,False,True
"1825,3626",2022,26.18011136555468,Kumaragewatta,True,False,-3.021324187083117,False,28.57430313857007,45.2855460286565,True,-3.47018795762204,False,True
"1858,3645",2022,26.24990168153215,Pahala Bomiriya B,True,False,-2.9986823127387527,False,28.57430313857007,45.2855460286565,True,-3.44761324141797,False,True
"1847,3610",2022,26.26068338589703,Athurugiriya South,True,False,-2.9951844349597434,False,28.57430313857007,45.2855460286565,True,-3.4441257387061057,False,True
"1824,3626",2022,26.29855401569138,Kumaragewatta,True,False,-2.9828981739056672,False,28.57430313857007,45.2855460286565,True,-3.4318759199726174,False,True
"1825,3625",2022,26.31474518532846,Kumaragewatta,True,False,-2.977645318645213,False,28.57430313857007,45.2855460286565,True,-3.426638645223969,False,True
"1847,3611",2022,26.8603539662152,Athurugiriya South,True,False,-2.800635008762003,False,28.57430313857007,45.2855460286565,True,-3.250153366221321,False,True
"1859,3645",2022,26.922218812669804,Pahala Bomiriya B,True,False,-2.780564372024798,False,28.57430313857007,45.2855460286565,True,-3.2301422610678223,False,True
"1841,3641",2022,26.96824647122598,Kothalawala,True,False,-2.7656317492561797,False,28.57430313857007,45.2855460286565,True,-3.215253930002249,False,True
"1860,3648",2022,27.03547349691837,Wekewatta,True,False,-2.7438214759116115,False,28.57430313857007,45.2855460286565,True,-3.1935083481834288,False,True
"1867,3630",2022,27.26310371147612,Dedigamuwa,False,False,-2.669972050775595,False,28.57430313857007,45.2855460286565,True,-3.1198779680778044,False,True
"1849,3611",2022,27.340728785919385,Athurugiriya South,False,False,-2.6447883679551345,False,28.57430313857007,45.2855460286565,True,-3.094768982664381,False,True
"1875,3622",2022,27.34461002557113,Welipillewa,False,False,-2.6435291883789382,False,28.57430313857007,45.2855460286565,True,-3.0935135379449967,False,True
"1866,3629",2022,27.41439684238074,Dedigamuwa,False,False,-2.620888449259682,False,28.57430313857007,45.2855460286565,True,-3.0709399535988395,False,True
"1842,3642",2022,27.49701255564474,Kothalawala,False,False,-2.5940856676359765,False,28.57430313857007,45.2855460286565,True,-3.0442166717966233,False,True
"1841,3636",2022,27.558546040486423,Malabe East,False,False,-2.5741225336073823,False,28.57430313857007,45.2855460286565,True,-3.0243127504875864,False,True
"1876,3642",2022,27.745138699159387,Ranala,False,False,-2.51358680637815,False,28.57430313857007,45.2855460286565,True,-2.9639565784842254,False,True
"1842,3634",2022,27.81053973675308,Malabe East,False,False,-2.4923689331754355,False,28.57430313857007,45.2855460286565,True,-2.942801639687188,False,True
"1867,3628",2022,27.8521067006441,Dedigamuwa,False,False,-2.4788834809301545,False,28.57430313857007,45.2855460286565,True,-2.9293561866875546,False,True
"1823,3630",2022,28.366806849620872,Batapotha,False,False,-2.3119007708659165,False,28.57430313857007,45.2855460286565,True,-2.762868764606043,False,True
"1813,3633",2022,43.9769586472996,Battaramulla North,True,False,2.7524565192427466,False,28.57430313857007,45.2855460286565,False,2.2864671181661516,False,True
"1849,3620",2022,43.99628793718709,Athurugiriya,True,False,2.7587274659589025,False,28.57430313857007,45.2855460286565,False,2.2927194646059825,False,True
"1844,3641",2022,44.00640001701525,Kothalawala,True,False,2.7620080993479723,False,28.57430313857007,45.2855460286565,False,2.295990367297229,False,True
"1854,3623",2022,44.06251837914299,Oruwala,True,False,2.7802144204673382,False,28.57430313857007,45.2855460286565,False,2.3141426865857664,False,True
"1853,3623",2022,44.07073350279597,Oruwala,True,False,2.7828796297427063,False,28.57430313857007,45.2855460286565,False,2.316799990574863,False,True
"1808,3640",2022,44.07866382629566,Kalapaluwawa,True,False,2.785452442111806,False,28.57430313857007,45.2855460286565,False,2.3193651717164676,False,True
"1818,3628",2022,44.12276422371207,Asiri Uyana,True,False,2.7997598090129836,False,28.57430313857007,45.2855460286565,False,2.3336301014881493,False,True
"1810,3631",2022,44.15013177793707,Rajamalwatta,True,False,2.80863858703822,False,28.57430313857007,45.2855460286565,False,2.3424825441397683,False,True
"1869,3643",2022,44.15893350537669,Ranala,True,False,2.811494106516961,False,28.57430313857007,45.2855460286565,False,2.345329593852498,False,True
"1852,3626",2022,44.16839350255684,Shanthalokagama,True,False,2.8145631865813097,False,28.57430313857007,45.2855460286565,False,2.348389570708057,False,True
"1818,3629",2022,44.17346825252929,Asiri Uyana,True,False,2.816209573327035,False,28.57430313857007,45.2855460286565,False,2.350031074100471,False,True
"1817,3625",2022,44.17625638388756,Pahalawela,True,False,2.817114118878741,False,28.57430313857007,45.2855460286565,False,2.350932936676548,False,True
"1814,3635",2022,44.20299005330581,Udumulla2,True,False,2.825787247453301,False,28.57430313857007,45.2855460286565,False,2.3595803398550235,False,True
"1817,3629",2022,44.24825743361723,Asiri Uyana,True,False,2.8404732153065004,False,28.57430313857007,45.2855460286565,False,2.374222747609159,False,True
"1817,3628",2022,44.271819334244405,Asiri Uyana,True,False,2.8481173359247114,False,28.57430313857007,45.2855460286565,False,2.381844194975275,False,True
"1817,3638",2022,44.33390895371686,Thalangama North A,True,False,2.868260895134824,False,28.57430313857007,45.2855460286565,False,2.401928006306088,False,True
"1813,3630",2022,44.4510199096925,Battaramulla Sout,True,False,2.9062548705511952,False,28.57430313857007,45.2855460286565,False,2.439809287663101,False,True
"1815,3634",2022,44.45696760623235,Battaramulla North,True,False,2.9081844648768196,False,28.57430313857007,45.2855460286565,False,2.4417331586124513,False,True
"1813,3631",2022,44.7256191787027,Battaramulla Sout,True,False,2.9953423328574313,False,28.57430313857007,45.2855460286565,False,2.5286325073452067,False,True
"1813,3634",2022,44.73152305189228,Subhoothipura,True,False,2.9972577096977755,False,28.57430313857007,45.2855460286565,False,2.530542202979808,False,True
"1814,3634",2022,44.77908733979245,Battaramulla North,True,False,3.0126888567678414,False,28.57430313857007,45.2855460286565,False,2.5459275796722065,False,True
"1812,3633",2022,44.80533924792563,Rajamalwatta,True,False,3.0212056888945678,False,28.57430313857007,45.2855460286565,False,2.554419149994273,False,True
"1817,3636",2022,44.84318431296364,Thalangama North A,True,False,3.0334836560472254,False,28.57430313857007,45.2855460286565,False,2.566660699426912,False,True
"1814,3631",2022,44.85984936776678,Battaramulla North,True,False,3.0388902525285526,False,28.57430313857007,45.2855460286565,False,2.572051259384077,False,True
"1814,3636",2022,44.89709844613334,Udumulla2,True,False,3.0509748654151223,False,28.57430313857007,45.2855460286565,False,2.584100028059373,False,True
"1813,3632",2022,45.07983835877,Battaramulla Sout,True,False,3.1102606571710285,False,28.57430313857007,45.2855460286565,False,2.6432099720272553,False,True
"1809,3641",2022,45.157125268159255,Kalapaluwawa,True,False,3.1353346300617764,False,28.57430313857007,45.2855460286565,False,2.668209572921961,False,True
"1814,3630",2022,45.226091048314665,Battaramulla North,True,False,3.157709002587098,False,28.57430313857007,45.2855460286565,False,2.690517580745041,False,True
"1817,3637",2022,45.45325172821868,Thalangama North A,True,False,3.2314060979266204,False,28.57430313857007,45.2855460286565,True,2.763996082880097,False,True
"1815,3637",2022,45.71941055034326,Thalangama North A,True,False,3.3177552499799523,False,28.57430313857007,45.2855460286565,True,2.8500891144206277,False,True
"1815,3635",2022,45.74537137464212,Udumulla2,True,False,3.326177646603584,False,28.57430313857007,45.2855460286565,True,2.858486529345065,False,True
"1815,3636",2022,45.755701762027805,Thalangama North A,True,False,3.3295291048945996,False,28.57430313857007,45.2855460286565,True,2.8618280468642756,False,True
"1808,3641",2022,46.48668429000001,Kalapaluwawa,True,False,3.566679693976544,True,28.57430313857007,45.2855460286565,True,3.09827522277953,False,True
"1816,3637",2022,46.58628978213256,Thalangama North A,True,False,3.5989944213894685,True,28.57430313857007,45.2855460286565,True,3.1304941013698637,False,True
"1816,3636",2022,46.73289890977218,Thalangama North A,True,False,3.646558405006117,True,28.57430313857007,45.2855460286565,True,3.17791700529337,False,True
"1869,3644",2022,46.81381606465796,Ranala,True,False,3.6728101281508976,True,28.57430313857007,45.2855460286565,True,3.2040908631130853,False,True
"1826,3623",2023,23.3525526088988,Wickramasinghapura,True,False,-3.93866105786295,True,27.31640792917516,38.179297166325355,True,-4.671182784252029,True,True
"1825,3623",2023,24.279857246466303,Wickramasinghapura,True,False,-3.6378182433737987,True,27.31640792917516,38.179297166325355,True,-4.20686068879323,True,True
"1825,3624",2023,25.254670275849577,Wickramasinghapura,True,False,-3.321562416022766,False,27.31640792917516,38.179297166325355,True,-3.7187500829074356,True,True
"1826,3622",2023,25.3448382642666,Wickramasinghapura,True,False,-3.292309471183237,False,27.31640792917516,38.179297166325355,True,-3.673600961864623,True,True
"1857,3654",2023,25.435004328508096,Ihala Bomiriya,True,False,-3.263057150598517,False,27.31640792917516,38.179297166325355,True,-3.628452804299373,True,True
"1825,3622",2023,25.479660501387297,Wickramasinghapura,True,False,-3.248569475039669,False,27.31640792917516,38.179297166325355,True,-3.606092463450833,True,True
"1826,3624",2023,25.75786397656617,Wickramasinghapura,True,False,-3.1583127103447097,False,27.31640792917516,38.179297166325355,True,-3.466789784130877,False,True
"1851,3655",2023,25.92778804367932,Pahala Bomiriya A,True,False,-3.1031847270167474,False,27.31640792917516,38.179297166325355,True,-3.3817050172544505,False,True
"1827,3641",2023,26.22144250900305,Thalahena South,True,False,-3.0079152413954517,False,27.31640792917516,38.179297166325355,True,-3.23466568286956,False,True
"1849,3642",2023,26.28861241763969,Korathota,True,False,-2.986123498375343,False,27.31640792917516,38.179297166325355,True,-3.2010322128464255,False,True
"1852,3655",2023,26.760509014286363,Pahala Bomiriya A,True,False,-2.833027423437723,False,27.31640792917516,38.179297166325355,True,-2.964743071481155,False,True
"1859,3655",2023,26.820203191816884,Ihala Bomiriya,True,False,-2.813661010665319,False,27.31640792917516,38.179297166325355,True,-2.934852866606985,False,True
"1859,3656",2023,26.84581306112569,Ihala Bomiriya,True,False,-2.805352473374089,False,27.31640792917516,38.179297166325355,True,-2.9220294343710767,False,True
"1860,3655",2023,26.98166083788669,Ihala Bomiriya,True,False,-2.7612797643126097,False,27.31640792917516,38.179297166325355,True,-2.8540074254069565,False,True
"1856,3654",2023,27.0319778611106,Ihala Bomiriya,True,False,-2.744955555125965,False,27.31640792917516,38.179297166325355,True,-2.8288125706482634,False,True
"1833,3654",2023,27.16652968722664,Welivita,True,False,-2.7013032876579754,False,27.31640792917516,38.179297166325355,True,-2.761439473050163,False,True
"1831,3648",2023,27.227558216551188,Mahadeniya,True,False,-2.6815039749161635,False,27.31640792917516,38.179297166325355,True,-2.7308811284989307,False,True
"1860,3656",2023,27.2452557064128,Ihala Bomiriya,False,False,-2.675762428455956,False,27.31640792917516,38.179297166325355,True,-2.7220196009663393,False,True
"1809,3628",2023,27.313973249875325,Battaramulla Sout,False,False,-2.6534685906571105,False,27.31640792917516,38.179297166325355,True,-2.6876111956994366,False,True
"1843,3645",2023,38.24272919709961,Kothalawala,False,False,0.8921167162951241,False,27.31640792917516,38.179297166325355,True,2.7846604360744243,False,True
"1839,3641",2023,38.284441682458215,Malabe North,False,False,0.9056493796575543,False,27.31640792917516,38.179297166325355,True,2.805546806986264,False,True
"1829,3644",2023,38.36685130730493,Mahadeniya,False,False,0.9323853006003362,False,27.31640792917516,38.179297166325355,True,2.8468111425073004,False,True
"1853,3623",2023,38.62167891294584,Oruwala,False,False,1.0150582982159262,False,27.31640792917516,38.179297166325355,True,2.9744090030575485,False,True
"1852,3624",2023,38.65117558183098,Oruwala,False,False,1.0246278188739237,False,27.31640792917516,38.179297166325355,True,2.9891786424521367,False,True
"1840,3640",2023,38.742744335243245,Malabe North,False,False,1.054335209929438,False,27.31640792917516,38.179297166325355,True,3.0350291577417674,False,True
"1840,3639",2023,38.757532637925614,Malabe North,False,False,1.0591329370411584,False,27.31640792917516,38.179297166325355,True,3.042433990427355,False,True
"1849,3620",2023,39.07074645043603,Athurugiriya,False,False,1.1607480062159339,False,27.31640792917516,38.179297166325355,True,3.199267125795872,False,True
"1840,3641",2023,39.11616984701236,Malabe North,False,False,1.1754845899836213,False,27.31640792917516,38.179297166325355,True,3.222011632645855,False,True
"1858,3634",2023,39.19998090742389,Korathota,False,False,1.2026751746933746,False,27.31640792917516,38.179297166325355,True,3.2639776981828392,False,True
"1837,3625",2023,39.201025349777545,Arangala,False,False,1.2030140201649866,False,27.31640792917516,38.179297166325355,True,3.2645006737429596,False,True
"1873,3638",2023,39.20164022370947,Ranala,False,False,1.2032135019714412,False,27.31640792917516,38.179297166325355,True,3.2648085548221077,False,True
"1844,3641",2023,39.45817492716306,Kothalawala,False,False,1.2864403284904657,False,27.31640792917516,38.179297166325355,True,3.3932611972869755,False,True
"1869,3643",2023,43.157577230810574,Ranala,False,False,2.486626929386176,False,27.31640792917516,38.179297166325355,True,5.2456343656996935,True,True
"1869,3644",2023,45.25213807176164,Ranala,True,False,3.166159364555964,False,27.31640792917516,38.179297166325355,True,6.294427652539636,True,True
"1855,3655",2024,27.667339835000003,Ihala Bomiriya,False,False,-2.538826871303485,False,29.360683754634398,40.94421151753319,True,-3.5003075748779597,True,True
"1856,3655",2024,27.95502302092457,Ihala Bomiriya,False,False,-2.4454946309279997,False,29.360683754634398,40.94421151753319,True,-3.364343817748817,False,True
"1858,3656",2024,28.37184529857144,Ihala Bomiriya,False,False,-2.310266161157801,False,29.360683754634398,40.94421151753319,True,-3.167346823496762,False,True
"1860,3656",2024,29.04022712605775,Ihala Bomiriya,False,False,-2.093424939850151,False,29.360683754634398,40.94421151753319,True,-2.851458690619544,False,True
"1859,3656",2024,29.07033712905761,Ihala Bomiriya,False,False,-2.0836564369442283,False,29.360683754634398,40.94421151753319,True,-2.837228213013167,False,True
"1859,3655",2024,29.08897835012161,Ihala Bomiriya,False,False,-2.0776087184456777,False,29.360683754634398,40.94421151753319,True,-2.828418068460607,False,True
"1858,3655",2024,29.101145790451536,Ihala Bomiriya,False,False,-2.073661270276341,False,29.360683754634398,40.94421151753319,True,-2.8226675380756467,False,True
"1874,3643",2024,29.1287764318182,Ranala,False,False,-2.0646971396356353,False,29.360683754634398,40.94421151753319,True,-2.8096088471409444,False,True
"1857,3655",2024,29.147364631373254,Ihala Bomiriya,False,False,-2.0586666227549064,False,29.360683754634398,40.94421151753319,True,-2.800823761416699,False,True
"1811,3633",2024,40.968275936832505,Rajamalwatta,False,False,1.776358117647209,False,29.360683754634398,40.94421151753319,True,2.7859313651134343,False,True
"1812,3633",2024,40.98387104863379,Rajamalwatta,False,False,1.7814175955539278,False,29.360683754634398,40.94421151753319,True,2.793301868837998,False,True
"1858,3634",2024,40.989463937873005,Korathota,False,False,1.7832320807529514,False,29.360683754634398,40.94421151753319,True,2.7959451593442792,False,True
"1814,3637",2024,41.01319331894639,Udumulla2,False,False,1.7909305365774904,False,29.360683754634398,40.94421151753319,True,2.8071600511521475,False,True
"1816,3637",2024,41.12030699211426,Thalangama North A,False,False,1.825681121876646,False,29.360683754634398,40.94421151753319,True,2.8577837168940334,False,True
"1810,3631",2024,41.19630545801497,Rajamalwatta,False,False,1.8503370886993755,False,29.360683754634398,40.94421151753319,True,2.893701829128167,False,True
"1809,3642",2024,41.41510310454184,Kalapaluwawa,False,False,1.921320988831068,False,29.360683754634398,40.94421151753319,True,2.997109158886424,False,True
"1815,3637",2024,41.5523549312657,Thalangama North A,False,False,1.96584920984126,False,29.360683754634398,40.94421151753319,True,3.0619766066458025,False,True
"1815,3636",2024,41.5693122266196,Thalangama North A,False,False,1.9713506170959185,False,29.360683754634398,40.94421151753319,True,3.0699909004935835,False,True
"1815,3635",2024,41.60660821262336,Udumulla2,False,False,1.9834504480942305,False,29.360683754634398,40.94421151753319,True,3.0876175906548786,False,True
"1872,3639",2024,41.69761589892604,Ranala,False,False,2.0129758137381093,False,29.360683754634398,40.94421151753319,True,3.1306293047999922,False,True
"1840,3641",2024,41.74224974667892,Malabe North,False,False,2.0274562464195216,False,29.360683754634398,40.94421151753319,True,3.1517239878837766,False,True
"1852,3626",2024,41.80509147860085,Shanthalokagama,False,False,2.0478438113392423,False,29.360683754634398,40.94421151753319,True,3.1814240134488716,False,True
"1816,3636",2024,41.83190794797323,Thalangama North A,False,False,2.0565438024681675,False,29.360683754634398,40.94421151753319,True,3.194097913444414,False,True
"1845,3650",2024,42.59868980556078,Kaduwela,False,False,2.305308666559626,False,29.360683754634398,40.94421151753319,True,3.5564915024927615,True,True
"1873,3638",2024,43.14253639967562,Ranala,False,False,2.4817472751845475,False,29.360683754634398,40.94421151753319,True,3.8135222566541467,True,True
"1869,3643",2024,46.29765033060873,Ranala,True,False,3.505351942476801,True,29.360683754634398,40.94421151753319,True,5.304680465436797,True,True
"1869,3644",2024,49.68392922402387,Ranala,True,False,4.6039528031524934,True,29.360683754634398,40.94421151753319,True,6.9050909988371085,True,True
"1865,3632",2025,23.664145204018467,Dedigamuwa,True,False,-3.837571955649811,True,27.475125058036742,41.445783237037844,True,-4.163417173736838,True,True
"1847,3645",2025,24.36826105003896,Kaduwela,True,False,-3.6091376480215422,True,27.475125058036742,41.445783237037844,True,-3.890261569968985,True,True
"1831,3638",2025,24.481645410046283,Thalahena North,True,False,-3.5723526815695967,True,27.475125058036742,41.445783237037844,True,-3.8462750960234313,True,True
"1866,3625",2025,24.657654063856928,Embilladeniya,True,False,-3.515250693030273,True,27.475125058036742,41.445783237037844,True,-3.7779940732744923,True,True
"1847,3646",2025,24.87462026040833,Kaduwela,True,False,-3.4448609650216295,False,27.475125058036742,41.445783237037844,True,-3.6938239288995725,True,True
"1866,3633",2025,24.948690666869744,Dedigamuwa,True,False,-3.420830513056393,False,27.475125058036742,41.445783237037844,True,-3.6650889604811674,True,True
"1848,3646",2025,25.16029300686654,Kaduwela,True,False,-3.3521809658222543,False,27.475125058036742,41.445783237037844,True,-3.5829996774928787,True,True
"1865,3633",2025,25.2311976052566,Dedigamuwa,True,False,-3.3291775879939665,False,27.475125058036742,41.445783237037844,True,-3.5554928567152775,True,True
"1866,3632",2025,25.429171108315195,Dedigamuwa,True,False,-3.2649496056874625,False,27.475125058036742,41.445783237037844,True,-3.4786907621968233,False,True
"1867,3633",2025,25.6628301692876,Dedigamuwa,True,False,-3.189144259002013,False,27.475125058036742,41.445783237037844,True,-3.3880447666032385,False,True
"1851,3646",2025,25.66685196676998,Pahala Bomiriya B,True,False,-3.187839478647329,False,27.475125058036742,41.445783237037844,True,-3.386484545333201,False,True
"1846,3645",2025,25.745102046168167,Kaduwela,True,False,-3.162453027241346,False,27.475125058036742,41.445783237037844,True,-3.356128109238632,False,True
"1865,3631",2025,26.037315854262623,Dedigamuwa,True,False,-3.0676509299604193,False,27.475125058036742,41.445783237037844,True,-3.2427663099971173,False,True
"1850,3646",2025,26.07467510478067,Welihinda,True,False,-3.055530574235102,False,27.475125058036742,41.445783237037844,True,-3.228273114467933,False,True
"1832,3637",2025,26.253424874360697,Malabe West,True,False,-2.9975392932782787,False,27.475125058036742,41.445783237037844,True,-3.158928699754142,False,True
"1867,3626",2025,26.365008588363825,Embilladeniya,True,False,-2.9613385053043157,False,27.475125058036742,41.445783237037844,True,-3.115640770727337,False,True
"1831,3637",2025,26.38731322054541,Thalangama North B,True,False,-2.954102276723323,False,27.475125058036742,41.445783237037844,True,-3.1069878831310493,False,True
"1852,3646",2025,26.50393253362575,Pahala Bomiriya B,True,False,-2.9162678036175764,False,27.475125058036742,41.445783237037844,True,-3.0617464373441217,False,True
"1832,3638",2025,26.54319375661332,Thalahena North,True,False,-2.9035303963564094,False,27.475125058036742,41.445783237037844,True,-3.04651538817736,False,True
"1857,3635",2025,26.589339082435075,Korathota,True,False,-2.8885595991304274,False,27.475125058036742,41.445783237037844,True,-3.028613711333776,False,True
"1831,3620",2025,26.64649757904101,Wellangiriya,True,False,-2.870015830131271,False,27.475125058036742,41.445783237037844,True,-3.0064395709006364,False,True
"1870,3627",2025,26.797606985324325,Embilladeniya,True,False,-2.820991833873355,False,27.475125058036742,41.445783237037844,True,-2.947817994150723,False,True
"1867,3625",2025,26.848846002206365,Welipillewa,True,False,-2.8043685048982234,False,27.475125058036742,41.445783237037844,True,-2.9279402642686465,False,True
"1864,3632",2025,26.856707691261832,Dedigamuwa,True,False,-2.801817959407273,False,27.475125058036742,41.445783237037844,True,-2.9248903905401713,False,True
"1864,3631",2025,26.882736120490502,Dedigamuwa,True,False,-2.793373629907934,False,27.475125058036742,41.445783237037844,True,-2.91479288834466,False,True
"1852,3648",2025,27.00036870757576,Pahala Bomiriya B,True,False,-2.7552104231895886,False,27.475125058036742,41.445783237037844,True,-2.8691583517415555,False,True
"1869,3624",2025,27.13126890931668,Welipillewa,True,False,-2.7127428418646007,False,27.475125058036742,41.445783237037844,True,-2.8183767597038805,False,True
"1851,3647",2025,27.196984228796207,Pahala Bomiriya B,True,False,-2.69142300708071,False,27.475125058036742,41.445783237037844,True,-2.792883074437912,False,True
"1866,3626",2025,27.3906215188022,Embilladeniya,False,False,-2.6286018100809123,False,27.475125058036742,41.445783237037844,True,-2.717763175968793,False,True
"1853,3646",2025,27.449230574064394,Pahala Bomiriya B,False,False,-2.609587440449502,False,27.475125058036742,41.445783237037844,True,-2.6950263039513684,False,True
"1813,3634",2025,41.51370963773304,Subhoothipura,False,False,1.9533116268268769,False,27.475125058036742,41.445783237037844,True,2.761165730398796,False,True
"1809,3640",2025,41.53414754511576,Kalapaluwawa,False,False,1.9599422391738779,False,27.475125058036742,41.445783237037844,True,2.769094438384039,False,True
"1815,3636",2025,41.56722505213708,Thalangama North A,False,False,1.9706734809960733,False,27.475125058036742,41.445783237037844,True,2.7819265688532093,False,True
"1817,3636",2025,41.60705289211348,Thalangama North A,False,False,1.9835947142004642,False,27.475125058036742,41.445783237037844,True,2.7973774321408476,False,True
"1821,3641",2025,41.61133761184213,Thalangama North A,False,False,1.984984793674073,False,27.475125058036742,41.445783237037844,True,2.79903965180409,False,True
"1821,3627",2025,41.68087905518121,Kumaragewatta,False,False,2.007545926973962,False,27.475125058036742,41.445783237037844,True,2.826017648464061,False,True
"1817,3637",2025,41.73075583189579,Thalangama North A,False,False,2.023727308233764,False,27.475125058036742,41.445783237037844,True,2.8453669091495954,False,True
"1809,3641",2025,41.90759624981413,Kalapaluwawa,False,False,2.0810991436443436,False,27.475125058036742,41.445783237037844,True,2.9139706075325407,False,True
"1815,3635",2025,42.0915666497879,Udumulla2,False,False,2.140784138918376,False,27.475125058036742,41.445783237037844,True,2.985340320292545,False,True
"1816,3636",2025,42.23476006948681,Thalangama North A,False,False,2.1872399740919715,False,27.475125058036742,41.445783237037844,True,3.040890959061014,False,True
"1816,3637",2025,42.45629616181792,Thalangama North A,False,False,2.2591123004319407,False,27.475125058036742,41.445783237037844,True,3.12683395466193,False,True
"1808,3641",2025,42.65330784000003,Kalapaluwawa,False,False,2.323028240620716,False,27.475125058036742,41.445783237037844,True,3.203262917605035,False,True
"1869,3643",2025,46.3612631486332,Ranala,True,False,3.5259896686745993,True,27.475125058036742,41.445783237037844,True,4.641731852508726,True,True
"1869,3644",2025,50.47698102184984,Ranala,True,True,4.861240349475454,True,27.475125058036742,41.445783237037844,True,6.238388719344693,True,True
