grid_id,year,LST_C,NDVI,NDBI,NDWI,EVI,Albedo,NDBI_ADJ,NDVI_ADJ,NightLights,green_mask,building_mask,road_mask,dist_road,dist_main_road,dist_water,LCZ,area_name
"1827,3641",2016,35.94314711685961,0.5246654154967095,-0.1809836346687182,-0.4915010804181011,0.360089111740377,0.2166794841515712,-0.1682141096188867,0.5534264281910997,4.974562656179978,0.4252663380505644,1.0,1.0,31.27605514001129,316.4358139940385,2560.938661250251,6.0,Thalahena South
"1827,3641",2017,21.39268054318812,0.5380380850070267,-0.1863227086578563,-0.4750077659037631,0.2383620542803929,0.1816604787721077,-0.1813284847657315,0.5499768408451041,5.20219012731436,0.8784385434886309,1.0,1.0,31.27605514001129,316.4358139940385,2560.938661250251,6.0,Thalahena South
"1827,3641",2018,33.26328981406266,0.5275379116280426,-0.122252152467007,-0.531850963146191,0.3501820098407849,0.1931044748368604,-0.1193465434493415,0.4696484182801794,5.79228239026087,0.5164573064080139,1.0,1.0,31.27605514001129,316.4358139940385,2560.938661250251,6.0,Thalahena South
"1827,3650",2016,35.45597845912761,0.4654174340850168,-0.1572373570890914,-0.4695500567953381,0.2563052544810064,0.1429034418480864,-0.2140649639490096,0.5690183752191527,5.854998685344391,0.2258160237388723,0.0,1.0,10.46720163552033,50.31688829433515,649.8269866937842,6.0,Mahadeniya
"1827,3650",2017,19.84864494835609,0.4234476228938258,-0.1746040195027692,-0.4404558482262076,0.1599574812667008,0.1658200663829762,-0.217055724079248,0.4447624281358294,6.236569121612639,0.4504451038575667,0.0,1.0,10.46720163552033,50.31688829433515,649.8269866937842,6.0,Mahadeniya
"1827,3650",2018,35.72329602210684,0.4413318153216506,-0.117610234220012,-0.4787363882234611,0.2676527037653753,0.1544475649912964,-0.1652584239619422,0.5179680375830003,6.061171850606312,0.2661721068249257,0.0,1.0,10.46720163552033,50.31688829433515,649.8269866937842,6.0,Mahadeniya
"1828,3640",2016,35.80149734484378,0.6821943061915208,-0.225053106297419,-0.6215920039342566,0.4374882417583431,0.1689950702856203,-0.1542505239372117,0.5798265247048127,5.010270455789226,0.814274385408406,1.0,1.0,26.82479807099006,314.1883545974883,2757.18715776461,6.0,Thalahena South
"1828,3640",2017,21.263146603833487,0.5196379135422626,-0.2023894072217094,-0.4563034852424563,0.2418426890304147,0.1762446088595555,-0.1709923571556168,0.512206856349836,5.470858730955979,1.0,1.0,1.0,26.82479807099006,314.1883545974883,2757.18715776461,6.0,Thalahena South
"1828,3640",2018,35.34357482398733,0.645227091540239,-0.1767891909400168,-0.6205787718626923,0.3977101714590474,0.1642415893747228,-0.1191638210757349,0.5317512608680527,6.121464846230608,0.8084853291038858,1.0,1.0,26.82479807099006,314.1883545974883,2757.18715776461,6.0,Thalahena South
"1828,3641",2016,37.57811478172048,0.4570301530124804,-0.0990943037573175,-0.4407800921486411,0.3225814195668134,0.2029677546288325,-0.135835272187003,0.5279541015293283,5.08458423614502,0.1485927810462712,1.0,1.0,15.705496307517738,423.35734124105545,2548.4293399080134,6.0,Thalahena South
"1828,3641",2017,19.21725837121484,0.5038095079498632,-0.1377484373224664,-0.4805653335668452,0.22626832840715,0.1886602709779949,-0.1710113013483966,0.4885323482920547,5.526281356811523,0.8033868659564318,1.0,1.0,15.705496307517738,423.35734124105545,2548.4293399080134,6.0,Thalahena South
"1828,3641",2018,36.88064630561934,0.4863225715026069,-0.0726431197203081,-0.5008795468279128,0.3095697993661463,0.1809428725052913,-0.1028941088366591,0.4919180293960058,6.234999656677246,0.3793925902369215,1.0,1.0,15.705496307517738,423.35734124105545,2548.4293399080134,6.0,Thalahena South
"1828,3648",2016,34.332601158578804,0.701485955260932,-0.2676469894810882,-0.6023000300728575,0.3693147671377292,0.1501274021424458,-0.2702651490696181,0.7244782761491291,5.405132500936271,1.0,0.0,1.0,14.114023175669354,24.79579544308152,992.0374891207356,8.502574665293512,Mahadeniya
"1828,3648",2017,22.59998878100928,0.562198719790495,-0.2363734950611692,-0.5215520543246756,0.2867958850371271,0.1412837428512492,-0.255693937735258,0.5039843212809302,5.716181962301017,0.7075180226570547,0.0,1.0,14.114023175669354,24.79579544308152,992.0374891207356,8.502574665293512,Mahadeniya
"1828,3648",2018,34.303060454315165,0.7344327671520496,-0.2671035012243705,-0.6520677628158664,0.4524796875236261,0.1593865282311036,-0.2648952229199768,0.7165001339819109,5.649773246105127,1.0,0.0,1.0,14.114023175669354,24.79579544308152,992.0374891207356,8.502574665293512,Mahadeniya
"1828,3650",2016,34.56459667992978,0.634192807889841,-0.2952418184054726,-0.5833685285150773,0.3867430157325538,0.1485429599839339,-0.2530672046877182,0.6492272418146484,5.790946006774902,0.6822014051522248,0.0,1.0,41.15325940816978,153.40463862751608,662.153130791481,6.017564402810306,Mahadeniya
"1828,3650",2017,19.15637064292742,0.500706868241254,-0.2568028095083065,-0.4629357415028237,0.2109952238629729,0.172455552767738,-0.2362318948504518,0.4864285369295333,6.221979141235352,0.700936768149883,0.0,1.0,41.15325940816978,153.40463862751608,662.153130791481,6.017564402810306,Mahadeniya
"1828,3650",2018,34.424420771344295,0.6372619859182118,-0.2680551323833222,-0.6080929099210625,0.4083530012017101,0.1601201089421327,-0.2183900377766217,0.6162020790818891,6.029999732971191,0.773458235753318,0.0,1.0,41.15325940816978,153.40463862751608,662.153130791481,6.017564402810306,Mahadeniya
"1829,3641",2016,38.09919340713739,0.5494768184019634,-0.1220542505890327,-0.5223468798354891,0.3556653794077266,0.1638314612594401,-0.1211126964988361,0.5418326265010364,4.960322244931721,0.4331265903307887,1.0,1.0,15.697935350978192,456.51485419574624,2551.608365787636,6.0,Thalahena North
"1829,3641",2017,19.776646335777688,0.4819340996868413,-0.189701867951009,-0.4730530248471455,0.2541019034573729,0.1860287926955292,-0.1688109555935756,0.4404107464629084,5.469254207520082,0.7032442748091601,1.0,1.0,15.697935350978192,456.51485419574624,2551.608365787636,6.0,Thalahena North
"1829,3641",2018,38.11164760008112,0.4055794308390987,-0.0804412700238527,-0.4446577999400773,0.2762613190520279,0.2079661606070914,-0.0866275509948541,0.4701561672996925,6.091679182671407,0.1793893129770991,1.0,1.0,15.697935350978192,456.51485419574624,2551.608365787636,6.0,Thalahena North
"1829,3648",2016,35.27761407068899,0.7413106761442552,-0.2801745060264203,-0.6217673304649631,0.3519964886683604,0.1485548514031403,-0.2602457476491377,0.7154737705477265,4.593951681936819,1.0,0.0,1.0,27.69543112106428,58.958092110883456,1042.7227513976616,9.407152230971128,Mahadeniya
"1829,3648",2017,22.13390972407481,0.3141190856352957,-0.2242857132136352,-0.2541682936270719,0.2471417216612616,0.230395166744409,-0.2367834045021279,0.4737650328694678,4.5772475933465415,0.3154527559055118,0.0,1.0,27.69543112106428,58.958092110883456,1042.7227513976616,9.407152230971128,Mahadeniya
"1829,3648",2018,35.244952243090566,0.751504676304073,-0.2488715454711141,-0.6740848043165963,0.4749300729672285,0.1556053741247326,-0.2559405162055387,0.7151671147604628,4.9770439035623415,0.9978674540682416,0.0,1.0,27.69543112106428,58.958092110883456,1042.7227513976616,9.407152230971128,Mahadeniya
"1829,3649",2016,34.63950652489907,0.7239251804934693,-0.2729385134050099,-0.6125645751574249,0.3869055619261005,0.1402603652706149,-0.260232798439048,0.7104229112669872,5.575753967919936,0.9597791798107256,0.0,1.0,70.83367722132861,190.52205975070007,879.0228848248146,9.544637223974762,Mahadeniya
"1829,3649",2017,19.923541382544187,0.4844999841452584,-0.2688294768850509,-0.3317470196326049,0.2390348330208188,0.1580414097265129,-0.2375781441512825,0.4927743246526184,5.70455914521443,0.7548895899053628,0.0,1.0,70.83367722132861,190.52205975070007,879.0228848248146,9.544637223974762,Mahadeniya
"1829,3649",2018,34.294015866722425,0.6931292997373485,-0.2678169981638199,-0.6167162290659705,0.4129664244110469,0.1430823848745389,-0.259652918831031,0.7113700289502505,5.816666964777635,0.8994479495268138,0.0,1.0,70.83367722132861,190.52205975070007,879.0228848248146,9.544637223974762,Mahadeniya
"1829,3650",2016,33.880632264318095,0.7349890379836691,-0.2861137122392831,-0.6251764216146622,0.4338561676084815,0.1490033029665976,-0.2639968979043631,0.7031582181551592,5.581494402619151,0.973100519112789,0.0,1.0,33.96491424238014,333.9917539329328,672.1554198676811,6.032719836400819,Welivita
"1829,3650",2017,19.826437038499304,0.5123676742695592,-0.2568212574617712,-0.5059333384641783,0.2132470532352112,0.1697716933022016,-0.2405553534099547,0.4828703410176899,5.718361773392642,0.5136070473493786,0.0,1.0,33.96491424238014,333.9917539329328,672.1554198676811,6.032719836400819,Welivita
"1829,3650",2018,33.91755059029732,0.716999870827968,-0.2726699277172291,-0.6519752137289117,0.435925268060255,0.144877207990734,-0.2528466713354425,0.6927624485047146,5.822357801815726,0.9451785433380524,0.0,1.0,33.96491424238014,333.9917539329328,672.1554198676811,6.032719836400819,Welivita
"1829,3651",2016,34.03960797509537,0.7509238704688519,-0.3012513251512181,-0.6240232208292534,0.4286704122786893,0.1452645240724457,-0.2390142480291554,0.6557911763942248,7.025325250186058,0.9594723458359822,0.0,1.0,55.143982525767136,237.72958476202407,469.34324569943976,6.0,Welivita
"1829,3651",2017,21.52237844501116,0.4601005589919851,-0.2537461436061734,-0.3936430907477279,0.2146274293275896,0.1739455312056914,-0.2243506751874034,0.4073107844338208,6.909007248572311,0.495311506675143,0.0,1.0,55.143982525767136,237.72958476202407,469.34324569943976,6.0,Welivita
"1829,3651",2018,34.22063428895106,0.7531079743377205,-0.288244803458007,-0.6665294854667864,0.447477457093739,0.140428707227197,-0.214062628609194,0.6414010979410423,7.22788934546978,0.9380959949141768,0.0,1.0,55.143982525767136,237.72958476202407,469.34324569943976,6.0,Welivita
"1830,3641",2016,37.862432711295256,0.5656913742941387,-0.1292571189378994,-0.5324129244799088,0.3418114936686879,0.1516450196152192,-0.1583424220402526,0.5945032694859156,4.737775802612305,0.3500351754865942,1.0,1.0,19.539626481580555,387.1999133457469,2569.474420656237,6.0,Thalahena North
"1830,3641",2017,18.66651418119442,0.4723018008811119,-0.1741146903400903,-0.4613237198563649,0.2076128528672704,0.1790079122644734,-0.1882605884126042,0.4115452852566339,5.367121696472168,0.6882670210271242,1.0,1.0,19.539626481580555,387.1999133457469,2569.474420656237,6.0,Thalahena North
"1830,3641",2018,37.210382809631845,0.4982682897723942,-0.0827599681800758,-0.5100788586811342,0.3128790466143921,0.1801946683883318,-0.1144403515172919,0.5107076166965397,5.835000038146973,0.275932150394747,1.0,1.0,19.539626481580555,387.1999133457469,2569.474420656237,6.0,Thalahena North
"1830,3642",2016,37.33323149102726,0.6328964441661905,-0.1922479413931888,-0.596159095818428,0.3997099020677752,0.1538678569287679,-0.1615019834826727,0.5834602350899608,4.875291108422126,0.7162151426074521,0.0,1.0,25.96605571571922,351.3588522525182,2361.060264920062,6.157543497259077,Thalahena North
"1830,3642",2017,20.32387817419721,0.3139293755904754,-0.2251096258447955,-0.3194731833784529,0.3167856615985348,0.2353450642033416,-0.1964188743072818,0.3889094590288372,5.449869844223438,0.2629697306745054,0.0,1.0,25.96605571571922,351.3588522525182,2361.060264920062,6.157543497259077,Thalahena North
"1830,3642",2018,36.312759312063264,0.548787438891733,-0.1508167392710421,-0.5632558679210377,0.3447506884656992,0.18055778328542,-0.1186426910845149,0.5107695137577439,5.887835452921613,0.5270517200286009,0.0,1.0,25.96605571571922,351.3588522525182,2361.060264920062,6.157543497259077,Thalahena North
"1830,3649",2016,34.890954352557394,0.6674767039791853,-0.219547140088796,-0.5743823406986664,0.3272951282529375,0.1537460167441928,-0.2382346448490714,0.7002695420865989,5.165542602539063,0.9288836846213896,0.0,1.0,31.382343435154933,291.84899846657333,932.6646137109288,9.095550351288056,Welivita
"1830,3649",2017,21.22940884495553,0.4858419880364018,-0.1818255341083253,-0.4283267505647239,0.196389974959265,0.2007314531681234,-0.2168708889443459,0.4366433739266666,4.718223571777344,0.7736143637782982,0.0,1.0,31.382343435154933,291.84899846657333,932.6646137109288,9.095550351288056,Welivita
"1830,3649",2018,34.704550590651074,0.7004397186937041,-0.24516485488445,-0.5983293972589558,0.2500690940798549,0.1397471609678401,-0.2495269129417725,0.7085087175252007,5.409999847412109,0.9402810304449648,0.0,1.0,31.382343435154933,291.84899846657333,932.6646137109288,9.095550351288056,Welivita
"1830,3650",2016,34.89998374950657,0.6960786520321783,-0.1996245049153309,-0.6278169501192474,0.44268698776391,0.1597996114640915,-0.2434272088581103,0.7066000990229181,5.165542602539063,0.8784266984505362,0.0,1.0,36.45900234690545,411.0604912659172,740.9439318168269,8.574811283273739,Welivita
"1830,3650",2017,20.52957198069132,0.413216339523564,-0.2017269115979396,-0.485382753442477,0.2200601241286445,0.1829188056720208,-0.2299859401118343,0.4503332488845633,4.718223571777344,0.2597536750099324,0.0,1.0,36.45900234690545,411.0604912659172,740.9439318168269,8.574811283273739,Welivita
"1830,3650",2018,34.591229127780714,0.7060341020377798,-0.2145940698508616,-0.6336852663511504,0.3231034284445701,0.1578290108998965,-0.2507061950379911,0.6980739982439784,5.409999847412109,0.9269765593961063,0.0,1.0,36.45900234690545,411.0604912659172,740.9439318168269,8.574811283273739,Welivita
"1830,3651",2016,33.44336393795297,0.7004476306996694,-0.2547705179745037,-0.5957299818409736,0.4310613982791308,0.1575670412710444,-0.2424853973194853,0.6937102547409196,6.46404314435218,0.777097902097902,1.0,1.0,61.404998747885855,243.7601492321249,563.3256299293733,6.8049904640813725,Welivita
"1830,3651",2017,21.64095961948032,0.4025521697861349,-0.2458540289991376,-0.4158356530143057,0.176741688373946,0.1782777448799969,-0.2383770478483187,0.4170518528956632,6.202563884678117,0.1714876033057851,1.0,1.0,61.404998747885855,243.7601492321249,563.3256299293733,6.8049904640813725,Welivita
"1830,3651",2018,33.1024827173395,0.7296815441124432,-0.2731499563593557,-0.6470943829772943,0.4215826446721349,0.1529544116319827,-0.245355091366185,0.6963827842343256,6.614253841610524,0.8176255562619199,1.0,1.0,61.404998747885855,243.7601492321249,563.3256299293733,6.8049904640813725,Welivita
"1831,3641",2016,37.33099374466142,0.5967393715167655,-0.1869328650537888,-0.5676308886679711,0.3689315669135583,0.1545760251080732,-0.1748324203324077,0.6180455645881368,4.691118423597781,0.6218854955869719,1.0,1.0,28.01761531406979,261.7455875773091,2605.8745697568625,6.134968366789035,Thalahena North
"1831,3641",2017,19.797997589429063,0.4896992359848391,-0.2023764077632499,-0.4632957987053771,0.2357544624047526,0.1880601535849742,-0.1831628633627414,0.3294362422684938,5.283343039443136,0.6113410919315785,1.0,1.0,28.01761531406979,261.7455875773091,2605.8745697568625,6.134968366789035,Thalahena North
"1831,3641",2018,35.92621635744747,0.5743979883875538,-0.148785472637259,-0.5783256528447924,0.3544919157745492,0.1774424830327429,-0.125598049256696,0.5429097604334453,5.7678673348743015,0.5867374834023276,1.0,1.0,28.01761531406979,261.7455875773091,2605.8745697568625,6.134968366789035,Thalahena North
"1831,3642",2016,35.47913989615043,0.682782490106735,-0.2018405855240145,-0.6310998524461723,0.4306998327605433,0.1570069203731706,-0.1888675830179034,0.6332618695437804,4.866161604681272,0.8289076164732072,1.0,1.0,45.50531671069865,224.19299740276213,2400.613421732252,8.505088249324217,Mahadeniya
"1831,3642",2017,18.73297129706632,0.2264409170563482,-0.1769969607105854,-0.2113547627262487,0.2791151964858658,0.2711339853401389,-0.1922193301379879,0.27658820218389,5.436775781141972,0.1025600254412466,1.0,1.0,45.50531671069865,224.19299740276213,2400.613421732252,8.505088249324217,Mahadeniya
"1831,3642",2018,34.321523262944844,0.5902870531362878,-0.1360724414013874,-0.6004184964190684,0.3703465259482073,0.1829855875118786,-0.1346447124306007,0.553577398804607,5.86544679962294,0.7013833677850215,1.0,1.0,45.50531671069865,224.19299740276213,2400.613421732252,8.505088249324217,Mahadeniya
"1831,3643",2016,35.61818144680541,0.6164947101149509,-0.1519354709154816,-0.5894973174719889,0.3816045365616352,0.1511435102373149,-0.2033100508384234,0.647246820742976,4.9555349680239305,0.6661636219221603,1.0,1.0,25.236060734118023,75.00087449088676,2198.1021433384253,8.030182684670372,Mahadeniya
"1831,3643",2017,22.33550188655919,0.2138819249588004,-0.1634447584888876,-0.194580493269102,0.3216064201041138,0.310825522894412,-0.202707944303822,0.2738905640563102,5.5146360362494535,0.0673550436854646,1.0,1.0,25.236060734118023,75.00087449088676,2198.1021433384253,8.030182684670372,Mahadeniya
"1831,3643",2018,34.83289718877364,0.545148679964404,-0.119758049847456,-0.5702604781288868,0.3292870444636687,0.1740722160454569,-0.1633168474467052,0.5946285708638008,5.914999961853027,0.558617950754567,1.0,1.0,25.236060734118023,75.00087449088676,2198.1021433384253,8.030182684670372,Mahadeniya
"1831,3651",2016,33.42303341450096,0.7749915837500274,-0.2917617840952797,-0.6800427882549746,0.486359975478162,0.1551984629887481,-0.2355098355472351,0.6918740716507139,6.411185430564567,1.0,0.0,0.0,123.5545793269134,266.7688109868903,661.5255664879088,10.245513224181362,Welivita
"1831,3651",2017,22.648874210958777,0.4648821814647249,-0.3043224178043474,-0.4374850214663096,0.2211352731177647,0.1833226057526599,-0.229458565324057,0.4188803835262917,6.157928190543611,0.3628778337531486,0.0,0.0,123.5545793269134,266.7688109868903,661.5255664879088,10.245513224181362,Welivita
"1831,3651",2018,32.30652550470089,0.7630904120784863,-0.3078277559636597,-0.6691980411906162,0.3123182854783107,0.1549011060163486,-0.2328292572488469,0.6478919628397648,6.564475783735742,0.8899559193954659,0.0,0.0,123.5545793269134,266.7688109868903,661.5255664879088,10.245513224181362,Welivita
"1832,3615",2016,37.964330431162814,0.428340029808902,-0.0194272567908813,-0.4463725498942442,0.2685035318996849,0.1443151691540011,-0.1287585732548736,0.5832444937654245,6.043905258178711,0.0,0.0,1.0,6.236117468467411,6.236117468467411,3567.090075664494,6.0,Hokandara South
"1832,3615",2017,19.28047924511632,0.2334216324857963,-0.0700769574172044,-0.170904370645682,0.1858111520777179,0.181899916262284,-0.1647961490838103,0.3249512950117274,7.02546501159668,0.0,0.0,1.0,6.236117468467411,6.236117468467411,3567.090075664494,6.0,Hokandara South
"1832,3615",2018,34.98455888697679,0.3152763468119525,-0.0057439905150916,-0.347759478545004,0.2150959530854171,0.192877516594946,-0.0736494985546252,0.437945123328719,7.274999618530273,0.0,0.0,1.0,6.236117468467411,6.236117468467411,3567.090075664494,6.0,Hokandara South
"1832,3641",2016,36.49754539393676,0.6545457998391756,-0.2126933032522404,-0.6132741198601177,0.3996913473684944,0.1595879736909563,-0.198191658101106,0.6399584560736881,4.216524124145508,0.8417024599765714,1.0,1.0,47.1145750236596,127.9829083824059,2604.225327210025,6.384927762592739,Thalahena North
"1832,3641",2017,20.206602760434222,0.1832612431461587,-0.1939241804808017,-0.1600304285911657,0.2801811691343739,0.3081270612747771,-0.1735797374265261,0.2194388176386172,4.431154727935791,0.0849668098399062,1.0,1.0,47.1145750236596,127.9829083824059,2604.225327210025,6.384927762592739,Thalahena North
"1832,3641",2018,35.724757898255376,0.5214761765696302,-0.1443741109418183,-0.5389271873368362,0.3161080475662244,0.1779693969390954,-0.1450314498201378,0.5636122722869643,5.085000038146973,0.4609137055837564,1.0,1.0,47.1145750236596,127.9829083824059,2604.225327210025,6.384927762592739,Thalahena North
"1832,3642",2016,37.72473099451222,0.6577117869468584,-0.2112497241203908,-0.5927945814503672,0.3922783314826158,0.151716019716773,-0.2207006257374828,0.6691142255848368,4.771868196723855,0.7739524528901964,1.0,1.0,35.609654973362645,64.40763838811597,2418.175542677516,9.0,Mahadeniya
"1832,3642",2017,20.267788335945,0.0716282634863254,-0.1850812491427887,-0.0743308844745462,0.2713109003376031,0.4523262897676296,-0.1910765580741135,0.1401112532413298,5.3031049931837,0.0,1.0,1.0,35.609654973362645,64.40763838811597,2418.175542677516,9.0,Mahadeniya
"1832,3642",2018,37.22514050520474,0.5363902099187083,-0.1257640330707838,-0.57053688362832,0.3389989536520525,0.1873931271164899,-0.160888644550083,0.5918307574799834,5.6335377948333605,0.5704062972091913,1.0,1.0,35.609654973362645,64.40763838811597,2418.175542677516,9.0,Mahadeniya
"1832,3643",2016,36.49016990164963,0.6674462645363733,-0.2324781415533467,-0.6189975234914328,0.4387365711354366,0.1609424092672746,-0.2190500017600926,0.6733247347057941,5.056822776794434,0.7515426072014372,0.0,1.0,30.504522784793327,79.64398335263786,2232.2945976094743,9.0,Mahadeniya
"1832,3643",2017,20.609354592051886,0.0534502552179333,-0.195915773608117,-0.0637888160069305,0.2722093641217935,0.6218356880094617,-0.194724476803916,0.1233833397665238,5.750514507293701,0.0,0.0,1.0,30.504522784793327,79.64398335263786,2232.2945976094743,9.0,Mahadeniya
"1832,3643",2018,35.52774298249476,0.6407909680090687,-0.1726847639176297,-0.6135707065866931,0.4078416589575442,0.1765017326538179,-0.1733506272325736,0.617202215177756,5.914999961853027,0.8421463719440758,0.0,1.0,30.504522784793327,79.64398335263786,2232.2945976094743,9.0,Mahadeniya
"1832,3644",2016,36.070096586713845,0.7043976425712458,-0.2439126563609112,-0.6493511502877106,0.4835320674548715,0.167995852254612,-0.204916044071389,0.6650876897341836,4.919969911824669,0.8257172375427162,1.0,1.0,34.621816906347895,220.8250865042184,2041.525750250835,8.134308193594535,Mahadeniya
"1832,3644",2017,22.142177939114703,0.1640248443881899,-0.2094338228718081,-0.1749139751092951,0.2768826710604778,0.4352337254222514,-0.2072504037650848,0.2496519203982501,5.55419856084887,0.0911547325756973,1.0,1.0,34.621816906347895,220.8250865042184,2041.525750250835,8.134308193594535,Mahadeniya
"1832,3644",2018,34.86954605906225,0.6759928657089992,-0.2283718785671688,-0.647609888064902,0.4496808226882186,0.1943817836723604,-0.1701220603518973,0.6117362288747353,6.51591060957961,0.8265914328856393,1.0,1.0,34.621816906347895,220.8250865042184,2041.525750250835,8.134308193594535,Mahadeniya
"1833,3614",2016,38.08273409423915,0.4784847945206284,-0.0611413134412365,-0.4959577103579266,0.2587342320967897,0.129286361719858,-0.1287502955807292,0.5933475416176809,5.946876201570405,0.2158385093167702,0.0,1.0,22.9788137932446,22.9788137932446,3800.446428432608,6.0,Hokandara South
"1833,3614",2017,17.490203861195667,0.1169101726842222,-0.1621888220506888,-0.113730141664537,0.1742408429333384,0.4189402829380532,-0.1559076117270666,0.1430808082974938,6.917249915762718,0.0,0.0,1.0,22.9788137932446,22.9788137932446,3800.446428432608,6.0,Hokandara South
"1833,3614",2018,35.01397045618015,0.4128343444896039,-0.0162634917589841,-0.4600334883384083,0.26188648917025,0.1557947770646366,-0.084888931855513,0.466212345298773,7.19208037705155,0.2158385093167702,0.0,1.0,22.9788137932446,22.9788137932446,3800.446428432608,6.0,Hokandara South
"1833,3615",2016,37.87108143448594,0.5739167184526981,-0.1169118222438081,-0.5484482879920052,0.3510568263302071,0.1434240943780433,-0.1424702824504732,0.6057032903238216,6.011057782641361,0.5304197150558332,0.0,1.0,78.84404224792334,78.84404224792334,3703.8941217328447,6.0,Hokandara South
"1833,3615",2017,19.94249914356566,0.1795124192227252,-0.1349285671465574,-0.1370035831118629,0.1600827878340086,0.318634729079387,-0.1697563033093384,0.2357904773548353,6.98883069979947,0.0930881786676934,0.0,1.0,78.84404224792334,78.84404224792334,3703.8941217328447,6.0,Hokandara South
"1833,3615",2018,34.03267096828456,0.3779713796694828,-0.0585670229613923,-0.3802528012964211,0.2807777865613055,0.2038551011404645,-0.0877148294251183,0.4628801813659685,7.246928772010107,0.1095494801694262,0.0,1.0,78.84404224792334,78.84404224792334,3703.8941217328447,6.0,Hokandara South
"1833,3642",2016,36.32372617059789,0.7787855475605489,-0.331204014266522,-0.6879796991573454,0.5448524826088667,0.1700600492570063,-0.2407404695835812,0.6817065009983226,4.771824044706634,0.9702655430116076,0.0,1.0,64.60063241502839,97.4361534389298,2321.385257988602,8.934886309429162,Mahadeniya
"1833,3642",2017,21.82109366995072,0.0609921237217174,-0.2439272203301279,-0.0758440650135899,0.2478538077430889,0.5580568043440426,-0.1940035758710926,0.1369262941194691,5.303035669740764,0.0,0.0,1.0,64.60063241502839,97.4361534389298,2321.385257988602,8.934886309429162,Mahadeniya
"1833,3642",2018,34.8071011301447,0.7332147221498713,-0.2660158650319039,-0.6705846451157735,0.4978739634781993,0.1721974285370703,-0.1870461137090716,0.625694105239035,5.6334941839447685,0.935760852281762,0.0,1.0,64.60063241502839,97.4361534389298,2321.385257988602,8.934886309429162,Mahadeniya
"1833,3643",2016,36.35569957474146,0.6573239156295126,-0.1982088244680973,-0.613921276958468,0.4305899061621369,0.1652950976450298,-0.2253863816858827,0.6704860031278854,5.056822776794434,0.7908139353226058,1.0,1.0,31.23328402264836,217.03616743507925,2139.444462707834,7.960709264177471,Mahadeniya
"1833,3643",2017,20.516284651088903,0.0721819352782265,-0.1813777112404203,-0.082055715359241,0.2786337266296351,0.5504782917231493,-0.1946931455486305,0.1099239125727927,5.750514507293701,0.0,1.0,1.0,31.23328402264836,217.03616743507925,2139.444462707834,7.960709264177471,Mahadeniya
"1833,3643",2018,35.2453127120778,0.5929869404762466,-0.1539894403029018,-0.5910835153068383,0.3934332838932666,0.1892148155619292,-0.1835541090992181,0.627400264458216,5.914999961853027,0.6486486486486485,1.0,1.0,31.23328402264836,217.03616743507925,2139.444462707834,7.960709264177471,Mahadeniya
"1833,3644",2016,36.45142915334766,0.6893880998807838,-0.2261798817861574,-0.6247104870516969,0.4464475034767419,0.1554200191976852,-0.1946230667480848,0.6466660149770896,4.9199867289465375,0.8958830074709903,1.0,1.0,23.95785540579627,321.457559160766,1963.0164275155992,6.32212684787792,Mahadeniya
"1833,3644",2017,19.868307472417754,0.0698615336191709,-0.2028007549906578,-0.0795884305346852,0.2700338648394097,0.5605820045483908,-0.2001529915619211,0.1885120432289173,5.554222685073065,0.0,1.0,1.0,23.95785540579627,321.457559160766,1963.0164275155992,6.32212684787792,Mahadeniya
"1833,3644",2018,35.0541473585551,0.613125226855221,-0.186907464662631,-0.6022300069215774,0.3912969592933163,0.1896745309282914,-0.1642605688602343,0.5928948841191989,6.515836766861024,0.7189635987919248,1.0,1.0,23.95785540579627,321.457559160766,1963.0164275155992,6.32212684787792,Mahadeniya
"1833,3653",2016,35.72527410585936,0.6921634239742938,-0.2309800604678149,-0.6281444283014198,0.4205410771306059,0.1439300491957752,-0.2036702824072191,0.6100714487645387,8.01007902373968,0.9187426326129668,1.0,1.0,27.509632304411014,153.97324714371868,163.93622756076297,6.814538310412575,Welivita
"1833,3653",2017,22.87582758027192,0.3416696439633669,-0.1983397183791242,-0.3238434250339545,0.218602787473464,0.1680374062719474,-0.1838959491932087,0.2836086950976628,7.703824496316066,0.1404322200392927,1.0,1.0,27.509632304411014,153.97324714371868,163.93622756076297,6.814538310412575,Welivita
"1833,3653",2018,35.78976254057056,0.6675643656436493,-0.2065152960503016,-0.6250439784006894,0.3774322137899736,0.133334923309175,-0.1647207926778755,0.5863814856354989,7.505471742176591,0.8649115913555994,1.0,1.0,27.509632304411014,153.97324714371868,163.93622756076297,6.814538310412575,Welivita
"1833,3654",2016,33.367645291153096,0.5338955735847923,-0.2778369012832483,-0.4302356121182131,0.2761350311278154,0.0946991774765612,-0.2312929480872934,0.6025402564098693,8.787887573242188,0.5778661365142477,0.0,1.0,45.515849407377,311.16827921810886,26.421999176017923,9.570245195493705,Welivita
"1833,3654",2017,22.33280498927437,0.332256931296844,-0.2337160755215475,-0.2605170535498882,0.1483702703024264,0.0965703960982302,-0.1941148295598641,0.2910639966280749,8.429685592651367,0.0172299536116633,0.0,1.0,45.515849407377,311.16827921810886,26.421999176017923,9.570245195493705,Welivita
"1833,3654",2018,33.33280538384693,0.5688499318055605,-0.2255886294703894,-0.4471976441825568,0.2258327415949158,0.0763291726380561,-0.1894212615354674,0.5956388781843317,8.055000305175781,0.6833996023856859,0.0,1.0,45.515849407377,311.16827921810886,26.421999176017923,9.570245195493705,Welivita
"1834,3614",2016,37.78144857387856,0.656243220431043,-0.1751012574666064,-0.6049160689297082,0.3840310145146585,0.1366456253652108,-0.1404857299238504,0.6117399234447797,4.63970947265625,0.7653682850286142,0.0,1.0,38.14520460479611,38.14520460479611,3924.01956201424,6.0,Hokandara South
"1834,3614",2017,15.136426890887972,0.0554156771432749,-0.1656575771301397,-0.0554504937782694,0.1884722940829427,0.5300697091455487,-0.1585112293394417,0.0922484104561975,5.459385871887207,0.0,0.0,1.0,38.14520460479611,38.14520460479611,3924.01956201424,6.0,Hokandara South
"1834,3614",2018,35.38628793760017,0.6112496307553328,-0.1370052476588429,-0.5738237199086602,0.3663305558186288,0.1588092861243367,-0.1018540908338202,0.5181383936744526,6.074999809265137,0.6898652390622121,0.0,1.0,38.14520460479611,38.14520460479611,3924.01956201424,6.0,Hokandara South
"1834,3615",2016,37.77484472111615,0.6062420075293592,-0.136659434604348,-0.5744088265018095,0.3805844091842277,0.146307151402154,-0.1606545089272779,0.6347074741892257,4.63970947265625,0.5889975355751645,0.0,0.0,173.47383280980034,173.47383280980034,3867.174152027224,6.0,Hokandara South
"1834,3615",2017,16.74538306209397,0.0909518070771587,-0.1704913120074457,-0.0764666560623282,0.1737164813126603,0.4119187454114795,-0.1699525650923236,0.1614561415962937,5.459385871887207,0.0141505684076635,0.0,0.0,173.47383280980034,173.47383280980034,3867.174152027224,6.0,Hokandara South
"1834,3615",2018,34.348732227941795,0.4945637298834816,-0.1107804398188253,-0.4814505527227327,0.3333668879174742,0.2361949844653051,-0.1132355838278412,0.5254556545630119,6.074999809265137,0.3275300103346846,0.0,0.0,173.47383280980034,173.47383280980034,3867.174152027224,6.0,Hokandara South
"1834,3616",2016,36.41836734816762,0.6551186379652016,-0.1737782963511305,-0.6088327769839176,0.4199748411974158,0.1490221482260396,-0.1840866038051311,0.6547610722576274,4.212086922479699,0.7275883838383839,0.0,0.0,321.805171442797,328.68127698799225,3801.392656621388,6.0,Hokandara South
"1834,3616",2017,23.031890269801167,0.3195156504879552,-0.2052706507865969,-0.3619708056315293,0.1755552242835367,0.2219696116668887,-0.1888743990566582,0.2524672179703948,4.537200450370407,0.2209595959595959,0.0,0.0,321.805171442797,328.68127698799225,3801.392656621388,6.0,Hokandara South
"1834,3616",2018,30.883744936690363,0.4746988105724065,-0.1080060949789553,-0.4557449133405837,0.350434399224229,0.2365331770491578,-0.1388030595333089,0.553620049344244,4.953809412139833,0.3029513888888888,0.0,0.0,321.805171442797,328.68127698799225,3801.392656621388,6.0,Hokandara South
"1834,3644",2016,38.22689352099016,0.6088564791299228,-0.1559454039753416,-0.5780482999364698,0.3627494537091785,0.1483294551834115,-0.1754550453611736,0.5963859577856849,5.699132627085826,0.7062142403051496,1.0,1.0,24.4966966722117,165.71568075581104,1852.0895696204,6.0,Mahadeniya
"1834,3644",2017,21.087003258417063,0.0973305284727698,-0.1700056221286392,-0.0936688333030409,0.2243908823361556,0.4312026291637127,-0.1935724334415932,0.2475214195197941,5.6018677713836125,0.0,1.0,1.0,24.4966966722117,165.71568075581104,1852.0895696204,6.0,Mahadeniya
"1834,3644",2018,36.85480566185792,0.5880774431918183,-0.1327297083960739,-0.5867406406427406,0.3656931789862044,0.1740623144891525,-0.1609215640651804,0.5742947495834357,6.420976629320864,0.6123649078194534,1.0,1.0,24.4966966722117,165.71568075581104,1852.0895696204,6.0,Mahadeniya
"1834,3654",2016,33.003108430842644,0.5010833032070616,-0.3616093595503895,-0.3771362940707864,0.235339165977453,0.0763182746878625,-0.2539743243250995,0.6050809253605879,8.28905555180141,0.3440290178571428,0.0,0.0,146.97260553446463,270.9413760677537,10.357570622294912,9.865792410714285,Welivita
"1834,3654",2017,22.220551393671887,0.2957113129668868,-0.2542676391811774,-0.1677177070669131,0.1646201511369102,0.0865661581266422,-0.2139245626832624,0.2403579226187762,7.637657395430974,0.0954241071428571,0.0,0.0,146.97260553446463,270.9413760677537,10.357570622294912,9.865792410714285,Welivita
"1834,3654",2018,32.45547372421319,0.4649094389621626,-0.1885995208370202,-0.430059680017231,0.1824211498908129,0.0597449707336768,-0.1991511181487502,0.600490589177103,6.593303424971445,0.412109375,0.0,0.0,146.97260553446463,270.9413760677537,10.357570622294912,9.865792410714285,Welivita
"1835,3614",2016,37.29101482112441,0.6164447244727579,-0.143056190986595,-0.571492457462153,0.3700740680892915,0.1416700948355135,-0.1722621522550035,0.6463175461675572,4.63970947265625,0.6384226491405466,0.0,0.0,151.47220640465795,151.47220640465795,3825.843974062786,6.0,Hokandara South
"1835,3614",2017,14.355515168558163,0.0436598854476569,-0.1455172617753066,-0.0482174895907196,0.1566978749213457,0.5768531027214719,-0.1700449384500333,0.070939244394717,5.459385871887207,0.0,0.0,0.0,151.47220640465795,151.47220640465795,3825.843974062786,6.0,Hokandara South
"1835,3614",2018,35.843071737189135,0.5619976021643237,-0.0988440188864591,-0.5445635716220851,0.3475185592632492,0.1691277313803214,-0.1370715370674828,0.5954729367314989,6.074999809265137,0.5083923154701723,0.0,0.0,151.47220640465795,151.47220640465795,3825.843974062786,6.0,Hokandara South
"1835,3615",2016,36.09740826988315,0.6769675493278264,-0.1894974318047998,-0.6222715433010263,0.4370126324910914,0.1532893308211395,-0.174387311606578,0.6494408296812831,4.63970947265625,0.8378249463391365,0.0,0.0,252.5206737832657,253.0219623808495,3753.746368355259,6.0,Hokandara South
"1835,3615",2017,15.496761253875524,0.0575413917341549,-0.1695598661715953,-0.0603061152682962,0.1931908820725333,0.5438389559495796,-0.1691666897752059,0.109392028334827,5.459385871887207,0.0,0.0,0.0,252.5206737832657,253.0219623808495,3753.746368355259,6.0,Hokandara South
"1835,3615",2018,34.13630115728598,0.6473983036466278,-0.1627505069118938,-0.605687843809371,0.4147959757107128,0.1825051114484019,-0.1451665014052241,0.6007156486218964,6.074999809265137,0.8720884013037602,0.0,0.0,252.5206737832657,253.0219623808495,3753.746368355259,6.0,Hokandara South
"1835,3616",2016,34.37144406280359,0.7134317348683917,-0.2293261730559795,-0.6567724099153656,0.4512158045947541,0.1481679713089206,-0.1952224887962781,0.6650788207996267,4.211655881376017,0.9875829754002342,0.0,0.0,300.07082679177984,433.3090229195933,3676.356842112768,6.0,Hokandara South
"1835,3616",2017,20.74040993187194,0.1724489939983458,-0.1751472696394298,-0.1930269648851547,0.1838601560810069,0.3545228446803506,-0.1763144940521883,0.145834199957948,4.536270892699218,0.049746192893401,0.0,0.0,300.07082679177984,433.3090229195933,3676.356842112768,6.0,Hokandara South
"1835,3616",2018,33.25112948372044,0.7162553964742038,-0.231546308167427,-0.6600660738466493,0.4613968970297296,0.1779508128975824,-0.1682093051717133,0.6213107459203473,4.9526792585826485,0.9247950019523624,0.0,0.0,300.07082679177984,433.3090229195933,3676.356842112768,6.0,Hokandara South
"1835,3617",2016,33.77135841337839,0.6639364351173461,-0.2262191247550358,-0.6128418503557175,0.3833147362483303,0.1359386751236964,-0.2301603580613299,0.6878119425004163,4.170587062835693,0.854054054054054,0.0,0.0,200.2454156656833,578.1926766537047,3609.613493379772,6.0,Hokandara South
"1835,3617",2017,20.739063560000016,0.0801850945317143,-0.1823812594160508,-0.0793547303142656,0.1700613940251638,0.3904863375841464,-0.1794925300075727,0.1645316293922109,4.447704315185547,0.0100953895071542,0.0,0.0,200.2454156656833,578.1926766537047,3609.613493379772,6.0,Hokandara South
"1835,3617",2018,32.5971587754865,0.6165891793863002,-0.1822712074961907,-0.5966836972792879,0.3993117400013727,0.1757639026040427,-0.180273627577459,0.6316368173387357,4.845000267028809,0.681637519872814,0.0,0.0,200.2454156656833,578.1926766537047,3609.613493379772,6.0,Hokandara South
"1835,3618",2016,34.38188030858917,0.7021952050970256,-0.2691017533672101,-0.6006299770273509,0.2874104411496839,0.0863640542428762,-0.2621531780092887,0.7048580400629744,3.847339161836554,0.9015976472458468,0.0,0.0,190.6686909072883,546.8865581455784,3554.5333014808057,6.0,Hokandara South
"1835,3618",2017,18.63471496013515,0.1481348309997851,-0.1744244918150208,-0.1084952494102148,0.209292189209321,0.3433292625581508,-0.1809259448542465,0.1939532547151613,4.504519134928089,0.0345759478578809,0.0,0.0,190.6686909072883,546.8865581455784,3554.5333014808057,6.0,Hokandara South
"1835,3618",2018,32.82366147309119,0.609063037836005,-0.152100866250519,-0.5838796148954158,0.3783962424138152,0.1792656202956417,-0.1731468986303228,0.621806459442609,4.448137050155958,0.7078928543041093,0.0,0.0,190.6686909072883,546.8865581455784,3554.5333014808057,6.0,Hokandara South
"1835,3619",2016,33.69835538542092,0.6787603449611092,-0.2525355055586128,-0.5912172527294055,0.3122502309420099,0.1157350581660556,-0.2678383227001963,0.7211703576558309,3.759260892868042,0.8207871310323286,0.0,1.0,104.26067454564348,448.50950978675655,3510.678520422665,6.0,Hokandara South
"1835,3619",2017,19.7694338428846,0.2349876320423296,-0.1733349345888585,-0.2404903095688565,0.2392911465580919,0.2898445650174668,-0.197016992938578,0.31577910020233,4.519999980926514,0.0780103076682804,0.0,1.0,104.26067454564348,448.50950978675655,3510.678520422665,6.0,Hokandara South
"1835,3619",2018,33.35559251770266,0.61137959194215,-0.1508369270378182,-0.5845552268585673,0.3698803640324335,0.1873831844276905,-0.1822401664391283,0.6450619962221752,4.340000152587891,0.7156801499297204,0.0,1.0,104.26067454564348,448.50950978675655,3510.678520422665,6.0,Hokandara South
"1835,3642",2016,37.699592195343406,0.5299517367699061,-0.1333546986063498,-0.5467765876530428,0.329729435824259,0.1548469713260002,-0.1987128898027548,0.6183114516072855,5.078740599118355,0.3171341511055551,1.0,1.0,23.7099254693359,103.00024175893012,2150.4163998041963,6.0,Mahadeniya
"1835,3642",2017,21.281028840882893,0.0998519596504254,-0.1677046283818761,-0.0999365609908478,0.2244400071597081,0.4867713027734852,-0.1929199958322141,0.1967303868042918,5.298173089485279,0.0615673099460895,1.0,1.0,23.7099254693359,103.00024175893012,2150.4163998041963,6.0,Mahadeniya
"1835,3642",2018,36.84615754647708,0.4945899634081755,-0.1129187914307803,-0.5273568451693305,0.3090416024493409,0.1797604328632343,-0.1759238953711101,0.6086201207676346,5.683290945700311,0.3531525900460973,1.0,1.0,23.7099254693359,103.00024175893012,2150.4163998041963,6.0,Mahadeniya
"1835,3643",2016,36.67656421039143,0.5789526375999238,-0.2272664082001815,-0.5541437024703901,0.3434932045845465,0.1500543739276381,-0.1931267605018597,0.6042840442613933,5.468363761901856,0.533862643906312,1.0,1.0,27.3372355994987,42.33828261861525,1952.5979995802545,6.0,Mahadeniya
"1835,3643",2017,22.900218996092114,0.4046897295364053,-0.2266505155406238,-0.3609770026509016,0.2772775214708024,0.21434659637503,-0.1954310114076564,0.2439494486044872,5.7123565673828125,0.3517268757443429,1.0,1.0,27.3372355994987,42.33828261861525,1952.5979995802545,6.0,Mahadeniya
"1835,3643",2018,35.20122194399685,0.6567677210583104,-0.2443869160074901,-0.6011385146163197,0.3859320098827871,0.149881315366795,-0.1855806422439441,0.6151819050383027,5.954999923706055,0.8430329495831679,1.0,1.0,27.3372355994987,42.33828261861525,1952.5979995802545,6.0,Mahadeniya
"1836,3614",2016,35.08649299852764,0.7003973731860897,-0.2413802923264078,-0.6448496178667552,0.4645258513034778,0.1622953853894221,-0.1921985567295165,0.6610756340933723,4.147135865364442,0.8080631025416302,0.0,0.0,359.79061242879555,365.8320361429954,3617.695928145486,6.0,Hokandara South
"1836,3614",2017,17.07551370480283,0.0851759094251915,-0.2241319017280726,-0.0824193428878612,0.2406600673926291,0.4560555749571277,-0.1738054937928732,0.0907630959654669,5.100675102287379,0.0,0.0,0.0,359.79061242879555,365.8320361429954,3617.695928145486,6.0,Hokandara South
"1836,3614",2018,35.32242624758984,0.6572409633426265,-0.199438878730932,-0.6210633410266573,0.3875091368926195,0.1689006856682217,-0.1716497249633569,0.6461514614842421,5.627028663361103,0.9167397020157756,0.0,0.0,359.79061242879555,365.8320361429954,3617.695928145486,6.0,Hokandara South
"1836,3615",2016,35.58790620752963,0.6322000259823056,-0.1697562595868909,-0.5866268396121648,0.3997332563519177,0.1576480687283264,-0.1918986330928905,0.6554859034291146,4.016667881460856,0.7140812594418384,0.0,0.0,338.8397022685088,416.48386552833057,3561.6544348996613,6.0,Hokandara South
"1836,3615",2017,17.653084022663606,0.1181972265898721,-0.183319643526082,-0.1084491998411005,0.2195295964242161,0.3776496125827499,-0.1711714320300046,0.0945177219545669,5.005663371611218,0.0151069412419495,0.0,0.0,338.8397022685088,416.48386552833057,3561.6544348996613,6.0,Hokandara South
"1836,3615",2018,35.804259236862535,0.5973980040829653,-0.1310841112406756,-0.5771604171473733,0.380586997814051,0.1739386207094219,-0.1793438268122976,0.6577939745484522,5.508374534540809,0.8172060109724101,0.0,0.0,338.8397022685088,416.48386552833057,3561.6544348996613,6.0,Hokandara South
"1836,3616",2016,35.054175389012656,0.6267555778384336,-0.1694974766028912,-0.5884306079460256,0.3805824442943497,0.1564434449162947,-0.1900727090773088,0.6505538105145222,3.7422674022006177,0.6270895172629276,0.0,0.0,190.8249683305484,543.978990918384,3479.9731726871405,6.0,Hokandara South
"1836,3616",2017,21.53111593478365,0.1306016478381108,-0.1449442803766592,-0.1186456309482768,0.2089437262928375,0.3956143128249828,-0.1644625673173851,0.0925647795463405,4.151879468852141,0.0248398687705046,0.0,0.0,190.8249683305484,543.978990918384,3479.9731726871405,6.0,Hokandara South
"1836,3616",2018,35.47316798550228,0.6498903330858377,-0.1569910023738716,-0.6041534991166381,0.4181514119739121,0.1680144967775396,-0.1831336284341186,0.6614738923276776,4.599326053795784,0.8570535853772848,0.0,0.0,190.8249683305484,543.978990918384,3479.9731726871405,6.0,Hokandara South
"1836,3617",2016,33.47869163007157,0.6713139469695036,-0.1944822947448474,-0.6103640701953539,0.3964997512534272,0.1442671344103832,-0.2076267431888245,0.6626354970995325,3.7170845479645176,0.8621978371501274,0.0,1.0,52.02160580081205,640.3907592330816,3409.3387460463746,6.0,Hokandara South
"1836,3617",2017,17.119885108387415,0.0489093718119261,-0.1460590350036402,-0.0541571947201966,0.1653626509092104,0.5223612228861121,-0.1570908527100889,0.0805374749627499,4.070909343470296,0.0,0.0,1.0,52.02160580081205,640.3907592330816,3409.3387460463746,6.0,Hokandara South
"1836,3617",2018,34.89908740232825,0.6660032409146122,-0.1949494027391339,-0.6072534657493421,0.4230217046800446,0.1573784502541476,-0.1828135275459698,0.6561316691775056,4.512912871500919,0.8117048346055981,0.0,1.0,52.02160580081205,640.3907592330816,3409.3387460463746,6.0,Hokandara South
"1836,3618",2016,34.40710228252367,0.7244950160806972,-0.2932915934496576,-0.6312393892302752,0.3018629474868451,0.0841084458185892,-0.2354551541970157,0.685139817527459,3.7263532895947167,0.995034678436318,0.0,1.0,45.46562637731161,575.0864606637118,3350.2387815795987,6.0,Hokandara South
"1836,3618",2017,14.788097159533434,0.0462600631014858,-0.1532327321259373,-0.0468161564097477,0.2047926005186248,0.4940898102233355,-0.1588189456644756,0.0988884073315707,4.264802165470387,0.0,0.0,1.0,45.46562637731161,575.0864606637118,3350.2387815795987,6.0,Hokandara South
"1836,3618",2018,34.11531495585121,0.689418248442315,-0.2101123867172413,-0.6293896056551952,0.4140891834283812,0.1460883107796923,-0.1758267778085842,0.6440478327530254,4.323885151672483,0.9688682219419924,0.0,1.0,45.46562637731161,575.0864606637118,3350.2387815795987,6.0,Hokandara South
"1836,3619",2016,34.707818524230944,0.6939013575985552,-0.2364892564297915,-0.5951575999340881,0.3204134067445678,0.1008988741750872,-0.2483795101380943,0.700090637627273,3.7289166030071104,0.8853272426557456,0.0,1.0,34.58956985875411,462.2142836773964,3304.5974269765825,6.0,Hokandara South
"1836,3619",2017,17.914994736562985,0.2151638988384634,-0.1651374101233902,-0.1817919408590496,0.227019999429572,0.2790168435178128,-0.1773219059736435,0.2135776371758989,4.318780973970284,0.0692289517208789,0.0,1.0,34.58956985875411,462.2142836773964,3304.5974269765825,6.0,Hokandara South
"1836,3619",2018,34.08699765886431,0.6020117453245549,-0.1338670610359914,-0.5769688681447526,0.3647158944165949,0.1624412793781422,-0.175658234486554,0.6491034579265773,4.273426833449081,0.825785618650075,0.0,1.0,34.58956985875411,462.2142836773964,3304.5974269765825,6.0,Hokandara South
"1836,3640",2016,36.52265617073526,0.6561321200968767,-0.2111691636533614,-0.6105482718219952,0.4203942645760504,0.1547943348398321,-0.2002165776682221,0.6438646243596954,4.346258803436677,0.7578947368421053,1.0,1.0,19.47707377777574,409.5724060472504,2502.023865274221,6.0,Malabe North
"1836,3640",2017,22.588399293396137,0.2979254625988279,-0.2030981840932137,-0.2716562741120954,0.2681701592776447,0.2598253030654754,-0.1986386908164456,0.2303254051021214,4.75258206328621,0.2774040364068064,1.0,1.0,19.47707377777574,409.5724060472504,2502.023865274221,6.0,Malabe North
"1836,3640",2018,36.39817126013931,0.6419983216883118,-0.177320653620811,-0.6109251857936073,0.4377352498860469,0.1684157901952223,-0.1707984603295742,0.6305909471781677,5.366651890690164,0.7963593193510091,1.0,1.0,19.47707377777574,409.5724060472504,2502.023865274221,6.0,Malabe North
"1836,3641",2016,37.19966654635721,0.6320770606570322,-0.1924709199607714,-0.5899455278801543,0.3909440425095736,0.1472993882106547,-0.1802860774788565,0.6235625605999726,4.256571718471699,0.6939035052857482,1.0,1.0,17.502917409595508,266.1573933822655,2297.33796939108,6.0,Mahadeniya
"1836,3641",2017,22.624733448337977,0.0419703933640789,-0.1883673679343269,-0.0507384074518604,0.228233169294665,0.5098983985163932,-0.1898590860493506,0.1137131878962701,4.69832960921226,0.0,1.0,1.0,17.502917409595508,266.1573933822655,2297.33796939108,6.0,Mahadeniya
"1836,3641",2018,37.087307662851934,0.6114067422543938,-0.1475158869693876,-0.5870692211909261,0.3967689687485501,0.1622901874070589,-0.1491058530432081,0.5994303690573244,5.39336199988224,0.7533582386137826,1.0,1.0,17.502917409595508,266.1573933822655,2297.33796939108,6.0,Mahadeniya
"1836,3642",2016,37.16978708589412,0.6288433786986042,-0.1877008780995454,-0.5880582780041544,0.3846372135896418,0.1449681942896169,-0.1855217573881223,0.6170354982558477,4.542745358977823,0.667577697954084,1.0,1.0,22.65090217811799,132.24744727434066,2092.307613574515,6.0,Mahadeniya
"1836,3642",2017,21.22976460470717,0.0476028303703455,-0.1909998512695807,-0.0496174951771795,0.290560546531706,0.5112796480645911,-0.1969513970135003,0.1175417753744317,4.913426179839691,0.0,1.0,1.0,22.65090217811799,132.24744727434066,2092.307613574515,6.0,Mahadeniya
"1836,3642",2018,36.49028438960491,0.587249020689654,-0.1449493747063272,-0.5738524546450828,0.3721680997852304,0.1610541290323125,-0.1616951522593216,0.6016545361482442,5.30425967988457,0.676401686709355,1.0,1.0,22.65090217811799,132.24744727434066,2092.307613574515,6.0,Mahadeniya
"1836,3643",2016,36.2463686634896,0.6098276128071624,-0.1785165566544646,-0.569172936046652,0.3718919627164722,0.1454359291568106,-0.2074337924299171,0.6349353965838915,4.687646539492011,0.5935166057524234,1.0,1.0,18.1526861573594,52.1099309110115,1888.3081117666231,6.0,Mahadeniya
"1836,3643",2017,20.409256515885925,0.1547089556166089,-0.1857298944455042,-0.148033946689503,0.280007634037971,0.3773938628974779,-0.2119897151460295,0.2083135716653809,5.022828656464374,0.0342443985380581,1.0,1.0,18.1526861573594,52.1099309110115,1888.3081117666231,6.0,Mahadeniya
"1836,3643",2018,35.48972234192597,0.5946753761399138,-0.1674810175061132,-0.5602811464000047,0.3290044298435851,0.1460243746866049,-0.2027425583959308,0.6419022739947022,5.261736695231872,0.6734466867948513,1.0,1.0,18.1526861573594,52.1099309110115,1888.3081117666231,6.0,Mahadeniya
"1836,3644",2016,35.14623461085267,0.6999298734877287,-0.248738961569934,-0.640908132584351,0.4665167991796377,0.1603197825454446,-0.2111451038863024,0.6492992440985665,4.9287695017039646,0.8897268974277547,1.0,1.0,53.629435409212974,139.63311274430802,1687.644046178703,6.0,Mahadeniya
"1836,3644",2017,22.61370581749764,0.1266778316736225,-0.2449655108048532,-0.1232564143384589,0.207913742826853,0.4563726351242535,-0.209556090205709,0.2579312213699793,4.977388778199238,0.0384248967926325,1.0,1.0,53.629435409212974,139.63311274430802,1687.644046178703,6.0,Mahadeniya
"1836,3644",2018,34.129890054315666,0.7478782033997892,-0.2793009449671936,-0.6660369982834693,0.4814177076197233,0.1619468727343294,-0.2104048228199499,0.6594098329629244,5.4350015593922745,0.9645125436646556,1.0,1.0,53.629435409212974,139.63311274430802,1687.644046178703,6.0,Mahadeniya
"1837,3614",2016,35.54707167056128,0.6738107527088142,-0.1956653278934939,-0.6215497992019934,0.4076604228857176,0.1460552242687574,-0.2060513106164312,0.6737985704063029,3.809537410736084,0.9732505373775974,0.0,0.0,461.1415971153889,548.6167861861566,3430.9967795468165,6.0,Hokandara South
"1837,3614",2017,20.9895620386912,0.098437596542673,-0.1731270046743197,-0.0880632787597672,0.1888220934311188,0.4774965925212129,-0.1714338039993129,0.0848300476770484,4.854823112487793,0.0,0.0,0.0,461.1415971153889,548.6167861861566,3430.9967795468165,6.0,Hokandara South
"1837,3614",2018,35.25352195767855,0.6500910686897097,-0.1940037504671324,-0.6136835527741769,0.438321234107926,0.183301100914153,-0.2030823270282911,0.6782055843949801,5.319999694824219,0.7602101743491761,0.0,0.0,461.1415971153889,548.6167861861566,3430.9967795468165,6.0,Hokandara South
"1837,3615",2016,35.0909847043627,0.7174014263264749,-0.2452096370130538,-0.6472841184113217,0.4572527077618937,0.1509838205359162,-0.1938299486775102,0.645182120935837,3.809537410736084,0.9395521797610568,0.0,0.0,324.63901457126724,553.727631782926,3371.0892720877387,6.0,Hokandara South
"1837,3615",2017,19.518351448915283,0.0527486099362484,-0.1870024120564068,-0.0541148762349742,0.2137876633098411,0.5549438688030247,-0.1659581372314676,0.0807340691115614,4.854823112487793,0.0,0.0,0.0,324.63901457126724,553.727631782926,3371.0892720877387,6.0,Hokandara South
"1837,3615",2018,34.77847263965346,0.7432947488268374,-0.2598615852245384,-0.6723900424339072,0.5343271792981478,0.1801330607238063,-0.1976544287859501,0.6769374049589861,5.319999694824219,0.9651871192341166,0.0,0.0,324.63901457126724,553.727631782926,3371.0892720877387,6.0,Hokandara South
"1837,3616",2016,34.5534863396955,0.5746183707302056,-0.1642000762376775,-0.5411977167664469,0.3792737261807035,0.1610118732975267,-0.1799439090333165,0.6251305050807624,3.583426775597004,0.5030607439962328,0.0,1.0,130.6982134381492,550.028886434516,3285.3902971430944,6.0,Hokandara South
"1837,3616",2017,17.88558772396799,0.056859727692063,-0.1571711707901746,-0.0549991916132156,0.1962983981884028,0.5012340517430959,-0.1551703484473114,0.0633626345488334,4.018737730641619,0.0,0.0,1.0,130.6982134381492,550.028886434516,3285.3902971430944,6.0,Hokandara South
"1837,3616",2018,35.9266835197724,0.6625654169527443,-0.1754392623751383,-0.6114855849879479,0.4235598189913129,0.1610189287762924,-0.1935093041291285,0.6782524905732802,4.476606123078057,0.9228535551718724,0.0,1.0,130.6982134381492,550.028886434516,3285.3902971430944,6.0,Hokandara South
"1837,3617",2016,33.64653958656066,0.6401792086067325,-0.1583519690014193,-0.5809973484359231,0.3697288034902416,0.1409674077510272,-0.1877634979027464,0.6361327154550325,3.562888860702514,0.6976466846875496,0.0,1.0,105.56101678009644,475.339223569434,3210.318729467041,6.0,Hokandara South
"1837,3617",2017,15.103262867118792,0.0393359570146924,-0.1443987461765092,-0.0434297722676793,0.202314957830133,0.6229771203597032,-0.1495023639403232,0.050260230014182,3.9427950382232666,0.0,0.0,1.0,105.56101678009644,475.339223569434,3210.318729467041,6.0,Hokandara South
"1837,3617",2018,36.16840898304341,0.6412887526233275,-0.1513554522740118,-0.5887730189045691,0.3843691561266036,0.1422023016305419,-0.195246824163912,0.6786242679251946,4.399999618530273,0.7710287804102401,0.0,1.0,105.56101678009644,475.339223569434,3210.318729467041,6.0,Hokandara South
"1837,3618",2016,35.221494436480256,0.6524974367750228,-0.1878019851998921,-0.5978110356314854,0.3629063808843475,0.136851459049175,-0.2181130662174024,0.677993130169889,3.685559571152496,0.7912826120918607,0.0,0.0,147.97869088432842,393.5322120098552,3147.710728288039,6.0,Hokandara South
"1837,3618",2017,13.603582696967676,0.0546569516428351,-0.1442883168579246,-0.0594793100682897,0.2216581233684666,0.6036400113478823,-0.1539710106348789,0.0558500897550774,4.183776421149136,0.0,0.0,0.0,147.97869088432842,393.5322120098552,3147.710728288039,6.0,Hokandara South
"1837,3618",2018,35.893954762151225,0.6804147893247185,-0.2003269303150514,-0.6066602009955728,0.4316042751254546,0.1519784610357079,-0.1920267424219251,0.6723544343507507,4.281553583244965,0.9093891579440714,0.0,0.0,147.97869088432842,393.5322120098552,3147.710728288039,6.0,Hokandara South
"1837,3619",2016,34.86929447545521,0.698622175847118,-0.2468212829944086,-0.6189690482292262,0.3686397409341312,0.1333321747511705,-0.2236532538600838,0.6845557010352938,3.718238592147827,0.9136519042696986,0.0,1.0,60.345394896816416,294.5469543734524,3098.10357698651,6.0,Hokandara South
"1837,3619",2017,14.96922248703667,0.0417192200547691,-0.1832329565824295,-0.0494766658327663,0.2255586131117712,0.5857935859945256,-0.1703143869561857,0.1539612122296509,4.247972965240479,0.0,0.0,1.0,60.345394896816416,294.5469543734524,3098.10357698651,6.0,Hokandara South
"1837,3619",2018,35.27685904980679,0.6617758668970394,-0.1930283490563808,-0.6092062029373553,0.4149856896883157,0.1583598134937603,-0.1839591200224514,0.660864812742785,4.25,0.8583923034109884,0.0,1.0,60.345394896816416,294.5469543734524,3098.10357698651,6.0,Hokandara South
"1837,3632",2016,33.94323860330343,0.6725951475184879,-0.2716726388628658,-0.621996355800696,0.4020948186832309,0.1501049503717902,-0.2164407776452762,0.6435261659884725,4.007467746734619,0.981568284738222,1.0,1.0,34.07594708994783,179.54871066496844,3680.279394811269,6.0,Malabe East
"1837,3632",2017,23.06163507354256,0.193438924084856,-0.1775481428137421,-0.1956224170698206,0.2594540767380569,0.3791799747937424,-0.17317478418175,0.2707104438515854,4.383816719055176,0.0798442837848574,1.0,1.0,34.07594708994783,179.54871066496844,3680.279394811269,6.0,Malabe East
"1837,3632",2018,33.478406620363884,0.7147988503282535,-0.2484431892818119,-0.6607088667618856,0.3939509024486834,0.1454080465792728,-0.1997402510750404,0.6629878000174312,4.984999656677246,0.9985699531262414,1.0,1.0,34.07594708994783,179.54871066496844,3680.279394811269,6.0,Malabe East
"1837,3633",2016,36.28359249771829,0.6662974390018883,-0.2299356332773587,-0.5958669678121391,0.3774697390305898,0.1462805122016121,-0.2337693021114573,0.6613297066819613,3.968261941200765,0.7326606816556763,1.0,1.0,23.16939241844045,318.5254426043713,3795.5059369413366,6.0,Malabe East
"1837,3633",2017,20.35566899166125,0.1812955331774429,-0.166268343954291,-0.1954154687593783,0.2671488316584356,0.3767146630082578,-0.1788406212321151,0.3305981589801318,4.53760770729691,0.0459998411059029,1.0,1.0,23.16939241844045,318.5254426043713,3795.5059369413366,6.0,Malabe East
"1837,3633",2018,35.24546403366649,0.6868658014108865,-0.216528521062971,-0.6291497898170944,0.3714410705181119,0.142125381000207,-0.2090131193328398,0.6730797107210036,5.036080419965153,0.875506474934456,1.0,1.0,23.16939241844045,318.5254426043713,3795.5059369413366,6.0,Malabe East
"1837,3634",2016,34.614269759645445,0.680388323742167,-0.2422372055945102,-0.6144553556962664,0.4031118249516421,0.149683583775369,-0.2294144977784537,0.6689987540105409,3.923039436340332,0.8012495119094103,1.0,1.0,26.68788398456285,362.30536417922855,3724.568493531916,6.0,Malabe East
"1837,3634",2017,19.18222390146975,0.4699153904219428,-0.1948040941482126,-0.4384100962806984,0.2628355230819849,0.182844610999102,-0.1980700147601133,0.4322129808869596,4.715000152587891,0.6108551347130022,1.0,1.0,26.68788398456285,362.30536417922855,3724.568493531916,6.0,Malabe East
"1837,3634",2018,33.955018718386555,0.704764932098448,-0.2285361669032496,-0.6521821742595892,0.4196850089131669,0.1497744254879752,-0.2013877863380788,0.669076036094269,5.095000267028809,0.9791487700117142,1.0,1.0,26.68788398456285,362.30536417922855,3724.568493531916,6.0,Malabe East
"1837,3638",2016,39.23910733364757,0.6031298336382178,-0.1376285714297431,-0.573199154071669,0.3679651861136658,0.1469074463770045,-0.1496247334534437,0.6048580749161281,4.9566192626953125,0.6391383832763691,1.0,1.0,13.36525174454345,261.18617410814534,2888.2633255672463,6.0,Malabe North
"1837,3638",2017,21.7711586844464,0.2625529006148414,-0.1794076255649178,-0.2325814365073309,0.2494179062761404,0.2004133201812882,-0.1819881835176459,0.2732818795898249,5.1251325607299805,0.1340910897384945,1.0,1.0,13.36525174454345,261.18617410814534,2888.2633255672463,6.0,Malabe North
"1837,3638",2018,38.71014449110883,0.5896632089238506,-0.1129085039478081,-0.5741535118042915,0.3848898065021638,0.1505855067399471,-0.1250431253302742,0.5927046538062565,5.324999809265137,0.6986726015420077,1.0,1.0,13.36525174454345,261.18617410814534,2888.2633255672463,6.0,Malabe North
"1837,3643",2016,35.20279540217528,0.6770851128202874,-0.2269175001796323,-0.6177469889283455,0.4234110163768946,0.1509508373836209,-0.1936275304355869,0.6466170202618398,4.336584568023682,0.898705013108763,1.0,1.0,25.70505103017176,116.98627336098065,1845.9337726085168,6.0,Mahadeniya
"1837,3643",2017,22.34041493113689,0.3630096158020886,-0.2199416815929154,-0.2997373965839425,0.2775394758647926,0.2399006333966772,-0.2066249347908896,0.1576832771571187,4.712771415710449,0.3834909033129419,1.0,1.0,25.70505103017176,116.98627336098065,1845.9337726085168,6.0,Mahadeniya
"1837,3643",2018,35.02912511894973,0.6623358035912494,-0.2190964875210502,-0.6152026559268168,0.3927109387083609,0.1526508484004478,-0.1823833376024773,0.6004658310769652,4.949999809265137,0.8283149281004211,1.0,1.0,25.70505103017176,116.98627336098065,1845.9337726085168,6.0,Mahadeniya
"1837,3649",2016,34.480870221611134,0.7091160466171632,-0.2429389785866359,-0.6412641640509538,0.4295492213955924,0.1425322283506931,-0.2134236864953917,0.6748665145761197,7.602156162261963,0.889511925446217,1.0,1.0,59.714654426939454,417.2125181643565,631.093804924791,6.0,Raggahawatta
"1837,3649",2017,22.42317354455696,0.0250788068019596,-0.2347086338346047,-0.038160955944397,0.165311858107593,0.6267556458315972,-0.2164894549287602,0.0911144317864613,6.859793663024902,0.0,1.0,1.0,59.714654426939454,417.2125181643565,631.093804924791,6.0,Raggahawatta
"1837,3649",2018,34.30314586893857,0.7001455559293309,-0.2307447142658667,-0.6378108898156853,0.4004344860666817,0.1468357941985257,-0.2021255194269976,0.6711997212090396,7.840000152587891,0.9229189701468962,1.0,1.0,59.714654426939454,417.2125181643565,631.093804924791,6.0,Raggahawatta
"1837,3650",2016,34.82663705713906,0.7213418438481958,-0.2603293769321871,-0.6499499559046812,0.4496098025816334,0.1482516584972156,-0.2059969613140659,0.6559916704792501,7.602156162261963,0.97801680144461,1.0,1.0,74.00858097562949,282.45955055731,452.6909712085785,6.0,Raggahawatta
"1837,3650",2017,20.990528861584384,0.0231843240734734,-0.236774824896038,-0.0347702279226275,0.1585420841645123,0.5598504152929744,-0.2283429665567175,0.0718775263134104,6.859793663024902,0.0,1.0,1.0,74.00858097562949,282.45955055731,452.6909712085785,6.0,Raggahawatta
"1837,3650",2018,34.09947792358327,0.7274141537017232,-0.26432747149803,-0.6463099626770591,0.4368070300603242,0.1451966589320808,-0.1931398122498948,0.6502343640790178,7.840000152587891,0.9980372144146972,1.0,1.0,74.00858097562949,282.45955055731,452.6909712085785,6.0,Raggahawatta
"1837,3651",2016,36.90510411859982,0.6128903906496368,-0.1663116188929682,-0.5737423548085328,0.3768095917529835,0.1455516488306845,-0.1737154433675447,0.6043072176383169,10.47884212401136,0.5909885568976477,1.0,1.0,19.46470691677309,93.91220354821918,288.38882642351126,6.0,Raggahawatta
"1837,3651",2017,21.44068521381756,0.0636575142331942,-0.2176205027180629,-0.0609724811440806,0.1689718157257602,0.4749245357776451,-0.2233416604355347,0.1458500887611283,9.411918775033437,0.0,1.0,1.0,19.46470691677309,93.91220354821918,288.38882642351126,6.0,Raggahawatta
"1837,3651",2018,36.93163071342182,0.5955765327345166,-0.1424207246748064,-0.5626282299911984,0.3646287328215882,0.1465897879986646,-0.1476999174635348,0.5702632825445083,9.262004284819298,0.5707247298156388,1.0,1.0,19.46470691677309,93.91220354821918,288.38882642351126,6.0,Raggahawatta
"1838,3615",2016,35.76835249641436,0.6909609685166906,-0.2027906832589263,-0.6353716777270775,0.4236390296722923,0.1454212631283573,-0.2186634954510047,0.6731154509106982,3.7136951644628655,0.9237559565658934,0.0,0.0,356.61916694540577,396.57235801370297,3183.3506995655807,6.194750410124211,Hokandara South
"1838,3615",2017,19.66495671601594,0.0442719304627559,-0.1507955394558967,-0.049440289576399,0.2157249022832661,0.6118735350383822,-0.1563095017870686,0.0771753118937951,4.482984010507033,0.0,0.0,0.0,356.61916694540577,396.57235801370297,3183.3506995655807,6.194750410124211,Hokandara South
"1838,3615",2018,36.44927409434265,0.7013574067260798,-0.2118446438097271,-0.6475909872638389,0.4724749090840432,0.1690483712661705,-0.2352826453407205,0.7163574736096522,5.083082492440373,0.9601593625498008,0.0,0.0,356.61916694540577,396.57235801370297,3183.3506995655807,6.194750410124211,Hokandara South
"1838,3616",2016,33.336789985825405,0.5444331854444384,-0.1910672196964366,-0.5024645800202251,0.4118801251044392,0.1892958301088437,-0.1944381584811472,0.6368020218595597,3.3992499564288523,0.4257315521628498,0.0,0.0,260.3360783047585,359.64945495383853,3091.75543872194,7.130963740458016,Hokandara South
"1838,3616",2017,18.34436685594468,0.0379292413054102,-0.1505667842887863,-0.046462522234155,0.2016075753979528,0.6879412260454466,-0.1524586857606967,0.043965028754125,3.789014073842354,0.0,0.0,0.0,260.3360783047585,359.64945495383853,3091.75543872194,7.130963740458016,Hokandara South
"1838,3616",2018,34.857106854522925,0.758991782190918,-0.2795087244046458,-0.6802235100769058,0.4608370396860222,0.1612160786530102,-0.2228317830484104,0.7089984555546263,4.310150853512245,0.9931615776081424,0.0,0.0,260.3360783047585,359.64945495383853,3091.75543872194,7.130963740458016,Hokandara South
"1838,3617",2016,33.66400017143608,0.633062905039515,-0.1877912639210157,-0.5679493274814602,0.4095835877121495,0.1678063005957245,-0.1820066081852896,0.6273709003536301,3.375769470654826,0.6440839694656488,0.0,0.0,228.11547161090283,282.0681701967242,3012.7627191543306,6.0,Hokandara South
"1838,3617",2017,14.849862135505742,0.0326057621365254,-0.1453702144760818,-0.040522299052581,0.1781842006243126,0.682567880101385,-0.1495747567668708,0.0410026834982046,3.736480509070797,0.0,0.0,0.0,228.11547161090283,282.0681701967242,3012.7627191543306,6.0,Hokandara South
"1838,3617",2018,34.77114539097331,0.6976590772365565,-0.2053864953074362,-0.6293782808156755,0.3523874946842787,0.1497138443705185,-0.205144724652228,0.6905874740616736,4.251392890023822,0.9149173027989822,0.0,0.0,228.11547161090283,282.0681701967242,3012.7627191543306,6.0,Hokandara South
"1838,3618",2016,33.41946216743109,0.7029606115396233,-0.2212951385057396,-0.6096263833761235,0.4222391763192497,0.162575916120791,-0.1900309547217461,0.6554254090880021,3.552939240842892,0.8280090603764744,0.0,0.0,170.71160437789686,204.4378359980827,2945.9377420079823,6.0,Hokandara East
"1838,3618",2017,13.909094588921365,0.0524905749397995,-0.1533879868987062,-0.0560033001927442,0.1943232272563614,0.5901777059700807,-0.1511498480956089,0.0397385830746482,4.021926847238293,0.0,0.0,0.0,170.71160437789686,204.4378359980827,2945.9377420079823,6.0,Hokandara East
"1838,3618",2018,34.29798861580725,0.6995457610580815,-0.2129522917424597,-0.6374930223780461,0.4229142753263019,0.1492116306429011,-0.191730347268285,0.6748923306761986,4.3307056248974805,0.8697180348355854,0.0,0.0,170.71160437789686,204.4378359980827,2945.9377420079823,6.0,Hokandara East
"1838,3619",2016,35.13811753515345,0.6235315928182042,-0.1903255029626209,-0.5684261188553139,0.361455424528212,0.1477395336570274,-0.1950155887216694,0.6643221587023231,3.600439234082431,0.5835585943711241,0.0,1.0,36.4954919376895,111.9655844862287,2892.862595595501,6.0,Hokandara East
"1838,3619",2017,14.420618945403104,0.0278854153901226,-0.1578193907311287,-0.0347754632191379,0.1593149938946441,0.6382655072283987,-0.1668742827610268,0.0779413564667037,4.09837455691888,0.0,0.0,1.0,36.4954919376895,111.9655844862287,2892.862595595501,6.0,Hokandara East
"1838,3619",2018,35.85216876164895,0.6264381090907382,-0.1636223118681214,-0.5908533972290405,0.4152747309484971,0.1588495341648819,-0.1814670275608313,0.6600078284541417,4.351442574734414,0.7130704404515821,0.0,1.0,36.4954919376895,111.9655844862287,2892.862595595501,6.0,Hokandara East
"1838,3620",2016,36.00223763921751,0.6574819471097916,-0.1848354876964596,-0.611544068283071,0.3928498169872936,0.144048283178039,-0.1785924889262825,0.6503925172773802,4.794426399394769,0.8050854128945917,1.0,1.0,21.12682493215225,51.76183723879464,2854.04306512465,6.0,Hokandara East
"1838,3620",2017,17.96416460462412,0.1241303068251889,-0.1843108275113007,-0.1202187168373126,0.2024709324356174,0.4430209486475078,-0.1804856921588024,0.1374466179731576,4.601515085840002,0.0145634889396205,1.0,1.0,21.12682493215225,51.76183723879464,2854.04306512465,6.0,Hokandara East
"1838,3620",2018,35.484457791121805,0.6105684326322475,-0.1419363200195596,-0.589556803562449,0.3985362326148049,0.1821064371977045,-0.153568412836148,0.6280193585941455,5.075143563862833,0.6743288986853498,1.0,1.0,21.12682493215225,51.76183723879464,2854.04306512465,6.0,Hokandara East
"1838,3622",2016,36.91077956257968,0.5844150342329654,-0.1242416009212095,-0.55602033220887,0.3431456742466581,0.1395355079635393,-0.167026545797652,0.6356373720334668,5.666443143144448,0.5244377334498925,1.0,1.0,20.6209112517154,76.97641305110368,2823.225797743713,6.0,Hokandara East
"1838,3622",2017,23.073282388993107,0.1956601359045172,-0.1725919195314563,-0.1645814566693529,0.2259106073430027,0.2887311958074761,-0.1835134731435267,0.2512507310312862,5.675463013511427,0.0461734085671143,1.0,1.0,20.6209112517154,76.97641305110368,2823.225797743713,6.0,Hokandara East
"1838,3622",2018,36.65205286057063,0.567187176832739,-0.1151628287204218,-0.5542550371545472,0.3741246502122974,0.1855714826268146,-0.1479897785253558,0.6004577176536594,5.695898389660912,0.536279106731304,1.0,1.0,20.6209112517154,76.97641305110368,2823.225797743713,6.0,Hokandara East
"1838,3632",2016,35.84480405476998,0.6424025289610734,-0.2187526591930259,-0.5449568524571893,0.3335353817117811,0.1530827581929103,-0.1808853697068738,0.6099301556438316,4.034630561376976,0.7044894715931667,1.0,1.0,27.932321422114647,129.2404718726557,3507.1198419562465,6.0,Malabe East
"1838,3632",2017,20.94157008964484,0.2268229617869327,-0.1759473054020425,-0.22662586070239,0.2375442844022132,0.3397250740324065,-0.1653976284432231,0.2914182961176538,4.537081589052779,0.1252284465633691,1.0,1.0,27.932321422114647,129.2404718726557,3507.1198419562465,6.0,Malabe East
"1838,3632",2018,33.547627093935645,0.6488413208076583,-0.1807916391101423,-0.6001906982100954,0.3571582725689049,0.1524051317914168,-0.1610127436768976,0.6112900548763677,5.005538186242669,0.7279300754866908,1.0,1.0,27.932321422114647,129.2404718726557,3507.1198419562465,6.0,Malabe East
"1838,3633",2016,36.78673469703027,0.5930938453798036,-0.1550293612151858,-0.5686670370072175,0.3367367445347775,0.144048356884975,-0.1813661727591455,0.6202326454819497,4.156653417831781,0.5310796935471132,1.0,1.0,11.478294254269253,322.04788607894693,3632.480969101624,6.0,Malabe East
"1838,3633",2017,20.415843499474,0.3011474444951437,-0.1600260548049376,-0.282938380354874,0.2245468956782348,0.2579375774168474,-0.1705615889893335,0.3100638095212674,4.738566115817492,0.2401863991785798,1.0,1.0,11.478294254269253,322.04788607894693,3632.480969101624,6.0,Malabe East
"1838,3633",2018,33.84971361103707,0.550488684291985,-0.1213321537673873,-0.5406134245322409,0.2471767519676712,0.146983578281809,-0.1585260132028587,0.6045130387545292,5.083176758944466,0.5224705789432114,1.0,1.0,11.478294254269253,322.04788607894693,3632.480969101624,6.0,Malabe East
"1838,3634",2016,36.291203822723126,0.6129951114496444,-0.1655343982505497,-0.5770093537164624,0.3666919671129756,0.1439172551218916,-0.1823461018572955,0.6360132824196371,4.289627992529901,0.609915147705845,1.0,1.0,20.333385291631423,408.4293726635454,3690.4200462029153,6.0,Malabe East
"1838,3634",2017,22.65703006196733,0.4488647437340092,-0.1898983774682135,-0.3913711190731793,0.1934010217806789,0.1385234149524097,-0.18419814607132,0.3879204618221816,4.964358161149122,0.5317410433689501,1.0,1.0,20.333385291631423,408.4293726635454,3690.4200462029153,6.0,Malabe East
"1838,3634",2018,35.051300955121,0.5952756009167053,-0.1453184027932417,-0.568771107968746,0.3613082813058173,0.1544799993593237,-0.1649381767216154,0.6163009552461854,5.170387668402821,0.6492771841609049,1.0,1.0,20.333385291631423,408.4293726635454,3690.4200462029153,6.0,Malabe East
"1838,3637",2016,38.8857333165946,0.5278322859165302,-0.0927553513927409,-0.5243732693038038,0.3029940899227485,0.1397896265671356,-0.128273910998303,0.5765371718021944,6.120561014942597,0.3465023847376788,1.0,1.0,15.996257395181129,86.7612151645864,3084.74802876887,6.0,Malabe North
"1838,3637",2017,21.061535814621635,0.1891408345423673,-0.1525044767348915,-0.1288510799997253,0.2085470313703692,0.227340843843496,-0.1637304619606139,0.2126273183474858,5.901138915621417,0.0,1.0,1.0,15.996257395181129,86.7612151645864,3084.74802876887,6.0,Malabe North
"1838,3637",2018,38.66975765332433,0.5355506311302531,-0.0762347973130061,-0.5254183446517617,0.3125747345725048,0.1405534372533502,-0.1026514335963371,0.564469298753526,5.773017120626658,0.5199523052464229,1.0,1.0,15.996257395181129,86.7612151645864,3084.74802876887,6.0,Malabe North
"1838,3638",2016,38.95173093801764,0.6176687361169585,-0.1507364208224669,-0.5816314024383619,0.3842578291121573,0.1476389438865286,-0.1585057180230657,0.6094268118574302,5.405895642792319,0.5927191797154437,1.0,1.0,17.45595393948787,260.6154501166292,2876.288976885059,6.0,Malabe North
"1838,3638",2017,21.029517351447428,0.1551235358119507,-0.1865211980092099,-0.1031763764106725,0.2261895971677259,0.2347469419871828,-0.1852835491637186,0.188447065057431,5.741131554365477,0.0,1.0,1.0,17.45595393948787,260.6154501166292,2876.288976885059,6.0,Malabe North
"1838,3638",2018,39.31195047190365,0.6057379945843766,-0.1249694686147827,-0.5794855839032527,0.390646826041946,0.1477508311298298,-0.140506264054759,0.6085700602933563,5.867242575279239,0.64430490422065,1.0,1.0,17.45595393948787,260.6154501166292,2876.288976885059,6.0,Malabe North
"1838,3641",2016,39.331959391859975,0.6133115491429028,-0.1445637369809654,-0.5739186593459107,0.373059928060122,0.1472122736149171,-0.1403166302571338,0.5970029114593921,4.66296231601968,0.6125773357349831,1.0,1.0,17.300599801726342,53.82049739698071,2245.741279651784,6.0,Malabe North
"1838,3641",2017,21.83733863877988,0.0256152896230827,-0.1844539570074613,-0.0338706077204206,0.1575068878090567,0.628932311739939,-0.1829804838350211,0.0505853363947544,5.136999212479067,0.0,1.0,1.0,17.300599801726342,53.82049739698071,2245.741279651784,6.0,Malabe North
"1838,3641",2018,38.53570635037985,0.6181489396617149,-0.1427639578326598,-0.5692353244465083,0.2958495656548441,0.1348905154939713,-0.1315342202293666,0.5800522419409085,6.36116119450191,0.6721747983397288,1.0,1.0,17.300599801726342,53.82049739698071,2245.741279651784,6.0,Malabe North
"1838,3642",2016,37.20571699556456,0.6518032976464777,-0.1807152030408198,-0.603782791207194,0.4125478609845422,0.1577065329424166,-0.1573744294852804,0.6147721683711732,4.494192555743933,0.7966088265589099,1.0,1.0,27.774396879697587,158.42236101874695,2035.4996205355656,6.0,Mahadeniya
"1838,3642",2017,20.18939352598053,0.0328116692693693,-0.2091530874883936,-0.0396552536842911,0.2137586228637665,0.5588686871444651,-0.1947392260650004,0.0826580888723719,4.8938218179401565,0.0,1.0,1.0,27.774396879697587,158.42236101874695,2035.4996205355656,6.0,Mahadeniya
"1838,3642",2018,36.624848856829125,0.6116709395488652,-0.1749622193497185,-0.5780363002860333,0.3335956489509918,0.1487706869824898,-0.1522582409303186,0.5536570825381075,5.708244593941971,0.6761746295856114,1.0,1.0,27.774396879697587,158.42236101874695,2035.4996205355656,6.0,Mahadeniya
"1838,3643",2016,36.59628769627713,0.6091164291695814,-0.1593814055343093,-0.5776276024239148,0.3988489041035797,0.1646229111075888,-0.155350047940199,0.6089791278885709,4.416055749822121,0.528163978708191,1.0,1.0,32.80145298624018,274.63103396228416,1826.8454831574595,6.0,Mahadeniya
"1838,3643",2017,22.59083465796777,0.1257380908614824,-0.1953338567432999,-0.102495985200194,0.2404660010987422,0.3323636849490147,-0.1828109722735723,0.1603273681013571,4.779600363989219,0.0570429808532613,1.0,1.0,32.80145298624018,274.63103396228416,1826.8454831574595,6.0,Mahadeniya
"1838,3643",2018,31.67090784180029,0.3310669208809827,-0.1249285249627461,-0.3333569427077154,0.3085142564053168,0.2529618913381564,-0.1462837192236955,0.5372011129979419,5.400369345417296,0.099706045920394,1.0,1.0,32.80145298624018,274.63103396228416,1826.8454831574595,6.0,Mahadeniya
"1838,3649",2016,35.25816012643772,0.6522967978693197,-0.212033890936462,-0.6042877798908731,0.3903116977444627,0.1444421936819197,-0.1987102868880401,0.6463579147579597,12.01410221893491,0.7731033406181704,1.0,1.0,29.228744518263177,395.16508064510265,570.7853503261933,6.0,Raggahawatta
"1838,3649",2017,23.01638303621451,0.0493931636694601,-0.2294820864759607,-0.0638601025391999,0.1841334553466845,0.5866576481865012,-0.2127095362845525,0.0478763212535624,11.490261872932017,0.0,1.0,1.0,29.228744518263177,395.16508064510265,570.7853503261933,6.0,Raggahawatta
"1838,3649",2018,34.943139108150206,0.6633585063351565,-0.1877433726753193,-0.6159549685607396,0.4177447409507182,0.1680908660587639,-0.187107606881388,0.6522625256033193,11.768858115821194,0.8373399937558539,1.0,1.0,29.228744518263177,395.16508064510265,570.7853503261933,6.0,Raggahawatta
"1838,3650",2016,36.09073111975693,0.5704508439526809,-0.1561030463420317,-0.5562964535440474,0.3413839229269421,0.145283426035697,-0.1819619305785222,0.6070240626382878,11.996713884281968,0.4688170334472074,1.0,1.0,33.12254737028291,194.0015303994929,364.7081828816783,6.0,Raggahawatta
"1838,3650",2017,22.35283325739575,0.0465438994449903,-0.2127012538575592,-0.0641653973198116,0.168871732689194,0.4657657461989749,-0.2261758608691903,0.0458796167329026,11.472012300113258,0.0,1.0,1.0,33.12254737028291,194.0015303994929,364.7081828816783,6.0,Raggahawatta
"1838,3650",2018,35.660882586452715,0.6104402165175374,-0.1626195760401336,-0.5854727933743424,0.391635448492574,0.1689267103299617,-0.1748922822316702,0.6131062884994465,11.753373724989792,0.7647572892667036,1.0,1.0,33.12254737028291,194.0015303994929,364.7081828816783,6.0,Raggahawatta
"1838,3651",2016,38.16447568884176,0.4790114658477195,-0.0837357084330912,-0.4853330839308134,0.2941192664707332,0.1502350839288261,-0.1519016508329073,0.536366928038538,15.135595944066408,0.2528598665395615,1.0,1.0,17.399151428938648,49.79442197560758,169.90294551077616,6.0,Raggahawatta
"1838,3651",2017,23.046622375776945,0.061246179937245,-0.2173611382191186,-0.0679704866797906,0.1650300714224558,0.3719148795110375,-0.216687570410965,0.0783668280054448,14.119490431724063,0.0,1.0,1.0,17.399151428938648,49.79442197560758,169.90294551077616,6.0,Raggahawatta
"1838,3651",2018,38.03469248107249,0.4429209141216376,-0.0675324116797755,-0.4621918450012297,0.2939653320932326,0.1645936574235883,-0.1304232430175861,0.5131122822141436,13.639910630964652,0.1541150301874801,1.0,1.0,17.399151428938648,49.79442197560758,169.90294551077616,6.0,Raggahawatta
"1839,3615",2016,34.89711839657371,0.731145904796327,-0.2554719972063131,-0.6646190817472887,0.4860854622079479,0.1555670679744353,-0.2299142235350341,0.69716305779662,3.655812740325928,0.9800796812749004,0.0,0.0,191.7451787397989,191.7451787397989,2998.8485122450857,8.473166158893838,Hokandara South
"1839,3615",2017,20.13149815569723,0.086060687630109,-0.152800065713435,-0.0864537596410395,0.2393008484944686,0.5063539887850941,-0.1516335641636567,0.0958027070943018,4.25841760635376,0.0,0.0,0.0,191.7451787397989,191.7451787397989,2998.8485122450857,8.473166158893838,Hokandara South
"1839,3615",2018,35.15141150143427,0.729481606290318,-0.255029744486454,-0.6724221513668229,0.5378367904723631,0.1763302749940872,-0.2360392853614175,0.7121988246938361,4.940000057220459,0.9114131708460278,0.0,0.0,191.7451787397989,191.7451787397989,2998.8485122450857,8.473166158893838,Hokandara South
"1839,3616",2016,33.606173230653624,0.7024597804874902,-0.2174489246183678,-0.6337671237891068,0.4538324740957106,0.1715680271870256,-0.2029845770495841,0.6505500766763855,3.288842321352192,0.9189726463104324,0.0,0.0,158.1694291744827,158.1694291744827,2901.426408177844,7.4828244274809155,Hokandara East
"1839,3616",2017,18.897830070591617,0.0430164152262234,-0.1436269536061074,-0.0514352722842904,0.1987933126767515,0.6501442060711814,-0.1532940484628403,0.0522541411087134,3.6558235959545633,0.0,0.0,0.0,158.1694291744827,158.1694291744827,2901.426408177844,7.4828244274809155,Hokandara East
"1839,3616",2018,33.7961663293273,0.758736293080426,-0.2694906007582037,-0.6890953296022936,0.4768747781152822,0.1666139129642951,-0.2255095836431564,0.6983394127377041,4.215572381444255,0.979723282442748,0.0,0.0,158.1694291744827,158.1694291744827,2901.426408177844,7.4828244274809155,Hokandara East
"1839,3617",2016,33.35539737876869,0.5923943845550034,-0.1650345955748577,-0.553715401222741,0.38519381247362,0.1721952372105195,-0.1799905801901918,0.6301965632759364,3.2606911659240723,0.597723859954161,0.0,1.0,96.76225671606844,96.76225671606844,2816.435684633166,6.0,Hokandara East
"1839,3617",2017,16.439121511181554,0.0326164785525543,-0.1617363407468311,-0.0437490567338261,0.1875494410746613,0.6775706418469428,-0.1525585215456596,0.0416941588108133,3.609597206115722,0.0,0.0,1.0,96.76225671606844,96.76225671606844,2816.435684633166,6.0,Hokandara East
"1839,3617",2018,34.15711905181697,0.6688191743459683,-0.1834820329020941,-0.6040264676632469,0.3310759010072712,0.1360626924866795,-0.1997025477987951,0.6728853948416093,4.159999847412109,0.8858768671461313,0.0,1.0,96.76225671606844,96.76225671606844,2816.435684633166,6.0,Hokandara East
"1839,3618",2016,35.61970218570015,0.6372950302670254,-0.1480973962991417,-0.5953897893307026,0.4032451792213262,0.1567825802887339,-0.1768445494334015,0.6382408807033377,3.4719447786845854,0.7467389596102467,0.0,1.0,51.33495202328906,51.33495202328906,2745.623671809556,6.0,Hokandara East
"1839,3618",2017,15.09940317289959,0.0410184938985747,-0.1379302255499012,-0.049776208775363,0.1849139893261326,0.660781032998969,-0.1504006801422204,0.0421570609305384,3.923407239320423,0.0,0.0,1.0,51.33495202328906,51.33495202328906,2745.623671809556,6.0,Hokandara East
"1839,3618",2018,34.43478589984443,0.658337082682813,-0.1830865690474872,-0.5752741091448649,0.3117181648528175,0.1455403218125348,-0.1889765327847568,0.6671872034156058,4.362561230162639,0.8468489706113469,0.0,1.0,51.33495202328906,51.33495202328906,2745.623671809556,6.0,Hokandara East
"1839,3619",2016,36.387583199028384,0.6296741400318929,-0.1505595646157192,-0.5859294421624291,0.3802430802412281,0.1479972904363843,-0.1825081875946598,0.6519513068768238,3.5266337394714355,0.7366621610876999,0.0,1.0,38.361200959271976,38.361200959271976,2688.368302687948,6.0,Hokandara East
"1839,3619",2017,15.593106391549671,0.0171872388324619,-0.1495844032528044,-0.0277230640566895,0.1390471484027045,0.7982712464306485,-0.1564793351359669,0.0367780372565879,4.004645824432373,0.0,0.0,1.0,38.361200959271976,38.361200959271976,2688.368302687948,6.0,Hokandara East
"1839,3619",2018,35.36171709663037,0.6814506884228587,-0.1784800119559426,-0.5988165213230106,0.3850121774522522,0.1431494541977716,-0.1885832147787549,0.6651268092098056,4.414999961853027,0.8833585115687367,0.0,1.0,38.361200959271976,38.361200959271976,2688.368302687948,6.0,Hokandara East
"1839,3620",2016,35.78505203134514,0.6494381822164946,-0.1792160338435395,-0.6062085731707221,0.3927738858544813,0.1431758086352234,-0.1757563131302246,0.6462059576210429,5.070814505273002,0.840181221684112,1.0,1.0,20.807392100774383,89.81831777211501,2646.8941769546154,6.0,Hokandara East
"1839,3620",2017,14.788381045811615,0.0129013187539704,-0.1760067936394423,-0.0255070950567793,0.1357316785263424,0.8063530684397244,-0.1714570136510046,0.055738207370967,4.597405481070321,0.0,1.0,1.0,20.807392100774383,89.81831777211501,2646.8941769546154,6.0,Hokandara East
"1839,3620",2018,35.27884358973443,0.6148243373822391,-0.1464302797994284,-0.5872711664651488,0.3910549528164121,0.1571038457719758,-0.1667553260247328,0.6437965993805987,5.4086047147069385,0.7933135447586316,1.0,1.0,20.807392100774383,89.81831777211501,2646.8941769546154,6.0,Hokandara East
"1839,3621",2016,36.21783221156867,0.6565815543629184,-0.1790389724955606,-0.6038341910068539,0.3873041269962622,0.137720029463032,-0.173625175966079,0.6462806483419246,5.84227180480957,0.8379688493324857,1.0,1.0,21.78702015021816,228.706260630334,2621.631571793546,6.0,Hokandara East
"1839,3621",2017,18.722000145661173,0.0440497796532407,-0.1746167922960872,-0.0546256310624133,0.2350947610550933,0.6220674364322931,-0.1805780669585467,0.1046117107479821,4.893542289733887,0.0,1.0,1.0,21.78702015021816,228.706260630334,2621.631571793546,6.0,Hokandara East
"1839,3621",2018,35.4028862299142,0.6227791949097736,-0.1442386520576816,-0.5888499012578085,0.3785345691356278,0.1446147331076895,-0.1555516968853653,0.6296511616721248,5.904999732971191,0.8369357914812462,1.0,1.0,21.78702015021816,228.706260630334,2621.631571793546,6.0,Hokandara East
"1839,3622",2016,35.45095443922597,0.6878999299927451,-0.2168581420816981,-0.6296914772844121,0.4364842102203852,0.1521785967653129,-0.1972782443200785,0.6662692627012091,6.342174002222895,0.7992529603433204,1.0,1.0,56.6838380870935,172.07266641412937,2613.17735932723,6.0,Hokandara East
"1839,3622",2017,19.816763901902576,0.0660889912510651,-0.1879949186307812,-0.0743903358897168,0.2616523099590117,0.57836758064718,-0.1986694798130474,0.2510918089439766,6.128749403657594,0.0,1.0,1.0,56.6838380870935,172.07266641412937,2613.17735932723,6.0,Hokandara East
"1839,3622",2018,35.243013163522235,0.7005570488377576,-0.2231152620432104,-0.648454427982015,0.5181623362567725,0.1921946367229862,-0.1743854075814718,0.6418245893910551,6.295788240557793,0.9058253198760232,1.0,1.0,56.6838380870935,172.07266641412937,2613.17735932723,6.0,Hokandara East
"1839,3623",2016,35.64860606179407,0.6851197332341553,-0.2315382567014103,-0.6339359495500014,0.4415487558022634,0.1503297663859626,-0.2124064664251491,0.676761712479046,7.115090370178223,0.8009212272620815,1.0,1.0,35.541007328189096,36.70855312036948,2621.492396731076,6.0,Hokandara East
"1839,3623",2017,22.297284917194165,0.3842552732660271,-0.2247517341270185,-0.3694181401910459,0.3123283322669749,0.2680454550597805,-0.2070301858611851,0.4325029511242878,8.038546562194824,0.4175189320009368,1.0,1.0,35.541007328189096,36.70855312036948,2621.492396731076,6.0,Hokandara East
"1839,3623",2018,33.64988918026703,0.6439555865538761,-0.2016328993198223,-0.5978924800616459,0.4377146379066193,0.192130247416156,-0.1853217089173386,0.6404951232659174,6.900000095367432,0.6685923959715825,1.0,1.0,35.541007328189096,36.70855312036948,2621.492396731076,6.0,Hokandara East
"1839,3637",2016,38.35818843146198,0.5051778475618842,-0.095207448488411,-0.5033282485492697,0.2867065955774666,0.1352932323516557,-0.1307330019419632,0.5729293830444592,6.7841442219450405,0.2559821925431274,1.0,1.0,18.211107511130965,39.61704230371919,3083.638500644553,6.0,Malabe North
"1839,3637",2017,20.320547475835937,0.0465169953882293,-0.1414584731347743,-0.0458282474012322,0.1734517462075626,0.536307165796027,-0.1545882500232483,0.1878934473022007,6.234842985704979,0.0,1.0,1.0,18.211107511130965,39.61704230371919,3083.638500644553,6.0,Malabe North
"1839,3637",2018,37.71111504667778,0.4785695627600639,-0.0581264922210846,-0.4768213541208821,0.2603009243563019,0.1318425520697381,-0.1053285733148454,0.5635177069432842,5.986700990998182,0.3155258764607679,1.0,1.0,18.211107511130965,39.61704230371919,3083.638500644553,6.0,Malabe North
"1839,3641",2016,39.344536341625805,0.5216652975324146,-0.0684613412270452,-0.5109631257556703,0.3105689610629889,0.1501031897901188,-0.1249032826727951,0.5610602415484894,4.98533821105957,0.2844760268624082,1.0,1.0,14.85239339795388,108.25519306362683,2243.890805320737,6.0,Malabe North
"1839,3641",2017,22.638371857255983,0.046238599832785,-0.1434845670193139,-0.0562052500298804,0.2158227685828123,0.6640261185328817,-0.1668488115733178,0.043937092123042,5.393198013305664,0.0,1.0,1.0,14.85239339795388,108.25519306362683,2243.890805320737,6.0,Malabe North
"1839,3641",2018,38.687248906982674,0.5034197438988257,-0.0680059857292696,-0.4888749346590851,0.2560073622680619,0.1364348067902086,-0.1121334122174161,0.515118911850737,7.010000228881836,0.278775573949711,1.0,1.0,14.85239339795388,108.25519306362683,2243.890805320737,6.0,Malabe North
"1839,3642",2016,36.73717545559227,0.63193436211671,-0.1762566211359026,-0.5943781754206632,0.3901600732412922,0.161844256499957,-0.1434178388096487,0.5877118797291637,4.640991735393973,0.6708508778898862,1.0,1.0,29.134395102521857,291.11122459557896,2033.4186048771169,6.0,Mahadeniya
"1839,3642",2017,19.99779113689045,0.0255000305461859,-0.2003369774902332,-0.0323585029652982,0.1853443242451372,0.5677422154724376,-0.175165197148101,0.0696471870659389,5.012130106093061,0.0,1.0,1.0,29.134395102521857,291.11122459557896,2033.4186048771169,6.0,Mahadeniya
"1839,3642",2018,35.459663393320106,0.5698201809354587,-0.2048354671684689,-0.5559586522830073,0.3142130487761539,0.1558624289789521,-0.1315374435115401,0.4983264541426141,6.155218155757024,0.5297529196790338,1.0,1.0,29.134395102521857,291.11122459557896,2033.4186048771169,6.0,Mahadeniya
"1840,3614",2016,35.2472874365687,0.7037731989219936,-0.2425966361947906,-0.6533947538366532,0.4528284441521548,0.1506207564695399,-0.2295945962791047,0.7001462344257501,3.723816538117229,0.8925431949075479,0.0,1.0,66.31082277528009,66.31082277528009,2927.6603098951086,8.207941800545623,Hokandara South
"1840,3614",2017,20.31188641940895,0.1242663695726224,-0.1587292630689529,-0.1202902675468828,0.2805794320410475,0.403226644353798,-0.1561871650486183,0.1490296807098331,4.31978032877316,0.0,0.0,1.0,66.31082277528009,66.31082277528009,2927.6603098951086,8.207941800545623,Hokandara South
"1840,3614",2018,35.01445904238256,0.7165522606680343,-0.2453140018737353,-0.6543544841358325,0.4934526746265051,0.1625959631825918,-0.2174657410850269,0.691302797746644,4.882646287922139,0.8860260685056076,0.0,1.0,66.31082277528009,66.31082277528009,2927.6603098951086,8.207941800545623,Hokandara South
"1840,3615",2016,34.96871615888238,0.7267793607308735,-0.2602786029333088,-0.6544352243057091,0.4530998760850422,0.1451924066158494,-0.2221511852492129,0.6939357865665627,3.755657785868266,0.9657979181341472,0.0,1.0,50.571989875753616,50.571989875753616,2817.993464282384,6.399859121859589,Hokandara East
"1840,3615",2017,20.33653822983801,0.1066870996870675,-0.1589086821456279,-0.1041520268860333,0.2829718119593679,0.447879504099586,-0.155688740762642,0.124104228465198,4.348512042452306,0.0,0.0,1.0,50.571989875753616,50.571989875753616,2817.993464282384,6.399859121859589,Hokandara East
"1840,3615",2018,34.1248322474055,0.7293709347605789,-0.2592461988186437,-0.6594240268817889,0.4725618448902966,0.1556442391424921,-0.213662415250717,0.6821055596979643,4.855791676312234,0.9890428113015576,0.0,1.0,50.571989875753616,50.571989875753616,2817.993464282384,6.399859121859589,Hokandara East
"1840,3616",2016,35.874250018696145,0.643481442326581,-0.1776068255362747,-0.6151029760345856,0.4089412510719165,0.1614344483740357,-0.2065934219943603,0.6698089664256103,3.28764805156488,0.695977102878041,0.0,1.0,58.4655262202286,58.4655262202286,2713.9752279403488,6.0,Hokandara East
"1840,3616",2017,17.517319793033888,0.0582568197690174,-0.1609652792079153,-0.0637683857745899,0.202941967188768,0.5781201137741043,-0.1585459011923927,0.0763377280893107,3.591717934225564,0.0,0.0,1.0,58.4655262202286,58.4655262202286,2713.9752279403488,6.0,Hokandara East
"1840,3616",2018,34.61611837947052,0.6113956977309246,-0.1754265473617986,-0.58875893976194,0.3619254506294015,0.1589042712468293,-0.1987557752968055,0.6533379754773342,4.2531654298314985,0.7466210844331372,0.0,1.0,58.4655262202286,58.4655262202286,2713.9752279403488,6.0,Hokandara East
"1840,3617",2016,35.75663632620169,0.592421567811078,-0.1507819666293199,-0.5734185757585254,0.3974138671669818,0.1687344983003722,-0.1850673212761954,0.6426367827069988,3.2517872292073835,0.4980863860032806,0.0,1.0,89.57643672393286,89.57643672393286,2622.853873013528,6.0,Hokandara East
"1840,3617",2017,16.982115887251442,0.0384079030188491,-0.1661180243673552,-0.0467273377182939,0.2106317574794516,0.6427661180494648,-0.1605141769079438,0.064219121221608,3.5339934623847564,0.0,0.0,1.0,89.57643672393286,89.57643672393286,2622.853873013528,6.0,Hokandara East
"1840,3617",2018,33.67577255401392,0.5616585347630646,-0.121144323646577,-0.5536605635397343,0.3193787760926151,0.1502771897524863,-0.1857679820692484,0.6376716159735117,4.206746835015131,0.5818167616964774,0.0,1.0,89.57643672393286,89.57643672393286,2622.853873013528,6.0,Hokandara East
"1840,3618",2016,37.62888783308103,0.6037616733977892,-0.146357461491106,-0.5786209555340276,0.3895851240368271,0.15981649352743,-0.1876883934165844,0.6485941745645909,3.5425696692027304,0.5005963266279716,0.0,0.0,145.11921883062652,145.11921883062652,2545.837591647845,6.0,Hokandara East
"1840,3618",2017,16.85448323051285,0.0882876166947813,-0.1402380541565308,-0.0868094226623402,0.2394278087341472,0.5808026888438088,-0.1552781182003388,0.0819661936056914,3.995048600254695,0.027351514669635,0.0,0.0,145.11921883062652,145.11921883062652,2545.837591647845,6.0,Hokandara East
"1840,3618",2018,34.913813255151474,0.6399547967156668,-0.1693407207303275,-0.5806902590100902,0.3108691522800262,0.1474947662088543,-0.2020049504370001,0.6706610377257411,4.2658749375120015,0.802417110598712,0.0,0.0,145.11921883062652,145.11921883062652,2545.837591647845,6.0,Hokandara East
"1840,3619",2016,37.18359890973285,0.6900543886101764,-0.2248397471001679,-0.6390577671769767,0.4446519573674703,0.1553531690680896,-0.1908725007844769,0.6608604874234391,3.6132160902933297,0.7907919847328244,0.0,1.0,43.29900139750298,46.97628941131912,2484.796898775749,6.0,Hokandara East
"1840,3619",2017,17.8000131973044,0.0375131784365678,-0.1550941320880299,-0.0442670777772728,0.1950205269469321,0.756955389351835,-0.1529606143545842,0.0676327771797501,4.107156843857001,0.0,0.0,1.0,43.29900139750298,46.97628941131912,2484.796898775749,6.0,Hokandara East
"1840,3619",2018,35.03904167751431,0.7501611006955684,-0.2663690555386325,-0.662941797892385,0.4497717781058402,0.1436009208003527,-0.2159580319927905,0.6960262832570697,4.280867440782432,0.926526717557252,0.0,1.0,43.29900139750298,46.97628941131912,2484.796898775749,6.0,Hokandara East
"1840,3620",2016,35.38989533186536,0.6801861742291107,-0.2130356274198301,-0.6305172109725864,0.4257736584151185,0.152365685596039,-0.1833922830869342,0.6550649742217122,6.428964978958403,0.8351820028120606,1.0,1.0,39.41808255663276,169.26363749356284,2439.828421037651,6.0,Hokandara East
"1840,3620",2017,15.538755513840046,0.0248461281454431,-0.1686137065470656,-0.0389343671958414,0.2080866380117886,0.8089852850082936,-0.163920909001052,0.0512372269909878,5.025128769774005,0.0,1.0,1.0,39.41808255663276,169.26363749356284,2439.828421037651,6.0,Hokandara East
"1840,3620",2018,34.48697550162788,0.709297585854715,-0.2320268966697043,-0.6445998904751976,0.4546108200139017,0.1435528599352631,-0.193574723427211,0.673249305798437,6.292846186983082,0.8386970785814715,1.0,1.0,39.41808255663276,169.26363749356284,2439.828421037651,6.0,Hokandara East
"1840,3621",2016,37.251960869922925,0.5955028776299977,-0.1401128577143794,-0.571892311586197,0.3739896252408302,0.1518639996247749,-0.1715342604996981,0.6437206192898804,7.828136783179368,0.5814988476515933,1.0,1.0,15.361939649688996,349.88145060632075,2412.3763508774764,6.0,Hokandara East
"1840,3621",2017,18.43582053026624,0.1366379056562563,-0.1759207517798001,-0.150656579291935,0.2792638961648555,0.4888579129282352,-0.1735424614005689,0.1233829498778917,5.481618914952445,0.0354446475403321,1.0,1.0,15.361939649688996,349.88145060632075,2412.3763508774764,6.0,Hokandara East
"1840,3621",2018,35.9889175930716,0.6015325403621823,-0.1415292735758591,-0.5708155876941409,0.38376657649724,0.1503933160104308,-0.1649386731259803,0.6443089567486625,7.292443848353522,0.6907732655169673,1.0,1.0,15.361939649688996,349.88145060632075,2412.3763508774764,6.0,Hokandara East
"1840,3622",2016,35.86041221431469,0.6965154482345091,-0.2270865406446083,-0.6384194652447157,0.4311199162633648,0.1409748977517763,-0.1980206252622345,0.6651898301348524,9.19438197896826,0.8373939012889028,1.0,1.0,36.0346991405491,277.8231659257786,2402.6985521892293,6.0,Hokandara East
"1840,3622",2017,19.799394654248683,0.3806650804186515,-0.2085840225890769,-0.3566114732773704,0.2644081044550252,0.2486452467761957,-0.197602878816845,0.301579285866245,8.298782302313201,0.3802263439170071,1.0,1.0,36.0346991405491,277.8231659257786,2402.6985521892293,6.0,Hokandara East
"1840,3622",2018,34.94023900202609,0.679396967499914,-0.1849901553016349,-0.6320593991380972,0.4198628634960934,0.1490276414303321,-0.1877041279107884,0.6630632067178265,8.867306853757267,0.8855705752907891,1.0,1.0,36.0346991405491,277.8231659257786,2402.6985521892293,6.0,Hokandara East
"1840,3635",2016,38.15166537040947,0.5364296998639078,-0.0874428944345526,-0.5272360023309491,0.3219275037669346,0.14515815358291,-0.1351059309759083,0.5894679476758667,4.632367100235977,0.3282051282051281,1.0,1.0,16.76960069812283,100.26725970598204,3495.039292183766,6.0,Malabe East
"1840,3635",2017,22.52631759371836,0.1849464233251952,-0.1142406945714554,-0.1980764395074965,0.1956394469056445,0.3266652963693333,-0.1314011513793021,0.2107597019980409,5.097224759961488,0.0,1.0,1.0,16.76960069812283,100.26725970598204,3495.039292183766,6.0,Malabe East
"1840,3635",2018,36.33282299440946,0.5079129833606102,-0.0643181861659394,-0.5087151546873282,0.2989885564264485,0.1484515544648541,-0.115333894297216,0.5677234177147378,5.100374573965278,0.357317554240631,1.0,1.0,16.76960069812283,100.26725970598204,3495.039292183766,6.0,Malabe East
"1840,3640",2016,40.12211320481082,0.4788424764817582,-0.0969800667040677,-0.4711214147069874,0.2827863101830663,0.138891938477406,-0.1025594170834567,0.5136407005862703,5.287770828419911,0.3062003179650238,1.0,1.0,12.094965073542756,54.437247819114745,2457.9920391364144,6.0,Malabe North
"1840,3640",2017,22.848348970351363,0.0242357097420284,-0.1354177832775208,-0.0366805845801977,0.1481867780011783,0.7341880179755079,-0.1401145212991911,0.076912821991301,5.772325782063276,0.0,1.0,1.0,12.094965073542756,54.437247819114745,2457.9920391364144,6.0,Malabe North
"1840,3640",2018,39.26828882008111,0.4527120363944473,-0.0616498776292039,-0.4627563916608713,0.2628473068418441,0.1476244909743977,-0.0855174390471796,0.5007817777853891,6.800210660970835,0.2293322734499204,1.0,1.0,12.094965073542756,54.437247819114745,2457.9920391364144,6.0,Malabe North
"1840,3650",2016,36.95641046813221,0.6101993386762218,-0.1695075503171377,-0.5719513391540647,0.3643081474577045,0.1407370456702062,-0.1577021209794628,0.5713129327893306,13.873365095669982,0.6768094065305474,1.0,1.0,21.07655540541539,209.2049966405634,373.6786880860784,6.0,Raggahawatta
"1840,3650",2017,22.75977559851277,0.0483572575907917,-0.1849341476523318,-0.0529146509700377,0.1745182982756968,0.603520072914171,-0.1923367655288144,0.0608619727931849,13.655725535647877,0.0,1.0,1.0,21.07655540541539,209.2049966405634,373.6786880860784,6.0,Raggahawatta
"1840,3650",2018,36.8871900642123,0.615751270871588,-0.1589162844317787,-0.5798503932538438,0.3886634149471685,0.1579226327907371,-0.1515931569893972,0.5820615005813281,13.976919858366823,0.7247954238500041,1.0,1.0,21.07655540541539,209.2049966405634,373.6786880860784,6.0,Raggahawatta
"1840,3651",2016,37.02608726948257,0.5189627742963645,-0.1281904225293054,-0.5108992372469613,0.3089102039268133,0.1412446041831055,-0.1392288146242366,0.50813308952006,17.385292870540827,0.4311246390384766,1.0,1.0,16.298219077934053,40.90463928118589,170.97468604688154,6.0,Raggahawatta
"1840,3651",2017,17.283771542706653,0.0487789752722556,-0.1965566634716655,-0.0622928366192952,0.1798917703508081,0.5517091863325018,-0.1913390590709053,0.0547659150005308,16.706364814676725,0.0,1.0,1.0,16.298219077934053,40.90463928118589,170.97468604688154,6.0,Raggahawatta
"1840,3651",2018,36.617519838777845,0.4848156324291569,-0.1171674069856211,-0.4875323530439192,0.2889142317775145,0.1538768616642423,-0.127203860711709,0.501513160625033,16.102027576812443,0.3623663466791539,1.0,1.0,16.298219077934053,40.90463928118589,170.97468604688154,6.0,Raggahawatta
"1840,3652",2016,34.90218011526834,0.5250285746114093,-0.2224271352161331,-0.4441667638590966,0.2701496640945091,0.1020289842307921,-0.1477428633997579,0.4791935669126096,17.619449470026943,0.5030736002658249,0.0,1.0,39.44538120806776,69.04857664964742,30.3027868015018,9.677022761256024,Raggahawatta
"1840,3652",2017,17.915272064153537,0.0945829350227735,-0.1911447674053355,-0.1055189641918241,0.2069810468658531,0.5560462148529329,-0.1952031621269103,0.0612173799464355,16.926675104742376,0.0398737331782688,0.0,1.0,39.44538120806776,69.04857664964742,30.3027868015018,9.677022761256024,Raggahawatta
"1840,3652",2018,34.4071776773883,0.5114563080827388,-0.1838611327766231,-0.4383394457881057,0.2534218922517982,0.1051127768251586,-0.1287676760870211,0.4597865666171051,16.20666130612233,0.4607077587639143,0.0,1.0,39.44538120806776,69.04857664964742,30.3027868015018,9.677022761256024,Raggahawatta
"1841,3614",2016,37.21381225752238,0.6422714736858728,-0.1752759854523556,-0.6093881775559455,0.4070473114859591,0.1487408652842657,-0.1916065763602646,0.6639242605841412,3.857380151748657,0.7086487726542785,0.0,0.0,160.0134518669149,160.0134518669149,2710.8976306976942,6.0,Hokandara East
"1841,3614",2017,22.56878765006196,0.1471020599190905,-0.1567451186849043,-0.1437367034525219,0.3634373995515251,0.4749745950629567,-0.1555159527908418,0.2561946230098506,4.440300464630127,0.0,0.0,0.0,160.0134518669149,160.0134518669149,2710.8976306976942,6.0,Hokandara East
"1841,3614",2018,36.10677446763937,0.6463372795085178,-0.1707690335108541,-0.6067674505612148,0.4187102595113919,0.1628730825630246,-0.178064745345994,0.6488008849744977,4.769999980926514,0.7749483826565725,0.0,0.0,160.0134518669149,160.0134518669149,2710.8976306976942,6.0,Hokandara East
"1841,3616",2016,35.54686417088192,0.6744568088538128,-0.1959682306835416,-0.6331660853892148,0.4375404193485848,0.1581145567760758,-0.1932945264961799,0.6614544802631581,3.2863523694677297,0.85662027833002,0.0,0.0,159.83520855466423,159.83520855466423,2530.1309042106805,6.0,Hokandara East
"1841,3616",2017,22.01173845630379,0.0900180245177527,-0.1557232490898837,-0.085528200329772,0.207516918247821,0.4992321173216603,-0.158141155373268,0.1857275779435696,3.526012480377439,0.0201988071570576,0.0,0.0,159.83520855466423,159.83520855466423,2530.1309042106805,6.0,Hokandara East
"1841,3616",2018,33.7261761093837,0.5718502954033686,-0.1398673068715728,-0.5297999273581246,0.3604213444622309,0.1723071312833627,-0.1630817962439348,0.607163577890301,4.291654180485019,0.658210735586481,0.0,0.0,159.83520855466423,159.83520855466423,2530.1309042106805,6.0,Hokandara East
"1841,3617",2016,35.23806061808764,0.7216935498147685,-0.2511893316292033,-0.6604278518738071,0.4742486187067369,0.1553871789284501,-0.2045271740954942,0.6631702331302405,3.242596387863159,0.9113350519490664,0.0,0.0,171.3671443146131,171.3671443146131,2432.059511915982,6.0,Hokandara East
"1841,3617",2017,16.921463110677305,0.0398866629198748,-0.1710454306523973,-0.0532190806164949,0.2062123160635568,0.6234585080386341,-0.1649140361887096,0.163440841675368,3.455953598022461,0.0,0.0,0.0,171.3671443146131,171.3671443146131,2432.059511915982,6.0,Hokandara East
"1841,3617",2018,31.43197025298807,0.629152102592764,-0.2118291714603444,-0.5787673675471958,0.3782503924113834,0.1586012450716279,-0.1716302207553026,0.6085129772002933,4.255000114440918,0.7136942426372939,0.0,0.0,171.3671443146131,171.3671443146131,2432.059511915982,6.0,Hokandara East
"1841,3618",2016,35.360392361440844,0.7125587207964282,-0.278684794581104,-0.659441789853891,0.4724677575721803,0.1587834571175363,-0.2224080455631643,0.681319639290524,3.613604983812523,0.9567430025445292,0.0,1.0,111.82829058083108,111.82829058083108,2348.7515264058898,6.0,Hokandara East
"1841,3618",2017,17.75825497300097,0.2834200769332272,-0.1864955795717925,-0.2718297663001395,0.3265251795887557,0.3397744217547078,-0.1584685269811927,0.1501249163399708,4.065951317927916,0.1968034351145037,0.0,1.0,111.82829058083108,111.82829058083108,2348.7515264058898,6.0,Hokandara East
"1841,3618",2018,32.29184615299142,0.6967056627496698,-0.2657825555356157,-0.6419057305641566,0.4173427811441303,0.1507135949777713,-0.2080919803606,0.6589505154990208,4.162559154948204,0.8680820610687024,0.0,1.0,111.82829058083108,111.82829058083108,2348.7515264058898,6.0,Hokandara East
"1841,3619",2016,36.44351937226813,0.673378488932223,-0.1989494643051401,-0.6298413465269045,0.4353425603265362,0.155519457694998,-0.2238580939450618,0.6857358894408755,3.704145908355713,0.817636377990053,0.0,1.0,39.604247273425145,59.47652115795477,2281.8031032663166,6.0,Hokandara East
"1841,3619",2017,22.14015668575987,0.1068948947620804,-0.1358844058652407,-0.0960321975768252,0.226673418710958,0.545910351482734,-0.1510751820901316,0.1145883996630464,4.214815139770508,0.0288150311833899,0.0,1.0,39.604247273425145,59.47652115795477,2281.8031032663166,6.0,Hokandara East
"1841,3619",2018,34.06077707382966,0.7363875283479335,-0.2410689781834532,-0.6547194579749267,0.4702872746816448,0.1508204230482719,-0.2314128395206147,0.6936403417762325,4.139999866485596,0.9902107839267388,0.0,1.0,39.604247273425145,59.47652115795477,2281.8031032663166,6.0,Hokandara East
"1841,3620",2016,35.83506301759379,0.6611666781605907,-0.1750674964299151,-0.619060194885111,0.4156693183856036,0.1538949125732403,-0.199852747154412,0.6692375990029652,7.898099747283043,0.8277109381143349,0.0,1.0,17.242878105833626,218.72276791285148,2233.599175782791,6.0,Hokandara East
"1841,3620",2017,16.96656804479831,0.0353414952929858,-0.1513070928106717,-0.0468664861954218,0.2196011367022846,0.7123648548700464,-0.1509850355071861,0.0713584231803151,5.487368574080215,0.0,0.0,1.0,17.242878105833626,218.72276791285148,2233.599175782791,6.0,Hokandara East
"1841,3620",2018,34.84414684714793,0.6501819847106671,-0.1829906797895641,-0.5867374290846854,0.3743244426445097,0.1392822429424404,-0.2207064228354267,0.6927079089297018,7.252232537926149,0.8163875127781708,0.0,1.0,17.242878105833626,218.72276791285148,2233.599175782791,6.0,Hokandara East
"1841,3621",2016,36.98705196039739,0.6187102856511371,-0.133505493433271,-0.5804659038235004,0.3682919249947304,0.1434395915082513,-0.1719929028592862,0.6415602258143605,9.950136184692385,0.5864261304935228,1.0,1.0,19.06213406455449,400.3218686032626,2203.256704845492,6.0,Hokandara East
"1841,3621",2017,16.247613796576346,0.1332011370674139,-0.1635776159092209,-0.1376148954724849,0.2671931953281651,0.4631265079764065,-0.1594976437974788,0.1395937892706265,6.11000919342041,0.0,1.0,1.0,19.06213406455449,400.3218686032626,2203.256704845492,6.0,Hokandara East
"1841,3621",2018,36.21625463147581,0.6506207776137851,-0.156685102517458,-0.5784471468265906,0.3517287853376759,0.1314636739735166,-0.1806203189896521,0.6515078830868679,8.774999618530273,0.724231105459747,1.0,1.0,19.06213406455449,400.3218686032626,2203.256704845492,6.0,Hokandara East
"1841,3622",2016,37.459576103906336,0.6063875797155962,-0.1372132620884354,-0.5709255470045834,0.3767736097469598,0.1480495599458238,-0.1804986455529392,0.6434043427866758,12.227043438032211,0.5644028103044495,1.0,1.0,23.302607027935824,331.096940739691,2193.1272516220147,6.0,Hokandara East
"1841,3622",2017,19.50025120466044,0.2517917129424146,-0.1577443447955691,-0.2421593450771748,0.2612577679997741,0.289215105644389,-0.1796634459593256,0.3231313446529389,10.601533031389176,0.085167837626854,1.0,1.0,23.302607027935824,331.096940739691,2193.1272516220147,6.0,Hokandara East
"1841,3622",2018,36.8002408463794,0.6058927841269346,-0.1279531699051336,-0.5561090075276403,0.3362707444764458,0.1369843105132478,-0.1787464857136337,0.6480431308651416,11.60307777488166,0.7675253708040594,1.0,1.0,23.302607027935824,331.096940739691,2193.1272516220147,6.0,Hokandara East
"1841,3634",2016,36.24637434683206,0.6500933815727516,-0.1981564891737448,-0.6109270609621403,0.4265491753301248,0.1577402986652178,-0.167067548841873,0.6313049823529165,4.007853984832764,0.6737436386768448,1.0,1.0,21.68279726695601,133.49877966296975,3314.8556630273924,6.0,Malabe East
"1841,3634",2017,21.89583314060116,0.2024616790928287,-0.1375012654389323,-0.1958083878659331,0.1864255521431922,0.3316692453262117,-0.1346861470571266,0.2194994043644147,4.723284721374512,0.0587627226463104,1.0,1.0,21.68279726695601,133.49877966296975,3314.8556630273924,6.0,Malabe East
"1841,3634",2018,35.206823353759546,0.6294337048482043,-0.1868344516023571,-0.6002893656463794,0.4041542765124405,0.1544801505601846,-0.1493185830525294,0.6114016928053614,4.730000019073486,0.6975190839694656,1.0,1.0,21.68279726695601,133.49877966296975,3314.8556630273924,6.0,Malabe East
"1841,3635",2016,37.8370864952538,0.5958468786919466,-0.1399831337840338,-0.5631959925061105,0.338588577307154,0.1336246053553882,-0.1475405870085485,0.6093787321602385,4.187169442228202,0.4735280337341869,1.0,1.0,13.627659605244393,44.64714695294793,3429.0760341586724,6.0,Malabe East
"1841,3635",2017,22.4105733422271,0.1652641961263474,-0.1140031523213625,-0.163799184248696,0.2273106558808583,0.3732933929907669,-0.1350645235821536,0.2335294270511252,4.78641887502746,0.0323285959706387,1.0,1.0,13.627659605244393,44.64714695294793,3429.0760341586724,6.0,Malabe East
"1841,3635",2018,37.43277364439637,0.5891946905360784,-0.1168367457832043,-0.5679591985772255,0.3495262910021031,0.1352228540357635,-0.1308545526026906,0.5974305924793227,4.780488904595242,0.6015930032797124,1.0,1.0,13.627659605244393,44.64714695294793,3429.0760341586724,6.0,Malabe East
"1841,3650",2016,36.276544919021205,0.5827240769574455,-0.1354275801188857,-0.5609909064166262,0.3544178214107409,0.1463998615967511,-0.1445932514539938,0.5839274175837427,11.462501525878906,0.5268133788829743,1.0,1.0,25.10384682752814,221.33422168723453,429.2235907584259,6.0,Hewagama
"1841,3650",2017,20.08744063929452,0.0502931534176448,-0.1720537806668651,-0.0584657321002384,0.2234673514900041,0.5876520359580781,-0.1751763602215425,0.0968999918421508,11.420028686523438,0.0,1.0,1.0,25.10384682752814,221.33422168723453,429.2235907584259,6.0,Hewagama
"1841,3650",2018,36.392875723967606,0.5841999414177952,-0.1235387808444764,-0.5731493741394633,0.3743569433374444,0.1591122208855498,-0.1323240744720253,0.5783875803283732,12.59000015258789,0.6263605307062841,1.0,1.0,25.10384682752814,221.33422168723453,429.2235907584259,6.0,Hewagama
"1841,3651",2016,37.69573775569657,0.5444121527828117,-0.1278764517841875,-0.5247592705921295,0.3477350324670676,0.1522086575795621,-0.148121965629969,0.5509986588373065,15.112518839968969,0.3781315851088735,1.0,1.0,30.91035536462674,55.67761802563616,227.74910484367663,6.0,Hewagama
"1841,3651",2017,14.41486060385391,0.0291144166256301,-0.1995251144294221,-0.0310732970230963,0.170792231562392,0.5603333833365671,-0.1917321533522933,0.0590117543210081,14.84535240953963,0.0,1.0,1.0,30.91035536462674,55.67761802563616,227.74910484367663,6.0,Hewagama
"1841,3651",2018,37.779728534675726,0.5250514324693129,-0.1139898997898356,-0.5133631406893431,0.3114119698953702,0.1481919283528247,-0.1345394425106339,0.5324967548345352,14.449901714561634,0.3623663466791538,1.0,1.0,30.91035536462674,55.67761802563616,227.74910484367663,6.0,Hewagama
"1841,3652",2016,35.83532878399114,0.5610909064706763,-0.1998861813721059,-0.4780534508517995,0.340201213159732,0.1275583664191587,-0.1672319052833609,0.5233909763788585,15.62295627593994,0.4813677747194578,1.0,1.0,68.13372107063745,141.79229502465915,57.71275872034572,8.688863010798217,Hewagama
"1841,3652",2017,16.64833900855178,0.1114161074993271,-0.2353792262470447,-0.1129718388994931,0.2405022001921051,0.4722809128546264,-0.2067680352813304,0.059048624327491,15.32436752319336,0.0285835274190133,1.0,1.0,68.13372107063745,141.79229502465915,57.71275872034572,8.688863010798217,Hewagama
"1841,3652",2018,35.20087501420707,0.5364455766764492,-0.1798432879864722,-0.4566897930681511,0.3315322400357162,0.1278683982091115,-0.1440677868784823,0.4902812788358007,14.710000038146973,0.609570188439551,1.0,1.0,68.13372107063745,141.79229502465915,57.71275872034572,8.688863010798217,Hewagama
"1842,3618",2016,35.19684036707165,0.7499505245004083,-0.2951499303623499,-0.6801888418802349,0.4878750453822942,0.1513123592287649,-0.2355130899274274,0.6947317841682938,3.5959340882451065,0.9937186928520314,0.0,1.0,47.44099431711112,63.22881270008976,2154.135042190177,6.0,Hokandara East
"1842,3618",2017,21.553502499154018,0.2900392029757593,-0.1693378996728684,-0.2598121385463633,0.3048024411579296,0.302074426178637,-0.1575068791101531,0.2095596867112103,4.01836336414452,0.1858948874930428,0.0,1.0,47.44099431711112,63.22881270008976,2154.135042190177,6.0,Hokandara East
"1842,3618",2018,31.997616858106056,0.6254293467368759,-0.201152440290544,-0.5710140887694961,0.384396549705727,0.1706074413653233,-0.1973093487793285,0.6372109758339236,4.138511555083199,0.7814264132941082,0.0,1.0,47.44099431711112,63.22881270008976,2154.135042190177,6.0,Hokandara East
"1842,3619",2016,35.24938593003985,0.7131966108521877,-0.253176060270871,-0.6564123013756923,0.4619987211326366,0.1558344477976237,-0.2377983480610425,0.6997857281876934,3.6954378188098738,0.9327396297164284,0.0,1.0,61.50812838104075,145.83810508482745,2081.0571284753846,6.0,Hokandara East
"1842,3619",2017,22.047374063585668,0.0928820854669999,-0.1300369866798234,-0.0946455857026866,0.2754308239767555,0.5350421334757082,-0.1474458771276805,0.1473347550688306,4.165623161645803,0.0137489258651667,0.0,1.0,61.50812838104075,145.83810508482745,2081.0571284753846,6.0,Hokandara East
"1842,3619",2018,31.94389758326696,0.6792071932377772,-0.2393848721353245,-0.6281195225710794,0.4397829438086333,0.1581619782447714,-0.2183979925650859,0.6654687757538998,4.148752403691377,0.9545348019685962,0.0,1.0,61.50812838104075,145.83810508482745,2081.0571284753846,6.0,Hokandara East
"1842,3620",2016,35.717105005702955,0.6905274934996236,-0.2400786474555538,-0.6366913932301818,0.441421948283942,0.1527596074275471,-0.2154830076243912,0.6849788178617318,7.58449920641261,0.8434395613128827,0.0,1.0,27.588770266755947,321.7605282486415,2027.1668377546696,6.0,Hokandara East
"1842,3620",2017,20.030590484871663,0.0601908630733434,-0.1364316039594416,-0.0708530306076549,0.2625903656904507,0.5973758839146645,-0.141744043862489,0.0847916898648405,5.536194934873772,0.0,0.0,1.0,27.588770266755947,321.7605282486415,2027.1668377546696,6.0,Hokandara East
"1842,3620",2018,34.06853362891997,0.7079660157411566,-0.266668723098123,-0.6259094465023324,0.3454475108647335,0.1253501435392224,-0.2233354069667353,0.6822913716434909,7.087071208101969,0.9245013112930144,0.0,1.0,27.588770266755947,321.7605282486415,2027.1668377546696,6.0,Hokandara East
"1842,3621",2016,37.014506133756655,0.6631914718649604,-0.1948594023799001,-0.6144321577675739,0.4249433972693187,0.1529083809078584,-0.191091602616504,0.6604161219453616,9.431931612459966,0.7711992370658824,1.0,1.0,27.93396261844037,455.6518147903074,1994.361962799368,6.0,Hokandara East
"1842,3621",2017,18.479543370542817,0.0897558151033694,-0.1373122345789678,-0.0969022220508511,0.2926946823282503,0.5425306967963038,-0.1463630593828202,0.1208666299667312,6.184972576237461,0.0,1.0,1.0,27.93396261844037,455.6518147903074,1994.361962799368,6.0,Hokandara East
"1842,3621",2018,34.628075156186924,0.6771805940457483,-0.2227436273413457,-0.6119679387978277,0.3800469802495611,0.1410114566236879,-0.2004016665903892,0.6629528454109299,8.482104491611489,0.84296272748947,1.0,1.0,27.93396261844037,455.6518147903074,1994.361962799368,6.0,Hokandara East
"1842,3622",2016,37.16133488237022,0.630745055245724,-0.1833739763007117,-0.5862608869313655,0.3913409789660061,0.1504170159780155,-0.1773405714163094,0.6367444281919062,11.78613584543598,0.6586774923881645,1.0,1.0,27.879748468914308,314.2645111726557,1983.1047852368783,6.0,Hokandara East
"1842,3622",2017,21.011581577414333,0.2984670819431829,-0.1566060759512204,-0.2708576780432923,0.3108124077222886,0.2862894652476219,-0.1522316152254771,0.2249925564766599,10.386063810496374,0.201342805839644,1.0,1.0,27.879748468914308,314.2645111726557,1983.1047852368783,6.0,Hokandara East
"1842,3622",2018,35.298088631142186,0.6349746323397776,-0.1898727318568027,-0.5904008646542391,0.383805796457972,0.1472752224049066,-0.1802811494769085,0.6393170890581766,11.16031204318635,0.7428370676867827,1.0,1.0,27.879748468914308,314.2645111726557,1983.1047852368783,6.0,Hokandara East
"1842,3650",2016,36.77821629627828,0.5769477898683474,-0.1275326653184109,-0.5469077640442037,0.3486727591696021,0.1450389927379322,-0.1431969490682655,0.5877806217020207,10.696826551836937,0.4909090909090908,1.0,1.0,23.907059927437885,90.76355014706924,481.3873040198933,6.0,Hewagama
"1842,3650",2017,19.77357274066089,0.1191914034899868,-0.1578465641057303,-0.1181457720172735,0.2610366579650879,0.4463863872903115,-0.1703890301163488,0.1274355217302034,10.856027474987645,0.0,1.0,1.0,23.907059927437885,90.76355014706924,481.3873040198933,6.0,Hewagama
"1842,3650",2018,36.75781085197789,0.569855180176586,-0.1177877257763603,-0.552736012391422,0.3452720175363931,0.1540647593824888,-0.1304122962187165,0.5759234372711934,11.90178512693865,0.7346245059288538,1.0,1.0,23.907059927437885,90.76355014706924,481.3873040198933,6.0,Hewagama
"1842,3651",2016,40.12142331207908,0.5057813317815366,-0.0876015323204482,-0.4963250212641886,0.3163571127894172,0.148842288069733,-0.146676118339186,0.5620399346427164,14.18450812255342,0.2503333071915928,1.0,1.0,19.51856446442172,39.74096575792702,277.1809462449891,6.0,Hewagama
"1842,3651",2017,17.558588909509865,0.0513974222349551,-0.1720950280552602,-0.0510436390278916,0.2269259394014962,0.553391734968525,-0.1844502329457068,0.0665626833172262,14.114310954320324,0.0,1.0,1.0,19.51856446442172,39.74096575792702,277.1809462449891,6.0,Hewagama
"1842,3651",2018,40.16118047906989,0.4873678073837433,-0.0910141639426495,-0.4803335710082668,0.2834847581347745,0.1495889019457792,-0.1345298172788155,0.5324857710305498,13.697483350394627,0.2975452905654459,1.0,1.0,19.51856446442172,39.74096575792702,277.1809462449891,6.0,Hewagama
"1842,3652",2016,37.50876096011246,0.591270965910638,-0.2152987372901701,-0.515793576934531,0.326827565820269,0.1181486022869312,-0.1604784484846427,0.5193158829542368,14.614013973155656,0.7042579578338157,1.0,1.0,47.26456212547178,93.53720685491189,79.76119482503483,6.0,Hewagama
"1842,3652",2017,20.421868727373315,0.0342305344060131,-0.2184759867689046,-0.0406355208735381,0.1818655842422976,0.6547953841306765,-0.1968040209064901,0.0523674716513085,14.521701792558895,0.0,1.0,1.0,47.26456212547178,93.53720685491189,79.76119482503483,6.0,Hewagama
"1842,3652",2018,37.44706308508311,0.5542774431713916,-0.19563390909713,-0.4974264566212548,0.3142928282594061,0.114217629380918,-0.1396979595115234,0.467378960509791,13.90639189451674,0.7067383216205044,1.0,1.0,47.26456212547178,93.53720685491189,79.76119482503483,6.0,Hewagama
"1842,3653",2016,32.09816381081084,0.1699526481800251,-0.2387213207579948,0.0071930363270882,0.0436431859780551,0.0300503690944881,-0.1822086890807022,0.5153160739589381,12.729841730616114,0.0,0.0,0.0,83.17832136393848,182.6977347403113,28.98741526726192,6.0,Hewagama
"1842,3653",2017,20.04194506756759,0.0155098529549332,-0.2406191462063574,-0.0306486453659631,0.0898008578434207,0.7551792841118679,-0.2032665655956612,0.0439670097317781,13.022745424562745,0.0,0.0,0.0,83.17832136393848,182.6977347403113,28.98741526726192,6.0,Hewagama
"1842,3653",2018,31.8116659902703,-0.0062310736592825,-0.2930064271833446,0.0649593457713857,0.023467169382537,0.0191018674629353,-0.1531302824213697,0.4481329013098467,12.405675595945068,0.0,0.0,0.0,83.17832136393848,182.6977347403113,28.98741526726192,6.0,Hewagama
"1843,3621",2016,36.01400785989121,0.6680376991752943,-0.1994812142350598,-0.6112361559352866,0.4118509983409929,0.1448516885579641,-0.1966170167847792,0.6652517049153771,7.535110950469971,0.778872684272763,1.0,1.0,31.992465193366822,398.5746523805124,1785.2145713228824,6.0,Boralugoda
"1843,3621",2017,21.487188435184887,0.0614161933906255,-0.1449511320415001,-0.0737112989943587,0.2374496911962426,0.6220971044329358,-0.1400318085642183,0.1598374824314592,6.459366321563721,0.0,1.0,1.0,31.992465193366822,398.5746523805124,1785.2145713228824,6.0,Boralugoda
"1843,3621",2018,33.864891071826584,0.6627028310303619,-0.2021251016472101,-0.6003004621698199,0.3820759160625939,0.1432754538220168,-0.1841477748360462,0.6441966907640683,7.409999847412109,0.7576665352778872,1.0,1.0,31.992465193366822,398.5746523805124,1785.2145713228824,6.0,Boralugoda
"1843,3622",2016,36.01605818249785,0.6896837316720237,-0.2050391542034487,-0.6248173275010406,0.4230573897800203,0.1479677991399433,-0.1717688222420509,0.6257436750227285,10.17270867912927,0.8605493035334856,1.0,1.0,20.14121412100071,225.0092670873461,1773.5459041020088,6.0,Boralugoda
"1843,3622",2017,21.660536381762828,0.0788133614465325,-0.129513485817293,-0.082981190828241,0.3032239642078451,0.5556090005623023,-0.1431503462195255,0.2150592202725413,9.60745795307653,0.0,1.0,1.0,20.14121412100071,225.0092670873461,1773.5459041020088,6.0,Boralugoda
"1843,3622",2018,33.60452308681517,0.6557254164184376,-0.1792289933963546,-0.6073660152526225,0.3860931502513036,0.1522829813442928,-0.1655938534981205,0.6207268371893117,9.53299987731727,0.8479578185252223,1.0,1.0,20.14121412100071,225.0092670873461,1773.5459041020088,6.0,Boralugoda
"1843,3650",2016,36.32689150444203,0.6546758677149332,-0.1801667144896809,-0.5974537803083124,0.3837610894921894,0.1379361212956517,-0.1901164515580925,0.6414165689771442,6.500519752502441,0.7935071016076168,1.0,1.0,22.87585720071609,90.39991504268336,500.7226945422455,6.0,Hewagama
"1843,3650",2017,21.899990040900605,0.1408844153778065,-0.1718468479480724,-0.1365251080750074,0.2796873929130127,0.4096313891984146,-0.1874698468735312,0.1951911012654149,7.765000343322754,0.0,1.0,1.0,22.87585720071609,90.39991504268336,500.7226945422455,6.0,Hewagama
"1843,3650",2018,36.54181544972064,0.6394624051659605,-0.158775596252775,-0.5947850700406773,0.3973244938868593,0.1432850064613138,-0.1800796414314258,0.6306999667825427,8.130000114440918,0.8333073201186204,1.0,1.0,22.87585720071609,90.39991504268336,500.7226945422455,6.0,Hewagama
"1843,3651",2016,35.66659413127356,0.5945927075650436,-0.1874970712701142,-0.5604293733903883,0.3918229951116588,0.156775863524124,-0.1649361709527162,0.5903800599169882,8.794282037724834,0.5417494240088981,1.0,1.0,45.655958906389934,113.28648940798472,290.45943444918294,6.0,Hewagama
"1843,3651",2017,19.86888151868915,0.0756029699882962,-0.1807654777597545,-0.0796732569615475,0.2409208770243758,0.5570656118040485,-0.1829289866763339,0.134962944998003,9.859486025586508,0.0,1.0,1.0,45.655958906389934,113.28648940798472,290.45943444918294,6.0,Hewagama
"1843,3651",2018,35.79062804048148,0.5595330064313487,-0.1848248219532759,-0.4928747421189584,0.2939907790232885,0.1594099544201882,-0.1564285628710102,0.5578802610879442,9.344459170693575,0.5191864622229284,1.0,1.0,45.655958906389934,113.28648940798472,290.45943444918294,6.0,Hewagama
"1843,3652",2016,36.84342266401909,0.5151312811072972,-0.1426000509474368,-0.4611256948884253,0.275693622577785,0.1219298777423754,-0.1604436781679205,0.5234105540756957,9.06916618347168,0.3757647993643225,1.0,1.0,23.67691706930317,73.50223796992088,82.9791406683409,6.0,Kaduwela
"1843,3652",2017,20.425768193482742,0.0364148082157591,-0.1737659087405348,-0.0432964621168732,0.192634036738906,0.6655266952025441,-0.185731479894987,0.0858534477141981,10.110488891601562,0.0,1.0,1.0,23.67691706930317,73.50223796992088,82.9791406683409,6.0,Kaduwela
"1843,3652",2018,35.84712428876759,0.3968672207468231,-0.1025946892061528,-0.3625265273567841,0.2179845275012381,0.1244886569209298,-0.14183941054105,0.4682904364194101,9.489999771118164,0.1961859356376638,1.0,1.0,23.67691706930317,73.50223796992088,82.9791406683409,6.0,Kaduwela
"1843,3653",2016,32.277946924011985,0.2116570123238953,-0.2675844112526395,-0.0106909957987641,0.0528460400286127,0.0337686922930713,-0.1644126387562104,0.5012525776605644,9.06916618347168,0.0,0.0,0.0,70.21454520657596,178.7975609307662,0.0,6.0,Kaduwela
"1843,3653",2017,20.297657198503003,0.0168188299691888,-0.2291876248970716,-0.0347662269883229,0.1069240132713894,0.6076928000028485,-0.1904325757525162,0.0735887449138059,10.110488891601562,0.0,0.0,0.0,70.21454520657596,178.7975609307662,0.0,6.0,Kaduwela
"1843,3653",2018,31.332806403652707,0.0542779677643249,-0.1172866777525847,0.1214673926351134,0.0155310750913811,0.0204652723391799,-0.1354035449152935,0.4348351341819096,9.489999771118164,0.0,0.0,0.0,70.21454520657596,178.7975609307662,0.0,6.0,Kaduwela
"1846,3618",2016,35.163035401243576,0.6464121650506921,-0.1859411200304197,-0.5847194553925419,0.350655040416457,0.1453940415229473,-0.1977292368538564,0.6673299168454652,3.1195009177484603,0.7426964536791124,0.0,1.0,81.94777242200486,643.3055444689551,1419.516415777544,6.0,Thaldiyawala
"1846,3618",2017,22.50372337775505,0.0644316382438743,-0.1522212191040376,-0.0792011632369428,0.2318047410771472,0.6662628195760889,-0.1643163265206164,0.1042373791072791,3.5032365851394074,0.0,0.0,1.0,81.94777242200486,643.3055444689551,1419.516415777544,6.0,Thaldiyawala
"1846,3618",2018,34.103015874696155,0.5709138419726475,-0.1097538229469439,-0.5536274674315507,0.3665550498741041,0.1935384318083757,-0.1589284246914592,0.6232017439019958,3.8081246761023455,0.6130292141852836,0.0,1.0,81.94777242200486,643.3055444689551,1419.516415777544,6.0,Thaldiyawala
"1847,3619",2016,33.75581479475092,0.6851567048613495,-0.2009404419230525,-0.6329830502961714,0.3980019457342005,0.1560519494541448,-0.1986463282001269,0.6637800985591299,3.3102809647979545,0.9190305919745728,0.0,0.0,112.06584365363446,382.6950726573008,1126.9856992101338,8.758283671036951,Thaldiyawala
"1847,3619",2017,23.01641713914186,0.1293343396045572,-0.1932693188797637,-0.1443659200687161,0.2852222688102488,0.5433830548518109,-0.1707560983426901,0.1612456817415246,3.897427427157743,0.0637266587206992,0.0,0.0,112.06584365363446,382.6950726573008,1126.9856992101338,8.758283671036951,Thaldiyawala
"1847,3619",2018,31.8375687381788,0.6226164780346988,-0.1782739337091177,-0.5889626453000496,0.4127967953310573,0.1947091985481013,-0.1687544496856514,0.6240544319768534,4.076699688494277,0.7864123957091778,0.0,0.0,112.06584365363446,382.6950726573008,1126.9856992101338,8.758283671036951,Thaldiyawala
