grid_id,year,LST_C,local_moran_i,quadrant_code,quadrant_label,permutation_p_sim,significant_raw_p05,bh_fdr_adjusted_p,significant_fdr_05,lisa_cluster_raw_p05,lisa_cluster_fdr
"1802,3639",2024,31.95440281340002,2.6574097130483048,3,Low-Low,0.002,True,0.020221199117137403,True,Low-Low,Low-Low
"1803,3638",2024,31.635363418426987,0.7924800570462773,3,Low-Low,0.131,False,0.22938068155184424,False,Not Significant,Not Significant
"1803,3639",2024,31.155348586395,1.6121693752692667,3,Low-Low,0.013,True,0.04960347928430723,True,Low-Low,Low-Low
"1803,3640",2024,30.68948094746271,1.2067669714137002,3,Low-Low,0.117,False,0.21232257826551118,False,Not Significant,Not Significant
"1804,3636",2024,33.37778011492957,0.5184435868891524,3,Low-Low,0.107,False,0.19877900228623513,False,Not Significant,Not Significant
"1804,3637",2024,34.074798430376994,0.26196938079788734,3,Low-Low,0.093,False,0.18218036146302308,False,Not Significant,Not Significant
"1804,3638",2024,32.71177420214994,-0.08769459735218423,2,Low-High,0.394,False,0.44375563983554955,False,Not Significant,Not Significant
"1804,3639",2024,40.65035345539847,-2.441919652127072,4,High-Low,0.004,True,0.025586007046173857,True,High-Low,High-Low
"1804,3640",2024,31.77959549235635,0.7764372675148264,3,Low-Low,0.093,False,0.18218036146302308,False,Not Significant,Not Significant
"1805,3634",2024,32.83719969427787,2.0151390068009833,3,Low-Low,0.001,True,0.014246753923437716,True,Low-Low,Low-Low
"1805,3635",2024,30.44947645917568,2.396118197713574,3,Low-Low,0.005,True,0.02798469325204437,True,Low-Low,Low-Low
"1805,3636",2024,34.318316251174785,0.2343230818669622,3,Low-Low,0.048,True,0.11688346383508116,False,Low-Low,Not Significant
"1805,3637",2024,36.37771350401414,-0.03945747184554784,4,High-Low,0.431,False,0.46720058668272296,False,Not Significant,Not Significant
"1805,3638",2024,35.96084689484346,0.17583048083896577,1,High-High,0.078,False,0.16190350381349097,False,Not Significant,Not Significant
"1805,3639",2024,37.82747580509371,-0.3316159469912903,4,High-Low,0.219,False,0.3156938192761367,False,Not Significant,Not Significant
"1805,3640",2024,32.10912981347984,0.38034513524310837,3,Low-Low,0.234,False,0.328048558623646,False,Not Significant,Not Significant
"1805,3641",2024,32.08591590581084,1.7770545305955678,3,Low-Low,0.005,True,0.02798469325204437,True,Low-Low,Low-Low
"1806,3633",2024,32.57358127945457,1.6696167457496969,3,Low-Low,0.001,True,0.014246753923437716,True,Low-Low,Low-Low
"1806,3634",2024,31.230112239758988,2.3695563763782506,3,Low-Low,0.001,True,0.014246753923437716,True,Low-Low,Low-Low
"1806,3635",2024,29.730229696232588,2.021869041119029,3,Low-Low,0.005,True,0.02798469325204437,True,Low-Low,Low-Low
"1806,3636",2024,34.781602481663725,0.08841525801460327,3,Low-Low,0.086,False,0.17262946606391302,False,Not Significant,Not Significant
"1806,3637",2024,38.53921333349124,0.16543070638762142,1,High-High,0.365,False,0.4257363215968179,False,Not Significant,Not Significant
"1806,3638",2024,36.56826984561746,0.2746654312761493,1,High-High,0.099,False,0.18920383172739258,False,Not Significant,Not Significant
"1806,3639",2024,34.19972929178391,-0.04049645112476582,2,Low-High,0.386,False,0.43834576408685366,False,Not Significant,Not Significant
"1806,3640",2024,32.66819069165225,0.12869168347441184,3,Low-Low,0.38,False,0.43468195492085127,False,Not Significant,Not Significant
"1806,3641",2024,32.992638897237775,0.37835996888103496,3,Low-Low,0.193,False,0.29042661735795655,False,Not Significant,Not Significant
"1807,3631",2024,31.08782883240517,2.819669957273469,3,Low-Low,0.001,True,0.014246753923437716,True,Low-Low,Low-Low
"1807,3632",2024,29.66626738609113,2.780511542078286,3,Low-Low,0.005,True,0.02798469325204437,True,Low-Low,Low-Low
"1807,3633",2024,31.13662492956312,1.3628433562061115,3,Low-Low,0.019,True,0.06306505092221021,False,Low-Low,Not Significant
"1807,3634",2024,35.46692308205596,-0.09057611490658582,4,High-Low,0.009,True,0.04005273661253177,True,High-Low,High-Low
"1807,3635",2024,33.59693370033076,0.3558900817611202,3,Low-Low,0.07,False,0.15101278333713172,False,Not Significant,Not Significant
"1807,3636",2024,34.35146400280665,0.12717734569571476,3,Low-Low,0.174,False,0.2715191956010686,False,Not Significant,Not Significant
"1807,3637",2024,36.10180653941754,0.01933377624284381,1,High-High,0.426,False,0.4652284708350615,False,Not Significant,Not Significant
"1807,3638",2024,35.182556496175685,-0.00470696188890235,2,Low-High,0.131,False,0.22938068155184424,False,Not Significant,Not Significant
"1807,3639",2024,35.49867059120512,0.05320796762639371,1,High-High,0.124,False,0.22154397032062859,False,Not Significant,Not Significant
"1807,3640",2024,37.44855457320443,0.44259755030807146,1,High-High,0.104,False,0.19452344817375386,False,Not Significant,Not Significant
"1807,3641",2024,37.5004966071461,0.5979933210390308,1,High-High,0.09,False,0.17773178023974387,False,Not Significant,Not Significant
"1808,3630",2024,30.714259736524944,2.297428536306719,3,Low-Low,0.006,True,0.03179710172566671,True,Low-Low,Low-Low
"1808,3631",2024,34.190617791369405,0.502101976287262,3,Low-Low,0.003,True,0.02246416401779184,True,Low-Low,Low-Low
"1808,3632",2024,32.6936894794143,0.656683955135948,3,Low-Low,0.039,True,0.10334058184230673,False,Low-Low,Not Significant
"1808,3633",2024,34.64605948461701,0.003424440919792675,3,Low-Low,0.495,False,0.4972664883066883,False,Not Significant,Not Significant
"1808,3634",2024,38.569820420054846,0.3293367507885766,1,High-High,0.265,False,0.35473457511566703,False,Not Significant,Not Significant
"1808,3635",2024,36.257807831318985,0.13207770561733628,1,High-High,0.205,False,0.30165660367325436,False,Not Significant,Not Significant
"1808,3636",2024,32.52600563211507,-0.028071820031171667,2,Low-High,0.453,False,0.4764535090495847,False,Not Significant,Not Significant
"1808,3637",2024,34.25490833239593,0.030677271629928726,3,Low-Low,0.431,False,0.46720058668272296,False,Not Significant,Not Significant
"1808,3638",2024,36.32696007767683,0.08733459840384801,1,High-High,0.312,False,0.3904894547195892,False,Not Significant,Not Significant
"1808,3639",2024,37.246297154769564,0.6616290359189446,1,High-High,0.023,True,0.07167897741204467,False,High-High,Not Significant
"1808,3640",2024,39.3179691746572,2.189151028988961,1,High-High,0.004,True,0.025586007046173857,True,High-High,High-High
"1808,3641",2024,40.08787160000001,3.9374809808357325,1,High-High,0.002,True,0.020221199117137403,True,High-High,High-High
"1809,3628",2024,30.01712416917708,3.3036835395969257,3,Low-Low,0.001,True,0.014246753923437716,True,Low-Low,Low-Low
"1809,3629",2024,30.237794705926085,2.038875227287317,3,Low-Low,0.012,True,0.047098390391506324,True,Low-Low,Low-Low
"1809,3630",2024,31.760021389712115,-0.022081184916578733,2,Low-High,0.473,False,0.48538913846127446,False,Not Significant,Not Significant
"1809,3631",2024,36.09550831452118,0.10294786750060017,1,High-High,0.22,False,0.3165114736947857,False,Not Significant,Not Significant
"1809,3632",2024,37.33100204952692,0.7005614605191711,1,High-High,0.021,True,0.06687082638436893,False,High-High,Not Significant
"1809,3633",2024,37.16102019255903,0.902348530636546,1,High-High,0.006,True,0.03179710172566671,True,High-High,High-High
"1809,3634",2024,39.40525099320037,2.109160266234291,1,High-High,0.004,True,0.025586007046173857,True,High-High,High-High
"1809,3635",2024,37.8887183042814,1.0610837945569391,1,High-High,0.011,True,0.04444567195069504,True,High-High,High-High
"1809,3636",2024,34.86251353773285,-0.04879882743424247,2,Low-High,0.181,False,0.2786764824181272,False,Not Significant,Not Significant
"1809,3637",2024,34.77283940367373,0.008920499084904051,3,Low-Low,0.463,False,0.4802940893398673,False,Not Significant,Not Significant
"1809,3638",2024,36.27222526510033,0.04395275465046914,1,High-High,0.381,False,0.4349188484274758,False,Not Significant,Not Significant
"1809,3639",2024,35.44163386295242,0.09204305167187818,1,High-High,0.012,True,0.047098390391506324,True,High-High,High-High
"1809,3640",2024,39.06660269996223,2.4805179823314765,1,High-High,0.002,True,0.020221199117137403,True,High-High,High-High
"1809,3641",2024,40.51712996702569,4.891127193034927,1,High-High,0.001,True,0.014246753923437716,True,High-High,High-High
"1809,3642",2024,41.41510310454184,5.804709469370255,1,High-High,0.001,True,0.014246753923437716,True,High-High,High-High
"1810,3627",2024,30.08162922000002,3.689501531456605,3,Low-Low,0.001,True,0.014246753923437716,True,Low-Low,Low-Low
"1810,3628",2024,32.30908991154917,1.4675936192960108,3,Low-Low,0.003,True,0.02246416401779184,True,Low-Low,Low-Low
"1810,3629",2024,35.585911172076166,-0.05364495803118577,4,High-Low,0.188,False,0.2852503360142187,False,Not Significant,Not Significant
"1810,3630",2024,38.66476862099094,1.0485457150457496,1,High-High,0.037,True,0.10109340105377425,False,High-High,Not Significant
"1810,3631",2024,41.19630545801497,2.9836138032678527,1,High-High,0.004,True,0.025586007046173857,True,High-High,High-High
"1810,3632",2024,39.72803507994458,3.128408508216195,1,High-High,0.001,True,0.014246753923437716,True,High-High,High-High
"1810,3633",2024,39.05750460468651,2.789883028871864,1,High-High,0.001,True,0.014246753923437716,True,High-High,High-High
"1810,3634",2024,38.57869589133028,2.7553854710436747,1,High-High,0.001,True,0.014246753923437716,True,High-High,High-High
"1810,3635",2024,39.45180348009213,2.704782959756849,1,High-High,0.002,True,0.020221199117137403,True,High-High,High-High
"1810,3636",2024,37.728219912283095,0.8381841382344225,1,High-High,0.02,True,0.06510385611158097,False,High-High,Not Significant
"1810,3637",2024,34.378925906580896,-0.07898771819185009,2,Low-High,0.273,False,0.36082048444862824,False,Not Significant,Not Significant
"1810,3638",2024,34.51079346893058,-0.020699885683000917,2,Low-High,0.408,False,0.4534711161403791,False,Not Significant,Not Significant
"1810,3639",2024,36.37949078662033,0.36144016591771994,1,High-High,0.036,True,0.09935093911938697,False,High-High,Not Significant
"1810,3640",2024,38.24680641221079,1.969843280804372,1,High-High,0.002,True,0.020221199117137403,True,High-High,High-High
"1810,3641",2024,39.94358643321479,4.385716670281746,1,High-High,0.001,True,0.014246753923437716,True,High-High,High-High
"1810,3642",2024,40.36966979257567,4.519413402833296,1,High-High,0.001,True,0.014246753923437716,True,High-High,High-High
"1810,3643",2024,38.31708844452917,2.3280055244348623,1,High-High,0.002,True,0.020221199117137403,True,High-High,High-High
"1811,3627",2024,30.472609881134105,2.95289783445056,3,Low-Low,0.001,True,0.014246753923437716,True,Low-Low,Low-Low
"1811,3628",2024,33.76427554499763,0.407573836260978,3,Low-Low,0.035,True,0.09744923899356786,False,Low-Low,Not Significant
"1811,3629",2024,38.73656983792611,0.9556324425107187,1,High-High,0.059,False,0.1349801885136971,False,Not Significant,Not Significant
"1811,3630",2024,40.53621073687437,3.9602802950794582,1,High-High,0.001,True,0.014246753923437716,True,High-High,High-High
"1811,3631",2024,39.5603392027265,3.772706318708753,1,High-High,0.001,True,0.014246753923437716,True,High-High,High-High
"1811,3632",2024,37.76472281755799,2.4866175829113466,1,High-High,0.001,True,0.014246753923437716,True,High-High,High-High
"1811,3633",2024,40.968275936832505,4.615217581630316,1,High-High,0.001,True,0.014246753923437716,True,High-High,High-High
"1811,3634",2024,39.49302004575894,3.9764298652466454,1,High-High,0.001,True,0.014246753923437716,True,High-High,High-High
"1811,3635",2024,40.68460110286626,4.27736562157098,1,High-High,0.001,True,0.014246753923437716,True,High-High,High-High
"1811,3636",2024,38.32072748102761,1.8183219641842545,1,High-High,0.003,True,0.02246416401779184,True,High-High,High-High
"1811,3637",2024,34.51073202030293,-0.19815459408878727,2,Low-High,0.046,True,0.1140384183007445,False,Low-High,Not Significant
"1811,3638",2024,34.468855266021635,-0.07210066636245885,2,Low-High,0.266,False,0.3547744715829751,False,Not Significant,Not Significant
"1811,3639",2024,36.62335607550074,0.3285603697257979,1,High-High,0.079,False,0.16336098772585111,False,Not Significant,Not Significant
"1811,3640",2024,39.29153879582248,2.1871866716398176,1,High-High,0.004,True,0.025586007046173857,True,High-High,High-High
"1811,3641",2024,40.13252495852037,3.6889042348100363,1,High-High,0.001,True,0.014246753923437716,True,High-High,High-High
"1811,3642",2024,39.37980446769805,3.2230970231952893,1,High-High,0.001,True,0.014246753923437716,True,High-High,High-High
"1811,3643",2024,37.15608159870014,1.343089299692892,1,High-High,0.002,True,0.020221199117137403,True,High-High,High-High
"1811,3644",2024,36.29534903169015,0.6675133252424258,1,High-High,0.007,True,0.034204900833074925,True,High-High,High-High
"1812,3626",2024,30.942781143887206,2.450936381780774,3,Low-Low,0.004,True,0.025586007046173857,True,Low-Low,Low-Low
"1812,3627",2024,31.137730601737005,1.4376397593378292,3,Low-Low,0.017,True,0.05873701106610261,False,Low-Low,Not Significant
"1812,3628",2024,34.46901406205407,-0.00912277709717275,2,Low-High,0.449,False,0.4740644860887206,False,Not Significant,Not Significant
"1812,3629",2024,37.6877876699141,1.2438312645650573,1,High-High,0.004,True,0.025586007046173857,True,High-High,High-High
"1812,3630",2024,39.40172000670932,3.587433766946892,1,High-High,0.001,True,0.014246753923437716,True,High-High,High-High
"1812,3631",2024,40.32972841508899,4.32202611733338,1,High-High,0.001,True,0.014246753923437716,True,High-High,High-High
"1812,3632",2024,38.44551705914654,3.0795392025020956,1,High-High,0.001,True,0.014246753923437716,True,High-High,High-High
"1812,3633",2024,40.98387104863379,5.102418955832512,1,High-High,0.001,True,0.014246753923437716,True,High-High,High-High
"1812,3634",2024,39.41058056849482,4.161621466150694,1,High-High,0.001,True,0.014246753923437716,True,High-High,High-High
"1812,3635",2024,39.35865592311746,3.8605148871439945,1,High-High,0.001,True,0.014246753923437716,True,High-High,High-High
"1812,3636",2024,40.31947205953908,3.7601496291632674,1,High-High,0.001,True,0.014246753923437716,True,High-High,High-High
"1812,3637",2024,38.420673383986255,1.342293894673223,1,High-High,0.008,True,0.03750427528563091,True,High-High,High-High
"1812,3638",2024,34.78210084176576,-0.12472814977943851,2,Low-High,0.04,True,0.10472553465204193,False,Low-High,Not Significant
"1812,3639",2024,35.930370582595394,0.2125799432966094,1,High-High,0.039,True,0.10334058184230673,False,High-High,Not Significant
"1812,3640",2024,37.27750644430652,1.2228055367692725,1,High-High,0.003,True,0.02246416401779184,True,High-High,High-High
"1812,3641",2024,38.391357485391,2.240532590470467,1,High-High,0.001,True,0.014246753923437716,True,High-High,High-High
"1812,3642",2024,38.4943135011849,2.420580349196139,1,High-High,0.001,True,0.014246753923437716,True,High-High,High-High
"1812,3643",2024,39.523607850696415,2.342441908690916,1,High-High,0.004,True,0.025586007046173857,True,High-High,High-High
"1812,3644",2024,38.02694705929383,1.4000860168126783,1,High-High,0.011,True,0.04444567195069504,True,High-High,High-High
"1813,3624",2024,30.478842568606577,2.4963707873241736,3,Low-Low,0.009,True,0.04005273661253177,True,Low-Low,Low-Low
"1813,3625",2024,31.06079366839523,1.609966048743578,3,Low-Low,0.02,True,0.06510385611158097,False,Low-Low,Not Significant
"1813,3626",2024,33.938817156824484,0.3034181845614576,3,Low-Low,0.074,False,0.155811902199963,False,Not Significant,Not Significant
"1813,3627",2024,35.19082954898182,0.002574466550636394,3,Low-Low,0.191,False,0.28860468265520967,False,Not Significant,Not Significant
"1813,3628",2024,35.42725535099938,0.05743437768097196,1,High-High,0.061,False,0.13797319742668535,False,Not Significant,Not Significant
"1813,3629",2024,39.743941017312174,2.484835134477696,1,High-High,0.003,True,0.02246416401779184,True,High-High,High-High
"1813,3630",2024,39.49910836885579,3.742725435480925,1,High-High,0.001,True,0.014246753923437716,True,High-High,High-High
"1813,3631",2024,39.52155819764268,3.6605607297114804,1,High-High,0.001,True,0.014246753923437716,True,High-High,High-High
"1813,3632",2024,40.425573485747336,4.302310696618101,1,High-High,0.001,True,0.014246753923437716,True,High-High,High-High
"1813,3633",2024,39.86410598860413,4.081652830602402,1,High-High,0.001,True,0.014246753923437716,True,High-High,High-High
"1813,3634",2024,40.35112523396254,4.692699090170703,1,High-High,0.001,True,0.014246753923437716,True,High-High,High-High
"1813,3635",2024,39.26135691471751,4.089045171884155,1,High-High,0.001,True,0.014246753923437716,True,High-High,High-High
"1813,3636",2024,40.73724771390936,5.15673877929813,1,High-High,0.001,True,0.014246753923437716,True,High-High,High-High
"1813,3637",2024,39.56634809906814,2.8413025061834722,1,High-High,0.002,True,0.020221199117137403,True,High-High,High-High
"1813,3638",2024,35.5463520784409,0.17967712709169037,1,High-High,0.004,True,0.025586007046173857,True,High-High,High-High
"1813,3639",2024,38.19611075084319,1.0609216354957955,1,High-High,0.015,True,0.05430692947921482,False,High-High,Not Significant
"1813,3640",2024,37.17639527398398,1.3057606385882583,1,High-High,0.001,True,0.014246753923437716,True,High-High,High-High
"1813,3641",2024,39.381508092116206,2.6215642495536056,1,High-High,0.002,True,0.020221199117137403,True,High-High,High-High
"1813,3642",2024,38.46816069588692,2.047748820308979,1,High-High,0.002,True,0.020221199117137403,True,High-High,High-High
"1813,3643",2024,38.46752432043173,1.4720020275385926,1,High-High,0.006,True,0.03179710172566671,True,High-High,High-High
"1813,3644",2024,36.92116957618831,0.7772963031483174,1,High-High,0.015,True,0.05430692947921482,False,High-High,Not Significant
"1814,3623",2024,31.40362535846206,2.351890207002128,3,Low-Low,0.001,True,0.014246753923437716,True,Low-Low,Low-Low
"1814,3624",2024,31.675593431121847,1.373693294088703,3,Low-Low,0.011,True,0.04444567195069504,True,Low-Low,Low-Low
"1814,3625",2024,36.227757542578125,-0.2519495319890133,4,High-Low,0.05,True,0.12015334242569264,False,High-Low,Not Significant
"1814,3626",2024,36.442705191595486,0.0654024462883896,1,High-High,0.369,False,0.4281258452260135,False,Not Significant,Not Significant
"1814,3627",2024,37.16843664439544,0.4103911768579813,1,High-High,0.102,False,0.1922577283636401,False,Not Significant,Not Significant
"1814,3628",2024,36.52153532985866,0.6856204596044596,1,High-High,0.004,True,0.025586007046173857,True,High-High,High-High
"1814,3629",2024,40.191559996043246,2.7382158218858006,1,High-High,0.003,True,0.02246416401779184,True,High-High,High-High
"1814,3630",2024,40.21057690440764,3.0851707237250166,1,High-High,0.002,True,0.020221199117137403,True,High-High,High-High
"1814,3631",2024,39.19380940648273,2.3004819951617264,1,High-High,0.003,True,0.02246416401779184,True,High-High,High-High
"1814,3632",2024,37.83866900457652,1.666263406219095,1,High-High,0.002,True,0.020221199117137403,True,High-High,High-High
"1814,3633",2024,38.21237617411593,2.5233795988949814,1,High-High,0.001,True,0.014246753923437716,True,High-High,High-High
"1814,3634",2024,40.78767849389843,5.097328128523758,1,High-High,0.001,True,0.014246753923437716,True,High-High,High-High
"1814,3635",2024,39.99646241127515,5.3396520997484584,1,High-High,0.001,True,0.014246753923437716,True,High-High,High-High
"1814,3636",2024,40.74022935063067,6.083449549480652,1,High-High,0.001,True,0.014246753923437716,True,High-High,High-High
"1814,3637",2024,41.01319331894639,4.430457197812305,1,High-High,0.001,True,0.014246753923437716,True,High-High,High-High
"1814,3638",2024,35.98057669822632,0.5026175221692581,1,High-High,0.001,True,0.014246753923437716,True,High-High,High-High
"1814,3639",2024,38.91083923385386,1.3597603106148568,1,High-High,0.012,True,0.047098390391506324,True,High-High,High-High
"1814,3640",2024,40.15735637328302,2.6659251815761893,1,High-High,0.004,True,0.025586007046173857,True,High-High,High-High
"1814,3641",2024,39.75604107833556,2.3395992270009454,1,High-High,0.004,True,0.025586007046173857,True,High-High,High-High
"1814,3642",2024,36.87547311487872,0.8723264989078084,1,High-High,0.004,True,0.025586007046173857,True,High-High,High-High
"1814,3643",2024,35.707198177822555,0.1679665514180161,1,High-High,0.019,True,0.06306505092221021,False,High-High,Not Significant
"1814,3644",2024,35.57569044820893,0.10235242817291647,1,High-High,0.083,False,0.16892578206776687,False,Not Significant,Not Significant
"1815,3621",2024,34.63503410092923,0.41703895413598585,3,Low-Low,0.001,True,0.014246753923437716,True,Low-Low,Low-Low
"1815,3622",2024,31.297687861379348,2.238646498052042,3,Low-Low,0.001,True,0.014246753923437716,True,Low-Low,Low-Low
"1815,3623",2024,31.34111991004493,1.42667522388691,3,Low-Low,0.019,True,0.06306505092221021,False,Low-Low,Not Significant
"1815,3624",2024,35.927853798540546,-0.05895499534332327,4,High-Low,0.306,False,0.38539838544536814,False,Not Significant,Not Significant
"1815,3625",2024,36.52794647685207,0.3356286145457448,1,High-High,0.063,False,0.14118692770493774,False,Not Significant,Not Significant
"1815,3626",2024,35.80853729661713,0.3133704323531449,1,High-High,0.004,True,0.025586007046173857,True,High-High,High-High
"1815,3627",2024,37.85183997599808,1.4701133313300747,1,High-High,0.003,True,0.02246416401779184,True,High-High,High-High
"1815,3628",2024,38.799081781534674,2.4318729059398283,1,High-High,0.001,True,0.014246753923437716,True,High-High,High-High
"1815,3629",2024,38.021227418966326,1.7414249331283853,1,High-High,0.002,True,0.020221199117137403,True,High-High,High-High
"1815,3630",2024,35.25045668798088,0.020969862251252788,1,High-High,0.004,True,0.025586007046173857,True,High-High,High-High
"1815,3631",2024,34.72052879024001,-0.1616882270125409,2,Low-High,0.019,True,0.06306505092221021,False,Low-High,Not Significant
"1815,3632",2024,37.10766869593994,0.6223961739892673,1,High-High,0.021,True,0.06687082638436893,False,High-High,Not Significant
"1815,3633",2024,37.763002915854365,1.5851509714406735,1,High-High,0.002,True,0.020221199117137403,True,High-High,High-High
"1815,3634",2024,40.86436339502544,4.651951634798643,1,High-High,0.001,True,0.014246753923437716,True,High-High,High-High
"1815,3635",2024,41.60660821262336,6.706900877387779,1,High-High,0.001,True,0.014246753923437716,True,High-High,High-High
"1815,3636",2024,41.5693122266196,7.250172764685298,1,High-High,0.001,True,0.014246753923437716,True,High-High,High-High
"1815,3637",2024,41.5523549312657,5.590067435943919,1,High-High,0.001,True,0.014246753923437716,True,High-High,High-High
"1815,3638",2024,36.2607133533192,0.7271749781383509,1,High-High,0.001,True,0.014246753923437716,True,High-High,High-High
"1815,3639",2024,36.467671414246105,0.45151726509453993,1,High-High,0.014,True,0.05214940738217535,False,High-High,Not Significant
"1815,3640",2024,36.45847227177408,0.47096599410761486,1,High-High,0.01,True,0.04276803023314383,True,High-High,High-High
"1815,3641",2024,36.69729182217451,0.47709363863430315,1,High-High,0.025,True,0.0749316951056403,False,High-High,Not Significant
"1815,3642",2024,36.86895538914374,0.4645460899133219,1,High-High,0.046,True,0.1140384183007445,False,High-High,Not Significant
"1815,3643",2024,37.0908940746486,0.22192573984642908,1,High-High,0.228,False,0.32398445612794374,False,Not Significant,Not Significant
"1815,3644",2024,34.77861844372567,-0.05720586165342977,2,Low-High,0.259,False,0.35012076852943014,False,Not Significant,Not Significant
"1816,3620",2024,32.81858108153006,0.8519489069355493,3,Low-Low,0.059,False,0.1349801885136971,False,Not Significant,Not Significant
"1816,3621",2024,31.233946866678554,1.701095718932519,3,Low-Low,0.006,True,0.03179710172566671,True,Low-Low,Low-Low
"1816,3622",2024,31.073386660038388,1.4576102947536913,3,Low-Low,0.014,True,0.05214940738217535,False,Low-Low,Not Significant
"1816,3623",2024,34.53769191936266,0.09998238325696843,3,Low-Low,0.17,False,0.2681380330145059,False,Not Significant,Not Significant
"1816,3624",2024,37.74359900772003,0.6309432299015836,1,High-High,0.065,False,0.14390514103844235,False,Not Significant,Not Significant
"1816,3625",2024,38.96115918337527,2.0036475728750682,1,High-High,0.003,True,0.02246416401779184,True,High-High,High-High
"1816,3626",2024,38.97947631893244,2.692677649288159,1,High-High,0.001,True,0.014246753923437716,True,High-High,High-High
"1816,3627",2024,40.24751160556034,3.8771494425703366,1,High-High,0.001,True,0.014246753923437716,True,High-High,High-High
"1816,3628",2024,39.7717590588582,3.600080512134214,1,High-High,0.001,True,0.014246753923437716,True,High-High,High-High
"1816,3629",2024,38.77021811610728,1.939258649618838,1,High-High,0.003,True,0.02246416401779184,True,High-High,High-High
"1816,3630",2024,36.72192509624591,0.2688176730387068,1,High-High,0.136,False,0.23366015365372061,False,Not Significant,Not Significant
"1816,3631",2024,33.90378075098127,-0.039255280083715316,2,Low-High,0.415,False,0.45800300889931456,False,Not Significant,Not Significant
"1816,3632",2024,34.57656391776182,-0.11136469487775291,2,Low-High,0.138,False,0.2348890554035607,False,Not Significant,Not Significant
"1816,3633",2024,38.46736757015222,1.2140765840004433,1,High-High,0.013,True,0.04960347928430723,True,High-High,High-High
"1816,3634",2024,38.43875797620565,2.0509938893982853,1,High-High,0.002,True,0.020221199117137403,True,High-High,High-High
"1816,3635",2024,39.03148383881846,3.094960689145531,1,High-High,0.001,True,0.014246753923437716,True,High-High,High-High
"1816,3636",2024,41.83190794797323,6.240145403318442,1,High-High,0.001,True,0.014246753923437716,True,High-High,High-High
"1816,3637",2024,41.12030699211426,5.005740533473114,1,High-High,0.001,True,0.014246753923437716,True,High-High,High-High
"1816,3638",2024,38.11513901691284,1.7063996115877635,1,High-High,0.002,True,0.020221199117137403,True,High-High,High-High
"1816,3639",2024,35.94051874267998,0.17345485741714564,1,High-High,0.077,False,0.16028273157930917,False,Not Significant,Not Significant
"1816,3640",2024,34.078997863476104,-0.10665231711586862,2,Low-High,0.283,False,0.36892571792103884,False,Not Significant,Not Significant
"1816,3641",2024,34.61615661497659,-0.01715468748670152,2,Low-High,0.419,False,0.4605641279944437,False,Not Significant,Not Significant
"1816,3642",2024,35.57733422991496,0.03328130316596197,1,High-High,0.289,False,0.3736393694394325,False,Not Significant,Not Significant
"1816,3643",2024,36.45343046365805,0.0900346679330545,1,High-High,0.329,False,0.40348015183373626,False,Not Significant,Not Significant
"1816,3644",2024,34.51340994170607,-0.1055368879682744,2,Low-High,0.232,False,0.3267060239752695,False,Not Significant,Not Significant
"1817,3620",2024,33.71646339682136,0.45706113948547183,3,Low-Low,0.051,False,0.12162391076917234,False,Not Significant,Not Significant
"1817,3621",2024,34.18118226811316,0.4870285989647149,3,Low-Low,0.002,True,0.020221199117137403,True,Low-Low,Low-Low
"1817,3622",2024,33.885955228602896,0.4392998784908017,3,Low-Low,0.016,True,0.05689465424205921,False,Low-Low,Not Significant
"1817,3623",2024,36.57728928175677,-0.0260279027495363,4,High-Low,0.466,False,0.48181148897242027,False,Not Significant,Not Significant
"1817,3624",2024,37.91656067401353,1.2359898582073248,1,High-High,0.006,True,0.03179710172566671,True,High-High,High-High
"1817,3625",2024,39.75751940566497,3.409572342317265,1,High-High,0.001,True,0.014246753923437716,True,High-High,High-High
"1817,3626",2024,40.19434665601241,4.657278426207571,1,High-High,0.001,True,0.014246753923437716,True,High-High,High-High
"1817,3627",2024,40.65356836339556,5.388110674786957,1,High-High,0.001,True,0.014246753923437716,True,High-High,High-High
"1817,3628",2024,40.13979421078262,4.41658689869481,1,High-High,0.001,True,0.014246753923437716,True,High-High,High-High
"1817,3629",2024,38.48916542099391,1.8797658555373733,1,High-High,0.002,True,0.020221199117137403,True,High-High,High-High
"1817,3630",2024,36.080976943673136,0.08350224551033206,1,High-High,0.281,False,0.36762908429849267,False,Not Significant,Not Significant
"1817,3631",2024,33.484202501590666,0.22125346232363519,3,Low-Low,0.208,False,0.3028215059161424,False,Not Significant,Not Significant
"1817,3632",2024,34.922723277205414,-0.017659642684384278,2,Low-High,0.342,False,0.41160066743768053,False,Not Significant,Not Significant
"1817,3633",2024,38.28826561288805,0.8603476358172785,1,High-High,0.046,True,0.1140384183007445,False,High-High,Not Significant
"1817,3634",2024,34.49185644197284,-0.361262989313656,2,Low-High,0.005,True,0.02798469325204437,True,Low-High,Low-High
"1817,3635",2024,36.35084378883469,0.5638762841390832,1,High-High,0.005,True,0.02798469325204437,True,High-High,High-High
"1817,3636",2024,38.63828336256001,2.086407677355697,1,High-High,0.002,True,0.020221199117137403,True,High-High,High-High
"1817,3637",2024,39.18043602939777,2.68290359478905,1,High-High,0.001,True,0.014246753923437716,True,High-High,High-High
"1817,3638",2024,38.11697823509368,1.1565874602822201,1,High-High,0.01,True,0.04276803023314383,True,High-High,High-High
"1817,3639",2024,36.32620004289371,0.11444165181737492,1,High-High,0.263,False,0.3533509033119029,False,Not Significant,Not Significant
"1817,3640",2024,35.2541327772496,-0.006110560369408086,4,High-Low,0.199,False,0.29680897490983105,False,Not Significant,Not Significant
"1817,3641",2024,33.65570511733651,0.20126102028429887,3,Low-Low,0.204,False,0.30099259692707075,False,Not Significant,Not Significant
"1817,3642",2024,34.2289683922027,0.029552034487256754,3,Low-Low,0.431,False,0.46720058668272296,False,Not Significant,Not Significant
"1817,3643",2024,35.644902828589736,0.01163453427513637,1,High-High,0.437,False,0.46975894861511014,False,Not Significant,Not Significant
"1817,3644",2024,35.838979896790505,0.07116782809580238,1,High-High,0.319,False,0.3963114453874115,False,Not Significant,Not Significant
"1818,3619",2024,36.00157518209678,-0.298201579361544,4,High-Low,0.052,False,0.12347186401937947,False,Not Significant,Not Significant
"1818,3620",2024,34.6084564441187,0.16075806368495582,3,Low-Low,0.051,False,0.12162391076917234,False,Not Significant,Not Significant
"1818,3621",2024,33.298894360402194,0.6095671668336623,3,Low-Low,0.023,True,0.07167897741204467,False,Low-Low,Not Significant
"1818,3622",2024,32.23832369367563,0.2729427227115633,3,Low-Low,0.289,False,0.3736393694394325,False,Not Significant,Not Significant
"1818,3623",2024,35.35904894522973,0.0170333545671699,1,High-High,0.24,False,0.33389980230213495,False,Not Significant,Not Significant
"1818,3624",2024,38.16274205048054,1.3521522326954638,1,High-High,0.007,True,0.034204900833074925,True,High-High,High-High
"1818,3625",2024,38.6822064746163,2.569291299735051,1,High-High,0.001,True,0.014246753923437716,True,High-High,High-High
"1818,3626",2024,40.76876938578586,4.635400756581139,1,High-High,0.001,True,0.014246753923437716,True,High-High,High-High
"1818,3627",2024,40.68153099683094,4.998463725226679,1,High-High,0.001,True,0.014246753923437716,True,High-High,High-High
"1818,3628",2024,40.14776556244719,3.9771809792258574,1,High-High,0.001,True,0.014246753923437716,True,High-High,High-High
"1818,3629",2024,38.44376947349891,1.768639669188269,1,High-High,0.003,True,0.02246416401779184,True,High-High,High-High
"1818,3630",2024,34.32961893974757,-0.15369532181492906,2,Low-High,0.135,False,0.23267086549059948,False,Not Significant,Not Significant
"1818,3631",2024,31.328123714257927,-0.19808130810493,2,Low-High,0.377,False,0.4330565491583959,False,Not Significant,Not Significant
"1818,3632",2024,34.71933708072518,-0.07229251078438462,2,Low-High,0.177,False,0.2752218301586865,False,Not Significant,Not Significant
"1818,3633",2024,39.35152858121953,1.1683054097764465,1,High-High,0.044,True,0.11134486675537444,False,High-High,Not Significant
"1818,3634",2024,37.78769223945103,0.6971569865210692,1,High-High,0.05,True,0.12015334242569264,False,High-High,Not Significant
"1818,3635",2024,33.940353620824304,-0.38450803653123844,2,Low-High,0.038,True,0.10254858218839101,False,Low-High,Not Significant
"1818,3636",2024,37.10187360037025,0.5758779701233315,1,High-High,0.037,True,0.10109340105377425,False,High-High,Not Significant
"1818,3637",2024,37.25052689991917,0.9072351342212376,1,High-High,0.007,True,0.034204900833074925,True,High-High,High-High
"1818,3638",2024,36.29622449953384,0.26365340830949974,1,High-High,0.075,False,0.15686368592815017,False,Not Significant,Not Significant
"1818,3639",2024,33.22061562532773,-0.08548282409487924,2,Low-High,0.388,False,0.4397066245394305,False,Not Significant,Not Significant
"1818,3640",2024,34.71297057403717,0.14418586941143335,3,Low-Low,0.033,True,0.09294223312924547,False,Low-Low,Not Significant
"1818,3641",2024,33.750886022283794,0.4904504347229202,3,Low-Low,0.015,True,0.05430692947921482,False,Low-Low,Not Significant
"1818,3642",2024,34.31232762528455,0.20533637465167226,3,Low-Low,0.071,False,0.15257003437818906,False,Not Significant,Not Significant
"1818,3643",2024,36.46493895530004,-0.18348029473982594,4,High-Low,0.206,False,0.30191316000206436,False,Not Significant,Not Significant
"1819,3619",2024,32.872234838202274,0.6515899928561866,3,Low-Low,0.08,False,0.16496240232784048,False,Not Significant,Not Significant
"1819,3620",2024,32.176012119020434,0.5241298850365511,3,Low-Low,0.133,False,0.230127762521291,False,Not Significant,Not Significant
"1819,3621",2024,34.92454232968971,0.06493786315479129,3,Low-Low,0.071,False,0.15257003437818906,False,Not Significant,Not Significant
"1819,3622",2024,33.28098960990809,-0.09695855798324954,2,Low-High,0.376,False,0.4321340868271977,False,Not Significant,Not Significant
"1819,3623",2024,36.51912750734118,0.1576345232891486,1,High-High,0.23,False,0.3257714713712597,False,Not Significant,Not Significant
"1819,3624",2024,37.59398519501915,0.7027796827088915,1,High-High,0.042,True,0.10840941030312987,False,High-High,Not Significant
"1819,3625",2024,37.426313442692,1.1272622834430144,1,High-High,0.005,True,0.02798469325204437,True,High-High,High-High
"1819,3626",2024,39.19768073169037,2.439927303247713,1,High-High,0.002,True,0.020221199117137403,True,High-High,High-High
"1819,3627",2024,38.153543256476055,2.376313466505666,1,High-High,0.001,True,0.014246753923437716,True,High-High,High-High
"1819,3628",2024,38.65033469384238,2.4651824068224264,1,High-High,0.001,True,0.014246753923437716,True,High-High,High-High
"1819,3629",2024,38.40672405724224,1.6704759354217666,1,High-High,0.004,True,0.025586007046173857,True,High-High,High-High
"1819,3630",2024,37.11766676992455,0.4607945231192678,1,High-High,0.075,False,0.15686368592815017,False,Not Significant,Not Significant
"1819,3631",2024,35.25484293897975,0.009080462310669463,1,High-High,0.112,False,0.2056301318701341,False,Not Significant,Not Significant
"1819,3632",2024,37.787354456609705,0.7527690127893335,1,High-High,0.04,True,0.10472553465204193,False,High-High,Not Significant
"1819,3633",2024,37.11183710015732,0.9632398700919503,1,High-High,0.005,True,0.02798469325204437,True,High-High,High-High
"1819,3634",2024,37.750977997939096,0.7384316485788138,1,High-High,0.04,True,0.10472553465204193,False,High-High,Not Significant
"1819,3635",2024,35.11124625114334,-0.019205948360064076,2,Low-High,0.112,False,0.2056301318701341,False,Not Significant,Not Significant
"1819,3636",2024,36.462774057591766,0.13604309920742028,1,High-High,0.252,False,0.34512360105651446,False,Not Significant,Not Significant
"1819,3637",2024,36.80653281106473,0.40205685136374897,1,High-High,0.06,False,0.13655601354524555,False,Not Significant,Not Significant
"1819,3638",2024,36.69791482309179,0.1135318958002438,1,High-High,0.318,False,0.3959659338335715,False,Not Significant,Not Significant
"1819,3639",2024,33.692775071811695,0.12971481462683193,3,Low-Low,0.3,False,0.38200814054237847,False,Not Significant,Not Significant
"1819,3640",2024,32.28021222776945,0.9596340228546697,3,Low-Low,0.016,True,0.05689465424205921,False,Low-Low,Not Significant
"1819,3641",2024,31.959760007671665,1.2161258821568448,3,Low-Low,0.017,True,0.05873701106610261,False,Low-Low,Not Significant
"1819,3642",2024,31.92422272257237,0.8201102732012826,3,Low-Low,0.084,False,0.17001475785546197,False,Not Significant,Not Significant
"1819,3643",2024,34.957976495,0.04936244522224103,3,Low-Low,0.215,False,0.31094924709713606,False,Not Significant,Not Significant
"1820,3619",2024,33.16167979907651,1.0177307295121198,3,Low-Low,0.024,True,0.07374789980070598,False,Low-Low,Not Significant
"1820,3620",2024,33.18356211119328,0.3535517024398596,3,Low-Low,0.16,False,0.25811764128944453,False,Not Significant,Not Significant
"1820,3621",2024,36.76551342060714,-0.1014933655606037,4,High-Low,0.339,False,0.41069352330587505,False,Not Significant,Not Significant
"1820,3622",2024,37.06363233395882,0.3597657745888992,1,High-High,0.116,False,0.211206632926751,False,Not Significant,Not Significant
"1820,3623",2024,37.497855942412365,0.5043607698543733,1,High-High,0.086,False,0.17262946606391302,False,Not Significant,Not Significant
"1820,3624",2024,35.24846027009844,0.01168372658257524,1,High-High,0.04,True,0.10472553465204193,False,High-High,Not Significant
"1820,3625",2024,34.46575239766938,-0.3288392719360597,2,Low-High,0.007,True,0.034204900833074925,True,Low-High,Low-High
"1820,3626",2024,37.72034806460788,1.379945554054036,1,High-High,0.002,True,0.020221199117137403,True,High-High,High-High
"1820,3627",2024,38.04033412327188,2.051253050747888,1,High-High,0.001,True,0.014246753923437716,True,High-High,High-High
"1820,3628",2024,38.4800235656306,2.089327626884279,1,High-High,0.001,True,0.014246753923437716,True,High-High,High-High
"1820,3629",2024,37.73588607918672,1.3426813413842653,1,High-High,0.004,True,0.025586007046173857,True,High-High,High-High
"1820,3630",2024,37.49045909968935,0.9997362951995307,1,High-High,0.007,True,0.034204900833074925,True,High-High,High-High
"1820,3631",2024,38.25978145504774,1.4288833852918064,1,High-High,0.007,True,0.034204900833074925,True,High-High,High-High
"1820,3632",2024,38.49577115686707,1.6789469037694866,1,High-High,0.005,True,0.02798469325204437,True,High-High,High-High
"1820,3633",2024,38.732733765159296,1.5894329166239352,1,High-High,0.007,True,0.034204900833074925,True,High-High,High-High
"1820,3634",2024,37.12811052741183,0.31355138525467763,1,High-High,0.155,False,0.2535943345379954,False,Not Significant,Not Significant
"1820,3635",2024,34.03244533269905,-0.05244982854445966,2,Low-High,0.387,False,0.43879999378238843,False,Not Significant,Not Significant
"1820,3636",2024,35.262626062369314,-0.00026098193027862456,4,High-Low,0.497,False,0.49813523040399427,False,Not Significant,Not Significant
"1820,3637",2024,36.470803698691086,0.1703858634218194,1,High-High,0.202,False,0.29965383058226214,False,Not Significant,Not Significant
"1820,3638",2024,36.11312869579568,0.08643358580846579,1,High-High,0.282,False,0.36784067271580734,False,Not Significant,Not Significant
"1820,3639",2024,34.84622642335554,0.00759888846406828,3,Low-Low,0.46,False,0.4802940893398673,False,Not Significant,Not Significant
"1820,3640",2024,34.11075435807439,0.10738352342487685,3,Low-Low,0.278,False,0.3647918622744711,False,Not Significant,Not Significant
"1820,3641",2024,32.37963868160003,0.36353718455247347,3,Low-Low,0.239,False,0.33293078335504683,False,Not Significant,Not Significant
"1821,3621",2024,36.16040649548429,0.19387464210476923,1,High-High,0.143,False,0.23931503786920683,False,Not Significant,Not Significant
"1821,3622",2024,37.410408019312975,0.7498851475282147,1,High-High,0.019,True,0.06306505092221021,False,High-High,Not Significant
"1821,3623",2024,36.80840653793324,0.6065557319465769,1,High-High,0.012,True,0.047098390391506324,True,High-High,High-High
"1821,3624",2024,36.48846092131533,0.39776176603265423,1,High-High,0.036,True,0.09935093911938697,False,High-High,Not Significant
"1821,3625",2024,36.6151299032088,0.5950204043260429,1,High-High,0.008,True,0.03750427528563091,True,High-High,High-High
"1821,3626",2024,38.933400791983935,2.1979502832162447,1,High-High,0.002,True,0.020221199117137403,True,High-High,High-High
"1821,3627",2024,40.63797036996345,3.9270929631496903,1,High-High,0.001,True,0.014246753923437716,True,High-High,High-High
"1821,3628",2024,38.63909597377554,2.1805306470245807,1,High-High,0.002,True,0.020221199117137403,True,High-High,High-High
"1821,3629",2024,36.74700043551778,0.7922124211521675,1,High-High,0.005,True,0.02798469325204437,True,High-High,High-High
"1821,3630",2024,37.21976050293335,0.94544000054375,1,High-High,0.007,True,0.034204900833074925,True,High-High,High-High
"1821,3631",2024,38.31380136725565,1.611939734892289,1,High-High,0.005,True,0.02798469325204437,True,High-High,High-High
"1821,3632",2024,38.572519268958295,1.7514019395668317,1,High-High,0.005,True,0.02798469325204437,True,High-High,High-High
"1821,3633",2024,37.90344178712778,0.746271691919725,1,High-High,0.046,True,0.1140384183007445,False,High-High,Not Significant
"1821,3634",2024,34.81581963981347,-0.016107594874803594,2,Low-High,0.389,False,0.44015781168718815,False,Not Significant,Not Significant
"1821,3635",2024,32.69489638245592,0.13526491288983072,3,Low-Low,0.371,False,0.42953772148544994,False,Not Significant,Not Significant
"1821,3636",2024,34.213963077183806,-0.018609603990130803,2,Low-High,0.44,False,0.47067771563583444,False,Not Significant,Not Significant
"1821,3637",2024,35.686231958561635,0.06939046936252025,1,High-High,0.182,False,0.2796274453025906,False,Not Significant,Not Significant
"1821,3638",2024,35.78555565882243,0.10222701580929873,1,High-High,0.136,False,0.23366015365372061,False,Not Significant,Not Significant
"1821,3639",2024,35.47828995518275,0.06870310789785722,1,High-High,0.061,False,0.13797319742668535,False,Not Significant,Not Significant
"1821,3640",2024,36.68230747921998,0.41415450950469535,1,High-High,0.046,True,0.1140384183007445,False,High-High,Not Significant
"1821,3641",2024,40.47380759276318,1.434485924158898,1,High-High,0.073,False,0.15429864898467568,False,Not Significant,Not Significant
"1822,3621",2024,35.61875300428574,0.11694005151974962,1,High-High,0.1,False,0.18995671278728551,False,Not Significant,Not Significant
"1822,3622",2024,37.274954869924365,0.5998768099908375,1,High-High,0.051,False,0.12162391076917234,False,Not Significant,Not Significant
"1822,3623",2024,37.995644058891685,0.9736801122233955,1,High-High,0.017,True,0.05873701106610261,False,High-High,Not Significant
"1822,3624",2024,37.73696406553551,1.0943392707264858,1,High-High,0.008,True,0.03750427528563091,True,High-High,High-High
"1822,3625",2024,37.636463208405885,1.4901873431096138,1,High-High,0.002,True,0.020221199117137403,True,High-High,High-High
"1822,3626",2024,40.22898253747636,3.4558392615481,1,High-High,0.001,True,0.014246753923437716,True,High-High,High-High
"1822,3627",2024,39.73835528268695,3.301939889376243,1,High-High,0.001,True,0.014246753923437716,True,High-High,High-High
"1822,3628",2024,38.58730781569878,1.9052760359756709,1,High-High,0.002,True,0.020221199117137403,True,High-High,High-High
"1822,3629",2024,36.92370477410716,0.7590754411256038,1,High-High,0.007,True,0.034204900833074925,True,High-High,High-High
"1822,3630",2024,37.02951490928488,0.7016315601880012,1,High-High,0.011,True,0.04444567195069504,True,High-High,High-High
"1822,3631",2024,37.82435204304007,0.9822550750874066,1,High-High,0.012,True,0.047098390391506324,True,High-High,High-High
"1822,3632",2024,37.3756718192864,0.5694265703170505,1,High-High,0.055,False,0.12837233972993303,False,Not Significant,Not Significant
"1822,3633",2024,35.422927618328096,0.0075159697745525245,1,High-High,0.398,False,0.4468843419573812,False,Not Significant,Not Significant
"1822,3634",2024,32.1157432896014,0.05613474724106427,3,Low-Low,0.468,False,0.48228839290371633,False,Not Significant,Not Significant
"1822,3635",2024,35.2668617892039,-0.0010613028235816977,4,High-Low,0.468,False,0.48228839290371633,False,Not Significant,Not Significant
"1822,3636",2024,36.701977581027954,0.20742857991498556,1,High-High,0.192,False,0.28971664625971977,False,Not Significant,Not Significant
"1822,3637",2024,36.29802152780571,0.27525274631614144,1,High-High,0.061,False,0.13797319742668535,False,Not Significant,Not Significant
"1822,3638",2024,36.59389491934618,0.41236180473941453,1,High-High,0.039,True,0.10334058184230673,False,High-High,Not Significant
"1822,3639",2024,37.21903682475053,0.9018009921041089,1,High-High,0.007,True,0.034204900833074925,True,High-High,High-High
"1822,3640",2024,40.44166052809729,2.7005540385663753,1,High-High,0.005,True,0.02798469325204437,True,High-High,High-High
"1822,3641",2024,37.87401323761906,1.7482970868513272,1,High-High,0.001,True,0.014246753923437716,True,High-High,High-High
"1822,3642",2024,37.87222040262592,1.5421769150049598,1,High-High,0.003,True,0.02246416401779184,True,High-High,High-High
"1822,3643",2024,36.99125220482165,0.9353567678638328,1,High-High,0.017,True,0.05873701106610261,False,High-High,Not Significant
"1823,3622",2024,35.65086772236783,0.07283218001394566,1,High-High,0.184,False,0.281517434298909,False,Not Significant,Not Significant
"1823,3623",2024,36.89738014472076,0.48731815071804224,1,High-High,0.043,True,0.110212620565337,False,High-High,Not Significant
"1823,3624",2024,37.26567329633965,1.0139991880112695,1,High-High,0.005,True,0.02798469325204437,True,High-High,High-High
"1823,3625",2024,39.13778710177005,2.3118797332545187,1,High-High,0.002,True,0.020221199117137403,True,High-High,High-High
"1823,3626",2024,39.61859827105223,2.4123889985556355,1,High-High,0.003,True,0.02246416401779184,True,High-High,High-High
"1823,3627",2024,36.66397192522689,0.8269797214140552,1,High-High,0.002,True,0.020221199117137403,True,High-High,High-High
"1823,3628",2024,37.28265217737451,0.8739622014548896,1,High-High,0.009,True,0.04005273661253177,True,High-High,High-High
"1823,3629",2024,37.41219885902808,0.7142697827424307,1,High-High,0.025,True,0.0749316951056403,False,High-High,Not Significant
"1823,3630",2024,36.3158452818223,0.2572408837337274,1,High-High,0.082,False,0.16813832240126958,False,Not Significant,Not Significant
"1823,3631",2024,36.2042878442652,0.12291551271489037,1,High-High,0.226,False,0.32197661777208375,False,Not Significant,Not Significant
"1823,3632",2024,35.53961477097983,-0.013416066151763382,4,High-Low,0.403,False,0.4495078768291386,False,Not Significant,Not Significant
"1823,3633",2024,32.316792133940986,0.09872019123170214,3,Low-Low,0.424,False,0.46373678415508596,False,Not Significant,Not Significant
"1823,3634",2024,34.4260099210617,-0.08302039293577672,2,Low-High,0.257,False,0.34849072832554323,False,Not Significant,Not Significant
"1823,3635",2024,38.105253674936456,0.8492331903069721,1,High-High,0.042,True,0.10840941030312987,False,High-High,Not Significant
"1823,3636",2024,37.870743345641365,1.2679218985970444,1,High-High,0.006,True,0.03179710172566671,True,High-High,High-High
"1823,3637",2024,37.04757829587573,0.8449053529198585,1,High-High,0.007,True,0.034204900833074925,True,High-High,High-High
"1823,3638",2024,37.79869306436309,1.1717528438847276,1,High-High,0.007,True,0.034204900833074925,True,High-High,High-High
"1823,3639",2024,38.17058254762652,1.5986950825703947,1,High-High,0.004,True,0.025586007046173857,True,High-High,High-High
"1823,3640",2024,38.51896795152704,1.7804733982961853,1,High-High,0.004,True,0.025586007046173857,True,High-High,High-High
"1823,3641",2024,37.72863953355589,1.4948255594168973,1,High-High,0.002,True,0.020221199117137403,True,High-High,High-High
"1823,3642",2024,37.51672437454577,1.211266017628104,1,High-High,0.004,True,0.025586007046173857,True,High-High,High-High
"1823,3643",2024,37.89826749929163,1.3616569461348198,1,High-High,0.005,True,0.02798469325204437,True,High-High,High-High
"1823,3644",2024,37.95856607467942,0.8953520168972914,1,High-High,0.047,True,0.11560313505508975,False,High-High,Not Significant
"1823,3645",2024,35.834334541552444,-0.033829391611926336,4,High-Low,0.384,False,0.43675272541382326,False,Not Significant,Not Significant
"1823,3646",2024,32.610884874236554,0.643665105078677,3,Low-Low,0.107,False,0.19877900228623513,False,Not Significant,Not Significant
"1823,3647",2024,32.92052584590912,1.1916062499103548,3,Low-Low,0.021,True,0.06687082638436893,False,Low-Low,Not Significant
"1824,3622",2024,33.64459173444309,-0.4770040697277502,2,Low-High,0.065,False,0.14390514103844235,False,Not Significant,Not Significant
"1824,3623",2024,34.7266151472959,-0.17024800109148572,2,Low-High,0.017,True,0.05873701106610261,False,Low-High,Not Significant
"1824,3624",2024,38.82665669724954,1.4370952362680192,1,High-High,0.011,True,0.04444567195069504,True,High-High,High-High
"1824,3625",2024,38.2730034471835,1.2498008628897843,1,High-High,0.01,True,0.04276803023314383,True,High-High,High-High
"1824,3626",2024,35.42945764143197,0.07979190359028558,1,High-High,0.015,True,0.05430692947921482,False,High-High,Not Significant
"1824,3627",2024,36.2666463666234,0.25669431141356147,1,High-High,0.073,False,0.15429864898467568,False,Not Significant,Not Significant
"1824,3628",2024,37.06774880467973,0.29527215126722306,1,High-High,0.163,False,0.26046759322101154,False,Not Significant,Not Significant
"1824,3629",2024,35.73144043639486,0.06931683095557821,1,High-High,0.203,False,0.3007305787874991,False,Not Significant,Not Significant
"1824,3630",2024,35.59468639744928,-0.008495243791443154,4,High-Low,0.463,False,0.4802940893398673,False,Not Significant,Not Significant
"1824,3631",2024,34.171433877531626,0.1835831781740232,3,Low-Low,0.133,False,0.230127762521291,False,Not Significant,Not Significant
"1824,3632",2024,32.719958224872485,0.786979298631607,3,Low-Low,0.022,True,0.06915186208947682,False,Low-Low,Not Significant
"1824,3633",2024,34.026752717781875,0.21405505698484198,3,Low-Low,0.131,False,0.22938068155184424,False,Not Significant,Not Significant
"1824,3634",2024,38.69116215552096,0.4744038006061918,1,High-High,0.198,False,0.2955183657456417,False,Not Significant,Not Significant
"1824,3635",2024,39.93273845871191,2.279734890933916,1,High-High,0.006,True,0.03179710172566671,True,High-High,High-High
"1824,3636",2024,38.29873529354991,2.035897877403551,1,High-High,0.001,True,0.014246753923437716,True,High-High,High-High
"1824,3637",2024,38.91772102169663,2.0822512278414207,1,High-High,0.003,True,0.02246416401779184,True,High-High,High-High
"1824,3638",2024,37.42231625511991,1.2912419061982778,1,High-High,0.002,True,0.020221199117137403,True,High-High,High-High
"1824,3639",2024,37.952314952167455,1.2140478152344758,1,High-High,0.007,True,0.034204900833074925,True,High-High,High-High
"1824,3640",2024,37.13952572174367,0.7846136079649807,1,High-High,0.01,True,0.04276803023314383,True,High-High,High-High
"1824,3641",2024,36.485329864659086,0.590194228667415,1,High-High,0.007,True,0.034204900833074925,True,High-High,High-High
"1824,3642",2024,39.35867242189365,1.6618827057360919,1,High-High,0.011,True,0.04444567195069504,True,High-High,High-High
"1824,3643",2024,38.28546253427971,1.0413640451219714,1,High-High,0.02,True,0.06510385611158097,False,High-High,Not Significant
"1824,3644",2024,36.0555268015301,0.18004779736223003,1,High-High,0.099,False,0.18920383172739258,False,Not Significant,Not Significant
"1824,3645",2024,35.87760208364092,-0.018531962704963396,4,High-Low,0.446,False,0.47180521766957806,False,Not Significant,Not Significant
"1824,3646",2024,32.20108307090105,0.25529076165072545,3,Low-Low,0.304,False,0.3844241951315822,False,Not Significant,Not Significant
"1824,3647",2024,33.06883136486652,0.55626233629647,3,Low-Low,0.097,False,0.18717502750842951,False,Not Significant,Not Significant
"1825,3622",2024,38.22161921789018,-0.15789944587806887,4,High-Low,0.365,False,0.4257363215968179,False,Not Significant,Not Significant
"1825,3623",2024,38.108472426250096,0.3025955729961864,1,High-High,0.255,False,0.3466356812504292,False,Not Significant,Not Significant
"1825,3624",2024,37.05783036934244,0.26211664124668205,1,High-High,0.189,False,0.2861739063649609,False,Not Significant,Not Significant
"1825,3625",2024,35.964004393289095,0.019453769717273132,1,High-High,0.419,False,0.4605641279944437,False,Not Significant,Not Significant
"1825,3626",2024,34.553367698459155,0.04127421532315842,3,Low-Low,0.351,False,0.4178480868487014,False,Not Significant,Not Significant
"1825,3627",2024,35.55215102262337,-0.045619913661391724,4,High-Low,0.207,False,0.3025702897863814,False,Not Significant,Not Significant
"1825,3628",2024,35.13204282382104,0.006037476494129152,3,Low-Low,0.32,False,0.39710406352222233,False,Not Significant,Not Significant
"1825,3629",2024,33.93265176973064,0.07472041934866584,3,Low-Low,0.37,False,0.4288325464668818,False,Not Significant,Not Significant
"1825,3630",2024,34.19743475421146,0.20534443719717577,3,Low-Low,0.096,False,0.18573545134992617,False,Not Significant,Not Significant
"1825,3631",2024,32.832858684973,0.8089394366561261,3,Low-Low,0.015,True,0.05430692947921482,False,Low-Low,Not Significant
"1825,3632",2024,31.248024689298468,1.6427089843147387,3,Low-Low,0.003,True,0.02246416401779184,True,Low-Low,Low-Low
"1825,3633",2024,32.78919734259013,0.47820471919173535,3,Low-Low,0.103,False,0.19347773994995307,False,Not Significant,Not Significant
"1825,3634",2024,36.75845995807586,0.29896082357903786,1,High-High,0.117,False,0.21232257826551118,False,Not Significant,Not Significant
"1825,3635",2024,38.721340207400864,1.7759288539416842,1,High-High,0.005,True,0.02798469325204437,True,High-High,High-High
"1825,3636",2024,37.94563896979816,1.9101728918985765,1,High-High,0.001,True,0.014246753923437716,True,High-High,High-High
"1825,3637",2024,39.2706124337082,2.417002964185662,1,High-High,0.002,True,0.020221199117137403,True,High-High,High-High
"1825,3638",2024,38.2904211961598,1.7988738348205964,1,High-High,0.002,True,0.020221199117137403,True,High-High,High-High
"1825,3639",2024,37.36752651507156,0.8321810049514055,1,High-High,0.011,True,0.04444567195069504,True,High-High,High-High
"1825,3640",2024,34.519902715864376,-0.22236884001413654,2,Low-High,0.025,True,0.0749316951056403,False,Low-High,Not Significant
"1825,3641",2024,37.05164120510122,0.5066225287129977,1,High-High,0.049,True,0.1186600410467873,False,High-High,Not Significant
"1825,3642",2024,38.181934047978224,0.609879564068166,1,High-High,0.101,False,0.19135924673193683,False,Not Significant,Not Significant
"1825,3643",2024,34.41132433969775,-0.140064966782051,2,Low-High,0.137,False,0.23409500620632528,False,Not Significant,Not Significant
"1825,3644",2024,33.71907916684213,-0.09379457836184704,2,Low-High,0.345,False,0.4136229493904635,False,Not Significant,Not Significant
"1825,3645",2024,36.1247030541892,-0.06252063496860968,4,High-Low,0.34,False,0.41107361516454716,False,Not Significant,Not Significant
"1825,3646",2024,36.068196293159005,-0.08401060883530435,4,High-Low,0.278,False,0.3647918622744711,False,Not Significant,Not Significant
"1825,3647",2024,35.7998854354164,-0.14751114621492778,4,High-Low,0.105,False,0.1962265696827151,False,Not Significant,Not Significant
"1826,3618",2024,35.256705426102535,0.004653459154354153,1,High-High,0.365,False,0.4257363215968179,False,Not Significant,Not Significant
"1826,3619",2024,33.564168627763976,0.033868932079098586,3,Low-Low,0.444,False,0.47180521766957806,False,Not Significant,Not Significant
"1826,3620",2024,32.79406263807656,0.43012898155831303,3,Low-Low,0.187,False,0.28432294811049186,False,Not Significant,Not Significant
"1826,3621",2024,33.65782056962372,0.1691451659822287,3,Low-Low,0.277,False,0.3643513321161842,False,Not Significant,Not Significant
"1826,3622",2024,34.61215699068818,-0.013129831510570572,2,Low-High,0.449,False,0.4740644860887206,False,Not Significant,Not Significant
"1826,3623",2024,34.94486405224936,-0.01152532446541818,2,Low-High,0.381,False,0.4349188484274758,False,Not Significant,Not Significant
"1826,3624",2024,33.777675744649294,0.11674432216744483,3,Low-Low,0.314,False,0.39254474245924553,False,Not Significant,Not Significant
"1826,3625",2024,32.674854707751926,0.5954647005070425,3,Low-Low,0.066,False,0.145678067621091,False,Not Significant,Not Significant
"1826,3626",2024,32.101230325218964,0.867546447094972,3,Low-Low,0.039,True,0.10334058184230673,False,Low-Low,Not Significant
"1826,3627",2024,32.91315230086191,0.6848250059601976,3,Low-Low,0.031,True,0.0883298686862766,False,Low-Low,Not Significant
"1826,3628",2024,32.93446940643915,0.41149394666396344,3,Low-Low,0.128,False,0.2268433064126044,False,Not Significant,Not Significant
"1826,3629",2024,34.16103145452951,0.11274460468265327,3,Low-Low,0.257,False,0.34849072832554323,False,Not Significant,Not Significant
"1826,3630",2024,34.53064971353603,0.1080946341218828,3,Low-Low,0.155,False,0.2535943345379954,False,Not Significant,Not Significant
"1826,3631",2024,32.6641200615394,0.5822754638158663,3,Low-Low,0.068,False,0.148302194938271,False,Not Significant,Not Significant
"1826,3632",2024,33.0400498965428,0.7829345765346992,3,Low-Low,0.011,True,0.04444567195069504,True,Low-Low,Low-Low
"1826,3633",2024,32.975244451130806,0.3388988021143538,3,Low-Low,0.167,False,0.26473843250316004,False,Not Significant,Not Significant
"1826,3634",2024,34.37250856445965,-0.17438780288986033,2,Low-High,0.099,False,0.18920383172739258,False,Not Significant,Not Significant
"1826,3635",2024,37.8171566959958,1.296911850366367,1,High-High,0.005,True,0.02798469325204437,True,High-High,High-High
"1826,3636",2024,37.913867654909815,1.898908659373783,1,High-High,0.001,True,0.014246753923437716,True,High-High,High-High
"1826,3637",2024,38.48962246198274,2.216290114409499,1,High-High,0.001,True,0.014246753923437716,True,High-High,High-High
"1826,3638",2024,38.0008265955422,1.717261678257253,1,High-High,0.002,True,0.020221199117137403,True,High-High,High-High
"1826,3639",2024,37.40975737253758,0.8607884051186677,1,High-High,0.011,True,0.04444567195069504,True,High-High,High-High
"1826,3640",2024,36.2310232232227,0.21850870659439608,1,High-High,0.095,False,0.18477836647566329,False,Not Significant,Not Significant
"1826,3641",2024,34.836477134280514,-0.053765187989473225,2,Low-High,0.182,False,0.2796274453025906,False,Not Significant,Not Significant
"1826,3642",2024,35.826144272879645,0.013891542233450517,1,High-High,0.419,False,0.4605641279944437,False,Not Significant,Not Significant
"1826,3643",2024,33.555002730561775,0.07574861097769948,3,Low-Low,0.395,False,0.4444256530969571,False,Not Significant,Not Significant
"1826,3644",2024,33.65597645980124,0.21637174663077632,3,Low-Low,0.187,False,0.28432294811049186,False,Not Significant,Not Significant
"1826,3645",2024,36.20370522630633,-0.17907181454137946,4,High-Low,0.129,False,0.22733010850757002,False,Not Significant,Not Significant
"1826,3646",2024,35.18223788272251,0.004120323707696343,3,Low-Low,0.161,False,0.2587794846885807,False,Not Significant,Not Significant
"1826,3647",2024,33.33501454939238,0.26189741329366883,3,Low-Low,0.244,False,0.3375384653313614,False,Not Significant,Not Significant
"1826,3651",2024,37.39244657038629,1.0170414600413145,1,High-High,0.028,True,0.0812592617674637,False,High-High,Not Significant
"1826,3652",2024,36.98391206477877,1.1775899009273179,1,High-High,0.005,True,0.02798469325204437,True,High-High,High-High
"1827,3618",2024,36.54398352463892,0.301700351856045,1,High-High,0.132,False,0.2298476178021658,False,Not Significant,Not Significant
"1827,3619",2024,36.96965859998284,0.06597131817605001,1,High-High,0.387,False,0.43879999378238843,False,Not Significant,Not Significant
"1827,3620",2024,33.970001645921926,0.03697798767274609,3,Low-Low,0.442,False,0.470980089199433,False,Not Significant,Not Significant
"1827,3621",2024,33.46717249270514,0.16519679571731674,3,Low-Low,0.285,False,0.37043245980666145,False,Not Significant,Not Significant
"1827,3622",2024,34.94457136268888,0.02460467538931386,3,Low-Low,0.289,False,0.3736393694394325,False,Not Significant,Not Significant
"1827,3623",2024,33.88203988735492,0.15745450747149078,3,Low-Low,0.228,False,0.32398445612794374,False,Not Significant,Not Significant
"1827,3624",2024,32.79860364931504,0.5346788707626927,3,Low-Low,0.075,False,0.15686368592815017,False,Not Significant,Not Significant
"1827,3625",2024,33.00555616525553,0.7268934561369962,3,Low-Low,0.019,True,0.06306505092221021,False,Low-Low,Not Significant
"1827,3626",2024,33.09199109306284,0.8443178781366707,3,Low-Low,0.004,True,0.025586007046173857,True,Low-Low,Low-Low
"1827,3627",2024,32.84264151420807,0.8563262834121991,3,Low-Low,0.011,True,0.04444567195069504,True,Low-Low,Low-Low
"1827,3628",2024,33.630735993447786,0.3107261508377522,3,Low-Low,0.102,False,0.1922577283636401,False,Not Significant,Not Significant
"1827,3629",2024,36.330552152647385,-0.08015353215270686,4,High-Low,0.33,False,0.4040290339118136,False,Not Significant,Not Significant
"1827,3630",2024,36.71544201492016,-0.1396156923914406,4,High-Low,0.287,False,0.3723701957694741,False,Not Significant,Not Significant
"1827,3631",2024,34.51628283333839,0.051812804780986536,3,Low-Low,0.326,False,0.4011463886623094,False,Not Significant,Not Significant
"1827,3632",2024,35.51443616835899,-0.04159328820273142,4,High-Low,0.198,False,0.2955183657456417,False,Not Significant,Not Significant
"1827,3633",2024,34.811689884377685,-0.03541731739564427,2,Low-High,0.278,False,0.3647918622744711,False,Not Significant,Not Significant
"1827,3634",2024,37.11884512226105,0.5571800718830067,1,High-High,0.039,True,0.10334058184230673,False,High-High,Not Significant
"1827,3635",2024,38.95039637335964,1.9933954290694125,1,High-High,0.004,True,0.025586007046173857,True,High-High,High-High
"1827,3636",2024,39.617022499454045,2.9714002407200684,1,High-High,0.001,True,0.014246753923437716,True,High-High,High-High
"1827,3637",2024,38.71004374365695,2.4218086254447435,1,High-High,0.001,True,0.014246753923437716,True,High-High,High-High
"1827,3638",2024,38.723587362152976,2.096238491060776,1,High-High,0.002,True,0.020221199117137403,True,High-High,High-High
"1827,3639",2024,37.81170081078874,1.028595371315727,1,High-High,0.011,True,0.04444567195069504,True,High-High,High-High
"1827,3640",2024,36.24328722486646,0.19156638371324786,1,High-High,0.12,False,0.21633524578079985,False,Not Significant,Not Significant
"1827,3641",2024,34.91310146314121,-0.024312985502114606,2,Low-High,0.295,False,0.37783419219499714,False,Not Significant,Not Significant
"1827,3642",2024,34.43056418314201,-0.027338690071302567,2,Low-High,0.39,False,0.4408346051594942,False,Not Significant,Not Significant
"1827,3643",2024,35.184822319064075,-0.00017868080477799475,2,Low-High,0.451,False,0.47503313057364266,False,Not Significant,Not Significant
"1827,3644",2024,34.44526775464095,0.12467113945438796,3,Low-Low,0.147,False,0.24322624414664767,False,Not Significant,Not Significant
"1827,3645",2024,32.50098034295581,0.7228982888526476,3,Low-Low,0.044,True,0.11134486675537444,False,Low-Low,Not Significant
"1827,3646",2024,32.833875599783326,1.0143144315607866,3,Low-Low,0.006,True,0.03179710172566671,True,Low-Low,Low-Low
"1827,3647",2024,32.69566685064519,1.0880783051042302,3,Low-Low,0.013,True,0.04960347928430723,True,Low-Low,Low-Low
"1827,3649",2024,33.267473758676935,0.4957868451792455,3,Low-Low,0.129,False,0.22733010850757002,False,Not Significant,Not Significant
"1827,3650",2024,34.98674770370625,-0.02538598281125746,2,Low-High,0.25,False,0.3434564809016907,False,Not Significant,Not Significant
"1827,3651",2024,38.67347014837548,1.1903887367570702,1,High-High,0.025,True,0.0749316951056403,False,High-High,Not Significant
"1827,3652",2024,39.430970027233016,1.1458300042512763,1,High-High,0.068,False,0.148302194938271,False,Not Significant,Not Significant
"1828,3618",2024,37.0686224513169,0.8909862815991011,1,High-High,0.013,True,0.04960347928430723,True,High-High,High-High
"1828,3619",2024,38.789099730906514,0.9950226010091922,1,High-High,0.044,True,0.11134486675537444,False,High-High,Not Significant
"1828,3620",2024,35.171710823341286,-0.007613930997143819,2,Low-High,0.099,False,0.18920383172739258,False,Not Significant,Not Significant
"1828,3621",2024,36.07425300386454,-0.03216780595739864,4,High-Low,0.417,False,0.4597477339619967,False,Not Significant,Not Significant
"1828,3622",2024,36.68493599220419,-0.2304825354963467,4,High-Low,0.16,False,0.25811764128944453,False,Not Significant,Not Significant
"1828,3623",2024,34.65727111024172,0.08531420984745108,3,Low-Low,0.16,False,0.25811764128944453,False,Not Significant,Not Significant
"1828,3624",2024,34.54459017752618,0.16209730221280114,3,Low-Low,0.055,False,0.12837233972993303,False,Not Significant,Not Significant
"1828,3625",2024,35.38525581924503,-0.057088124491608785,4,High-Low,0.022,True,0.06915186208947682,False,High-Low,Not Significant
"1828,3626",2024,34.210786689219304,0.39712354146666046,3,Low-Low,0.004,True,0.025586007046173857,True,Low-Low,Low-Low
"1828,3627",2024,32.71676741747617,0.8199192597662153,3,Low-Low,0.02,True,0.06510385611158097,False,Low-Low,Not Significant
"1828,3628",2024,35.71697747169754,-0.10698490926501122,4,High-Low,0.089,False,0.17623285505423048,False,Not Significant,Not Significant
"1828,3629",2024,36.24602509458465,0.01892894690428274,1,High-High,0.431,False,0.46720058668272296,False,Not Significant,Not Significant
"1828,3630",2024,34.9015027050008,-0.03766691107935061,2,Low-High,0.225,False,0.32117761022949964,False,Not Significant,Not Significant
"1828,3631",2024,34.645159682281786,-0.09575625265990761,2,Low-High,0.144,False,0.2395269040179307,False,Not Significant,Not Significant
"1828,3632",2024,36.69331091793744,0.2318356432348418,1,High-High,0.161,False,0.2587794846885807,False,Not Significant,Not Significant
"1828,3633",2024,36.92404242004691,0.5516219170770302,1,High-High,0.027,True,0.07940750876216882,False,High-High,Not Significant
"1828,3634",2024,38.569905487422936,1.4175834218242882,1,High-High,0.008,True,0.03750427528563091,True,High-High,High-High
"1828,3635",2024,38.824421081138766,2.06227766144528,1,High-High,0.003,True,0.02246416401779184,True,High-High,High-High
"1828,3636",2024,38.57434737325867,2.174739281942275,1,High-High,0.001,True,0.014246753923437716,True,High-High,High-High
"1828,3637",2024,39.13344016472119,2.656765473324751,1,High-High,0.001,True,0.014246753923437716,True,High-High,High-High
"1828,3638",2024,38.66074272467085,2.2334527144845073,1,High-High,0.001,True,0.014246753923437716,True,High-High,High-High
"1828,3639",2024,37.11675403073689,0.9392389501206906,1,High-High,0.005,True,0.02798469325204437,True,High-High,High-High
"1828,3640",2024,34.96377655780415,-0.07440440943737339,2,Low-High,0.034,True,0.09514796435452845,False,Low-High,Not Significant
"1828,3641",2024,35.736863169481644,0.08482249015564945,1,High-High,0.161,False,0.2587794846885807,False,Not Significant,Not Significant
"1828,3642",2024,36.66348150944388,0.20101716483732235,1,High-High,0.194,False,0.2915315154480608,False,Not Significant,Not Significant
"1828,3643",2024,36.34927578026685,0.31281785877263735,1,High-High,0.044,True,0.11134486675537444,False,High-High,Not Significant
"1828,3644",2024,37.03950436036588,0.01363056907716879,1,High-High,0.48,False,0.48982324486555057,False,Not Significant,Not Significant
"1828,3645",2024,30.706794757334546,0.40755884848379287,3,Low-Low,0.301,False,0.38261529426862023,False,Not Significant,Not Significant
"1828,3646",2024,31.014604019344294,2.5583964807198236,3,Low-Low,0.007,True,0.034204900833074925,True,Low-Low,Low-Low
"1828,3648",2024,32.945282810216284,0.8866773237760109,3,Low-Low,0.025,True,0.0749316951056403,False,Low-Low,Not Significant
"1828,3649",2024,33.45592077906261,0.4827378170980674,3,Low-Low,0.051,False,0.12162391076917234,False,Not Significant,Not Significant
"1828,3650",2024,34.38287368428808,0.05807742685621292,3,Low-Low,0.332,False,0.4048960379523128,False,Not Significant,Not Significant
"1828,3651",2024,37.480318069535166,0.40588795592186194,1,High-High,0.136,False,0.23366015365372061,False,Not Significant,Not Significant
"1828,3652",2024,37.73252469155559,0.2764511232661309,1,High-High,0.263,False,0.3533509033119029,False,Not Significant,Not Significant
"1828,3653",2024,31.06608634906252,-0.5007940035454321,2,Low-High,0.276,False,0.3636900809792069,False,Not Significant,Not Significant
"1829,3618",2024,36.63883349313557,0.8757447277758377,1,High-High,0.005,True,0.02798469325204437,True,High-High,High-High
"1829,3619",2024,38.98268893071712,1.6506165940227138,1,High-High,0.008,True,0.03750427528563091,True,High-High,High-High
"1829,3620",2024,37.35206716225077,0.6657633123193836,1,High-High,0.032,True,0.09082536007076464,False,High-High,Not Significant
"1829,3621",2024,34.16922233482626,-0.1144392377541116,2,Low-High,0.242,False,0.3362558563160247,False,Not Significant,Not Significant
"1829,3622",2024,34.437415431967594,0.07924938678238225,3,Low-Low,0.262,False,0.3528716930441508,False,Not Significant,Not Significant
"1829,3623",2024,33.84506823406979,0.14094499840180685,3,Low-Low,0.261,False,0.3517407962013521,False,Not Significant,Not Significant
"1829,3624",2024,34.400321297707706,0.13299051276260354,3,Low-Low,0.142,False,0.23818655214087314,False,Not Significant,Not Significant
"1829,3625",2024,34.01919032835414,0.25580550727226226,3,Low-Low,0.082,False,0.16813832240126958,False,Not Significant,Not Significant
"1829,3626",2024,32.752575140878314,0.7605454571084994,3,Low-Low,0.024,True,0.07374789980070598,False,Low-Low,Not Significant
"1829,3627",2024,32.0755208822467,0.6964182354518756,3,Low-Low,0.072,False,0.15351602837689532,False,Not Significant,Not Significant
"1829,3628",2024,34.299463598421,0.05951236510189241,3,Low-Low,0.34,False,0.41107361516454716,False,Not Significant,Not Significant
"1829,3629",2024,35.17539553145176,-0.004874468359643997,2,Low-High,0.184,False,0.281517434298909,False,Not Significant,Not Significant
"1829,3630",2024,35.62595698741817,0.0776481224284727,1,High-High,0.123,False,0.22011582989725748,False,Not Significant,Not Significant
"1829,3631",2024,37.2766979272949,0.4158657785211596,1,High-High,0.104,False,0.19452344817375386,False,Not Significant,Not Significant
"1829,3632",2024,37.16559060391164,0.5320954641319865,1,High-High,0.044,True,0.11134486675537444,False,High-High,Not Significant
"1829,3633",2024,37.01414349712788,0.7017157630230045,1,High-High,0.011,True,0.04444567195069504,True,High-High,High-High
"1829,3634",2024,37.543438289720505,0.9987972925872048,1,High-High,0.008,True,0.03750427528563091,True,High-High,High-High
"1829,3635",2024,37.21735168064766,0.8227667101510968,1,High-High,0.009,True,0.04005273661253177,True,High-High,High-High
"1829,3636",2024,36.70904435592368,0.677334887357832,1,High-High,0.007,True,0.034204900833074925,True,High-High,High-High
"1829,3637",2024,38.14579506328327,1.610144146269948,1,High-High,0.003,True,0.02246416401779184,True,High-High,High-High
"1829,3638",2024,39.38736491675704,2.5621950350812424,1,High-High,0.002,True,0.020221199117137403,True,High-High,High-High
"1829,3639",2024,38.31196947970793,1.44771007841378,1,High-High,0.007,True,0.034204900833074925,True,High-High,High-High
"1829,3640",2024,37.10023941634044,0.4782422261748977,1,High-High,0.058,False,0.1338086186523317,False,Not Significant,Not Significant
"1829,3641",2024,36.47508244700858,0.19010115273435158,1,High-High,0.173,False,0.27072894762399025,False,Not Significant,Not Significant
"1829,3642",2024,37.25693339652347,0.12262769019216017,1,High-High,0.342,False,0.41160066743768053,False,Not Significant,Not Significant
"1829,3643",2024,36.80791582383923,0.21102452946600828,1,High-High,0.208,False,0.3028215059161424,False,Not Significant,Not Significant
"1829,3644",2024,40.726349741817685,-1.4322454851538189,4,High-Low,0.057,False,0.1320570222443361,False,Not Significant,Not Significant
"1829,3648",2024,33.695292286722456,0.40458200904517544,3,Low-Low,0.072,False,0.15351602837689532,False,Not Significant,Not Significant
"1829,3649",2024,33.21895840892351,0.4967102205752406,3,Low-Low,0.049,True,0.1186600410467873,False,Low-Low,Not Significant
"1829,3650",2024,34.40785378414584,0.17549425754388315,3,Low-Low,0.074,False,0.155811902199963,False,Not Significant,Not Significant
"1829,3651",2024,33.39227874448746,-0.026396080091986407,2,Low-High,0.444,False,0.47180521766957806,False,Not Significant,Not Significant
"1829,3652",2024,35.7543462045574,-0.028931430803281952,4,High-Low,0.373,False,0.4309436498722822,False,Not Significant,Not Significant
"1829,3653",2024,34.4680969659907,0.07604920873601372,3,Low-Low,0.264,False,0.3542605485391179,False,Not Significant,Not Significant
"1829,3654",2024,31.656116302503147,1.1859516739014668,3,Low-Low,0.047,True,0.11560313505508975,False,Low-Low,Not Significant
"1830,3618",2024,37.07235899459191,1.1353089755054657,1,High-High,0.005,True,0.02798469325204437,True,High-High,High-High
"1830,3619",2024,39.31793918275459,1.924008580170779,1,High-High,0.007,True,0.034204900833074925,True,High-High,High-High
"1830,3620",2024,37.61316156301555,0.7354466557867291,1,High-High,0.033,True,0.09294223312924547,False,High-High,Not Significant
"1830,3621",2024,33.87778321950879,-0.1579376221553198,2,Low-High,0.23,False,0.3257714713712597,False,Not Significant,Not Significant
"1830,3622",2024,34.82681755181495,0.057110799877295206,3,Low-Low,0.162,False,0.2592472655333193,False,Not Significant,Not Significant
"1830,3623",2024,33.46197109878427,0.27089747835514255,3,Low-Low,0.153,False,0.25125897733751174,False,Not Significant,Not Significant
"1830,3624",2024,34.55913392714549,0.1822992091606538,3,Low-Low,0.037,True,0.10109340105377425,False,Low-Low,Not Significant
"1830,3625",2024,34.67539546576741,0.20894518637359172,3,Low-Low,0.004,True,0.025586007046173857,True,Low-Low,Low-Low
"1830,3626",2024,32.614765291332574,1.0231016169729938,3,Low-Low,0.004,True,0.025586007046173857,True,Low-Low,Low-Low
"1830,3627",2024,33.69163111963287,0.4008238579587016,3,Low-Low,0.044,True,0.11134486675537444,False,Low-Low,Not Significant
"1830,3628",2024,36.852137206503,-0.09399078052104128,4,High-Low,0.357,False,0.42042833352306486,False,Not Significant,Not Significant
"1830,3629",2024,36.60174171408092,0.2800761138870739,1,High-High,0.106,False,0.1977585010661357,False,Not Significant,Not Significant
"1830,3630",2024,37.18412757015817,0.4711847858016077,1,High-High,0.073,False,0.15429864898467568,False,Not Significant,Not Significant
"1830,3631",2024,37.028764592408486,0.4548071244974626,1,High-High,0.06,False,0.13655601354524555,False,Not Significant,Not Significant
"1830,3632",2024,36.40619596918472,0.33077796765230705,1,High-High,0.044,True,0.11134486675537444,False,High-High,Not Significant
"1830,3633",2024,36.4719513168303,0.46442066938070364,1,High-High,0.014,True,0.05214940738217535,False,High-High,Not Significant
"1830,3634",2024,37.31855715554219,0.7724367073515621,1,High-High,0.015,True,0.05430692947921482,False,High-High,Not Significant
"1830,3635",2024,36.30462279441949,0.3122705676220382,1,High-High,0.042,True,0.10840941030312987,False,High-High,Not Significant
"1830,3636",2024,34.07941247056238,-0.2935613692717997,2,Low-High,0.051,False,0.12162391076917234,False,Not Significant,Not Significant
"1830,3637",2024,37.305348062676906,0.7278490841874041,1,High-High,0.019,True,0.06306505092221021,False,High-High,Not Significant
"1830,3638",2024,39.57210900833056,1.9777611903313488,1,High-High,0.007,True,0.034204900833074925,True,High-High,High-High
"1830,3639",2024,37.75184332560685,1.0643832647427136,1,High-High,0.009,True,0.04005273661253177,True,High-High,High-High
"1830,3640",2024,35.62754264501115,0.09580923037013858,1,High-High,0.083,False,0.16892578206776687,False,Not Significant,Not Significant
"1830,3641",2024,35.719605758673495,0.022400681804569143,1,High-High,0.38,False,0.43468195492085127,False,Not Significant,Not Significant
"1830,3642",2024,34.55992061213317,0.06686319147435751,3,Low-Low,0.26,False,0.3508240953729308,False,Not Significant,Not Significant
"1830,3643",2024,31.735184831789788,0.25822475153257457,3,Low-Low,0.316,False,0.3939227454025637,False,Not Significant,Not Significant
"1830,3644",2024,32.5769400631881,0.5563317548785083,3,Low-Low,0.094,False,0.18364736681948363,False,Not Significant,Not Significant
"1830,3645",2024,32.236555045827004,0.5319414091142373,3,Low-Low,0.158,False,0.25716024922422553,False,Not Significant,Not Significant
"1830,3646",2024,32.522592836415775,0.7122925173336683,3,Low-Low,0.086,False,0.17262946606391302,False,Not Significant,Not Significant
"1830,3647",2024,35.038853936357285,0.05226658798155505,3,Low-Low,0.048,True,0.11688346383508116,False,Low-Low,Not Significant
"1830,3648",2024,34.61659953128321,0.15356012940693356,3,Low-Low,0.061,False,0.13797319742668535,False,Not Significant,Not Significant
"1830,3649",2024,34.0259704930375,0.28139535500722207,3,Low-Low,0.06,False,0.13655601354524555,False,Not Significant,Not Significant
"1830,3650",2024,34.2404172433564,0.313205851476393,3,Low-Low,0.02,True,0.06510385611158097,False,Low-Low,Not Significant
"1830,3651",2024,32.785109211757,0.36125293931159225,3,Low-Low,0.164,False,0.26111466613840123,False,Not Significant,Not Significant
"1830,3652",2024,35.46487606525761,-0.021040599325228868,4,High-Low,0.301,False,0.38261529426862023,False,Not Significant,Not Significant
"1830,3653",2024,37.17809279835587,-0.22610923285488524,4,High-Low,0.228,False,0.32398445612794374,False,Not Significant,Not Significant
"1830,3654",2024,34.04790307261666,0.3799124247130702,3,Low-Low,0.027,True,0.07940750876216882,False,Low-Low,Not Significant
"1830,3655",2024,31.008506221763625,2.371910064318596,3,Low-Low,0.007,True,0.034204900833074925,True,Low-Low,Low-Low
"1831,3618",2024,37.97725249407322,1.5715302847096404,1,High-High,0.004,True,0.025586007046173857,True,High-High,High-High
"1831,3619",2024,38.234694379878405,1.1582879600691824,1,High-High,0.012,True,0.047098390391506324,True,High-High,High-High
"1831,3620",2024,36.3764966360492,0.291336263240873,1,High-High,0.062,False,0.13980266986317158,False,Not Significant,Not Significant
"1831,3621",2024,35.49640300927988,0.01176220950083316,1,High-High,0.384,False,0.43675272541382326,False,Not Significant,Not Significant
"1831,3622",2024,36.10693886392798,-0.08275361618060116,4,High-Low,0.281,False,0.36762908429849267,False,Not Significant,Not Significant
"1831,3623",2024,34.348882328053904,0.16321060496941406,3,Low-Low,0.115,False,0.20973400214217844,False,Not Significant,Not Significant
"1831,3624",2024,32.99593754185714,0.636256270394485,3,Low-Low,0.036,True,0.09935093911938697,False,Low-Low,Not Significant
"1831,3625",2024,32.796708683892284,0.8564424414276135,3,Low-Low,0.013,True,0.04960347928430723,True,Low-Low,Low-Low
"1831,3626",2024,31.999124841623388,0.7107219566918803,3,Low-Low,0.073,False,0.15429864898467568,False,Not Significant,Not Significant
"1831,3627",2024,34.016674981602456,0.07388540448557304,3,Low-Low,0.341,False,0.41107361516454716,False,Not Significant,Not Significant
"1831,3628",2024,36.58235781911881,0.16604623129764493,1,High-High,0.227,False,0.32319143141809026,False,Not Significant,Not Significant
"1831,3629",2024,36.95991986524589,0.5811308066188218,1,High-High,0.021,True,0.06687082638436893,False,High-High,Not Significant
"1831,3630",2024,36.97011922245199,0.6687719245804103,1,High-High,0.013,True,0.04960347928430723,True,High-High,High-High
"1831,3631",2024,35.497034355222915,0.12219199397282995,1,High-High,0.008,True,0.03750427528563091,True,High-High,High-High
"1831,3632",2024,35.46084277350368,0.0711072667445546,1,High-High,0.043,True,0.110212620565337,False,High-High,Not Significant
"1831,3633",2024,36.71751850107894,0.4532629451063751,1,High-High,0.034,True,0.09514796435452845,False,High-High,Not Significant
"1831,3634",2024,38.63340675548636,0.8698606158998772,1,High-High,0.057,False,0.1320570222443361,False,Not Significant,Not Significant
"1831,3635",2024,36.295185285294046,0.2788665419307946,1,High-High,0.054,False,0.12684796902907483,False,Not Significant,Not Significant
"1831,3636",2024,35.18216495540109,-0.002724350128662779,2,Low-High,0.261,False,0.3517407962013521,False,Not Significant,Not Significant
"1831,3637",2024,34.822205039321034,-0.07871942947377361,2,Low-High,0.107,False,0.19877900228623513,False,Not Significant,Not Significant
"1831,3638",2024,37.54729357872719,0.5747127892441858,1,High-High,0.063,False,0.14118692770493774,False,Not Significant,Not Significant
"1831,3639",2024,36.38235730063585,0.3149125902024705,1,High-High,0.047,True,0.11560313505508975,False,High-High,Not Significant
"1831,3640",2024,34.34824576692535,-0.06925290947242298,2,Low-High,0.293,False,0.3770334473453309,False,Not Significant,Not Significant
"1831,3641",2024,34.663397726368835,0.04665444284771131,3,Low-Low,0.295,False,0.37783419219499714,False,Not Significant,Not Significant
"1831,3642",2024,33.38090348007873,0.6000839378193614,3,Low-Low,0.018,True,0.06103863724877329,False,Low-Low,Not Significant
"1831,3643",2024,31.54629177742336,1.803078858190291,3,Low-Low,0.002,True,0.020221199117137403,True,Low-Low,Low-Low
"1831,3644",2024,31.867771112076024,1.7475518058239938,3,Low-Low,0.002,True,0.020221199117137403,True,Low-Low,Low-Low
"1831,3645",2024,34.20592409130644,0.4506243867375937,3,Low-Low,0.003,True,0.02246416401779184,True,Low-Low,Low-Low
"1831,3646",2024,34.029851186470744,0.3137620522138845,3,Low-Low,0.043,True,0.110212620565337,False,Low-Low,Not Significant
"1831,3647",2024,33.95968155880096,0.3183361808523003,3,Low-Low,0.046,True,0.1140384183007445,False,Low-Low,Not Significant
"1831,3648",2024,33.289734070242375,0.25808026226166864,3,Low-Low,0.196,False,0.2935317329375817,False,Not Significant,Not Significant
"1831,3649",2024,34.23645341871196,0.13129527018923612,3,Low-Low,0.196,False,0.2935317329375817,False,Not Significant,Not Significant
"1831,3650",2024,34.53052286310158,0.18833678710057508,3,Low-Low,0.038,True,0.10254858218839101,False,Low-Low,Not Significant
"1831,3651",2024,32.24660603208283,0.4437813106588333,3,Low-Low,0.162,False,0.2592472655333193,False,Not Significant,Not Significant
"1831,3652",2024,35.72257422177873,-0.04351756793858219,4,High-Low,0.294,False,0.37783419219499714,False,Not Significant,Not Significant
"1831,3653",2024,36.86285296023125,-0.04820632794611382,4,High-Low,0.434,False,0.4681396106644483,False,Not Significant,Not Significant
"1831,3654",2024,33.13985436851681,0.43668255357993224,3,Low-Low,0.093,False,0.18218036146302308,False,Not Significant,Not Significant
"1831,3655",2024,30.791620368203954,2.0970313252244615,3,Low-Low,0.022,True,0.06915186208947682,False,Low-Low,Not Significant
"1832,3615",2024,34.58258383720931,-0.03301205323402924,2,Low-High,0.423,False,0.46287382407081396,False,Not Significant,Not Significant
"1832,3616",2024,37.13221347284679,0.36601643157720476,1,High-High,0.173,False,0.27072894762399025,False,Not Significant,Not Significant
"1832,3617",2024,38.53002144381588,1.0869328741958708,1,High-High,0.052,False,0.12347186401937947,False,Not Significant,Not Significant
"1832,3618",2024,37.18599533483221,0.8984982032825283,1,High-High,0.006,True,0.03179710172566671,True,High-High,High-High
"1832,3619",2024,37.80349499324616,0.5948013162845422,1,High-High,0.08,False,0.16496240232784048,False,Not Significant,Not Significant
"1832,3620",2024,33.51171343503047,-0.3864642618737718,2,Low-High,0.081,False,0.1665548271069263,False,Not Significant,Not Significant
"1832,3621",2024,35.715991040386385,0.01894687254258329,1,High-High,0.392,False,0.4421840501321925,False,Not Significant,Not Significant
"1832,3622",2024,35.26651385519903,0.0009607873121985922,1,High-High,0.442,False,0.470980089199433,False,Not Significant,Not Significant
"1832,3623",2024,35.021589208920666,0.033646534069766885,3,Low-Low,0.124,False,0.22154397032062859,False,Not Significant,Not Significant
"1832,3624",2024,31.90531556705309,0.6878066023128665,3,Low-Low,0.091,False,0.17906187977224186,False,Not Significant,Not Significant
"1832,3625",2024,33.4976045048966,0.4297048203758982,3,Low-Low,0.048,True,0.11688346383508116,False,Low-Low,Not Significant
"1832,3626",2024,35.34027575865964,-0.013310323316978326,4,High-Low,0.27,False,0.3581499537721078,False,Not Significant,Not Significant
"1832,3627",2024,36.25511332285456,0.01971422443763339,1,High-High,0.435,False,0.4682973529101588,False,Not Significant,Not Significant
"1832,3628",2024,35.87821851788274,0.12305083785962183,1,High-High,0.133,False,0.230127762521291,False,Not Significant,Not Significant
"1832,3629",2024,36.21282221303649,0.35634473502237296,1,High-High,0.018,True,0.06103863724877329,False,High-High,Not Significant
"1832,3630",2024,38.55696539283822,1.3713796345973563,1,High-High,0.009,True,0.04005273661253177,True,High-High,High-High
"1832,3631",2024,38.69502925673212,1.3566821863411478,1,High-High,0.009,True,0.04005273661253177,True,High-High,High-High
"1832,3632",2024,38.1986062136043,0.5279758035159732,1,High-High,0.144,False,0.2395269040179307,False,Not Significant,Not Significant
"1832,3633",2024,33.85726701679468,-0.3537576982111062,2,Low-High,0.05,True,0.12015334242569264,False,Low-High,Not Significant
"1832,3634",2024,37.24476238665053,0.44792862165890873,1,High-High,0.087,False,0.17384152505241457,False,Not Significant,Not Significant
"1832,3635",2024,37.53903866206751,0.5612747090065361,1,High-High,0.068,False,0.148302194938271,False,Not Significant,Not Significant
"1832,3636",2024,35.55483876248205,0.014229745986607456,1,High-High,0.381,False,0.4349188484274758,False,Not Significant,Not Significant
"1832,3637",2024,33.80014097344945,0.025893527945974843,3,Low-Low,0.472,False,0.48481648233945895,False,Not Significant,Not Significant
"1832,3638",2024,36.70443768113958,-0.24459232267875017,4,High-Low,0.139,False,0.23567696820823633,False,Not Significant,Not Significant
"1832,3639",2024,35.083767252866686,0.01009912015586905,3,Low-Low,0.304,False,0.3844241951315822,False,Not Significant,Not Significant
"1832,3640",2024,35.6835914385946,-0.11117466184982029,4,High-Low,0.059,False,0.1349801885136971,False,Not Significant,Not Significant
"1832,3641",2024,33.95158334803125,0.29731210547706854,3,Low-Low,0.059,False,0.1349801885136971,False,Not Significant,Not Significant
"1832,3642",2024,35.008249747939914,0.08478085438040615,3,Low-Low,0.003,True,0.02246416401779184,True,Low-Low,Low-Low
"1832,3643",2024,31.46554701652896,1.4927287280489736,3,Low-Low,0.004,True,0.025586007046173857,True,Low-Low,Low-Low
"1832,3644",2024,31.54836986851627,1.0605841288327493,3,Low-Low,0.033,True,0.09294223312924547,False,Low-Low,Not Significant
"1832,3645",2024,35.60834035234805,-0.12016668646664935,4,High-Low,0.028,True,0.0812592617674637,False,High-Low,Not Significant
"1832,3646",2024,33.45967157987043,0.24363150264267486,3,Low-Low,0.183,False,0.28077062681004716,False,Not Significant,Not Significant
"1832,3647",2024,34.084225304507335,0.26960655041730963,3,Low-Low,0.056,False,0.13029056605769368,False,Not Significant,Not Significant
"1832,3648",2024,34.52197041392673,0.0793649378447325,3,Low-Low,0.232,False,0.3267060239752695,False,Not Significant,Not Significant
"1832,3649",2024,35.853725473234654,-0.05021702771707715,4,High-Low,0.309,False,0.38850771810400453,False,Not Significant,Not Significant
"1832,3650",2024,35.23735725785126,-0.005555890104137795,4,High-Low,0.104,False,0.19452344817375386,False,Not Significant,Not Significant
"1832,3651",2024,32.0341026137185,0.32121244021131634,3,Low-Low,0.269,False,0.35725543970923157,False,Not Significant,Not Significant
"1832,3652",2024,35.71411223487326,-0.06798198873336685,4,High-Low,0.196,False,0.2935317329375817,False,Not Significant,Not Significant
"1832,3653",2024,36.024768443361154,-0.08915620101589444,4,High-Low,0.245,False,0.3387082611605591,False,Not Significant,Not Significant
"1832,3654",2024,33.22343835683738,0.4770274342442257,3,Low-Low,0.096,False,0.18573545134992617,False,Not Significant,Not Significant
"1833,3614",2024,34.27906165753108,-0.009555657889943642,2,Low-High,0.49,False,0.49428046939016757,False,Not Significant,Not Significant
"1833,3615",2024,35.28933425252408,0.0013584231329707645,1,High-High,0.468,False,0.48228839290371633,False,Not Significant,Not Significant
"1833,3616",2024,35.18068250591891,-0.004245499097164984,2,Low-High,0.18,False,0.2777215300230034,False,Not Significant,Not Significant
"1833,3617",2024,37.18098500039363,0.29922363544199604,1,High-High,0.178,False,0.27599435109552983,False,Not Significant,Not Significant
"1833,3618",2024,36.33455728515622,0.19709319029507993,1,High-High,0.141,False,0.23687136734609035,False,Not Significant,Not Significant
"1833,3619",2024,36.17748774992849,-0.010092446926109538,4,High-Low,0.496,False,0.4975875547393359,False,Not Significant,Not Significant
"1833,3620",2024,34.968350236973016,0.00859586707549389,3,Low-Low,0.413,False,0.4571755664981338,False,Not Significant,Not Significant
"1833,3621",2024,35.93183659862631,-0.09920279222025848,4,High-Low,0.186,False,0.2833916733869248,False,Not Significant,Not Significant
"1833,3622",2024,35.49617615418732,-0.023381540876500885,4,High-Low,0.305,False,0.3848016191447446,False,Not Significant,Not Significant
"1833,3623",2024,34.216703354657945,0.12775995934158155,3,Low-Low,0.208,False,0.3028215059161424,False,Not Significant,Not Significant
"1833,3624",2024,34.21290984510131,0.013569988988190517,3,Low-Low,0.487,False,0.49306782413090106,False,Not Significant,Not Significant
"1833,3625",2024,36.32241929227601,0.04206259557677829,1,High-High,0.389,False,0.44015781168718815,False,Not Significant,Not Significant
"1833,3626",2024,36.13853867172351,0.2078353966937942,1,High-High,0.081,False,0.1665548271069263,False,Not Significant,Not Significant
"1833,3627",2024,36.62376158869255,0.3001520382791219,1,High-High,0.09,False,0.17773178023974387,False,Not Significant,Not Significant
"1833,3628",2024,35.84056244238105,0.18807880395988263,1,High-High,0.035,True,0.09744923899356786,False,High-High,Not Significant
"1833,3629",2024,36.47491134178454,0.5305427792163611,1,High-High,0.009,True,0.04005273661253177,True,High-High,High-High
"1833,3630",2024,38.49126876596942,1.6609720424294832,1,High-High,0.005,True,0.02798469325204437,True,High-High,High-High
"1833,3631",2024,38.62042199473861,1.4186126336528857,1,High-High,0.009,True,0.04005273661253177,True,High-High,High-High
"1833,3632",2024,35.315451837578145,0.021699929450869813,1,High-High,0.1,False,0.18995671278728551,False,Not Significant,Not Significant
"1833,3633",2024,34.51428961543541,-0.06705424713177527,2,Low-High,0.278,False,0.3647918622744711,False,Not Significant,Not Significant
"1833,3634",2024,35.96914866588434,0.1055968277523851,1,High-High,0.202,False,0.29965383058226214,False,Not Significant,Not Significant
"1833,3635",2024,36.8747164736938,0.27161838402181204,1,High-High,0.158,False,0.25716024922422553,False,Not Significant,Not Significant
"1833,3636",2024,35.473737412368244,-0.0035308865420727756,4,High-Low,0.484,False,0.4925306095760696,False,Not Significant,Not Significant
"1833,3637",2024,33.31695456477464,0.31194475540569866,3,Low-Low,0.137,False,0.23409500620632528,False,Not Significant,Not Significant
"1833,3638",2024,32.341179817584745,0.7963963696039089,3,Low-Low,0.036,True,0.09935093911938697,False,Low-Low,Not Significant
"1833,3639",2024,31.889604071039127,0.4106073627628717,3,Low-Low,0.209,False,0.30387409798667636,False,Not Significant,Not Significant
"1833,3640",2024,33.57583104655004,0.37204516644863417,3,Low-Low,0.07,False,0.15101278333713172,False,Not Significant,Not Significant
"1833,3641",2024,32.48438310023874,0.42469987241049767,3,Low-Low,0.154,False,0.2525231675404961,False,Not Significant,Not Significant
"1833,3642",2024,33.14729629713548,0.6479363716637694,3,Low-Low,0.022,True,0.06915186208947682,False,Low-Low,Not Significant
"1833,3643",2024,34.27808807657553,0.25400737459827694,3,Low-Low,0.039,True,0.10334058184230673,False,Low-Low,Not Significant
"1833,3644",2024,35.07603021152361,0.013061161604668898,3,Low-Low,0.274,False,0.3619241275965342,False,Not Significant,Not Significant
"1833,3645",2024,36.13028787313839,-0.003977591387511846,4,High-Low,0.493,False,0.4961660557657207,False,Not Significant,Not Significant
"1833,3646",2024,33.416947300756256,-0.1833287125435851,2,Low-High,0.267,False,0.35567576047790794,False,Not Significant,Not Significant
"1833,3647",2024,34.711672303492264,0.030444509961930488,3,Low-Low,0.348,False,0.41517780208276495,False,Not Significant,Not Significant
"1833,3648",2024,34.7733720631382,-0.0060687576421025536,2,Low-High,0.44,False,0.47067771563583444,False,Not Significant,Not Significant
"1833,3649",2024,36.1803046490465,0.04769953285968821,1,High-High,0.365,False,0.4257363215968179,False,Not Significant,Not Significant
"1833,3650",2024,35.812361382219336,-0.012367522901355971,4,High-Low,0.461,False,0.4802940893398673,False,Not Significant,Not Significant
"1833,3651",2024,33.00804678162765,-0.06760854982445193,2,Low-High,0.403,False,0.4495078768291386,False,Not Significant,Not Significant
"1833,3652",2024,35.38676865221314,-0.016641136409698012,4,High-Low,0.282,False,0.36784067271580734,False,Not Significant,Not Significant
"1833,3653",2024,35.047140952409464,0.030721032547018544,3,Low-Low,0.114,False,0.2087779633812793,False,Not Significant,Not Significant
"1833,3654",2024,32.239605256212734,0.817211925919678,3,Low-Low,0.083,False,0.16892578206776687,False,Not Significant,Not Significant
"1834,3614",2024,35.30542056262696,0.0011406427450491566,1,High-High,0.495,False,0.4972664883066883,False,Not Significant,Not Significant
"1834,3615",2024,35.86244364627714,-0.03669150774640845,4,High-Low,0.361,False,0.4237742124871815,False,Not Significant,Not Significant
"1834,3616",2024,34.70741866297587,0.013751647773578906,3,Low-Low,0.431,False,0.46720058668272296,False,Not Significant,Not Significant
"1834,3617",2024,34.33653062575788,0.05144305446894502,3,Low-Low,0.353,False,0.418638901388323,False,Not Significant,Not Significant
"1834,3618",2024,34.283962921148664,0.05968755672245026,3,Low-Low,0.341,False,0.41107361516454716,False,Not Significant,Not Significant
"1834,3619",2024,33.119970139925044,0.2000058355958948,3,Low-Low,0.277,False,0.3643513321161842,False,Not Significant,Not Significant
"1834,3620",2024,34.05048382947771,0.15112525139578575,3,Low-Low,0.204,False,0.30099259692707075,False,Not Significant,Not Significant
"1834,3621",2024,33.94388351628379,0.13149275078085598,3,Low-Low,0.257,False,0.34849072832554323,False,Not Significant,Not Significant
"1834,3622",2024,33.27447064981727,0.04604729334903665,3,Low-Low,0.442,False,0.470980089199433,False,Not Significant,Not Significant
"1834,3623",2024,35.07112090114663,-0.005921205588124388,2,Low-High,0.38,False,0.43468195492085127,False,Not Significant,Not Significant
"1834,3624",2024,36.31613484132011,0.23611419510273843,1,High-High,0.089,False,0.17623285505423048,False,Not Significant,Not Significant
"1834,3625",2024,38.780589599185376,1.1439122841866343,1,High-High,0.027,True,0.07940750876216882,False,High-High,Not Significant
"1834,3626",2024,36.97920673370681,0.8232269601425709,1,High-High,0.007,True,0.034204900833074925,True,High-High,High-High
"1834,3627",2024,36.74277345851469,0.6713385365518902,1,High-High,0.008,True,0.03750427528563091,True,High-High,High-High
"1834,3628",2024,36.91355701547354,0.7452792981764865,1,High-High,0.008,True,0.03750427528563091,True,High-High,High-High
"1834,3629",2024,38.384419820833806,1.2841203623351054,1,High-High,0.01,True,0.04276803023314383,True,High-High,High-High
"1834,3630",2024,38.01985391923187,1.157996053131164,1,High-High,0.01,True,0.04276803023314383,True,High-High,High-High
"1834,3631",2024,36.782436597520274,0.4203303128556218,1,High-High,0.048,True,0.11688346383508116,False,High-High,Not Significant
"1834,3632",2024,34.10891115203422,-0.13924751393171036,2,Low-High,0.224,False,0.3201667851267886,False,Not Significant,Not Significant
"1834,3633",2024,34.980953622534585,0.013138279763507798,3,Low-Low,0.355,False,0.41987599809214754,False,Not Significant,Not Significant
"1834,3634",2024,35.82591418324488,-0.01936902831814439,4,High-Low,0.421,False,0.4616062010841808,False,Not Significant,Not Significant
"1834,3635",2024,36.34577482257146,-0.057684124451147366,4,High-Low,0.368,False,0.42741768214360565,False,Not Significant,Not Significant
"1834,3636",2024,34.18749555581083,0.02544330921151854,3,Low-Low,0.435,False,0.4682973529101588,False,Not Significant,Not Significant
"1834,3637",2024,33.523885107530056,0.268905784935581,3,Low-Low,0.145,False,0.24046106639903148,False,Not Significant,Not Significant
"1834,3638",2024,33.54563775906033,0.5347727413954125,3,Low-Low,0.021,True,0.06687082638436893,False,Low-Low,Not Significant
"1834,3639",2024,32.790933677402826,0.564334652896184,3,Low-Low,0.061,False,0.13797319742668535,False,Not Significant,Not Significant
"1834,3640",2024,37.039316863855255,-0.5443377060345524,4,High-Low,0.027,True,0.07940750876216882,False,High-Low,Not Significant
"1834,3641",2024,33.7115333043072,0.202436916818375,3,Low-Low,0.194,False,0.2915315154480608,False,Not Significant,Not Significant
"1834,3642",2024,33.37086274061457,0.40557208579275594,3,Low-Low,0.077,False,0.16028273157930917,False,Not Significant,Not Significant
"1834,3643",2024,34.934289760563935,0.053617312552168624,3,Low-Low,0.108,False,0.19995949885764705,False,Not Significant,Not Significant
"1834,3644",2024,36.296736622009725,-0.0007145672555505698,4,High-Low,0.486,False,0.49306782413090106,False,Not Significant,Not Significant
"1834,3645",2024,37.513290381594864,0.31944501281120824,1,High-High,0.201,False,0.2987764302065702,False,Not Significant,Not Significant
"1834,3646",2024,38.58126448429324,0.46506538999702846,1,High-High,0.201,False,0.2987764302065702,False,Not Significant,Not Significant
"1834,3647",2024,35.64151931828129,0.03433289756100829,1,High-High,0.301,False,0.38261529426862023,False,Not Significant,Not Significant
"1834,3648",2024,34.764431045793934,-0.048411047197845745,2,Low-High,0.254,False,0.34591931581941177,False,Not Significant,Not Significant
"1834,3649",2024,36.4667384361221,0.14688993212019866,1,High-High,0.239,False,0.33293078335504683,False,Not Significant,Not Significant
"1834,3650",2024,36.19011388745962,0.1012850851098469,1,High-High,0.266,False,0.3547744715829751,False,Not Significant,Not Significant
"1834,3651",2024,35.888393675380044,0.05049668699045043,1,High-High,0.309,False,0.38850771810400453,False,Not Significant,Not Significant
"1834,3652",2024,36.62731023562576,-0.1515263896833635,4,High-Low,0.243,False,0.3372182173113669,False,Not Significant,Not Significant
"1834,3653",2024,33.61464900803516,0.46084425984566063,3,Low-Low,0.028,True,0.0812592617674637,False,Low-Low,Not Significant
"1834,3654",2024,31.311325385159066,1.8105607743777106,3,Low-Low,0.009,True,0.04005273661253177,True,Low-Low,Low-Low
"1835,3614",2024,35.66478691541966,0.0001718560580169632,1,High-High,0.466,False,0.48181148897242027,False,Not Significant,Not Significant
"1835,3615",2024,35.24260668280707,-0.000799294299480015,4,High-Low,0.441,False,0.470980089199433,False,Not Significant,Not Significant
"1835,3616",2024,33.77510888004218,0.05194532482368028,3,Low-Low,0.403,False,0.4495078768291386,False,Not Significant,Not Significant
"1835,3617",2024,33.71658219755407,0.16979309381103308,3,Low-Low,0.229,False,0.3249844791124277,False,Not Significant,Not Significant
"1835,3618",2024,34.153526769171755,0.18094943822427867,3,Low-Low,0.135,False,0.23267086549059948,False,Not Significant,Not Significant
"1835,3619",2024,34.09254002325864,0.21743681637617984,3,Low-Low,0.108,False,0.19995949885764705,False,Not Significant,Not Significant
"1835,3620",2024,33.81290657670404,0.26561283728268603,3,Low-Low,0.115,False,0.20973400214217844,False,Not Significant,Not Significant
"1835,3621",2024,34.45000252534078,0.09123435166069374,3,Low-Low,0.216,False,0.31218973141806555,False,Not Significant,Not Significant
"1835,3622",2024,35.564425777794206,-0.0032737305157057987,4,High-Low,0.488,False,0.4933972405673172,False,Not Significant,Not Significant
"1835,3623",2024,36.05350003752127,0.16949731185956315,1,High-High,0.102,False,0.1922577283636401,False,Not Significant,Not Significant
"1835,3624",2024,38.24136567070092,1.0255752410531485,1,High-High,0.019,True,0.06306505092221021,False,High-High,Not Significant
"1835,3625",2024,37.23360166508703,1.040789943210137,1,High-High,0.005,True,0.02798469325204437,True,High-High,High-High
"1835,3626",2024,38.93340836155639,2.0104103910494517,1,High-High,0.004,True,0.025586007046173857,True,High-High,High-High
"1835,3627",2024,39.34530796336873,2.1365613163371067,1,High-High,0.005,True,0.02798469325204437,True,High-High,High-High
"1835,3628",2024,38.26138658043617,1.4381055571981756,1,High-High,0.007,True,0.034204900833074925,True,High-High,High-High
"1835,3629",2024,37.34372263867928,0.7935054226939778,1,High-High,0.013,True,0.04960347928430723,True,High-High,High-High
"1835,3630",2024,36.36910534590976,0.30227073213640027,1,High-High,0.054,False,0.12684796902907483,False,Not Significant,Not Significant
"1835,3631",2024,35.54874304468976,0.03471974182368797,1,High-High,0.264,False,0.3542605485391179,False,Not Significant,Not Significant
"1835,3632",2024,35.79573247668672,-0.03360220583356889,4,High-Low,0.356,False,0.4203789093650966,False,Not Significant,Not Significant
"1835,3633",2024,35.13536275821962,0.01408593918797519,3,Low-Low,0.113,False,0.2072926385321944,False,Not Significant,Not Significant
"1835,3634",2024,32.72150917667378,0.19323317216115718,3,Low-Low,0.303,False,0.3840450645870449,False,Not Significant,Not Significant
"1835,3635",2024,33.88466848831326,0.059641912190723165,3,Low-Low,0.38,False,0.43468195492085127,False,Not Significant,Not Significant
"1835,3636",2024,34.721725425094604,-0.04409957379993136,2,Low-High,0.282,False,0.36784067271580734,False,Not Significant,Not Significant
"1835,3637",2024,36.54235234326488,0.09049236402981932,1,High-High,0.321,False,0.3976702549106182,False,Not Significant,Not Significant
"1835,3638",2024,35.21230584763515,-9.05814760391824e-05,4,High-Low,0.433,False,0.46752066748935406,False,Not Significant,Not Significant
"1835,3639",2024,33.30053756989189,-0.03017118711044508,2,Low-High,0.445,False,0.47180521766957806,False,Not Significant,Not Significant
"1835,3640",2024,35.50907670319851,-0.015582756540124698,4,High-Low,0.368,False,0.42741768214360565,False,Not Significant,Not Significant
"1835,3641",2024,36.61205766930056,-0.06985936449039955,4,High-Low,0.371,False,0.42953772148544994,False,Not Significant,Not Significant
"1835,3642",2024,34.57016294922574,0.0920139554997798,3,Low-Low,0.179,False,0.27656761355383297,False,Not Significant,Not Significant
"1835,3643",2024,33.18105692356095,0.3830375002786691,3,Low-Low,0.118,False,0.21360726202085073,False,Not Significant,Not Significant
"1835,3644",2024,34.00862918106566,0.025880894056231712,3,Low-Low,0.451,False,0.47503313057364266,False,Not Significant,Not Significant
"1835,3645",2024,36.5241903639168,0.2363297718324699,1,High-High,0.13,False,0.22835867857341294,False,Not Significant,Not Significant
"1835,3646",2024,37.13735211313099,0.578119872534695,1,High-High,0.034,True,0.09514796435452845,False,High-High,Not Significant
"1835,3647",2024,36.06755938304645,0.17274332266383083,1,High-High,0.1,False,0.18995671278728551,False,Not Significant,Not Significant
"1835,3648",2024,35.36825164544416,0.017227202272549733,1,High-High,0.253,False,0.3454150470725928,False,Not Significant,Not Significant
"1835,3649",2024,36.78248808342659,0.07409141271979389,1,High-High,0.37,False,0.4288325464668818,False,Not Significant,Not Significant
"1835,3650",2024,36.43363645519441,0.14051714131047488,1,High-High,0.243,False,0.3372182173113669,False,Not Significant,Not Significant
"1835,3651",2024,35.19528578837732,-0.0024029848492309424,2,Low-High,0.139,False,0.23567696820823633,False,Not Significant,Not Significant
"1835,3652",2024,35.96690964312859,-0.03982660506385238,4,High-Low,0.367,False,0.4267080179205886,False,Not Significant,Not Significant
"1835,3653",2024,33.32652937978439,0.5383323607920133,3,Low-Low,0.039,True,0.10334058184230673,False,Low-Low,Not Significant
"1835,3654",2024,30.299589113803105,2.5660663058844766,3,Low-Low,0.01,True,0.04276803023314383,True,Low-Low,Low-Low
"1836,3614",2024,34.16541000159512,0.07264043623180044,3,Low-Low,0.349,False,0.41614457346175027,False,Not Significant,Not Significant
"1836,3615",2024,35.47841963757097,-0.01948016678944215,4,High-Low,0.322,False,0.3986839690743935,False,Not Significant,Not Significant
"1836,3616",2024,35.76967014037182,-0.023935420542314227,4,High-Low,0.391,False,0.4417373871029835,False,Not Significant,Not Significant
"1836,3617",2024,35.1211070439981,0.0022209379168844808,3,Low-Low,0.439,False,0.4705256585324748,False,Not Significant,Not Significant
"1836,3618",2024,35.0112413583733,0.010718915465740813,3,Low-Low,0.367,False,0.4267080179205886,False,Not Significant,Not Significant
"1836,3619",2024,35.18885631610696,0.002375431269367409,3,Low-Low,0.223,False,0.31915330118940144,False,Not Significant,Not Significant
"1836,3620",2024,34.32486450260814,0.08932153166553848,3,Low-Low,0.26,False,0.3508240953729308,False,Not Significant,Not Significant
"1836,3621",2024,34.95379244990241,0.004180542325787291,3,Low-Low,0.464,False,0.48042282713871626,False,Not Significant,Not Significant
"1836,3622",2024,36.9784966797418,0.21000100130485364,1,High-High,0.234,False,0.328048558623646,False,Not Significant,Not Significant
"1836,3623",2024,36.58127248018832,0.47123985457046674,1,High-High,0.02,True,0.06510385611158097,False,High-High,Not Significant
"1836,3624",2024,37.60669713606199,1.1056093778942289,1,High-High,0.007,True,0.034204900833074925,True,High-High,High-High
"1836,3625",2024,37.445896829189536,1.2805258120767442,1,High-High,0.003,True,0.02246416401779184,True,High-High,High-High
"1836,3626",2024,37.76198117504568,1.5047780619366764,1,High-High,0.002,True,0.020221199117137403,True,High-High,High-High
"1836,3627",2024,38.79635845833455,1.8419754906875776,1,High-High,0.005,True,0.02798469325204437,True,High-High,High-High
"1836,3628",2024,37.77451655577741,0.802658888371211,1,High-High,0.029,True,0.08360840758105616,False,High-High,Not Significant
"1836,3629",2024,35.06160503486578,-0.021390018660814452,2,Low-High,0.188,False,0.2852503360142187,False,Not Significant,Not Significant
"1836,3630",2024,35.63346358011283,-0.03142038649545191,4,High-Low,0.315,False,0.3933466105686377,False,Not Significant,Not Significant
"1836,3631",2024,35.23391335772243,-0.0037409943965199706,4,High-Low,0.17,False,0.2681380330145059,False,Not Significant,Not Significant
"1836,3632",2024,33.78248063618638,0.17654151563439904,3,Low-Low,0.211,False,0.3059709121356795,False,Not Significant,Not Significant
"1836,3633",2024,33.827229258936754,0.3413625625600171,3,Low-Low,0.049,True,0.1186600410467873,False,Low-Low,Not Significant
"1836,3634",2024,33.03971059167189,0.3853613749144037,3,Low-Low,0.132,False,0.2298476178021658,False,Not Significant,Not Significant
"1836,3635",2024,35.55061809812163,-0.04464596812664748,4,High-Low,0.206,False,0.30191316000206436,False,Not Significant,Not Significant
"1836,3636",2024,37.49258387815279,0.3562920631278402,1,High-High,0.17,False,0.2681380330145059,False,Not Significant,Not Significant
"1836,3637",2024,37.73489237664507,0.8331237210083188,1,High-High,0.023,True,0.07167897741204467,False,High-High,Not Significant
"1836,3638",2024,37.94574514562947,0.5607071525706118,1,High-High,0.095,False,0.18477836647566329,False,Not Significant,Not Significant
"1836,3639",2024,35.20409785926361,-0.0005011785346026934,2,Low-High,0.259,False,0.35012076852943014,False,Not Significant,Not Significant
"1836,3640",2024,35.051969272170176,-0.013425571199354877,2,Low-High,0.287,False,0.3723701957694741,False,Not Significant,Not Significant
"1836,3641",2024,35.90148565179239,0.06804169436205951,1,High-High,0.266,False,0.3547744715829751,False,Not Significant,Not Significant
"1836,3642",2024,34.542305120082005,-0.0029680754624488753,2,Low-High,0.472,False,0.48481648233945895,False,Not Significant,Not Significant
"1836,3643",2024,33.7043693199746,0.326245293066623,3,Low-Low,0.079,False,0.16336098772585111,False,Not Significant,Not Significant
"1836,3644",2024,32.75158244411561,0.2873946914773451,3,Low-Low,0.222,False,0.3183451021418852,False,Not Significant,Not Significant
"1836,3645",2024,35.91107569962273,0.012459815189882081,1,High-High,0.441,False,0.470980089199433,False,Not Significant,Not Significant
"1836,3646",2024,36.60042308072929,0.30226096566354876,1,High-High,0.085,False,0.17156393924709187,False,Not Significant,Not Significant
"1836,3647",2024,36.72574473435028,0.22689218053556204,1,High-High,0.179,False,0.27656761355383297,False,Not Significant,Not Significant
"1836,3648",2024,34.834599390847124,-0.039388143739021914,2,Low-High,0.253,False,0.3454150470725928,False,Not Significant,Not Significant
"1836,3649",2024,34.679975678955046,-0.003847377617646529,2,Low-High,0.456,False,0.47823326984851355,False,Not Significant,Not Significant
"1836,3650",2024,34.802143108616626,-0.030162890505780245,2,Low-High,0.312,False,0.3904894547195892,False,Not Significant,Not Significant
"1836,3651",2024,36.21861431150897,0.09761172157785455,1,High-High,0.27,False,0.3581499537721078,False,Not Significant,Not Significant
"1836,3652",2024,36.50066915263521,-0.12492787631340774,4,High-Low,0.273,False,0.36082048444862824,False,Not Significant,Not Significant
"1836,3653",2024,32.21589616127024,0.739995471066775,3,Low-Low,0.089,False,0.17623285505423048,False,Not Significant,Not Significant
"1837,3614",2024,33.92659998060427,0.16644498032921493,3,Low-Low,0.239,False,0.33293078335504683,False,Not Significant,Not Significant
"1837,3615",2024,34.00670162640874,0.0835543469124218,3,Low-Low,0.325,False,0.40104048022805505,False,Not Significant,Not Significant
"1837,3616",2024,36.25280063855831,-0.02677677443563112,4,High-Low,0.439,False,0.4705256585324748,False,Not Significant,Not Significant
"1837,3617",2024,36.38506424877961,0.007005660038504547,1,High-High,0.464,False,0.48042282713871626,False,Not Significant,Not Significant
"1837,3618",2024,35.60539986421966,0.01270521641983578,1,High-High,0.399,False,0.4473203760540845,False,Not Significant,Not Significant
"1837,3619",2024,35.25852371106623,-0.00038936846174775187,4,High-Low,0.494,False,0.49694450863016576,False,Not Significant,Not Significant
"1837,3620",2024,34.73257756328005,-0.007345000956611894,2,Low-High,0.445,False,0.47180521766957806,False,Not Significant,Not Significant
"1837,3621",2024,35.17489377374542,-0.0023766800166568156,2,Low-High,0.321,False,0.3976702549106182,False,Not Significant,Not Significant
"1837,3622",2024,35.98389153147081,0.1237164452985423,1,High-High,0.164,False,0.26111466613840123,False,Not Significant,Not Significant
"1837,3623",2024,37.61814566126972,0.6361629908058821,1,High-High,0.053,False,0.12490010593650676,False,Not Significant,Not Significant
"1837,3624",2024,37.24818593425148,0.849611254322344,1,High-High,0.01,True,0.04276803023314383,True,High-High,High-High
"1837,3625",2024,39.54244959148899,1.7711744133568035,1,High-High,0.01,True,0.04276803023314383,True,High-High,High-High
"1837,3626",2024,37.813745878680834,1.1604065405783324,1,High-High,0.007,True,0.034204900833074925,True,High-High,High-High
"1837,3627",2024,35.94363015656365,0.2916571081516659,1,High-High,0.011,True,0.04444567195069504,True,High-High,High-High
"1837,3628",2024,36.207203929754726,0.202239265908871,1,High-High,0.099,False,0.18920383172739258,False,Not Significant,Not Significant
"1837,3629",2024,33.124139520514206,-0.1010750868439959,2,Low-High,0.365,False,0.4257363215968179,False,Not Significant,Not Significant
"1837,3630",2024,32.715754017134145,0.30547028605906934,3,Low-Low,0.215,False,0.31094924709713606,False,Not Significant,Not Significant
"1837,3631",2024,33.33845008252344,0.39109055194827286,3,Low-Low,0.089,False,0.17623285505423048,False,Not Significant,Not Significant
"1837,3632",2024,32.53356210534204,0.32312924940353316,3,Low-Low,0.218,False,0.3146657819026395,False,Not Significant,Not Significant
"1837,3633",2024,35.349406247254315,-0.03507801586846053,4,High-Low,0.048,True,0.11688346383508116,False,High-Low,Not Significant
"1837,3634",2024,33.513615001650926,0.1989331585007569,3,Low-Low,0.223,False,0.31915330118940144,False,Not Significant,Not Significant
"1837,3635",2024,34.64226080733783,0.0024947074864896317,3,Low-Low,0.497,False,0.49813523040399427,False,Not Significant,Not Significant
"1837,3636",2024,36.47147421741106,0.3461183014215649,1,High-High,0.048,True,0.11688346383508116,False,High-High,Not Significant
"1837,3637",2024,38.31341829042667,1.4351323723593976,1,High-High,0.007,True,0.034204900833074925,True,High-High,High-High
"1837,3638",2024,38.05691335208331,0.9837933860086994,1,High-High,0.021,True,0.06687082638436893,False,High-High,Not Significant
"1837,3639",2024,35.43510256700845,0.059745621537984225,1,High-High,0.053,False,0.12490010593650676,False,Not Significant,Not Significant
"1837,3640",2024,35.22399911685136,0.0035447855672465717,1,High-High,0.068,False,0.148302194938271,False,Not Significant,Not Significant
"1837,3641",2024,37.877457521563485,0.5499543417584972,1,High-High,0.091,False,0.17906187977224186,False,Not Significant,Not Significant
"1837,3642",2024,36.18274929288729,0.127118123797811,1,High-High,0.209,False,0.30387409798667636,False,Not Significant,Not Significant
"1837,3643",2024,33.819196411771685,0.023675072555796317,3,Low-Low,0.463,False,0.4802940893398673,False,Not Significant,Not Significant
"1837,3644",2024,34.01453894715112,-0.001423377162461277,2,Low-High,0.478,False,0.48914737293302124,False,Not Significant,Not Significant
"1837,3645",2024,35.86939223409026,0.053947331922240785,1,High-High,0.3,False,0.38200814054237847,False,Not Significant,Not Significant
"1837,3646",2024,35.46984141756675,0.05589431961650043,1,High-High,0.085,False,0.17156393924709187,False,Not Significant,Not Significant
"1837,3647",2024,36.58438361140484,0.23341324922493273,1,High-High,0.144,False,0.2395269040179307,False,Not Significant,Not Significant
"1837,3648",2024,35.543840953200686,0.019884186258004,1,High-High,0.354,False,0.4191451725352473,False,Not Significant,Not Significant
"1837,3649",2024,34.09324604897254,0.023279308320630035,3,Low-Low,0.452,False,0.4758579571679549,False,Not Significant,Not Significant
"1837,3650",2024,34.10222988990974,-0.10861712024160952,2,Low-High,0.268,False,0.3561429525418111,False,Not Significant,Not Significant
"1837,3651",2024,37.107540318698376,0.14410741825882709,1,High-High,0.312,False,0.3904894547195892,False,Not Significant,Not Significant
"1837,3652",2024,35.398899807683264,0.0011067752990808397,1,High-High,0.486,False,0.49306782413090106,False,Not Significant,Not Significant
"1837,3653",2024,32.4054216570921,0.43925597149664697,3,Low-Low,0.246,False,0.3394490659799216,False,Not Significant,Not Significant
"1838,3614",2024,34.69375138316613,0.11257817873090388,3,Low-Low,0.137,False,0.23409500620632528,False,Not Significant,Not Significant
"1838,3615",2024,34.48258274131476,0.12185551302394036,3,Low-Low,0.14,False,0.23627692408286607,False,Not Significant,Not Significant
"1838,3616",2024,34.14574734168656,0.07673528135116585,3,Low-Low,0.323,False,0.39947126851140985,False,Not Significant,Not Significant
"1838,3617",2024,35.26496747244752,-0.00018969048911385896,4,High-Low,0.498,False,0.49868187636123407,False,Not Significant,Not Significant
"1838,3618",2024,34.737299227213164,-0.03888942163529404,2,Low-High,0.3,False,0.38200814054237847,False,Not Significant,Not Significant
"1838,3619",2024,35.976331639861684,0.03221619015317898,1,High-High,0.383,False,0.4362938578316975,False,Not Significant,Not Significant
"1838,3620",2024,35.78351355351571,0.035948452353225566,1,High-High,0.348,False,0.41517780208276495,False,Not Significant,Not Significant
"1838,3621",2024,35.62275887674528,0.0233928307704335,1,High-High,0.362,False,0.4242670806045206,False,Not Significant,Not Significant
"1838,3622",2024,36.05722760423668,0.05419103381372283,1,High-High,0.345,False,0.4136229493904635,False,Not Significant,Not Significant
"1838,3623",2024,35.01890358876025,-0.029569838370251428,2,Low-High,0.175,False,0.27288556749208986,False,Not Significant,Not Significant
"1838,3624",2024,36.67265507824036,0.43708119669077755,1,High-High,0.036,True,0.09935093911938697,False,High-High,Not Significant
"1838,3625",2024,37.71422131239813,0.848941701105537,1,High-High,0.021,True,0.06687082638436893,False,High-High,Not Significant
"1838,3626",2024,35.62267934061584,0.1545771898075848,1,High-High,0.016,True,0.05689465424205921,False,High-High,Not Significant
"1838,3627",2024,36.51771516978315,0.3366977710975163,1,High-High,0.056,False,0.13029056605769368,False,Not Significant,Not Significant
"1838,3628",2024,36.92717402942786,0.18185727071338728,1,High-High,0.254,False,0.34591931581941177,False,Not Significant,Not Significant
"1838,3629",2024,35.56406837021456,-0.030262987498431128,4,High-Low,0.289,False,0.3736393694394325,False,Not Significant,Not Significant
"1838,3630",2024,33.71139070866758,0.3071727193043003,3,Low-Low,0.098,False,0.1886070126112093,False,Not Significant,Not Significant
"1838,3631",2024,35.14448383387872,0.01866587225444515,3,Low-Low,0.027,True,0.07940750876216882,False,Low-Low,Not Significant
"1838,3632",2024,34.62261719789513,0.046898374070711506,3,Low-Low,0.299,False,0.38184283411822023,False,Not Significant,Not Significant
"1838,3633",2024,35.582077156422095,-0.01851067002224262,4,High-Low,0.375,False,0.43188976377952754,False,Not Significant,Not Significant
"1838,3634",2024,34.860344867784406,0.009181245172391553,3,Low-Low,0.433,False,0.46752066748935406,False,Not Significant,Not Significant
"1838,3635",2024,34.16539525797298,-0.04871420653007305,2,Low-High,0.375,False,0.43188976377952754,False,Not Significant,Not Significant
"1838,3636",2024,36.40355451518626,0.23666960980123483,1,High-High,0.098,False,0.1886070126112093,False,Not Significant,Not Significant
"1838,3637",2024,38.2451206993919,1.2871872129252697,1,High-High,0.011,True,0.04444567195069504,True,High-High,High-High
"1838,3638",2024,37.66072432643033,0.9807755474509013,1,High-High,0.012,True,0.047098390391506324,True,High-High,High-High
"1838,3639",2024,34.83668309348588,-0.15007633224621686,2,Low-High,0.011,True,0.04444567195069504,True,Low-High,Low-High
"1838,3640",2024,38.17391896837837,1.119639441978074,1,High-High,0.015,True,0.05430692947921482,False,High-High,Not Significant
"1838,3641",2024,38.56065543371369,1.2559450269050654,1,High-High,0.015,True,0.05430692947921482,False,High-High,Not Significant
"1838,3642",2024,36.21067439302357,0.3414909329821892,1,High-High,0.019,True,0.06306505092221021,False,High-High,Not Significant
"1838,3643",2024,36.23451008896641,0.16463499041353757,1,High-High,0.162,False,0.2592472655333193,False,Not Significant,Not Significant
"1838,3644",2024,37.35540925758588,0.3040907020897042,1,High-High,0.196,False,0.2935317329375817,False,Not Significant,Not Significant
"1838,3645",2024,36.0736614302924,0.18171651433529884,1,High-High,0.089,False,0.17623285505423048,False,Not Significant,Not Significant
"1838,3646",2024,36.73601757576335,0.27300583661040184,1,High-High,0.13,False,0.22835867857341294,False,Not Significant,Not Significant
"1838,3647",2024,35.671685101215694,0.09069163432618407,1,High-High,0.104,False,0.19452344817375386,False,Not Significant,Not Significant
"1838,3648",2024,36.82210905712005,-0.02740024511058252,4,High-Low,0.46,False,0.4802940893398673,False,Not Significant,Not Significant
"1838,3649",2024,34.61590197646817,0.017919848522232402,3,Low-Low,0.423,False,0.46287382407081396,False,Not Significant,Not Significant
"1838,3650",2024,35.44342379293401,0.011575902839624863,1,High-High,0.374,False,0.43119076628842856,False,Not Significant,Not Significant
"1838,3651",2024,38.6043246026335,-0.05430798340010509,4,High-Low,0.463,False,0.4802940893398673,False,Not Significant,Not Significant
"1838,3652",2024,33.61276314784632,-0.11438919205207014,2,Low-High,0.343,False,0.4121259520766769,False,Not Significant,Not Significant
"1839,3614",2024,34.59802939967812,0.14110272952768635,3,Low-Low,0.122,False,0.21904091899162814,False,Not Significant,Not Significant
"1839,3615",2024,33.61361503892431,0.29678663827725693,3,Low-Low,0.125,False,0.2227863525588952,False,Not Significant,Not Significant
"1839,3616",2024,33.77992326012643,0.1830084246767759,3,Low-Low,0.205,False,0.30165660367325436,False,Not Significant,Not Significant
"1839,3617",2024,35.02321244436973,0.009052731264203567,3,Low-Low,0.379,False,0.4344441054258476,False,Not Significant,Not Significant
"1839,3618",2024,35.608044228910906,0.021759545044756138,1,High-High,0.362,False,0.4242670806045206,False,Not Significant,Not Significant
"1839,3619",2024,35.82108191763059,0.04532557336090896,1,High-High,0.316,False,0.3939227454025637,False,Not Significant,Not Significant
"1839,3620",2024,35.791015010464,0.06876919298878001,1,High-High,0.233,False,0.32727400115220096,False,Not Significant,Not Significant
"1839,3621",2024,35.77695896705659,0.03630123119048079,1,High-High,0.342,False,0.41160066743768053,False,Not Significant,Not Significant
"1839,3622",2024,34.614656242732266,-0.00015339370312097232,2,Low-High,0.487,False,0.49306782413090106,False,Not Significant,Not Significant
"1839,3623",2024,34.39612774966743,0.0018830913991200288,3,Low-Low,0.491,False,0.49506157751688185,False,Not Significant,Not Significant
"1839,3624",2024,35.25215681727115,0.004675958583044187,1,High-High,0.248,False,0.3417788888865979,False,Not Significant,Not Significant
"1839,3625",2024,36.72817147475537,0.32587844359999724,1,High-High,0.088,False,0.17536058033952703,False,Not Significant,Not Significant
"1839,3626",2024,36.234916044158375,0.3114726725907421,1,High-High,0.031,True,0.0883298686862766,False,High-High,Not Significant
"1839,3627",2024,36.00016516877932,0.2506812368168767,1,High-High,0.028,True,0.0812592617674637,False,High-High,Not Significant
"1839,3628",2024,37.12849430605623,0.5280102031013226,1,High-High,0.046,True,0.1140384183007445,False,High-High,Not Significant
"1839,3629",2024,35.38533748848405,0.02244069234316361,1,High-High,0.212,False,0.3072179620261236,False,Not Significant,Not Significant
"1839,3630",2024,33.09134991490369,-0.11272525133333215,2,Low-High,0.366,False,0.42622292604922235,False,Not Significant,Not Significant
"1839,3631",2024,35.171529937242795,0.0022402147445090928,3,Low-Low,0.357,False,0.42042833352306486,False,Not Significant,Not Significant
"1839,3632",2024,35.008070314417175,-0.020043375371227287,2,Low-High,0.267,False,0.35567576047790794,False,Not Significant,Not Significant
"1839,3633",2024,36.37148331760877,0.17161567389709692,1,High-High,0.18,False,0.2777215300230034,False,Not Significant,Not Significant
"1839,3634",2024,37.444577214662175,0.18147548876569977,1,High-High,0.304,False,0.3844241951315822,False,Not Significant,Not Significant
"1839,3635",2024,33.55842473356757,-0.3311336442150956,2,Low-High,0.099,False,0.18920383172739258,False,Not Significant,Not Significant
"1839,3636",2024,36.6294582048173,0.26782197019812914,1,High-High,0.114,False,0.2087779633812793,False,Not Significant,Not Significant
"1839,3637",2024,37.505968768707376,0.9171647873107601,1,High-High,0.012,True,0.047098390391506324,True,High-High,High-High
"1839,3638",2024,37.448963334838126,0.9976701963699334,1,High-High,0.008,True,0.03750427528563091,True,High-High,High-High
"1839,3639",2024,37.69926537641901,1.3484089226056828,1,High-High,0.004,True,0.025586007046173857,True,High-High,High-High
"1839,3640",2024,37.9641208060226,1.900709038393844,1,High-High,0.001,True,0.014246753923437716,True,High-High,High-High
"1839,3641",2024,39.0553094199149,2.2576863131076883,1,High-High,0.001,True,0.014246753923437716,True,High-High,High-High
"1839,3642",2024,35.84911794711767,0.3444540145034347,1,High-High,0.004,True,0.025586007046173857,True,High-High,High-High
"1839,3643",2024,37.6172562715675,0.6945230591354351,1,High-High,0.04,True,0.10472553465204193,False,High-High,Not Significant
"1839,3644",2024,36.99160208644396,0.5784517806663049,1,High-High,0.025,True,0.0749316951056403,False,High-High,Not Significant
"1839,3645",2024,36.672019907585614,0.5049425984612025,1,High-High,0.02,True,0.06510385611158097,False,High-High,Not Significant
"1839,3646",2024,36.90012057463125,0.3948397016358552,1,High-High,0.069,False,0.14973886865241828,False,Not Significant,Not Significant
"1839,3647",2024,35.52320643597237,0.06485991116145157,1,High-High,0.094,False,0.18364736681948363,False,Not Significant,Not Significant
"1839,3648",2024,35.86811256725932,-0.022633184862299743,4,High-Low,0.413,False,0.4571755664981338,False,Not Significant,Not Significant
"1839,3649",2024,33.09770870466243,-0.07722804176661964,2,Low-High,0.4,False,0.44775510871288726,False,Not Significant,Not Significant
"1839,3650",2024,35.50263048658035,0.020628150287948902,1,High-High,0.328,False,0.4031551932086464,False,Not Significant,Not Significant
"1839,3651",2024,36.50719810308023,0.00545960384675313,1,High-High,0.48,False,0.48982324486555057,False,Not Significant,Not Significant
"1839,3652",2024,33.362713175167215,-0.13974004405641496,2,Low-High,0.367,False,0.4267080179205886,False,Not Significant,Not Significant
"1840,3614",2024,33.71856452255989,0.20180331396083404,3,Low-Low,0.238,False,0.3325936382363556,False,Not Significant,Not Significant
"1840,3615",2024,33.81020266373797,0.20463986567929782,3,Low-Low,0.173,False,0.27072894762399025,False,Not Significant,Not Significant
"1840,3616",2024,35.063251402301645,0.027093480812882886,3,Low-Low,0.126,False,0.22420438316810062,False,Not Significant,Not Significant
"1840,3617",2024,35.18808662232447,0.0025124584334078577,3,Low-Low,0.22,False,0.3165114736947857,False,Not Significant,Not Significant
"1840,3618",2024,35.95151089207364,-0.03276642161163222,4,High-Low,0.39,False,0.4408346051594942,False,Not Significant,Not Significant
"1840,3619",2024,35.87257801084687,0.009492021876175826,1,High-High,0.457,False,0.47836735318521506,False,Not Significant,Not Significant
"1840,3620",2024,34.889241372997986,-0.04661527569500771,2,Low-High,0.183,False,0.28077062681004716,False,Not Significant,Not Significant
"1840,3621",2024,36.61672784253915,0.1106691966530497,1,High-High,0.312,False,0.3904894547195892,False,Not Significant,Not Significant
"1840,3622",2024,34.83228702951039,-0.004552461730498816,2,Low-High,0.459,False,0.4802317506765603,False,Not Significant,Not Significant
"1840,3623",2024,33.36117030115587,0.12909226725581027,3,Low-Low,0.324,False,0.40003151496475037,False,Not Significant,Not Significant
"1840,3624",2024,35.77096534512957,-0.06463767022736785,4,High-Low,0.232,False,0.3267060239752695,False,Not Significant,Not Significant
"1840,3625",2024,36.30697237770007,-0.015488678741190816,4,High-Low,0.464,False,0.48042282713871626,False,Not Significant,Not Significant
"1840,3626",2024,36.60703987597315,0.14903179436661895,1,High-High,0.251,False,0.34418373234570027,False,Not Significant,Not Significant
"1840,3627",2024,38.218975310102536,0.5265139911091978,1,High-High,0.132,False,0.2298476178021658,False,Not Significant,Not Significant
"1840,3628",2024,36.98439117311111,0.5140002039107446,1,High-High,0.039,True,0.10334058184230673,False,High-High,Not Significant
"1840,3629",2024,36.98650468318901,0.38803902916415256,1,High-High,0.084,False,0.17001475785546197,False,Not Significant,Not Significant
"1840,3630",2024,36.32673512001641,0.12352758672536375,1,High-High,0.248,False,0.3417788888865979,False,Not Significant,Not Significant
"1840,3631",2024,35.49359279025746,0.023730054321314854,1,High-High,0.302,False,0.38344211207219847,False,Not Significant,Not Significant
"1840,3632",2024,35.90130649885598,0.1046280395384433,1,High-High,0.171,False,0.26894194148347367,False,Not Significant,Not Significant
"1840,3633",2024,37.34227645361391,0.43823157829685716,1,High-High,0.096,False,0.18573545134992617,False,Not Significant,Not Significant
"1840,3634",2024,36.76709657847296,0.3195155635774066,1,High-High,0.096,False,0.18573545134992617,False,Not Significant,Not Significant
"1840,3635",2024,36.245105544892326,0.23839742664761018,1,High-High,0.07,False,0.15101278333713172,False,Not Significant,Not Significant
"1840,3636",2024,37.11501133738302,0.29901907793785354,1,High-High,0.164,False,0.26111466613840123,False,Not Significant,Not Significant
"1840,3637",2024,35.913006468500015,0.24564189297009287,1,High-High,0.019,True,0.06306505092221021,False,High-High,Not Significant
"1840,3638",2024,38.09617830575557,1.2005258381571478,1,High-High,0.011,True,0.04444567195069504,True,High-High,High-High
"1840,3639",2024,39.383957607675256,2.466320824514777,1,High-High,0.001,True,0.014246753923437716,True,High-High,High-High
"1840,3640",2024,39.58773892554055,3.3325983109800794,1,High-High,0.001,True,0.014246753923437716,True,High-High,High-High
"1840,3641",2024,41.74224974667892,3.7917942360298005,1,High-High,0.002,True,0.020221199117137403,True,High-High,High-High
"1840,3642",2024,36.86894781497142,1.0348744182876366,1,High-High,0.001,True,0.014246753923437716,True,High-High,High-High
"1840,3643",2024,36.72908286245019,0.5773600672455008,1,High-High,0.013,True,0.04960347928430723,True,High-High,High-High
"1840,3644",2024,36.87319783802699,0.6152659693372144,1,High-High,0.013,True,0.04960347928430723,True,High-High,High-High
"1840,3645",2024,36.98972424061981,0.5442082058433197,1,High-High,0.03,True,0.08603921376314817,False,High-High,Not Significant
"1840,3646",2024,37.44385359308696,0.4417364771076091,1,High-High,0.1,False,0.18995671278728551,False,Not Significant,Not Significant
"1840,3647",2024,35.82388903831255,0.0921208008336308,1,High-High,0.171,False,0.26894194148347367,False,Not Significant,Not Significant
"1840,3648",2024,34.59484217543383,-0.004446933057013324,2,Low-High,0.474,False,0.4859607547521591,False,Not Significant,Not Significant
"1840,3649",2024,34.16036144562634,-0.05066500625274351,2,Low-High,0.374,False,0.43119076628842856,False,Not Significant,Not Significant
"1840,3650",2024,36.11563769681183,0.07548784909824809,1,High-High,0.303,False,0.3840450645870449,False,Not Significant,Not Significant
"1840,3651",2024,35.91420827118709,0.01879878355304097,1,High-High,0.435,False,0.4682973529101588,False,Not Significant,Not Significant
"1840,3652",2024,33.28305597748963,-0.10664962740744016,2,Low-High,0.403,False,0.4495078768291386,False,Not Significant,Not Significant
"1841,3614",2024,35.83741896587751,-0.0477747991548129,4,High-Low,0.336,False,0.4081860410084624,False,Not Significant,Not Significant
"1841,3615",2024,34.82857878110689,0.019919832275048767,3,Low-Low,0.369,False,0.4281258452260135,False,Not Significant,Not Significant
"1841,3616",2024,34.42883186746242,0.12108598897536606,3,Low-Low,0.16,False,0.25811764128944453,False,Not Significant,Not Significant
"1841,3617",2024,33.624570138804785,0.3663780773225055,3,Low-Low,0.064,False,0.14298982349226286,False,Not Significant,Not Significant
"1841,3618",2024,33.424524737502395,0.37935196851272657,3,Low-Low,0.087,False,0.17384152505241457,False,Not Significant,Not Significant
"1841,3619",2024,35.35922140305599,-0.02552002299583593,4,High-Low,0.144,False,0.2395269040179307,False,Not Significant,Not Significant
"1841,3620",2024,35.394733910056644,0.003927119945876188,1,High-High,0.455,False,0.4776411620908947,False,Not Significant,Not Significant
"1841,3621",2024,36.82304703237862,0.03806208562134777,1,High-High,0.445,False,0.47180521766957806,False,Not Significant,Not Significant
"1841,3622",2024,36.668674959524594,-0.032340135198355456,4,High-Low,0.446,False,0.47180521766957806,False,Not Significant,Not Significant
"1841,3623",2024,33.893977887585834,0.13891205699300588,3,Low-Low,0.244,False,0.3375384653313614,False,Not Significant,Not Significant
"1841,3624",2024,33.471622299742506,0.32855377487975085,3,Low-Low,0.123,False,0.22011582989725748,False,Not Significant,Not Significant
"1841,3625",2024,33.69887605363602,0.34403380431050046,3,Low-Low,0.068,False,0.148302194938271,False,Not Significant,Not Significant
"1841,3626",2024,33.34856410181994,0.20954829726140908,3,Low-Low,0.231,False,0.3263451471991947,False,Not Significant,Not Significant
"1841,3627",2024,35.36414632745956,0.002807251375155941,1,High-High,0.46,False,0.4802940893398673,False,Not Significant,Not Significant
"1841,3628",2024,36.94346184537609,0.3891996281270395,1,High-High,0.079,False,0.16336098772585111,False,Not Significant,Not Significant
"1841,3629",2024,37.129922048199305,0.5486697305021511,1,High-High,0.039,True,0.10334058184230673,False,High-High,Not Significant
"1841,3630",2024,37.34246475947544,0.37871678732363184,1,High-High,0.127,False,0.2254352822755147,False,Not Significant,Not Significant
"1841,3631",2024,35.4554040805508,0.04170170109520791,1,High-High,0.139,False,0.23567696820823633,False,Not Significant,Not Significant
"1841,3632",2024,36.68277311279664,0.222250521433223,1,High-High,0.169,False,0.26732948772668325,False,Not Significant,Not Significant
"1841,3633",2024,36.14209363757799,0.17166292796742533,1,High-High,0.121,False,0.21760163816516517,False,Not Significant,Not Significant
"1841,3634",2024,35.50385176504057,0.07575686971133343,1,High-High,0.054,False,0.12684796902907483,False,Not Significant,Not Significant
"1841,3635",2024,37.19919857948072,0.4641949258356642,1,High-High,0.069,False,0.14973886865241828,False,Not Significant,Not Significant
"1841,3636",2024,36.581993741280414,0.25002424376971455,1,High-High,0.122,False,0.21904091899162814,False,Not Significant,Not Significant
"1841,3637",2024,34.26232201160399,-0.27329404813302577,2,Low-High,0.038,True,0.10254858218839101,False,Low-High,Not Significant
"1841,3638",2024,37.87365492700664,0.7582314202352352,1,High-High,0.039,True,0.10334058184230673,False,High-High,Not Significant
"1841,3639",2024,38.08021877813306,1.5789333493254083,1,High-High,0.003,True,0.02246416401779184,True,High-High,High-High
"1841,3640",2024,38.35671955975511,2.0792114228910132,1,High-High,0.001,True,0.014246753923437716,True,High-High,High-High
"1841,3641",2024,39.582663667351206,2.1387077987264607,1,High-High,0.004,True,0.025586007046173857,True,High-High,High-High
"1841,3642",2024,37.43137781198556,1.0473493970198144,1,High-High,0.007,True,0.034204900833074925,True,High-High,High-High
"1841,3643",2024,38.39679451847581,0.8306445494913162,1,High-High,0.052,False,0.12347186401937947,False,Not Significant,Not Significant
"1841,3644",2024,36.711226935044905,0.4573282299848875,1,High-High,0.03,True,0.08603921376314817,False,High-High,Not Significant
"1841,3645",2024,36.230589311426215,0.25005481343739117,1,High-High,0.061,False,0.13797319742668535,False,Not Significant,Not Significant
"1841,3646",2024,35.972962175656775,0.1541535555386961,1,High-High,0.101,False,0.19135924673193683,False,Not Significant,Not Significant
"1841,3647",2024,35.40055876582461,0.03392176705882029,1,High-High,0.129,False,0.22733010850757002,False,Not Significant,Not Significant
"1841,3648",2024,35.91148228869578,0.07536136363328853,1,High-High,0.251,False,0.34418373234570027,False,Not Significant,Not Significant
"1841,3649",2024,36.17385047815668,0.119850304438866,1,High-High,0.221,False,0.3175337274596046,False,Not Significant,Not Significant
"1841,3650",2024,36.324356194729496,0.31364659955199614,1,High-High,0.042,True,0.10840941030312987,False,High-High,Not Significant
"1841,3651",2024,37.294589773228765,0.4487272100844312,1,High-High,0.09,False,0.17773178023974387,False,Not Significant,Not Significant
"1841,3652",2024,34.33922567936904,-0.14580000198069115,2,Low-High,0.166,False,0.26353399865275356,False,Not Significant,Not Significant
"1842,3614",2024,35.617240406431854,-0.009082006928163914,4,High-Low,0.438,False,0.4705256585324748,False,Not Significant,Not Significant
"1842,3615",2024,36.18545723417397,-0.08841618509700541,4,High-Low,0.286,False,0.3715121547028184,False,Not Significant,Not Significant
"1842,3616",2024,34.93365642656945,0.07084154950213103,3,Low-Low,0.042,True,0.10840941030312987,False,Low-Low,Not Significant
"1842,3617",2024,31.88099021707929,1.239908915599128,3,Low-Low,0.011,True,0.04444567195069504,True,Low-Low,Low-Low
"1842,3618",2024,31.627754726595374,1.3915986979243915,3,Low-Low,0.006,True,0.03179710172566671,True,Low-Low,Low-Low
"1842,3619",2024,33.73383596884463,0.4376836365882406,3,Low-Low,0.025,True,0.0749316951056403,False,Low-Low,Not Significant
"1842,3620",2024,34.03884686346183,0.08625346152072544,3,Low-Low,0.326,False,0.4011463886623094,False,Not Significant,Not Significant
"1842,3621",2024,35.17716568595883,0.00020610345765505135,3,Low-Low,0.488,False,0.4933972405673172,False,Not Significant,Not Significant
"1842,3622",2024,34.98973981143028,-0.003060197748887002,2,Low-High,0.468,False,0.48228839290371633,False,Not Significant,Not Significant
"1842,3623",2024,35.098886155519374,0.019927563223025774,3,Low-Low,0.133,False,0.230127762521291,False,Not Significant,Not Significant
"1842,3624",2024,33.28796648423224,0.6484493548396129,3,Low-Low,0.016,True,0.05689465424205921,False,Low-Low,Not Significant
"1842,3625",2024,32.751025079004286,1.270173461437547,3,Low-Low,0.003,True,0.02246416401779184,True,Low-Low,Low-Low
"1842,3626",2024,31.09005431598144,1.8094613263964916,3,Low-Low,0.003,True,0.02246416401779184,True,Low-Low,Low-Low
"1842,3627",2024,33.16656867541695,0.604376518530287,3,Low-Low,0.025,True,0.0749316951056403,False,Low-Low,Not Significant
"1842,3628",2024,36.0306296137985,-0.07835337223077415,4,High-Low,0.275,False,0.36259015208969897,False,Not Significant,Not Significant
"1842,3629",2024,36.69247712213878,0.04394018729009661,1,High-High,0.427,False,0.46539392432228466,False,Not Significant,Not Significant
"1842,3630",2024,35.69621030919278,-0.0007110668174156125,4,High-Low,0.499,False,0.4992275550601366,False,Not Significant,Not Significant
"1842,3631",2024,34.93305106698643,0.0007744453786466959,3,Low-Low,0.5,False,0.5,False,Not Significant,Not Significant
"1842,3632",2024,36.00940188191986,-0.03102745917532747,4,High-Low,0.408,False,0.4534711161403791,False,Not Significant,Not Significant
"1842,3633",2024,36.37721296607649,-0.039781165211808904,4,High-Low,0.42,False,0.4612011868018168,False,Not Significant,Not Significant
"1842,3634",2024,34.38617623355543,-0.10568911985962887,2,Low-High,0.207,False,0.3025702897863814,False,Not Significant,Not Significant
"1842,3635",2024,37.40504564681276,0.3595433468488967,1,High-High,0.144,False,0.2395269040179307,False,Not Significant,Not Significant
"1842,3636",2024,36.92035704510139,0.2006656152249079,1,High-High,0.232,False,0.3267060239752695,False,Not Significant,Not Significant
"1842,3637",2024,33.835877926223425,-0.3041525823321762,2,Low-High,0.086,False,0.17262946606391302,False,Not Significant,Not Significant
"1842,3638",2024,36.78832445479283,0.336333388960687,1,High-High,0.089,False,0.17623285505423048,False,Not Significant,Not Significant
"1842,3639",2024,36.600285183596704,0.6757748061028838,1,High-High,0.005,True,0.02798469325204437,True,High-High,High-High
"1842,3640",2024,36.80047255955027,0.8376256472366022,1,High-High,0.003,True,0.02246416401779184,True,High-High,High-High
"1842,3641",2024,36.09839647834593,0.35721678273021307,1,High-High,0.011,True,0.04444567195069504,True,High-High,High-High
"1842,3642",2024,34.184710297558595,-0.3919300702241208,2,Low-High,0.013,True,0.04960347928430723,True,Low-High,Low-High
"1842,3643",2024,36.7646648055065,0.37306563361203665,1,High-High,0.065,False,0.14390514103844235,False,Not Significant,Not Significant
"1842,3644",2024,36.44562828509059,0.3957847433407033,1,High-High,0.024,True,0.07374789980070598,False,High-High,Not Significant
"1842,3645",2024,35.31918329628808,0.03480105360594943,1,High-High,0.025,True,0.0749316951056403,False,High-High,Not Significant
"1842,3646",2024,35.62621074047821,0.10752696564870828,1,High-High,0.055,False,0.12837233972993303,False,Not Significant,Not Significant
"1842,3647",2024,36.84258591484987,0.3279160069436118,1,High-High,0.1,False,0.18995671278728551,False,Not Significant,Not Significant
"1842,3648",2024,36.48070347126054,0.30785548207812624,1,High-High,0.065,False,0.14390514103844235,False,Not Significant,Not Significant
"1842,3649",2024,36.45086841962264,0.3111655241832207,1,High-High,0.059,False,0.1349801885136971,False,Not Significant,Not Significant
"1842,3650",2024,36.56134698026643,0.48839558248764725,1,High-High,0.015,True,0.05430692947921482,False,High-High,Not Significant
"1842,3651",2024,40.15659894908556,1.3136317438909637,1,High-High,0.05,True,0.12015334242569264,False,High-High,Not Significant
"1842,3652",2024,37.51279377155603,0.23148339373958954,1,High-High,0.281,False,0.36762908429849267,False,Not Significant,Not Significant
"1842,3653",2024,32.08021150756759,-0.15282599391542667,2,Low-High,0.42,False,0.4612011868018168,False,Not Significant,Not Significant
"1843,3613",2024,35.271213164863646,-0.008441212989130769,4,High-Low,0.266,False,0.3547744715829751,False,Not Significant,Not Significant
"1843,3614",2024,34.187867519334375,0.10726372359632531,3,Low-Low,0.25,False,0.3434564809016907,False,Not Significant,Not Significant
"1843,3615",2024,34.28151928262348,0.1657567465224193,3,Low-Low,0.133,False,0.230127762521291,False,Not Significant,Not Significant
"1843,3616",2024,33.96476672944224,0.3896701732456084,3,Low-Low,0.021,True,0.06687082638436893,False,Low-Low,Not Significant
"1843,3617",2024,32.270270060553415,1.1559637026347098,3,Low-Low,0.005,True,0.02798469325204437,True,Low-Low,Low-Low
"1843,3618",2024,32.61757277767892,1.0251567296292967,3,Low-Low,0.004,True,0.025586007046173857,True,Low-Low,Low-Low
"1843,3619",2024,33.34576529927676,0.5616425524752701,3,Low-Low,0.023,True,0.07167897741204467,False,Low-Low,Not Significant
"1843,3620",2024,34.09313389969958,0.16157223656132738,3,Low-Low,0.172,False,0.2703209260857549,False,Not Significant,Not Significant
"1843,3621",2024,34.82083622297519,0.03438848876255696,3,Low-Low,0.291,False,0.3757822359218676,False,Not Significant,Not Significant
"1843,3622",2024,34.58599648789171,0.009661609340055813,3,Low-Low,0.463,False,0.4802940893398673,False,Not Significant,Not Significant
"1843,3623",2024,35.1570407112509,0.009861406898623094,3,Low-Low,0.12,False,0.21633524578079985,False,Not Significant,Not Significant
"1843,3624",2024,32.437021421499864,0.8646527634386394,3,Low-Low,0.021,True,0.06687082638436893,False,Low-Low,Not Significant
"1843,3625",2024,31.772548844413897,1.7691546264881388,3,Low-Low,0.003,True,0.02246416401779184,True,Low-Low,Low-Low
"1843,3626",2024,32.06523653461816,1.7667269007858757,3,Low-Low,0.001,True,0.014246753923437716,True,Low-Low,Low-Low
"1843,3627",2024,32.0776003805348,1.4109815284333533,3,Low-Low,0.003,True,0.02246416401779184,True,Low-Low,Low-Low
"1843,3628",2024,33.01327502850911,0.6310620928234687,3,Low-Low,0.025,True,0.0749316951056403,False,Low-Low,Not Significant
"1843,3629",2024,33.50140668073659,0.38600685011271624,3,Low-Low,0.069,False,0.14973886865241828,False,Not Significant,Not Significant
"1843,3630",2024,33.1895737143511,0.4598665838399531,3,Low-Low,0.068,False,0.148302194938271,False,Not Significant,Not Significant
"1843,3631",2024,33.369727254775135,0.5042458657613177,3,Low-Low,0.032,True,0.09082536007076464,False,Low-Low,Not Significant
"1843,3632",2024,33.81502989780876,0.3485512685052605,3,Low-Low,0.05,True,0.12015334242569264,False,Low-Low,Not Significant
"1843,3633",2024,33.35883007443984,0.41039500336286505,3,Low-Low,0.075,False,0.15686368592815017,False,Not Significant,Not Significant
"1843,3634",2024,34.42287913483422,0.0781556975322003,3,Low-Low,0.263,False,0.3533509033119029,False,Not Significant,Not Significant
"1843,3635",2024,36.35841698834041,0.03331847887129318,1,High-High,0.43,False,0.46720058668272296,False,Not Significant,Not Significant
"1843,3636",2024,36.7939918353848,0.028453183137453333,1,High-High,0.457,False,0.47836735318521506,False,Not Significant,Not Significant
"1843,3637",2024,33.88662108185476,-0.18432287209231518,2,Low-High,0.184,False,0.281517434298909,False,Not Significant,Not Significant
"1843,3638",2024,37.351901977071655,0.25148015742446655,1,High-High,0.233,False,0.32727400115220096,False,Not Significant,Not Significant
"1843,3639",2024,38.22922354220783,0.8807735836127292,1,High-High,0.037,True,0.10109340105377425,False,High-High,Not Significant
"1843,3640",2024,37.46000591242756,0.9646117591320531,1,High-High,0.009,True,0.04005273661253177,True,High-High,High-High
"1843,3641",2024,38.14368820164179,0.9651083095291577,1,High-High,0.021,True,0.06687082638436893,False,High-High,Not Significant
"1843,3642",2024,35.645340049130105,0.1389533922172899,1,High-High,0.025,True,0.0749316951056403,False,High-High,Not Significant
"1843,3643",2024,34.78848592183179,-0.10042968782542123,2,Low-High,0.065,False,0.14390514103844235,False,Not Significant,Not Significant
"1843,3644",2024,37.58171709158101,0.641676626492163,1,High-High,0.047,True,0.11560313505508975,False,High-High,Not Significant
"1843,3645",2024,38.57575471310414,1.2580267060633792,1,High-High,0.013,True,0.04960347928430723,True,High-High,High-High
"1843,3646",2024,37.0565370505291,0.7849145110560628,1,High-High,0.009,True,0.04005273661253177,True,High-High,High-High
"1843,3647",2024,36.4977136661143,0.4525638380001994,1,High-High,0.017,True,0.05873701106610261,False,High-High,Not Significant
"1843,3648",2024,36.68891380499806,0.40523108434940514,1,High-High,0.046,True,0.1140384183007445,False,High-High,Not Significant
"1843,3649",2024,37.30935047870253,0.4398147144375978,1,High-High,0.095,False,0.18477836647566329,False,Not Significant,Not Significant
"1843,3650",2024,36.16176931623305,0.29750519169120915,1,High-High,0.029,True,0.08360840758105616,False,High-High,Not Significant
"1843,3651",2024,36.12729337039964,0.3692124692257464,1,High-High,0.011,True,0.04444567195069504,True,High-High,High-High
"1843,3652",2024,37.88339062423603,0.06659948334189811,1,High-High,0.441,False,0.470980089199433,False,Not Significant,Not Significant
"1843,3653",2024,32.06940847523954,-0.0637818941515162,2,Low-High,0.479,False,0.4894857963240863,False,Not Significant,Not Significant
"1844,3613",2024,34.44494124676655,0.15689630515815542,3,Low-Low,0.148,False,0.24432806936397508,False,Not Significant,Not Significant
"1844,3614",2024,33.89504128409911,0.31672694377661675,3,Low-Low,0.058,False,0.1338086186523317,False,Not Significant,Not Significant
"1844,3615",2024,33.121238750443595,0.6615106840163879,3,Low-Low,0.02,True,0.06510385611158097,False,Low-Low,Not Significant
"1844,3616",2024,32.67678775767304,0.959737270787496,3,Low-Low,0.009,True,0.04005273661253177,True,Low-Low,Low-Low
"1844,3617",2024,33.89787359701759,0.5396645680563819,3,Low-Low,0.003,True,0.02246416401779184,True,Low-Low,Low-Low
"1844,3618",2024,34.467900213488846,0.25592434362133454,3,Low-Low,0.015,True,0.05430692947921482,False,Low-Low,Not Significant
"1844,3619",2024,34.75402130115739,0.10043224062450888,3,Low-Low,0.075,False,0.15686368592815017,False,Not Significant,Not Significant
"1844,3620",2024,34.38076363048479,0.029209263578951802,3,Low-Low,0.415,False,0.45800300889931456,False,Not Significant,Not Significant
"1844,3621",2024,35.676539676916015,-0.009969581648678415,4,High-Low,0.444,False,0.47180521766957806,False,Not Significant,Not Significant
"1844,3622",2024,35.21513564618169,-0.00013846824032669427,4,High-Low,0.442,False,0.470980089199433,False,Not Significant,Not Significant
"1844,3623",2024,34.92135582220123,0.047462132134870376,3,Low-Low,0.141,False,0.23687136734609035,False,Not Significant,Not Significant
"1844,3624",2024,33.605333241841066,0.4048821321815032,3,Low-Low,0.049,True,0.1186600410467873,False,Low-Low,Not Significant
"1844,3625",2024,32.7034666790384,0.7948418999187163,3,Low-Low,0.02,True,0.06510385611158097,False,Low-Low,Not Significant
"1844,3626",2024,33.30860437604001,0.7393975836454928,3,Low-Low,0.005,True,0.02798469325204437,True,Low-Low,Low-Low
"1844,3627",2024,32.508046171607475,0.9328985867185325,3,Low-Low,0.015,True,0.05430692947921482,False,Low-Low,Not Significant
"1844,3628",2024,32.61428643726242,0.8628091758938127,3,Low-Low,0.016,True,0.05689465424205921,False,Low-Low,Not Significant
"1844,3629",2024,33.679372992299776,0.6219994339144543,3,Low-Low,0.003,True,0.02246416401779184,True,Low-Low,Low-Low
"1844,3630",2024,31.788414248683857,1.3189087947941733,3,Low-Low,0.006,True,0.03179710172566671,True,Low-Low,Low-Low
"1844,3631",2024,32.97740697789516,1.0730691572299986,3,Low-Low,0.003,True,0.02246416401779184,True,Low-Low,Low-Low
"1844,3632",2024,32.38692133646922,1.2329328425634911,3,Low-Low,0.003,True,0.02246416401779184,True,Low-Low,Low-Low
"1844,3633",2024,32.340015659562695,1.139210955124465,3,Low-Low,0.004,True,0.025586007046173857,True,Low-Low,Low-Low
"1844,3634",2024,33.13474592482896,0.5719455005705048,3,Low-Low,0.034,True,0.09514796435452845,False,Low-Low,Not Significant
"1844,3635",2024,34.36741625496582,0.08168075370359518,3,Low-Low,0.266,False,0.3547744715829751,False,Not Significant,Not Significant
"1844,3636",2024,35.39124069619385,-0.015327888778307607,4,High-Low,0.295,False,0.37783419219499714,False,Not Significant,Not Significant
"1844,3637",2024,34.219092728079666,-0.060970646627479134,2,Low-High,0.353,False,0.418638901388323,False,Not Significant,Not Significant
"1844,3638",2024,35.90073697543452,0.056275256453760775,1,High-High,0.312,False,0.3904894547195892,False,Not Significant,Not Significant
"1844,3639",2024,36.8672659568412,0.25797268897278497,1,High-High,0.161,False,0.2587794846885807,False,Not Significant,Not Significant
"1844,3640",2024,35.47180439677335,0.08464977609034492,1,High-High,0.024,True,0.07374789980070598,False,High-High,Not Significant
"1844,3641",2024,40.46049055063574,0.9717541968047009,1,High-High,0.121,False,0.21760163816516517,False,Not Significant,Not Significant
"1844,3642",2024,38.59678049198861,0.6943205311597864,1,High-High,0.098,False,0.1886070126112093,False,Not Significant,Not Significant
"1844,3643",2024,35.267570365423566,0.013213384072627015,1,High-High,0.072,False,0.15351602837689532,False,Not Significant,Not Significant
"1844,3644",2024,36.66006557489434,0.4589313051358953,1,High-High,0.027,True,0.07940750876216882,False,High-High,Not Significant
"1844,3645",2024,38.578990861711965,1.5422018912282738,1,High-High,0.007,True,0.034204900833074925,True,High-High,High-High
"1844,3646",2024,39.22687439687798,1.879217515257551,1,High-High,0.007,True,0.034204900833074925,True,High-High,High-High
"1844,3647",2024,37.858269768539,1.1006235113992884,1,High-High,0.01,True,0.04276803023314383,True,High-High,High-High
"1844,3648",2024,35.82299409266408,0.25733130453295233,1,High-High,0.01,True,0.04276803023314383,True,High-High,High-High
"1844,3649",2024,35.27196271775722,0.031999185002395264,1,High-High,0.003,True,0.02246416401779184,True,High-High,High-High
"1844,3650",2024,36.54034677341971,0.6335772919444527,1,High-High,0.006,True,0.03179710172566671,True,High-High,High-High
"1844,3651",2024,35.64125714493129,0.22204663729629914,1,High-High,0.003,True,0.02246416401779184,True,High-High,High-High
"1844,3652",2024,37.16430847399516,0.1543676555659743,1,High-High,0.32,False,0.39710406352222233,False,Not Significant,Not Significant
"1844,3653",2024,31.90794876138688,-0.5227475267183397,2,Low-High,0.221,False,0.3175337274596046,False,Not Significant,Not Significant
"1845,3613",2024,33.690304260439,0.2799223988227264,3,Low-Low,0.145,False,0.24046106639903148,False,Not Significant,Not Significant
"1845,3614",2024,33.909108299031494,0.35342762925207855,3,Low-Low,0.037,True,0.10109340105377425,False,Low-Low,Not Significant
"1845,3615",2024,33.20318022001192,0.7196756884517459,3,Low-Low,0.014,True,0.05214940738217535,False,Low-Low,Not Significant
"1845,3616",2024,32.98394072130997,0.8784802127284795,3,Low-Low,0.004,True,0.025586007046173857,True,Low-Low,Low-Low
"1845,3617",2024,32.91351933235927,0.725802031089553,3,Low-Low,0.02,True,0.06510385611158097,False,Low-Low,Not Significant
"1845,3618",2024,33.44853366140761,0.3048370014875837,3,Low-Low,0.134,False,0.23149291915217723,False,Not Significant,Not Significant
"1845,3619",2024,34.724769564782655,0.04015660357574608,3,Low-Low,0.293,False,0.3770334473453309,False,Not Significant,Not Significant
"1845,3620",2024,35.83642019825401,0.012036271722024728,1,High-High,0.457,False,0.47836735318521506,False,Not Significant,Not Significant
"1845,3621",2024,37.02136976013822,0.05937671893258394,1,High-High,0.418,False,0.46038756411836806,False,Not Significant,Not Significant
"1845,3622",2024,34.87237169239631,-0.00929543730560783,2,Low-High,0.432,False,0.467360958868465,False,Not Significant,Not Significant
"1845,3623",2024,33.72253367747817,0.08158677509183987,3,Low-Low,0.357,False,0.42042833352306486,False,Not Significant,Not Significant
"1845,3624",2024,35.530529305189056,-0.049031678926563786,4,High-Low,0.158,False,0.25716024922422553,False,Not Significant,Not Significant
"1845,3625",2024,35.41165630909644,-0.03059390467614187,4,High-Low,0.161,False,0.2587794846885807,False,Not Significant,Not Significant
"1845,3626",2024,34.95610058636535,0.05343021177658232,3,Low-Low,0.083,False,0.16892578206776687,False,Not Significant,Not Significant
"1845,3627",2024,34.74237985140748,0.13788108829166526,3,Low-Low,0.026,True,0.07771662285688463,False,Low-Low,Not Significant
"1845,3628",2024,35.19237265604945,0.00666284129735345,3,Low-Low,0.004,True,0.025586007046173857,True,Low-Low,Low-Low
"1845,3629",2024,33.76596830425092,0.7135784771372581,3,Low-Low,0.003,True,0.02246416401779184,True,Low-Low,Low-Low
"1845,3630",2024,32.475137347297164,1.4196603306544624,3,Low-Low,0.002,True,0.020221199117137403,True,Low-Low,Low-Low
"1845,3631",2024,33.41715714636725,1.032357250556071,3,Low-Low,0.001,True,0.014246753923437716,True,Low-Low,Low-Low
"1845,3632",2024,32.154201564670046,1.3450052738657754,3,Low-Low,0.003,True,0.02246416401779184,True,Low-Low,Low-Low
"1845,3633",2024,32.907938420932666,0.9280514571422889,3,Low-Low,0.004,True,0.025586007046173857,True,Low-Low,Low-Low
"1845,3634",2024,33.739050241073976,0.47109617748475147,3,Low-Low,0.019,True,0.06306505092221021,False,Low-Low,Not Significant
"1845,3635",2024,33.2387703168779,0.3068015047257777,3,Low-Low,0.153,False,0.25125897733751174,False,Not Significant,Not Significant
"1845,3636",2024,34.742527598266136,0.03037334715124583,3,Low-Low,0.336,False,0.4081860410084624,False,Not Significant,Not Significant
"1845,3637",2024,34.72866118959948,-0.017100482021652902,2,Low-High,0.412,False,0.4567599803164127,False,Not Significant,Not Significant
"1845,3638",2024,35.319659968941814,0.001784892181275905,1,High-High,0.462,False,0.4802940893398673,False,Not Significant,Not Significant
"1845,3639",2024,34.29678506248167,0.03341318771962095,3,Low-Low,0.406,False,0.4521644539941991,False,Not Significant,Not Significant
"1845,3640",2024,33.81321426330977,0.008019105856040955,3,Low-Low,0.495,False,0.4972664883066883,False,Not Significant,Not Significant
"1845,3641",2024,35.178712484615026,0.0011674536866248006,3,Low-Low,0.399,False,0.4473203760540845,False,Not Significant,Not Significant
"1845,3642",2024,34.70312566562028,-0.03282639734029192,2,Low-High,0.344,False,0.4128752875445447,False,Not Significant,Not Significant
"1845,3643",2024,35.61488918089394,0.0466683917305578,1,High-High,0.235,False,0.32861057915377573,False,Not Significant,Not Significant
"1845,3644",2024,37.02964964270573,0.3790721847531157,1,High-High,0.097,False,0.18717502750842951,False,Not Significant,Not Significant
"1845,3645",2024,36.78143674574283,0.558284894352431,1,High-High,0.018,True,0.06103863724877329,False,High-High,Not Significant
"1845,3646",2024,36.91414824694876,0.7465857746968689,1,High-High,0.009,True,0.04005273661253177,True,High-High,High-High
"1845,3647",2024,37.96347338234212,1.2230160889566006,1,High-High,0.009,True,0.04005273661253177,True,High-High,High-High
"1845,3648",2024,37.98206955418106,1.1748287784515525,1,High-High,0.009,True,0.04005273661253177,True,High-High,High-High
"1845,3649",2024,38.72621402117253,1.8174391596916453,1,High-High,0.003,True,0.02246416401779184,True,High-High,High-High
"1845,3650",2024,42.59868980556078,3.2028531559880626,1,High-High,0.009,True,0.04005273661253177,True,High-High,High-High
"1845,3651",2024,38.71410740817099,1.7505873881932528,1,High-High,0.003,True,0.02246416401779184,True,High-High,High-High
"1845,3652",2024,36.85992880647025,0.3474615337252433,1,High-High,0.12,False,0.21633524578079985,False,Not Significant,Not Significant
"1846,3612",2024,34.54783096023027,0.135035375053434,3,Low-Low,0.15,False,0.24725771080184752,False,Not Significant,Not Significant
"1846,3613",2024,34.38781086990151,0.14776318609803382,3,Low-Low,0.132,False,0.2298476178021658,False,Not Significant,Not Significant
"1846,3614",2024,34.58520070969952,0.1456743773384247,3,Low-Low,0.065,False,0.14390514103844235,False,Not Significant,Not Significant
"1846,3615",2024,33.55812154438249,0.4668760136857262,3,Low-Low,0.028,True,0.0812592617674637,False,Low-Low,Not Significant
"1846,3616",2024,32.70889977551503,0.6643380027967233,3,Low-Low,0.041,True,0.10658057166431187,False,Low-Low,Not Significant
"1846,3617",2024,33.92985750786835,0.314299919765153,3,Low-Low,0.056,False,0.13029056605769368,False,Not Significant,Not Significant
"1846,3618",2024,35.01477724854477,0.042708024594013926,3,Low-Low,0.074,False,0.155811902199963,False,Not Significant,Not Significant
"1846,3619",2024,35.099950045432,0.016664781449189748,3,Low-Low,0.157,False,0.25629316332439583,False,Not Significant,Not Significant
"1846,3620",2024,35.37967153565023,-0.0020431768970671864,4,High-Low,0.479,False,0.4894857963240863,False,Not Significant,Not Significant
"1846,3621",2024,35.39585436614734,0.014467147246969058,1,High-High,0.319,False,0.3963114453874115,False,Not Significant,Not Significant
"1846,3622",2024,36.214840357603336,-0.022927706865828058,4,High-Low,0.442,False,0.470980089199433,False,Not Significant,Not Significant
"1846,3623",2024,34.59975983289978,0.07210976498605394,3,Low-Low,0.206,False,0.30191316000206436,False,Not Significant,Not Significant
"1846,3624",2024,34.5352146279196,0.09378551723036446,3,Low-Low,0.176,False,0.2738609914238571,False,Not Significant,Not Significant
"1846,3625",2024,36.12322774231345,-0.10120412184491911,4,High-Low,0.22,False,0.3165114736947857,False,Not Significant,Not Significant
"1846,3626",2024,34.920899037983176,0.034354765900964916,3,Low-Low,0.205,False,0.30165660367325436,False,Not Significant,Not Significant
"1846,3627",2024,33.57212232930617,0.2967538684132982,3,Low-Low,0.132,False,0.2298476178021658,False,Not Significant,Not Significant
"1846,3628",2024,32.877067718666254,0.6261370305371432,3,Low-Low,0.038,True,0.10254858218839101,False,Low-Low,Not Significant
"1846,3629",2024,32.006918918092666,1.1810145370807605,3,Low-Low,0.011,True,0.04444567195069504,True,Low-Low,Low-Low
"1846,3630",2024,31.421197140213,1.6860982224078263,3,Low-Low,0.003,True,0.02246416401779184,True,Low-Low,Low-Low
"1846,3631",2024,32.01504445456101,1.5191188438990977,3,Low-Low,0.003,True,0.02246416401779184,True,Low-Low,Low-Low
"1846,3632",2024,33.59762790514787,0.6314834246872424,3,Low-Low,0.005,True,0.02798469325204437,True,Low-Low,Low-Low
"1846,3633",2024,34.56314301236444,0.17947373978366668,3,Low-Low,0.033,True,0.09294223312924547,False,Low-Low,Not Significant
"1846,3634",2024,33.7564782250481,0.2357576025783832,3,Low-Low,0.144,False,0.2395269040179307,False,Not Significant,Not Significant
"1846,3635",2024,34.64956187632057,0.043271901477766175,3,Low-Low,0.305,False,0.3848016191447446,False,Not Significant,Not Significant
"1846,3636",2024,35.71344128175288,-0.012965716274574168,4,High-Low,0.433,False,0.46752066748935406,False,Not Significant,Not Significant
"1846,3637",2024,36.78062886635239,-0.03305893099179442,4,High-Low,0.446,False,0.47180521766957806,False,Not Significant,Not Significant
"1846,3638",2024,35.016926606036755,0.015577914684694227,3,Low-Low,0.296,False,0.3788938205189299,False,Not Significant,Not Significant
"1846,3639",2024,34.501635988104525,0.16331697802808337,3,Low-Low,0.065,False,0.14390514103844235,False,Not Significant,Not Significant
"1846,3640",2024,33.32758889914661,0.6693101596046243,3,Low-Low,0.014,True,0.05214940738217535,False,Low-Low,Not Significant
"1846,3641",2024,31.339722550349823,1.3424745225781722,3,Low-Low,0.013,True,0.04960347928430723,True,Low-Low,Low-Low
"1846,3642",2024,32.429586027216466,0.6511968408643725,3,Low-Low,0.063,False,0.14118692770493774,False,Not Significant,Not Significant
"1846,3643",2024,35.358453463804054,-0.0075525407129302296,4,High-Low,0.36,False,0.4228265692641444,False,Not Significant,Not Significant
"1846,3644",2024,36.187821315363,0.08552887064857641,1,High-High,0.292,False,0.37640892513770474,False,Not Significant,Not Significant
"1846,3645",2024,35.482324638076136,0.039107203679977665,1,High-High,0.181,False,0.2786764824181272,False,Not Significant,Not Significant
"1846,3646",2024,35.6767397261955,0.08728921039325348,1,High-High,0.119,False,0.21523990603094736,False,Not Significant,Not Significant
"1846,3647",2024,37.47311743997191,0.7581968327319782,1,High-High,0.02,True,0.06510385611158097,False,High-High,Not Significant
"1846,3648",2024,38.33176559157332,1.3772860824416304,1,High-High,0.009,True,0.04005273661253177,True,High-High,High-High
"1846,3649",2024,37.03071585374943,1.1155125161666202,1,High-High,0.001,True,0.014246753923437716,True,High-High,High-High
"1846,3650",2024,38.59211971928488,1.6334892124496911,1,High-High,0.005,True,0.02798469325204437,True,High-High,High-High
"1846,3651",2024,38.34922403643803,1.3676570828083998,1,High-High,0.008,True,0.03750427528563091,True,High-High,High-High
"1846,3652",2024,35.738971872709094,0.18435161098254105,1,High-High,0.062,False,0.13980266986317158,False,Not Significant,Not Significant
"1847,3610",2024,34.64107680126392,0.09350822625600366,3,Low-Low,0.249,False,0.34294161679455865,False,Not Significant,Not Significant
"1847,3611",2024,33.47584421693311,0.24760654764547296,3,Low-Low,0.191,False,0.28860468265520967,False,Not Significant,Not Significant
"1847,3612",2024,34.071067272476505,0.16555047350154217,3,Low-Low,0.178,False,0.27599435109552983,False,Not Significant,Not Significant
"1847,3613",2024,35.35598432016139,-0.028688732972918022,4,High-Low,0.111,False,0.20430704961287094,False,Not Significant,Not Significant
"1847,3614",2024,34.05741571327028,0.21424867433152697,3,Low-Low,0.129,False,0.22733010850757002,False,Not Significant,Not Significant
"1847,3615",2024,34.245705637334645,0.23965333298594763,3,Low-Low,0.053,False,0.12490010593650676,False,Not Significant,Not Significant
"1847,3616",2024,34.759417425499656,0.07931456250707197,3,Low-Low,0.138,False,0.2348890554035607,False,Not Significant,Not Significant
"1847,3617",2024,35.536724249605825,-0.038790799619456334,4,High-Low,0.208,False,0.3028215059161424,False,Not Significant,Not Significant
"1847,3618",2024,34.55855161790704,0.06527594059847189,3,Low-Low,0.253,False,0.3454150470725928,False,Not Significant,Not Significant
"1847,3619",2024,32.736369756448184,0.13374902170224512,3,Low-Low,0.353,False,0.418638901388323,False,Not Significant,Not Significant
"1847,3620",2024,33.90994075562968,-0.02613329741873796,2,Low-High,0.453,False,0.4764535090495847,False,Not Significant,Not Significant
"1847,3621",2024,36.47236459376253,0.1195111806854352,1,High-High,0.271,False,0.35925921165691044,False,Not Significant,Not Significant
"1847,3622",2024,35.03626139028851,-0.010630100649604525,2,Low-High,0.357,False,0.42042833352306486,False,Not Significant,Not Significant
"1847,3623",2024,33.64714507778674,0.08251907239799085,3,Low-Low,0.356,False,0.4203789093650966,False,Not Significant,Not Significant
"1847,3624",2024,33.41755064683835,0.22360881101393987,3,Low-Low,0.198,False,0.2955183657456417,False,Not Significant,Not Significant
"1847,3625",2024,33.69763178216008,0.12524034408034396,3,Low-Low,0.293,False,0.3770334473453309,False,Not Significant,Not Significant
"1847,3626",2024,34.81090523794404,0.05484275093077331,3,Low-Low,0.181,False,0.2786764824181272,False,Not Significant,Not Significant
"1847,3627",2024,33.627214494835115,0.2634301852230462,3,Low-Low,0.144,False,0.2395269040179307,False,Not Significant,Not Significant
"1847,3628",2024,33.35297849791101,0.33607017876381573,3,Low-Low,0.137,False,0.23409500620632528,False,Not Significant,Not Significant
"1847,3629",2024,34.7601799806867,0.12131517021271006,3,Low-Low,0.037,True,0.10109340105377425,False,Low-Low,Not Significant
"1847,3630",2024,33.19543232044353,0.7080886990683942,3,Low-Low,0.013,True,0.04960347928430723,True,Low-Low,Low-Low
"1847,3631",2024,32.377175105130064,1.181172600896063,3,Low-Low,0.003,True,0.02246416401779184,True,Low-Low,Low-Low
"1847,3632",2024,34.165751300741846,0.378972018395155,3,Low-Low,0.013,True,0.04960347928430723,True,Low-Low,Low-Low
"1847,3633",2024,34.524892206912924,0.09598809443385689,3,Low-Low,0.178,False,0.27599435109552983,False,Not Significant,Not Significant
"1847,3634",2024,35.802006827722046,-0.0032779334932301362,4,High-Low,0.499,False,0.4992275550601366,False,Not Significant,Not Significant
"1847,3635",2024,35.807637760106545,0.034772984307694384,1,High-High,0.362,False,0.4242670806045206,False,Not Significant,Not Significant
"1847,3636",2024,35.80349320765682,0.02943300492558181,1,High-High,0.378,False,0.43375103590254005,False,Not Significant,Not Significant
"1847,3637",2024,34.90100702644511,0.009019668299489945,3,Low-Low,0.427,False,0.46539392432228466,False,Not Significant,Not Significant
"1847,3638",2024,34.61175039692863,0.10253516107306976,3,Low-Low,0.14,False,0.23627692408286607,False,Not Significant,Not Significant
"1847,3639",2024,33.314201993992306,0.5979387838896811,3,Low-Low,0.021,True,0.06687082638436893,False,Low-Low,Not Significant
"1847,3640",2024,32.81251164913297,1.1303958030527097,3,Low-Low,0.003,True,0.02246416401779184,True,Low-Low,Low-Low
"1847,3641",2024,32.30233846438835,1.4892754507929542,3,Low-Low,0.002,True,0.020221199117137403,True,Low-Low,Low-Low
"1847,3642",2024,33.34084975645209,0.8200240470550689,3,Low-Low,0.003,True,0.02246416401779184,True,Low-Low,Low-Low
"1847,3643",2024,34.53929321885412,0.13127698403186738,3,Low-Low,0.11,False,0.20314814704736878,False,Not Significant,Not Significant
"1847,3644",2024,35.82211410288193,-0.03637942067383783,4,High-Low,0.348,False,0.41517780208276495,False,Not Significant,Not Significant
"1847,3645",2024,34.51011176976559,0.011206837734613461,3,Low-Low,0.47,False,0.4834411614554844,False,Not Significant,Not Significant
"1847,3646",2024,34.42574018574896,0.021915529623468377,3,Low-Low,0.432,False,0.467360958868465,False,Not Significant,Not Significant
"1847,3647",2024,35.524689117897374,0.03824205739782863,1,High-High,0.219,False,0.3156938192761367,False,Not Significant,Not Significant
"1847,3648",2024,38.137896773668665,0.6587314036558825,1,High-High,0.073,False,0.15429864898467568,False,Not Significant,Not Significant
"1847,3649",2024,36.330228676037486,0.3992875266488516,1,High-High,0.017,True,0.05873701106610261,False,High-High,Not Significant
"1847,3650",2024,35.26468933525151,0.011083719574945947,1,High-High,0.1,False,0.18995671278728551,False,Not Significant,Not Significant
"1847,3651",2024,33.8122955296576,-0.059387336838563544,2,Low-High,0.4,False,0.44775510871288726,False,Not Significant,Not Significant
"1848,3610",2024,34.83926264177696,0.11751567092822349,3,Low-Low,0.057,False,0.1320570222443361,False,Not Significant,Not Significant
"1848,3611",2024,34.86242838026712,0.09427065236189656,3,Low-Low,0.038,True,0.10254858218839101,False,Low-Low,Not Significant
"1848,3612",2024,34.04162515244437,0.2164911714895095,3,Low-Low,0.128,False,0.2268433064126044,False,Not Significant,Not Significant
"1848,3613",2024,34.741392019072215,0.09739764509707166,3,Low-Low,0.092,False,0.18086738386408402,False,Not Significant,Not Significant
"1848,3614",2024,33.49711457037922,0.38039963859281006,3,Low-Low,0.076,False,0.15880380441745123,False,Not Significant,Not Significant
"1848,3615",2024,33.919965662049215,0.3615989784397942,3,Low-Low,0.031,True,0.0883298686862766,False,Low-Low,Not Significant
"1848,3616",2024,34.71626718950001,0.08367328555366321,3,Low-Low,0.145,False,0.24046106639903148,False,Not Significant,Not Significant
"1848,3617",2024,36.05763927979461,-0.11415593158591378,4,High-Low,0.192,False,0.28971664625971977,False,Not Significant,Not Significant
"1848,3618",2024,35.23109017038933,-0.0032247607474704533,4,High-Low,0.17,False,0.2681380330145059,False,Not Significant,Not Significant
"1848,3619",2024,34.084315090981185,0.04132580001557961,3,Low-Low,0.406,False,0.4521644539941991,False,Not Significant,Not Significant
"1848,3620",2024,36.24777165139023,0.05490701978741553,1,High-High,0.366,False,0.42622292604922235,False,Not Significant,Not Significant
"1848,3621",2024,37.053686601985554,0.2945577869057306,1,High-High,0.158,False,0.25716024922422553,False,Not Significant,Not Significant
"1848,3622",2024,36.1865963983144,0.027283917177735942,1,High-High,0.432,False,0.467360958868465,False,Not Significant,Not Significant
"1848,3623",2024,34.54307836658324,0.08215167280470172,3,Low-Low,0.206,False,0.30191316000206436,False,Not Significant,Not Significant
"1848,3624",2024,35.0426587281874,0.041741622196326635,3,Low-Low,0.052,False,0.12347186401937947,False,Not Significant,Not Significant
"1848,3625",2024,34.53151098289666,0.13858927253496695,3,Low-Low,0.099,False,0.18920383172739258,False,Not Significant,Not Significant
"1848,3626",2024,35.00262095263868,0.03398516774201792,3,Low-Low,0.151,False,0.2483463154650521,False,Not Significant,Not Significant
"1848,3627",2024,34.73143990564891,0.027517887587602523,3,Low-Low,0.353,False,0.418638901388323,False,Not Significant,Not Significant
"1848,3628",2024,35.797139767738145,0.027357457957658517,1,High-High,0.383,False,0.4362938578316975,False,Not Significant,Not Significant
"1848,3629",2024,37.11666426755943,0.12222483066428443,1,High-High,0.348,False,0.41517780208276495,False,Not Significant,Not Significant
"1848,3630",2024,35.181446888924484,-0.00025571425563495427,2,Low-High,0.473,False,0.48538913846127446,False,Not Significant,Not Significant
"1848,3631",2024,32.84276408047801,0.3720523175644559,3,Low-Low,0.16,False,0.25811764128944453,False,Not Significant,Not Significant
"1848,3632",2024,32.7057942124362,0.5211073019445346,3,Low-Low,0.095,False,0.18477836647566329,False,Not Significant,Not Significant
"1848,3633",2024,34.634600084457915,0.05086459020483864,3,Low-Low,0.282,False,0.36784067271580734,False,Not Significant,Not Significant
"1848,3634",2024,36.88022690307466,0.05634332383553554,1,High-High,0.418,False,0.46038756411836806,False,Not Significant,Not Significant
"1848,3635",2024,36.63610235907022,0.09834793131184072,1,High-High,0.339,False,0.41069352330587505,False,Not Significant,Not Significant
"1848,3636",2024,34.734908155353374,0.007694329748438347,3,Low-Low,0.47,False,0.4834411614554844,False,Not Significant,Not Significant
"1848,3637",2024,34.41266534506361,0.08220601831144601,3,Low-Low,0.255,False,0.3466356812504292,False,Not Significant,Not Significant
"1848,3638",2024,33.43631157747424,0.38782491662971036,3,Low-Low,0.078,False,0.16190350381349097,False,Not Significant,Not Significant
"1848,3639",2024,32.49785442724196,0.8787277579620272,3,Low-Low,0.021,True,0.06687082638436893,False,Low-Low,Not Significant
"1848,3640",2024,32.94852686962489,1.172636582387698,3,Low-Low,0.002,True,0.020221199117137403,True,Low-Low,Low-Low
"1848,3641",2024,32.7278805948443,1.399371104787455,3,Low-Low,0.001,True,0.014246753923437716,True,Low-Low,Low-Low
"1848,3642",2024,32.41938039271616,1.4216112015440865,3,Low-Low,0.002,True,0.020221199117137403,True,Low-Low,Low-Low
"1848,3643",2024,33.14183954142791,0.6676983028715099,3,Low-Low,0.021,True,0.06687082638436893,False,Low-Low,Not Significant
"1848,3644",2024,35.1955000708458,0.0028411648955961087,3,Low-Low,0.088,False,0.17536058033952703,False,Not Significant,Not Significant
"1848,3645",2024,34.90274996722589,0.04439960786913822,3,Low-Low,0.173,False,0.27072894762399025,False,Not Significant,Not Significant
"1848,3646",2024,33.34279928214288,0.18519894681057925,3,Low-Low,0.266,False,0.3547744715829751,False,Not Significant,Not Significant
"1848,3647",2024,33.64940220411684,-0.06017410081659395,2,Low-High,0.403,False,0.4495078768291386,False,Not Significant,Not Significant
"1848,3648",2024,35.43993048839242,0.04523644915239711,1,High-High,0.107,False,0.19877900228623513,False,Not Significant,Not Significant
"1848,3649",2024,36.8142371179719,0.4142582544647751,1,High-High,0.051,False,0.12162391076917234,False,Not Significant,Not Significant
"1848,3650",2024,36.18773657806265,0.1354908155299773,1,High-High,0.187,False,0.28432294811049186,False,Not Significant,Not Significant
"1848,3651",2024,32.44952702073367,0.0018497417118928127,3,Low-Low,0.496,False,0.4975875547393359,False,Not Significant,Not Significant
"1848,3652",2024,31.35660071040688,1.182795835223465,3,Low-Low,0.043,True,0.110212620565337,False,Low-Low,Not Significant
"1848,3653",2024,31.45778638676108,2.1406532152830997,3,Low-Low,0.007,True,0.034204900833074925,True,Low-Low,Low-Low
"1849,3610",2024,32.5557973311826,1.049917526746785,3,Low-Low,0.027,True,0.07940750876216882,False,Low-Low,Not Significant
"1849,3611",2024,32.62917389052228,0.8510496481349618,3,Low-Low,0.018,True,0.06103863724877329,False,Low-Low,Not Significant
"1849,3612",2024,34.62704801106138,0.13909047895041926,3,Low-Low,0.06,False,0.13655601354524555,False,Not Significant,Not Significant
"1849,3613",2024,34.551985946145976,0.13057099919382342,3,Low-Low,0.107,False,0.19877900228623513,False,Not Significant,Not Significant
"1849,3614",2024,33.20658755003765,0.4575237583528641,3,Low-Low,0.07,False,0.15101278333713172,False,Not Significant,Not Significant
"1849,3615",2024,32.77762662398355,0.6690108817050784,3,Low-Low,0.035,True,0.09744923899356786,False,Low-Low,Not Significant
"1849,3616",2024,33.283375876229755,0.4201472328490021,3,Low-Low,0.078,False,0.16190350381349097,False,Not Significant,Not Significant
"1849,3617",2024,34.3547085096619,0.11983819656048429,3,Low-Low,0.182,False,0.2796274453025906,False,Not Significant,Not Significant
"1849,3618",2024,33.89551906314186,0.04608694979603655,3,Low-Low,0.414,False,0.45758992944015964,False,Not Significant,Not Significant
"1849,3619",2024,34.65944682627533,-0.07380955713152847,2,Low-High,0.193,False,0.29042661735795655,False,Not Significant,Not Significant
"1849,3620",2024,38.97555614246838,0.5389714693075235,1,High-High,0.176,False,0.2738609914238571,False,Not Significant,Not Significant
"1849,3621",2024,35.877111337334924,0.1816922341248741,1,High-High,0.046,True,0.1140384183007445,False,High-High,Not Significant
"1849,3622",2024,35.300829752244006,0.006796301976620051,1,High-High,0.324,False,0.40003151496475037,False,Not Significant,Not Significant
"1849,3623",2024,34.84860555803674,0.03340464003526173,3,Low-Low,0.275,False,0.36259015208969897,False,Not Significant,Not Significant
"1849,3624",2024,33.29824349306007,0.3987526141588993,3,Low-Low,0.091,False,0.17906187977224186,False,Not Significant,Not Significant
"1849,3625",2024,33.732690563081775,0.2028509117193802,3,Low-Low,0.186,False,0.2833916733869248,False,Not Significant,Not Significant
"1849,3626",2024,34.554392731070344,-0.023470170042714508,2,Low-High,0.417,False,0.4597477339619967,False,Not Significant,Not Significant
"1849,3627",2024,35.4531583127481,0.06520628945310306,1,High-High,0.048,True,0.11688346383508116,False,High-High,Not Significant
"1849,3628",2024,36.78758254158279,0.5914410442807506,1,High-High,0.014,True,0.05214940738217535,False,High-High,Not Significant
"1849,3629",2024,37.687956049539935,0.922361233762742,1,High-High,0.014,True,0.05214940738217535,False,High-High,Not Significant
"1849,3630",2024,37.45089733976096,0.5642600883302323,1,High-High,0.053,False,0.12490010593650676,False,Not Significant,Not Significant
"1849,3631",2024,36.60915502598347,0.0009429959054119484,1,High-High,0.492,False,0.4956143387585632,False,Not Significant,Not Significant
"1849,3632",2024,33.74870707943234,0.1085092038961823,3,Low-Low,0.317,False,0.39494491973971185,False,Not Significant,Not Significant
"1849,3633",2024,34.51040922819731,0.022950836917194784,3,Low-Low,0.419,False,0.4605641279944437,False,Not Significant,Not Significant
"1849,3634",2024,35.82115519622974,0.024237581294278002,1,High-High,0.4,False,0.44775510871288726,False,Not Significant,Not Significant
"1849,3635",2024,35.27255200213389,-1.9130546107982394e-05,4,High-Low,0.496,False,0.4975875547393359,False,Not Significant,Not Significant
"1849,3636",2024,34.28379188745112,0.10709948282513554,3,Low-Low,0.224,False,0.3201667851267886,False,Not Significant,Not Significant
"1849,3637",2024,33.910824164781374,0.21726983511230272,3,Low-Low,0.147,False,0.24322624414664767,False,Not Significant,Not Significant
"1849,3638",2024,35.89458599022263,-0.20549123804061178,4,High-Low,0.024,True,0.07374789980070598,False,High-Low,Not Significant
"1849,3639",2024,33.4499691040655,0.7007177771752618,3,Low-Low,0.004,True,0.025586007046173857,True,Low-Low,Low-Low
"1849,3640",2024,32.346157289982656,1.4729064430291268,3,Low-Low,0.002,True,0.020221199117137403,True,Low-Low,Low-Low
"1849,3641",2024,31.64158573947863,1.9791757622399964,3,Low-Low,0.001,True,0.014246753923437716,True,Low-Low,Low-Low
"1849,3642",2024,31.48602882909721,1.9573137542528185,3,Low-Low,0.002,True,0.020221199117137403,True,Low-Low,Low-Low
"1849,3643",2024,32.27566969077518,1.2539264560828076,3,Low-Low,0.003,True,0.02246416401779184,True,Low-Low,Low-Low
"1849,3644",2024,33.77936273905365,0.43928784956602734,3,Low-Low,0.022,True,0.06915186208947682,False,Low-Low,Not Significant
"1849,3645",2024,34.34588966722643,0.15926355052638555,3,Low-Low,0.129,False,0.22733010850757002,False,Not Significant,Not Significant
"1849,3646",2024,34.49886903585013,0.06110946546833524,3,Low-Low,0.289,False,0.3736393694394325,False,Not Significant,Not Significant
"1849,3647",2024,35.87761400643677,-0.005495610411175791,4,High-Low,0.485,False,0.49286245085012587,False,Not Significant,Not Significant
"1849,3648",2024,35.95500285871603,0.11883584497180336,1,High-High,0.159,False,0.25811764128944453,False,Not Significant,Not Significant
"1849,3649",2024,37.15348700359793,0.44230820772903595,1,High-High,0.069,False,0.14973886865241828,False,Not Significant,Not Significant
"1849,3650",2024,37.44051641740466,0.4389972906192383,1,High-High,0.102,False,0.1922577283636401,False,Not Significant,Not Significant
"1849,3651",2024,37.89864546935099,-0.2430173024592969,4,High-Low,0.284,False,0.369570593357369,False,Not Significant,Not Significant
"1849,3652",2024,34.47918068000716,0.2421615664978356,3,Low-Low,0.015,True,0.05430692947921482,False,Low-Low,Not Significant
"1849,3653",2024,32.021516443871114,1.6857619454833137,3,Low-Low,0.002,True,0.020221199117137403,True,Low-Low,Low-Low
"1849,3654",2024,31.65953714542144,2.2411454032142664,3,Low-Low,0.001,True,0.014246753923437716,True,Low-Low,Low-Low
"1850,3610",2024,31.4425415445396,2.0130797357458876,3,Low-Low,0.01,True,0.04276803023314383,True,Low-Low,Low-Low
"1850,3611",2024,32.460085749791695,1.195294970363739,3,Low-Low,0.005,True,0.02798469325204437,True,Low-Low,Low-Low
"1850,3612",2024,33.756337626212776,0.39774212629862554,3,Low-Low,0.037,True,0.10109340105377425,False,Low-Low,Not Significant
"1850,3613",2024,35.14722778438352,0.009015958867430923,3,Low-Low,0.173,False,0.27072894762399025,False,Not Significant,Not Significant
"1850,3614",2024,34.77060735075613,0.07603455069443553,3,Low-Low,0.14,False,0.23627692408286607,False,Not Significant,Not Significant
"1850,3615",2024,33.20180336261648,0.4383903233724231,3,Low-Low,0.079,False,0.16336098772585111,False,Not Significant,Not Significant
"1850,3616",2024,34.16052860857757,0.3010462074423705,3,Low-Low,0.029,True,0.08360840758105616,False,Low-Low,Not Significant
"1850,3617",2024,33.82773904750724,0.23856342845106338,3,Low-Low,0.139,False,0.23567696820823633,False,Not Significant,Not Significant
"1850,3618",2024,34.93481306097261,0.011221081712810109,3,Low-Low,0.405,False,0.45150914767045314,False,Not Significant,Not Significant
"1850,3619",2024,37.13021805108816,0.19808380446228735,1,High-High,0.254,False,0.34591931581941177,False,Not Significant,Not Significant
"1850,3620",2024,36.50080597995473,0.22949015817912868,1,High-High,0.129,False,0.22733010850757002,False,Not Significant,Not Significant
"1850,3621",2024,35.79515748401671,0.06818026121867815,1,High-High,0.229,False,0.3249844791124277,False,Not Significant,Not Significant
"1850,3622",2024,36.39970892361334,-0.14598637780465046,4,High-Low,0.207,False,0.3025702897863814,False,Not Significant,Not Significant
"1850,3623",2024,33.9036753001438,0.2666188402558437,3,Low-Low,0.101,False,0.19135924673193683,False,Not Significant,Not Significant
"1850,3624",2024,33.32001443907608,0.3365708210818972,3,Low-Low,0.138,False,0.2348890554035607,False,Not Significant,Not Significant
"1850,3625",2024,33.470884228106044,-0.12986124896314194,2,Low-High,0.323,False,0.39947126851140985,False,Not Significant,Not Significant
"1850,3626",2024,37.00067942248154,0.5788220030754431,1,High-High,0.025,True,0.0749316951056403,False,High-High,Not Significant
"1850,3627",2024,39.17129736316322,2.066845202650399,1,High-High,0.003,True,0.02246416401779184,True,High-High,High-High
"1850,3628",2024,39.2209713133021,2.0783647817266613,1,High-High,0.003,True,0.02246416401779184,True,High-High,High-High
"1850,3629",2024,37.35637608995314,1.0948704007499828,1,High-High,0.003,True,0.02246416401779184,True,High-High,High-High
"1850,3630",2024,37.52123455621134,0.9149817613450342,1,High-High,0.011,True,0.04444567195069504,True,High-High,High-High
"1850,3631",2024,37.34088873452652,0.4521540202184896,1,High-High,0.084,False,0.17001475785546197,False,Not Significant,Not Significant
"1850,3632",2024,34.90690801814057,-0.016656118396095765,2,Low-High,0.366,False,0.42622292604922235,False,Not Significant,Not Significant
"1850,3633",2024,35.17361259120448,0.0020901551748483335,3,Low-Low,0.36,False,0.4228265692641444,False,Not Significant,Not Significant
"1850,3634",2024,36.497605588678745,-0.2292543624634602,4,High-Low,0.137,False,0.23409500620632528,False,Not Significant,Not Significant
"1850,3635",2024,33.63749634200283,0.24875073266463596,3,Low-Low,0.157,False,0.25629316332439583,False,Not Significant,Not Significant
"1850,3636",2024,33.16869696656226,0.3566233401489703,3,Low-Low,0.136,False,0.23366015365372061,False,Not Significant,Not Significant
"1850,3637",2024,35.3064892310804,-0.013989883694630563,4,High-Low,0.173,False,0.27072894762399025,False,Not Significant,Not Significant
"1850,3638",2024,33.79495836943046,0.26140913752101264,3,Low-Low,0.126,False,0.22420438316810062,False,Not Significant,Not Significant
"1850,3639",2024,32.97255735069693,0.8909012995343295,3,Low-Low,0.004,True,0.025586007046173857,True,Low-Low,Low-Low
"1850,3640",2024,31.97797944075111,1.6534784670357374,3,Low-Low,0.003,True,0.02246416401779184,True,Low-Low,Low-Low
"1850,3641",2024,33.045409605890015,1.2095966159717557,3,Low-Low,0.001,True,0.014246753923437716,True,Low-Low,Low-Low
"1850,3642",2024,32.711612954226034,1.1085150384868447,3,Low-Low,0.003,True,0.02246416401779184,True,Low-Low,Low-Low
"1850,3643",2024,32.85215295876729,0.8541283649444285,3,Low-Low,0.012,True,0.047098390391506324,True,Low-Low,Low-Low
"1850,3644",2024,33.12784399290587,0.5649511362346337,3,Low-Low,0.039,True,0.10334058184230673,False,Low-Low,Not Significant
"1850,3645",2024,33.64056302690789,0.26827513873698666,3,Low-Low,0.14,False,0.23627692408286607,False,Not Significant,Not Significant
"1850,3646",2024,35.86404797746977,-0.039844867961341776,4,High-Low,0.353,False,0.418638901388323,False,Not Significant,Not Significant
"1850,3647",2024,36.63501698037669,0.12743787584487506,1,High-High,0.279,False,0.3658852545501084,False,Not Significant,Not Significant
"1850,3648",2024,35.96079144818176,0.13940285558758017,1,High-High,0.118,False,0.21360726202085073,False,Not Significant,Not Significant
"1850,3649",2024,36.46073956713969,0.3123791135582343,1,High-High,0.055,False,0.12837233972993303,False,Not Significant,Not Significant
"1850,3650",2024,36.43667807725264,0.36432386925722743,1,High-High,0.031,True,0.0883298686862766,False,High-High,Not Significant
"1850,3651",2024,36.07505051326149,0.15101478967959608,1,High-High,0.133,False,0.230127762521291,False,Not Significant,Not Significant
"1850,3652",2024,33.66230406140474,0.1064082154837907,3,Low-Low,0.332,False,0.4048960379523128,False,Not Significant,Not Significant
"1850,3653",2024,33.58725109532766,0.6876645715637486,3,Low-Low,0.003,True,0.02246416401779184,True,Low-Low,Low-Low
"1850,3654",2024,31.90229095240471,1.8551654994897697,3,Low-Low,0.002,True,0.020221199117137403,True,Low-Low,Low-Low
"1850,3655",2024,31.421006220150584,2.454055770775243,3,Low-Low,0.003,True,0.02246416401779184,True,Low-Low,Low-Low
"1851,3611",2024,32.58943221734396,1.037310614562239,3,Low-Low,0.017,True,0.05873701106610261,False,Low-Low,Not Significant
"1851,3612",2024,33.76907472948248,0.2911800425396989,3,Low-Low,0.102,False,0.1922577283636401,False,Not Significant,Not Significant
"1851,3613",2024,35.035963593459485,-0.002813905907445047,2,Low-High,0.454,False,0.4772764693965281,False,Not Significant,Not Significant
"1851,3614",2024,36.16331989371654,0.003381514438702531,1,High-High,0.487,False,0.49306782413090106,False,Not Significant,Not Significant
"1851,3615",2024,34.706837142637724,0.032804743890486966,3,Low-Low,0.343,False,0.4121259520766769,False,Not Significant,Not Significant
"1851,3616",2024,33.93860225954387,0.2004461764908503,3,Low-Low,0.159,False,0.25811764128944453,False,Not Significant,Not Significant
"1851,3617",2024,34.19059818886848,0.08345812885614978,3,Low-Low,0.295,False,0.37783419219499714,False,Not Significant,Not Significant
"1851,3618",2024,36.062076254367554,-0.0069078967831611455,4,High-Low,0.488,False,0.4933972405673172,False,Not Significant,Not Significant
"1851,3619",2024,35.928049510974944,0.02415203736143196,1,High-High,0.411,False,0.45588171349497486,False,Not Significant,Not Significant
"1851,3620",2024,34.80578939214543,-0.019924354747863127,2,Low-High,0.373,False,0.4309436498722822,False,Not Significant,Not Significant
"1851,3621",2024,35.548025551258945,-0.02731921766206543,4,High-Low,0.3,False,0.38200814054237847,False,Not Significant,Not Significant
"1851,3622",2024,32.878382353597075,0.03698600839969008,3,Low-Low,0.463,False,0.4802940893398673,False,Not Significant,Not Significant
"1851,3623",2024,32.656394158972844,0.02577606613768918,3,Low-Low,0.482,False,0.49117881344796555,False,Not Significant,Not Significant
"1851,3624",2024,34.866802172091816,-0.039387259791594235,2,Low-High,0.23,False,0.3257714713712597,False,Not Significant,Not Significant
"1851,3625",2024,37.826289748683486,1.0455123559477466,1,High-High,0.011,True,0.04444567195069504,True,High-High,High-High
"1851,3626",2024,40.036758532881805,3.2902357462553335,1,High-High,0.001,True,0.014246753923437716,True,High-High,High-High
"1851,3627",2024,40.24236875006325,3.924054036040328,1,High-High,0.001,True,0.014246753923437716,True,High-High,High-High
"1851,3628",2024,39.0691860628466,2.017532986467945,1,High-High,0.003,True,0.02246416401779184,True,High-High,High-High
"1851,3629",2024,36.45486756683567,0.4143679862152904,1,High-High,0.024,True,0.07374789980070598,False,High-High,Not Significant
"1851,3630",2024,37.70569089775033,0.37021920339637715,1,High-High,0.171,False,0.26894194148347367,False,Not Significant,Not Significant
"1851,3631",2024,36.76415327140233,0.09839456276545858,1,High-High,0.354,False,0.4191451725352473,False,Not Significant,Not Significant
"1851,3632",2024,35.3788803571258,-0.016969081971183696,4,High-Low,0.265,False,0.35473457511566703,False,Not Significant,Not Significant
"1851,3633",2024,34.33345384972814,0.17353017362121845,3,Low-Low,0.111,False,0.20430704961287094,False,Not Significant,Not Significant
"1851,3634",2024,34.13103517520794,0.3499164212688811,3,Low-Low,0.018,True,0.06103863724877329,False,Low-Low,Not Significant
"1851,3635",2024,31.734533998326068,0.8054176886214359,3,Low-Low,0.068,False,0.148302194938271,False,Not Significant,Not Significant
"1851,3636",2024,34.48314151219768,0.15612940682548512,3,Low-Low,0.083,False,0.16892578206776687,False,Not Significant,Not Significant
"1851,3637",2024,36.10908495184773,-0.15816897855964476,4,High-Low,0.138,False,0.2348890554035607,False,Not Significant,Not Significant
"1851,3638",2024,34.33461492772632,0.22855669776321844,3,Low-Low,0.047,True,0.11560313505508975,False,Low-Low,Not Significant
"1851,3639",2024,32.360002027692495,1.3196704432493986,3,Low-Low,0.003,True,0.02246416401779184,True,Low-Low,Low-Low
"1851,3640",2024,31.710604011861843,1.5187066597988716,3,Low-Low,0.003,True,0.02246416401779184,True,Low-Low,Low-Low
"1851,3641",2024,33.8441724144978,0.5195791827525604,3,Low-Low,0.005,True,0.02798469325204437,True,Low-Low,Low-Low
"1851,3642",2024,33.77515202927481,0.30538112629254277,3,Low-Low,0.086,False,0.17262946606391302,False,Not Significant,Not Significant
"1851,3643",2024,35.143157783478166,0.014889174956767108,3,Low-Low,0.072,False,0.15351602837689532,False,Not Significant,Not Significant
"1851,3644",2024,34.996342723943286,0.04885775825518774,3,Low-Low,0.07,False,0.15101278333713172,False,Not Significant,Not Significant
"1851,3645",2024,33.86978078976032,0.16163176494171685,3,Low-Low,0.208,False,0.3028215059161424,False,Not Significant,Not Significant
"1851,3646",2024,34.40426384117284,-0.01831810246490272,2,Low-High,0.439,False,0.4705256585324748,False,Not Significant,Not Significant
"1851,3647",2024,35.986909899787854,0.10179238035825969,1,High-High,0.204,False,0.30099259692707075,False,Not Significant,Not Significant
"1851,3648",2024,36.66960338320428,0.08898684445100029,1,High-High,0.357,False,0.42042833352306486,False,Not Significant,Not Significant
"1851,3649",2024,34.289453225066765,-0.13481684465146174,2,Low-High,0.174,False,0.2715191956010686,False,Not Significant,Not Significant
"1851,3650",2024,37.66631721017965,0.22792103491704804,1,High-High,0.265,False,0.35473457511566703,False,Not Significant,Not Significant
"1851,3651",2024,36.46016823392575,0.09788162876007164,1,High-High,0.306,False,0.38539838544536814,False,Not Significant,Not Significant
"1851,3652",2024,34.54544691641676,0.05675100368249872,3,Low-Low,0.295,False,0.37783419219499714,False,Not Significant,Not Significant
"1851,3653",2024,33.87543358171276,0.42297823941362106,3,Low-Low,0.019,True,0.06306505092221021,False,Low-Low,Not Significant
"1851,3654",2024,32.704784438359184,1.1954411780680279,3,Low-Low,0.003,True,0.02246416401779184,True,Low-Low,Low-Low
"1851,3655",2024,31.719040477884043,1.9199819912803644,3,Low-Low,0.005,True,0.02798469325204437,True,Low-Low,Low-Low
"1852,3611",2024,32.63757638389425,0.548305593266906,3,Low-Low,0.148,False,0.24432806936397508,False,Not Significant,Not Significant
"1852,3612",2024,35.40658958190573,-0.020694914715528284,4,High-Low,0.255,False,0.3466356812504292,False,Not Significant,Not Significant
"1852,3613",2024,36.61654096053467,0.18670269710875773,1,High-High,0.196,False,0.2935317329375817,False,Not Significant,Not Significant
"1852,3614",2024,36.68737941446785,0.22880081876223374,1,High-High,0.163,False,0.26046759322101154,False,Not Significant,Not Significant
"1852,3615",2024,35.646129635339875,0.012720558550840642,1,High-High,0.421,False,0.4616062010841808,False,Not Significant,Not Significant
"1852,3616",2024,34.511954714264746,0.014264199793943595,3,Low-Low,0.449,False,0.4740644860887206,False,Not Significant,Not Significant
"1852,3617",2024,35.16699137861811,-0.0010643557841291682,2,Low-High,0.43,False,0.46720058668272296,False,Not Significant,Not Significant
"1852,3618",2024,35.818188876878274,0.041760428597797376,1,High-High,0.341,False,0.41107361516454716,False,Not Significant,Not Significant
"1852,3619",2024,34.35409198851301,-0.022077888710745064,2,Low-High,0.43,False,0.46720058668272296,False,Not Significant,Not Significant
"1852,3620",2024,33.398406688495825,0.15912391991223404,3,Low-Low,0.292,False,0.37640892513770474,False,Not Significant,Not Significant
"1852,3621",2024,34.97750137729765,0.049944125941139374,3,Low-Low,0.086,False,0.17262946606391302,False,Not Significant,Not Significant
"1852,3622",2024,33.71955245269802,-0.025161356411758175,2,Low-High,0.446,False,0.47180521766957806,False,Not Significant,Not Significant
"1852,3623",2024,38.04235038063803,0.11318341195380757,1,High-High,0.392,False,0.4421840501321925,False,Not Significant,Not Significant
"1852,3624",2024,38.14084569553735,0.9781162968601002,1,High-High,0.022,True,0.06915186208947682,False,High-High,Not Significant
"1852,3625",2024,38.877701333268206,1.9638744625930653,1,High-High,0.003,True,0.02246416401779184,True,High-High,High-High
"1852,3626",2024,41.80509147860085,4.409976057424886,1,High-High,0.001,True,0.014246753923437716,True,High-High,High-High
"1852,3627",2024,40.31395078949087,3.014455139205068,1,High-High,0.001,True,0.014246753923437716,True,High-High,High-High
"1852,3628",2024,35.98133669312706,0.2758061228409639,1,High-High,0.018,True,0.06103863724877329,False,High-High,Not Significant
"1852,3629",2024,33.6645406265253,-0.22621662117255925,2,Low-High,0.174,False,0.2715191956010686,False,Not Significant,Not Significant
"1852,3630",2024,34.34664095979573,-0.016508229740650207,2,Low-High,0.443,False,0.47180521766957806,False,Not Significant,Not Significant
"1852,3631",2024,34.105692257040545,0.06459017293499363,3,Low-Low,0.358,False,0.42115389945999226,False,Not Significant,Not Significant
"1852,3632",2024,32.875922681863976,0.3513182383286287,3,Low-Low,0.169,False,0.26732948772668325,False,Not Significant,Not Significant
"1852,3633",2024,32.20889521679517,0.6448755955756544,3,Low-Low,0.087,False,0.17384152505241457,False,Not Significant,Not Significant
"1852,3634",2024,32.63643075431847,0.8464235088201117,3,Low-Low,0.016,True,0.05689465424205921,False,Low-Low,Not Significant
"1852,3635",2024,32.57241500960003,0.5616182768397996,3,Low-Low,0.089,False,0.17623285505423048,False,Not Significant,Not Significant
"1852,3636",2024,35.349046526546644,-0.025396340898149822,4,High-Low,0.132,False,0.2298476178021658,False,Not Significant,Not Significant
"1852,3637",2024,35.2610811490934,-0.005108940648739587,4,High-Low,0.272,False,0.3601496876473159,False,Not Significant,Not Significant
"1852,3638",2024,33.00280820326896,0.39972743997339555,3,Low-Low,0.132,False,0.2298476178021658,False,Not Significant,Not Significant
"1852,3639",2024,32.49531189358196,0.9084779328917408,3,Low-Low,0.014,True,0.05214940738217535,False,Low-Low,Not Significant
"1852,3640",2024,33.00746511613542,0.6414667791235282,3,Low-Low,0.028,True,0.0812592617674637,False,Low-Low,Not Significant
"1852,3641",2024,34.74742911104888,0.08828075981086465,3,Low-Low,0.116,False,0.211206632926751,False,Not Significant,Not Significant
"1852,3642",2024,35.593929533976585,-0.016723505878401466,4,High-Low,0.394,False,0.44375563983554955,False,Not Significant,Not Significant
"1852,3643",2024,35.284981787551665,-0.003088268505597965,4,High-Low,0.403,False,0.4495078768291386,False,Not Significant,Not Significant
"1852,3644",2024,34.357752928461814,0.07402151177984238,3,Low-Low,0.295,False,0.37783419219499714,False,Not Significant,Not Significant
"1852,3645",2024,34.28103659314128,0.07808236366187662,3,Low-Low,0.299,False,0.38184283411822023,False,Not Significant,Not Significant
"1852,3646",2024,36.21216814578071,-0.030421368081943085,4,High-Low,0.429,False,0.46720058668272296,False,Not Significant,Not Significant
"1852,3647",2024,36.08542414234711,0.02596803595450749,1,High-High,0.421,False,0.4616062010841808,False,Not Significant,Not Significant
"1852,3648",2024,35.03156996932059,0.0112676490549604,3,Low-Low,0.351,False,0.4178480868487014,False,Not Significant,Not Significant
"1852,3649",2024,33.63891389364008,-0.01350327528387351,2,Low-High,0.47,False,0.4834411614554844,False,Not Significant,Not Significant
"1852,3650",2024,35.62354740675363,0.027242097412579973,1,High-High,0.341,False,0.41107361516454716,False,Not Significant,Not Significant
"1852,3651",2024,36.3668720787754,0.12454394161343783,1,High-High,0.244,False,0.3375384653313614,False,Not Significant,Not Significant
"1852,3652",2024,34.399190451137066,-0.00903506700806001,2,Low-High,0.461,False,0.4802940893398673,False,Not Significant,Not Significant
"1852,3653",2024,33.8527503269761,0.22772887308246637,3,Low-Low,0.143,False,0.23931503786920683,False,Not Significant,Not Significant
"1852,3654",2024,34.43520680380189,0.306849579432149,3,Low-Low,0.003,True,0.02246416401779184,True,Low-Low,Low-Low
"1852,3655",2024,31.94132163427313,1.437223834030176,3,Low-Low,0.015,True,0.05430692947921482,False,Low-Low,Not Significant
"1853,3611",2024,33.0098856537961,0.5286969210419546,3,Low-Low,0.115,False,0.20973400214217844,False,Not Significant,Not Significant
"1853,3612",2024,35.983107939418915,-0.09627863162409202,4,High-Low,0.202,False,0.29965383058226214,False,Not Significant,Not Significant
"1853,3613",2024,37.87558312657036,0.1896840363089638,1,High-High,0.329,False,0.40348015183373626,False,Not Significant,Not Significant
"1853,3614",2024,36.0129417112838,0.12473805778031231,1,High-High,0.162,False,0.2592472655333193,False,Not Significant,Not Significant
"1853,3615",2024,35.75415145796805,0.037143678022730706,1,High-High,0.338,False,0.410161503846139,False,Not Significant,Not Significant
"1853,3616",2024,35.05112968524876,-0.015144766642472388,2,Low-High,0.259,False,0.35012076852943014,False,Not Significant,Not Significant
"1853,3617",2024,36.4056636566937,0.12264012684468924,1,High-High,0.244,False,0.3375384653313614,False,Not Significant,Not Significant
"1853,3618",2024,36.699053982904026,0.09498639202747622,1,High-High,0.343,False,0.4121259520766769,False,Not Significant,Not Significant
"1853,3619",2024,35.58480041444358,-0.029551810233741118,4,High-Low,0.312,False,0.3904894547195892,False,Not Significant,Not Significant
"1853,3620",2024,34.4000542527332,0.16959290349915027,3,Low-Low,0.094,False,0.18364736681948363,False,Not Significant,Not Significant
"1853,3621",2024,32.587155173718415,0.35786580499594195,3,Low-Low,0.185,False,0.28245651025115076,False,Not Significant,Not Significant
"1853,3622",2024,35.77559180941761,0.10644329408078457,1,High-High,0.115,False,0.20973400214217844,False,Not Significant,Not Significant
"1853,3623",2024,39.87668310883356,1.4158869463466242,1,High-High,0.028,True,0.0812592617674637,False,High-High,Not Significant
"1853,3624",2024,35.34237609721729,0.07291959516228307,1,High-High,0.002,True,0.020221199117137403,True,High-High,High-High
"1853,3625",2024,37.41806122406771,0.9083547342799831,1,High-High,0.01,True,0.04276803023314383,True,High-High,High-High
"1853,3626",2024,37.47144388886896,0.977939445918003,1,High-High,0.009,True,0.04005273661253177,True,High-High,High-High
"1853,3627",2024,36.007956201239494,0.28811231851440455,1,High-High,0.016,True,0.05689465424205921,False,High-High,Not Significant
"1853,3628",2024,34.48300459273423,-0.12475420712499471,2,Low-High,0.14,False,0.23627692408286607,False,Not Significant,Not Significant
"1853,3629",2024,35.602436453572,-0.03863641878733723,4,High-Low,0.273,False,0.36082048444862824,False,Not Significant,Not Significant
"1853,3630",2024,33.83932021683046,0.11009506210380637,3,Low-Low,0.31,False,0.3895418128470238,False,Not Significant,Not Significant
"1853,3631",2024,34.29464629900324,0.10261305602697007,3,Low-Low,0.233,False,0.32727400115220096,False,Not Significant,Not Significant
"1853,3632",2024,34.1442481819232,0.08437677844525415,3,Low-Low,0.315,False,0.3933466105686377,False,Not Significant,Not Significant
"1853,3633",2024,34.46829201634371,0.09840996741869096,3,Low-Low,0.189,False,0.2861739063649609,False,Not Significant,Not Significant
"1853,3634",2024,35.1764260770496,0.008560270420838527,3,Low-Low,0.044,True,0.11134486675537444,False,Low-Low,Not Significant
"1853,3635",2024,33.99449683914867,0.17292942572875844,3,Low-Low,0.179,False,0.27656761355383297,False,Not Significant,Not Significant
"1853,3636",2024,35.716586471405414,-0.06882050926306923,4,High-Low,0.185,False,0.28245651025115076,False,Not Significant,Not Significant
"1853,3637",2024,34.60714791438512,0.011725334120870788,3,Low-Low,0.449,False,0.4740644860887206,False,Not Significant,Not Significant
"1853,3638",2024,34.17870432580568,0.11237696380852093,3,Low-Low,0.246,False,0.3394490659799216,False,Not Significant,Not Significant
"1853,3639",2024,35.1382773167619,0.0167025682598748,3,Low-Low,0.064,False,0.14298982349226286,False,Not Significant,Not Significant
"1853,3640",2024,34.65867691920867,0.09184949616567525,3,Low-Low,0.145,False,0.24046106639903148,False,Not Significant,Not Significant
"1853,3641",2024,35.15851586240068,0.004105704385476583,3,Low-Low,0.305,False,0.3848016191447446,False,Not Significant,Not Significant
"1853,3642",2024,36.335815577815005,0.03088145086722224,1,High-High,0.427,False,0.46539392432228466,False,Not Significant,Not Significant
"1853,3643",2024,35.65923336086944,0.00831489998913603,1,High-High,0.446,False,0.47180521766957806,False,Not Significant,Not Significant
"1853,3644",2024,34.19834268378782,-0.021014050692235636,2,Low-High,0.446,False,0.47180521766957806,False,Not Significant,Not Significant
"1853,3645",2024,34.789401826980175,-0.002255980854902132,2,Low-High,0.481,False,0.49061553398435587,False,Not Significant,Not Significant
"1853,3646",2024,35.50581238150418,0.0037767795397313435,1,High-High,0.461,False,0.4802940893398673,False,Not Significant,Not Significant
"1853,3647",2024,35.546286844508195,0.0010999495321614141,1,High-High,0.486,False,0.49306782413090106,False,Not Significant,Not Significant
"1853,3648",2024,33.49071318449463,0.07406237283158228,3,Low-Low,0.396,False,0.4450942598832924,False,Not Significant,Not Significant
"1853,3649",2024,33.44521976110053,0.009783681537421863,3,Low-Low,0.49,False,0.49428046939016757,False,Not Significant,Not Significant
"1853,3650",2024,35.7966807245885,0.0351312400386632,1,High-High,0.35,False,0.4171102590563503,False,Not Significant,Not Significant
"1853,3651",2024,36.61519336356737,0.09724373467527325,1,High-High,0.334,False,0.4066570372745544,False,Not Significant,Not Significant
"1853,3652",2024,34.83240911450399,-0.017853777351811283,2,Low-High,0.372,False,0.4302414440455158,False,Not Significant,Not Significant
"1853,3653",2024,35.56625934345945,-0.05771667085993314,4,High-Low,0.154,False,0.2525231675404961,False,Not Significant,Not Significant
"1853,3654",2024,34.65204889484816,0.20921509797437043,3,Low-Low,0.006,True,0.03179710172566671,True,Low-Low,Low-Low
"1853,3655",2024,31.628670223151666,1.5269562106612018,3,Low-Low,0.017,True,0.05873701106610261,False,Low-Low,Not Significant
"1854,3611",2024,32.36209038216219,0.7774820071924313,3,Low-Low,0.109,False,0.20164080459191064,False,Not Significant,Not Significant
"1854,3612",2024,33.694738161696854,0.19664537512940958,3,Low-Low,0.204,False,0.30099259692707075,False,Not Significant,Not Significant
"1854,3613",2024,35.135019625143755,0.001090270479429203,3,Low-Low,0.463,False,0.4802940893398673,False,Not Significant,Not Significant
"1854,3614",2024,34.957504306093504,-0.031175093413759847,2,Low-High,0.203,False,0.3007305787874991,False,Not Significant,Not Significant
"1854,3615",2024,35.15473466160804,-0.004869253149576969,2,Low-High,0.268,False,0.3561429525418111,False,Not Significant,Not Significant
"1854,3616",2024,36.35303292210457,0.1690783127861549,1,High-High,0.169,False,0.26732948772668325,False,Not Significant,Not Significant
"1854,3617",2024,36.48515087261959,0.2077416061282097,1,High-High,0.151,False,0.2483463154650521,False,Not Significant,Not Significant
"1854,3618",2024,35.652017515519475,0.06927255753559303,1,High-High,0.16,False,0.25811764128944453,False,Not Significant,Not Significant
"1854,3619",2024,34.73387327360431,0.007966088794685246,3,Low-Low,0.457,False,0.47836735318521506,False,Not Significant,Not Significant
"1854,3620",2024,33.49675074212875,0.2636395017331098,3,Low-Low,0.165,False,0.2625163266025997,False,Not Significant,Not Significant
"1854,3621",2024,34.22245833138556,0.09433058358048904,3,Low-Low,0.275,False,0.36259015208969897,False,Not Significant,Not Significant
"1854,3622",2024,36.26681174171382,0.20703807343186176,1,High-High,0.104,False,0.19452344817375386,False,Not Significant,Not Significant
"1854,3623",2024,39.43201300903296,1.2816318686328463,1,High-High,0.027,True,0.07940750876216882,False,High-High,Not Significant
"1854,3624",2024,36.985927600785,0.5702269304597056,1,High-High,0.024,True,0.07374789980070598,False,High-High,Not Significant
"1854,3625",2024,34.58548176432195,-0.10401464410095344,2,Low-High,0.149,False,0.24579399145187292,False,Not Significant,Not Significant
"1854,3626",2024,34.77527764308485,-0.026975344520439724,2,Low-High,0.341,False,0.41107361516454716,False,Not Significant,Not Significant
"1854,3627",2024,35.035854584331815,-0.010706651814412918,2,Low-High,0.344,False,0.4128752875445447,False,Not Significant,Not Significant
"1854,3628",2024,36.11139389895906,0.03753033521507517,1,High-High,0.385,False,0.4374365505315306,False,Not Significant,Not Significant
"1854,3629",2024,35.77147056415415,0.002158489245354677,1,High-High,0.487,False,0.49306782413090106,False,Not Significant,Not Significant
"1854,3630",2024,33.57857439141188,-0.12504722300901605,2,Low-High,0.3,False,0.38200814054237847,False,Not Significant,Not Significant
"1854,3631",2024,37.11918165297362,0.005081339106626635,1,High-High,0.489,False,0.4939530312081946,False,Not Significant,Not Significant
"1854,3632",2024,37.21029088214406,0.25576429744004975,1,High-High,0.2,False,0.2976933558606713,False,Not Significant,Not Significant
"1854,3633",2024,36.24526861457993,0.16304771388701772,1,High-High,0.162,False,0.2592472655333193,False,Not Significant,Not Significant
"1854,3634",2024,35.9037812669067,0.007982541398990234,1,High-High,0.463,False,0.4802940893398673,False,Not Significant,Not Significant
"1854,3635",2024,33.21406586462602,-0.12117060274160536,2,Low-High,0.346,False,0.4141429182420451,False,Not Significant,Not Significant
"1854,3636",2024,35.45456947409523,-0.0076288437773411955,4,High-Low,0.423,False,0.46287382407081396,False,Not Significant,Not Significant
"1854,3637",2024,35.840529309141154,0.048147837521510264,1,High-High,0.302,False,0.38344211207219847,False,Not Significant,Not Significant
"1854,3638",2024,36.09572210240488,0.03318626585258931,1,High-High,0.396,False,0.4450942598832924,False,Not Significant,Not Significant
"1854,3639",2024,34.90404689753338,0.0032213360409331744,3,Low-Low,0.478,False,0.48914737293302124,False,Not Significant,Not Significant
"1854,3640",2024,33.95894799918888,-0.0028215490979191667,2,Low-High,0.487,False,0.49306782413090106,False,Not Significant,Not Significant
"1854,3641",2024,35.64077182862571,-0.011109161218984176,4,High-Low,0.431,False,0.46720058668272296,False,Not Significant,Not Significant
"1854,3642",2024,34.50200931906592,-0.09075696939704157,2,Low-High,0.2,False,0.2976933558606713,False,Not Significant,Not Significant
"1854,3643",2024,36.17224996164074,0.11469644195341651,1,High-High,0.21,False,0.3049238819424322,False,Not Significant,Not Significant
"1854,3644",2024,35.959459156218415,0.08971154240092277,1,High-High,0.21,False,0.3049238819424322,False,Not Significant,Not Significant
"1854,3645",2024,35.99266198603755,0.03182054762711515,1,High-High,0.384,False,0.43675272541382326,False,Not Significant,Not Significant
"1854,3646",2024,35.37798359380455,-0.0030109073731026644,4,High-Low,0.455,False,0.4776411620908947,False,Not Significant,Not Significant
"1854,3647",2024,33.89172937215396,-0.029851239175487806,2,Low-High,0.439,False,0.4705256585324748,False,Not Significant,Not Significant
"1854,3648",2024,36.205890911990494,0.0014680720347720324,1,High-High,0.49,False,0.49428046939016757,False,Not Significant,Not Significant
"1854,3649",2024,36.11698460481523,0.08830142810856043,1,High-High,0.25,False,0.3434564809016907,False,Not Significant,Not Significant
"1854,3650",2024,35.54756948620926,0.05053276986111267,1,High-High,0.167,False,0.26473843250316004,False,Not Significant,Not Significant
"1854,3651",2024,36.68906316161563,0.04554035428238178,1,High-High,0.415,False,0.45800300889931456,False,Not Significant,Not Significant
"1854,3652",2024,35.159938881898015,-0.00034821129387057346,2,Low-High,0.477,False,0.4888080316745806,False,Not Significant,Not Significant
"1854,3653",2024,34.90343850647032,0.05938078650869434,3,Low-Low,0.111,False,0.20430704961287094,False,Not Significant,Not Significant
"1854,3654",2024,33.028190718432164,1.0156617639544432,3,Low-Low,0.002,True,0.020221199117137403,True,Low-Low,Low-Low
"1854,3655",2024,31.41387453210526,2.532980319030474,3,Low-Low,0.001,True,0.014246753923437716,True,Low-Low,Low-Low
"1855,3612",2024,32.73127250896439,0.6890958746850575,3,Low-Low,0.072,False,0.15351602837689532,False,Not Significant,Not Significant
"1855,3613",2024,34.858213002708446,0.0708135466773073,3,Low-Low,0.102,False,0.1922577283636401,False,Not Significant,Not Significant
"1855,3614",2024,34.97385145451142,-0.004806928344188215,2,Low-High,0.45,False,0.4748917623114391,False,Not Significant,Not Significant
"1855,3615",2024,36.82511717742386,0.007595984770663055,1,High-High,0.485,False,0.49286245085012587,False,Not Significant,Not Significant
"1855,3616",2024,35.304472330420424,0.00906810788526412,1,High-High,0.254,False,0.34591931581941177,False,Not Significant,Not Significant
"1855,3617",2024,36.55441070725743,0.06079219936076211,1,High-High,0.374,False,0.43119076628842856,False,Not Significant,Not Significant
"1855,3618",2024,36.1099557396816,0.03757165009024429,1,High-High,0.385,False,0.4374365505315306,False,Not Significant,Not Significant
"1855,3619",2024,35.30196357277848,-0.009166612155652022,4,High-Low,0.265,False,0.35473457511566703,False,Not Significant,Not Significant
"1855,3620",2024,33.762189099308195,0.25817390019325087,3,Low-Low,0.133,False,0.230127762521291,False,Not Significant,Not Significant
"1855,3621",2024,34.97122968406943,0.02838074705424193,3,Low-Low,0.217,False,0.31342856092544036,False,Not Significant,Not Significant
"1855,3622",2024,36.61891587016606,0.09464518103026964,1,High-High,0.329,False,0.40348015183373626,False,Not Significant,Not Significant
"1855,3623",2024,35.95222764690737,0.20454903996941445,1,High-High,0.04,True,0.10472553465204193,False,High-High,Not Significant
"1855,3624",2024,36.8928540417194,0.24138647978375594,1,High-High,0.178,False,0.27599435109552983,False,Not Significant,Not Significant
"1855,3625",2024,34.90265219026398,-0.011355692243554668,2,Low-High,0.399,False,0.4473203760540845,False,Not Significant,Not Significant
"1855,3626",2024,34.501216733435825,0.07205948228029453,3,Low-Low,0.258,False,0.3496306177787828,False,Not Significant,Not Significant
"1855,3627",2024,34.21661417602576,-0.04839175155696999,2,Low-High,0.365,False,0.4257363215968179,False,Not Significant,Not Significant
"1855,3628",2024,36.558222160175696,0.11045243773899671,1,High-High,0.282,False,0.36784067271580734,False,Not Significant,Not Significant
"1855,3629",2024,35.64623163771623,0.05404074500107549,1,High-High,0.208,False,0.3028215059161424,False,Not Significant,Not Significant
"1855,3630",2024,36.00497333212942,0.04913715421158691,1,High-High,0.34,False,0.41107361516454716,False,Not Significant,Not Significant
"1855,3631",2024,36.43624939130572,0.10780241678836691,1,High-High,0.268,False,0.3561429525418111,False,Not Significant,Not Significant
"1855,3632",2024,36.269148801297305,0.26180245953215875,1,High-High,0.059,False,0.1349801885136971,False,Not Significant,Not Significant
"1855,3633",2024,37.764735932441496,0.584987661493635,1,High-High,0.075,False,0.15686368592815017,False,Not Significant,Not Significant
"1855,3634",2024,36.97673952543752,0.2214308584313228,1,High-High,0.206,False,0.30191316000206436,False,Not Significant,Not Significant
"1855,3635",2024,34.28767746590496,-0.14823921447261393,2,Low-High,0.155,False,0.2535943345379954,False,Not Significant,Not Significant
"1855,3636",2024,36.57120800156726,0.09681693679739801,1,High-High,0.319,False,0.3963114453874115,False,Not Significant,Not Significant
"1855,3637",2024,36.20785972284206,0.13274951493470574,1,High-High,0.197,False,0.29462712556225307,False,Not Significant,Not Significant
"1855,3638",2024,35.86455823154776,0.0460730830507042,1,High-High,0.321,False,0.3976702549106182,False,Not Significant,Not Significant
"1855,3639",2024,36.41548154779097,-0.056669705278699814,4,High-Low,0.387,False,0.43879999378238843,False,Not Significant,Not Significant
"1855,3640",2024,34.94248739535077,0.020418163380306387,3,Low-Low,0.313,False,0.39151766583612324,False,Not Significant,Not Significant
"1855,3641",2024,34.90320820064244,0.03405967593096811,3,Low-Low,0.24,False,0.33389980230213495,False,Not Significant,Not Significant
"1855,3642",2024,36.1915937574047,-0.014907162191579337,4,High-Low,0.462,False,0.4802940893398673,False,Not Significant,Not Significant
"1855,3643",2024,36.70313361113293,0.15692383664626,1,High-High,0.235,False,0.32861057915377573,False,Not Significant,Not Significant
"1855,3644",2024,36.845944408852056,0.20648796390406068,1,High-High,0.204,False,0.30099259692707075,False,Not Significant,Not Significant
"1855,3645",2024,36.05318961236475,0.05479260436391977,1,High-High,0.333,False,0.4058900052309036,False,Not Significant,Not Significant
"1855,3646",2024,34.55258670650877,0.010414920390533858,3,Low-Low,0.461,False,0.4802940893398673,False,Not Significant,Not Significant
"1855,3647",2024,34.63345625778541,-0.042193042582909436,2,Low-High,0.308,False,0.3876947770157014,False,Not Significant,Not Significant
"1855,3648",2024,37.25818948200726,0.43712385945694443,1,High-High,0.083,False,0.16892578206776687,False,Not Significant,Not Significant
"1855,3649",2024,37.34776394171208,0.7520409387588349,1,High-High,0.017,True,0.05873701106610261,False,High-High,Not Significant
"1855,3650",2024,36.43780442238274,0.3741817967975748,1,High-High,0.031,True,0.0883298686862766,False,High-High,Not Significant
"1855,3651",2024,35.14401165554019,-0.0043181434660126295,2,Low-High,0.327,False,0.40215133561548094,False,Not Significant,Not Significant
"1855,3652",2024,33.358936029597004,0.09199181913724372,3,Low-Low,0.376,False,0.4321340868271977,False,Not Significant,Not Significant
"1855,3653",2024,34.84422827861744,0.13735584462145004,3,Low-Low,0.008,True,0.03750427528563091,True,Low-Low,Low-Low
"1855,3654",2024,32.52037610126869,1.912513759610474,3,Low-Low,0.001,True,0.014246753923437716,True,Low-Low,Low-Low
"1855,3655",2024,27.667339835000003,6.344761688380266,3,Low-Low,0.001,True,0.014246753923437716,True,Low-Low,Low-Low
"1856,3612",2024,32.504813924580674,1.1296111117303074,3,Low-Low,0.016,True,0.05689465424205921,False,Low-Low,Not Significant
"1856,3613",2024,34.42428960814171,0.2898308035952494,3,Low-Low,0.01,True,0.04276803023314383,True,Low-Low,Low-Low
"1856,3614",2024,35.241918260050106,-0.005989200494222896,4,High-Low,0.127,False,0.2254352822755147,False,Not Significant,Not Significant
"1856,3615",2024,35.88610701535735,-0.13068144426527506,4,High-Low,0.108,False,0.19995949885764705,False,Not Significant,Not Significant
"1856,3616",2024,33.986758146516465,0.188723165311165,3,Low-Low,0.164,False,0.26111466613840123,False,Not Significant,Not Significant
"1856,3617",2024,34.1941946471739,0.17030833228254044,3,Low-Low,0.141,False,0.23687136734609035,False,Not Significant,Not Significant
"1856,3618",2024,35.378832844118655,-0.022033387619987868,4,High-Low,0.197,False,0.29462712556225307,False,Not Significant,Not Significant
"1856,3619",2024,35.025799663095455,0.03583101061145987,3,Low-Low,0.106,False,0.1977585010661357,False,Not Significant,Not Significant
"1856,3620",2024,33.601227774970354,0.42039542769717264,3,Low-Low,0.047,True,0.11560313505508975,False,Low-Low,Not Significant
"1856,3621",2024,33.23963958005324,0.34480046711556966,3,Low-Low,0.134,False,0.23149291915217723,False,Not Significant,Not Significant
"1856,3622",2024,35.72859207726545,-0.06161115375763724,4,High-Low,0.226,False,0.32197661777208375,False,Not Significant,Not Significant
"1856,3623",2024,34.5219418233643,-0.07529623550164646,2,Low-High,0.231,False,0.3263451471991947,False,Not Significant,Not Significant
"1856,3624",2024,36.14272075994759,-0.036383180970359884,4,High-Low,0.407,False,0.4528184642535436,False,Not Significant,Not Significant
"1856,3625",2024,34.83582857041217,0.027170952400218468,3,Low-Low,0.332,False,0.4048960379523128,False,Not Significant,Not Significant
"1856,3626",2024,34.42316588558524,0.13515262183457652,3,Low-Low,0.137,False,0.23409500620632528,False,Not Significant,Not Significant
"1856,3627",2024,34.858139960286074,0.007867323713704067,3,Low-Low,0.451,False,0.47503313057364266,False,Not Significant,Not Significant
"1856,3628",2024,37.3431236186522,0.13472633582478966,1,High-High,0.332,False,0.4048960379523128,False,Not Significant,Not Significant
"1856,3629",2024,35.93664625464108,0.1055923556683843,1,High-High,0.176,False,0.2738609914238571,False,Not Significant,Not Significant
"1856,3630",2024,35.270582413150855,0.003987673660450671,1,High-High,0.329,False,0.40348015183373626,False,Not Significant,Not Significant
"1856,3631",2024,34.3619009682919,-0.05228914848187034,2,Low-High,0.334,False,0.4066570372745544,False,Not Significant,Not Significant
"1856,3632",2024,35.34192402359801,0.024499623083662547,1,High-High,0.12,False,0.21633524578079985,False,Not Significant,Not Significant
"1856,3633",2024,36.988856184836,0.4181260410884558,1,High-High,0.066,False,0.145678067621091,False,Not Significant,Not Significant
"1856,3634",2024,35.816134179555675,0.16748789207852793,1,High-High,0.041,True,0.10658057166431187,False,High-High,Not Significant
"1856,3635",2024,36.42058456371282,0.24057650907571476,1,High-High,0.103,False,0.19347773994995307,False,Not Significant,Not Significant
"1856,3636",2024,37.697816459815726,0.14447877960416464,1,High-High,0.346,False,0.4141429182420451,False,Not Significant,Not Significant
"1856,3637",2024,35.36832065979025,-0.0023726713306914176,4,High-Low,0.466,False,0.48181148897242027,False,Not Significant,Not Significant
"1856,3638",2024,34.05139512996489,0.07505513264492444,3,Low-Low,0.354,False,0.4191451725352473,False,Not Significant,Not Significant
"1856,3639",2024,35.57659461268051,-0.04160602731005201,4,High-Low,0.239,False,0.33293078335504683,False,Not Significant,Not Significant
"1856,3640",2024,34.414822352647775,0.10571262302223867,3,Low-Low,0.193,False,0.29042661735795655,False,Not Significant,Not Significant
"1856,3641",2024,32.81869201392369,0.37944272902575926,3,Low-Low,0.156,False,0.2550402437121609,False,Not Significant,Not Significant
"1856,3642",2024,34.783887782051025,0.052855196118791054,3,Low-Low,0.206,False,0.30191316000206436,False,Not Significant,Not Significant
"1856,3643",2024,35.5461264411317,0.020793204193101572,1,High-High,0.335,False,0.4076483739923254,False,Not Significant,Not Significant
"1856,3644",2024,35.83708137675006,0.04385204956736351,1,High-High,0.319,False,0.3963114453874115,False,Not Significant,Not Significant
"1856,3645",2024,34.41211617536946,0.0006661864376019365,3,Low-Low,0.492,False,0.4956143387585632,False,Not Significant,Not Significant
"1856,3646",2024,35.26889454770409,-0.005239231321536034,4,High-Low,0.292,False,0.37640892513770474,False,Not Significant,Not Significant
"1856,3647",2024,35.412454807585235,0.010980863950102351,1,High-High,0.353,False,0.418638901388323,False,Not Significant,Not Significant
"1856,3648",2024,36.61247928552909,0.3650147538682963,1,High-High,0.049,True,0.1186600410467873,False,High-High,Not Significant
"1856,3649",2024,39.913449035513054,1.2631906007070282,1,High-High,0.043,True,0.110212620565337,False,High-High,Not Significant
"1856,3650",2024,37.528584660729614,0.673290944844787,1,High-High,0.037,True,0.10109340105377425,False,High-High,Not Significant
"1856,3651",2024,35.46440910758111,0.016998096053414482,1,High-High,0.326,False,0.4011463886623094,False,Not Significant,Not Significant
"1856,3652",2024,34.12190624547616,0.1055187937093607,3,Low-Low,0.268,False,0.3561429525418111,False,Not Significant,Not Significant
"1856,3653",2024,33.37235938118939,0.8150810519070006,3,Low-Low,0.001,True,0.014246753923437716,True,Low-Low,Low-Low
"1856,3654",2024,30.268356819744625,3.9562507994743874,3,Low-Low,0.001,True,0.014246753923437716,True,Low-Low,Low-Low
"1856,3655",2024,27.95502302092457,7.406242819450084,3,Low-Low,0.001,True,0.014246753923437716,True,Low-Low,Low-Low
"1857,3612",2024,31.63352983217564,1.4586410735048168,3,Low-Low,0.035,True,0.09744923899356786,False,Low-Low,Not Significant
"1857,3613",2024,32.040474240423954,1.1552891818085493,3,Low-Low,0.014,True,0.05214940738217535,False,Low-Low,Not Significant
"1857,3614",2024,33.03548507406394,0.5942800555785174,3,Low-Low,0.05,True,0.12015334242569264,False,Low-Low,Not Significant
"1857,3615",2024,32.41278066221787,0.7214318130927437,3,Low-Low,0.08,False,0.16496240232784048,False,Not Significant,Not Significant
"1857,3616",2024,32.235261293816414,0.8912528711406668,3,Low-Low,0.065,False,0.14390514103844235,False,Not Significant,Not Significant
"1857,3617",2024,32.13411882863758,0.8606124898949024,3,Low-Low,0.083,False,0.16892578206776687,False,Not Significant,Not Significant
"1857,3618",2024,33.31040859146506,0.4148265502808757,3,Low-Low,0.143,False,0.23931503786920683,False,Not Significant,Not Significant
"1857,3619",2024,33.89468559139016,0.42451474590600924,3,Low-Low,0.039,True,0.10334058184230673,False,Low-Low,Not Significant
"1857,3620",2024,32.553355325437465,1.1261900131849083,3,Low-Low,0.005,True,0.02798469325204437,True,Low-Low,Low-Low
"1857,3621",2024,32.55008564605343,1.092969779990654,3,Low-Low,0.004,True,0.025586007046173857,True,Low-Low,Low-Low
"1857,3622",2024,34.940691496160795,0.0939508171360414,3,Low-Low,0.011,True,0.04444567195069504,True,Low-Low,Low-Low
"1857,3623",2024,34.17331310473723,0.0765158335382306,3,Low-Low,0.324,False,0.40003151496475037,False,Not Significant,Not Significant
"1857,3624",2024,35.57024348437664,-0.04362540236566551,4,High-Low,0.222,False,0.3183451021418852,False,Not Significant,Not Significant
"1857,3625",2024,33.277086719762735,0.22608823371410228,3,Low-Low,0.231,False,0.3263451471991947,False,Not Significant,Not Significant
"1857,3626",2024,33.073466513103725,0.3298586756169401,3,Low-Low,0.162,False,0.2592472655333193,False,Not Significant,Not Significant
"1857,3627",2024,35.18406280919178,0.0015352038164712506,3,Low-Low,0.355,False,0.41987599809214754,False,Not Significant,Not Significant
"1857,3628",2024,35.48249748309434,0.022679758272068095,1,High-High,0.285,False,0.37043245980666145,False,Not Significant,Not Significant
"1857,3629",2024,36.29387743984261,0.03222115394034595,1,High-High,0.414,False,0.45758992944015964,False,Not Significant,Not Significant
"1857,3630",2024,34.82911707426789,0.003540423009100626,3,Low-Low,0.483,False,0.4919693697738559,False,Not Significant,Not Significant
"1857,3631",2024,34.73132658350001,0.008678300799699746,3,Low-Low,0.455,False,0.4776411620908947,False,Not Significant,Not Significant
"1857,3632",2024,35.23738061232256,0.005721546409547801,1,High-High,0.096,False,0.18573545134992617,False,Not Significant,Not Significant
"1857,3633",2024,37.19357883786743,0.7192293625520183,1,High-High,0.015,True,0.05430692947921482,False,High-High,Not Significant
"1857,3634",2024,36.39166623363377,0.5490618938437518,1,High-High,0.007,True,0.034204900833074925,True,High-High,High-High
"1857,3635",2024,36.59165797867182,0.43105662445806703,1,High-High,0.025,True,0.0749316951056403,False,High-High,Not Significant
"1857,3636",2024,35.21606854327828,0.0006133966365921463,1,High-High,0.277,False,0.3643513321161842,False,Not Significant,Not Significant
"1857,3637",2024,33.3114554829231,0.21788421026072535,3,Low-Low,0.235,False,0.32861057915377573,False,Not Significant,Not Significant
"1857,3638",2024,32.160807763221726,0.6461610692057173,3,Low-Low,0.084,False,0.17001475785546197,False,Not Significant,Not Significant
"1857,3639",2024,34.19472699340883,0.2669259155586591,3,Low-Low,0.046,True,0.1140384183007445,False,Low-Low,Not Significant
"1857,3640",2024,35.13767773561692,0.023401238638860605,3,Low-Low,0.017,True,0.05873701106610261,False,Low-Low,Not Significant
"1857,3641",2024,32.40247367165329,0.9537823532948582,3,Low-Low,0.014,True,0.05214940738217535,False,Low-Low,Not Significant
"1857,3642",2024,32.598370660856325,0.6533559258251391,3,Low-Low,0.053,False,0.12490010593650676,False,Not Significant,Not Significant
"1857,3643",2024,35.57589205716907,-0.0382584066865097,4,High-Low,0.251,False,0.34418373234570027,False,Not Significant,Not Significant
"1857,3644",2024,35.5827354483581,-0.014353931978586717,4,High-Low,0.407,False,0.4528184642535436,False,Not Significant,Not Significant
"1857,3645",2024,33.722497644228525,0.1256038442786712,3,Low-Low,0.298,False,0.38100933406875404,False,Not Significant,Not Significant
"1857,3646",2024,33.77582904429533,0.16723312282712943,3,Low-Low,0.231,False,0.3263451471991947,False,Not Significant,Not Significant
"1857,3647",2024,35.640204026354695,-0.01087477026972194,4,High-Low,0.44,False,0.47067771563583444,False,Not Significant,Not Significant
"1857,3648",2024,36.071277511270665,0.1727841281133526,1,High-High,0.097,False,0.18717502750842951,False,Not Significant,Not Significant
"1857,3649",2024,35.71249160893164,0.16449601556759158,1,High-High,0.022,True,0.06915186208947682,False,High-High,Not Significant
"1857,3650",2024,35.35521849687411,0.061766209131801184,1,High-High,0.008,True,0.03750427528563091,True,High-High,High-High
"1857,3651",2024,37.8116183311316,0.4859302925153475,1,High-High,0.117,False,0.21232257826551118,False,Not Significant,Not Significant
"1857,3652",2024,34.5539099895661,-0.03707077290275621,2,Low-High,0.348,False,0.41517780208276495,False,Not Significant,Not Significant
"1857,3653",2024,33.271801514563684,0.6977269652516235,3,Low-Low,0.011,True,0.04444567195069504,True,Low-Low,Low-Low
"1857,3654",2024,31.126997490729188,3.22924279519641,3,Low-Low,0.001,True,0.014246753923437716,True,Low-Low,Low-Low
"1857,3655",2024,29.147364631373254,6.574522089544224,3,Low-Low,0.001,True,0.014246753923437716,True,Low-Low,Low-Low
"1858,3613",2024,33.774423773333346,0.790821213518893,3,Low-Low,0.01,True,0.04276803023314383,True,Low-Low,Low-Low
"1858,3614",2024,33.1920746355215,0.9733955683529643,3,Low-Low,0.018,True,0.06103863724877329,False,Low-Low,Not Significant
"1858,3620",2024,31.77427755576632,1.762961819331857,3,Low-Low,0.012,True,0.047098390391506324,True,Low-Low,Low-Low
"1858,3621",2024,31.656850978943684,1.912172249970828,3,Low-Low,0.002,True,0.020221199117137403,True,Low-Low,Low-Low
"1858,3622",2024,31.87034165345336,1.4915631019071938,3,Low-Low,0.004,True,0.025586007046173857,True,Low-Low,Low-Low
"1858,3623",2024,34.039665195085874,0.33930102590033573,3,Low-Low,0.033,True,0.09294223312924547,False,Low-Low,Not Significant
"1858,3624",2024,35.926873105450646,-0.16284578824495016,4,High-Low,0.071,False,0.15257003437818906,False,Not Significant,Not Significant
"1858,3625",2024,33.96383590573537,0.22548877714682106,3,Low-Low,0.13,False,0.22835867857341294,False,Not Significant,Not Significant
"1858,3626",2024,33.09320503097594,0.26396411617930127,3,Low-Low,0.204,False,0.30099259692707075,False,Not Significant,Not Significant
"1858,3627",2024,35.908993439752415,-0.10090043674976586,4,High-Low,0.171,False,0.26894194148347367,False,Not Significant,Not Significant
"1858,3628",2024,35.04616604389936,-0.0030177793532464923,2,Low-High,0.433,False,0.46752066748935406,False,Not Significant,Not Significant
"1858,3629",2024,34.39046863306869,0.0134463755021042,3,Low-Low,0.468,False,0.48228839290371633,False,Not Significant,Not Significant
"1858,3630",2024,34.551534878700515,-0.002618376463762891,2,Low-High,0.47,False,0.4834411614554844,False,Not Significant,Not Significant
"1858,3631",2024,35.765857009840246,-0.014514482086152008,4,High-Low,0.44,False,0.47067771563583444,False,Not Significant,Not Significant
"1858,3632",2024,35.59288462976099,0.06975121664524253,1,High-High,0.125,False,0.2227863525588952,False,Not Significant,Not Significant
"1858,3633",2024,39.69047989580737,1.099821146179752,1,High-High,0.059,False,0.1349801885136971,False,Not Significant,Not Significant
"1858,3634",2024,40.989463937873005,1.4877339361967055,1,High-High,0.053,False,0.12490010593650676,False,Not Significant,Not Significant
"1858,3635",2024,36.398336462552926,0.17768897053770483,1,High-High,0.16,False,0.25811764128944453,False,Not Significant,Not Significant
"1858,3636",2024,35.10940732768078,0.010621142684588154,3,Low-Low,0.246,False,0.3394490659799216,False,Not Significant,Not Significant
"1858,3637",2024,34.212217967268195,0.30718946105758027,3,Low-Low,0.028,True,0.0812592617674637,False,Low-Low,Not Significant
"1858,3638",2024,33.30073333349149,0.752215035070249,3,Low-Low,0.006,True,0.03179710172566671,True,Low-Low,Low-Low
"1858,3639",2024,33.247038919120406,0.7139158578604599,3,Low-Low,0.012,True,0.047098390391506324,True,Low-Low,Low-Low
"1858,3640",2024,33.34269081485602,0.6627701819027574,3,Low-Low,0.012,True,0.047098390391506324,True,Low-Low,Low-Low
"1858,3641",2024,32.65702955791055,0.8483598908712929,3,Low-Low,0.016,True,0.05689465424205921,False,Low-Low,Not Significant
"1858,3642",2024,32.43691978430696,0.4521360869097195,3,Low-Low,0.148,False,0.24432806936397508,False,Not Significant,Not Significant
"1858,3643",2024,35.522633812545486,-0.009574578342456161,4,High-Low,0.432,False,0.467360958868465,False,Not Significant,Not Significant
"1858,3644",2024,35.22755870293853,0.0015555033659370716,1,High-High,0.284,False,0.369570593357369,False,Not Significant,Not Significant
"1858,3645",2024,34.304445950320215,0.007784169836284932,3,Low-Low,0.489,False,0.4939530312081946,False,Not Significant,Not Significant
"1858,3646",2024,33.9112357481335,0.08065352502247157,3,Low-Low,0.356,False,0.4203789093650966,False,Not Significant,Not Significant
"1858,3647",2024,34.37099646083262,0.009629051785793066,3,Low-Low,0.48,False,0.48982324486555057,False,Not Significant,Not Significant
"1858,3648",2024,35.24830697801998,0.002374022282538709,1,High-High,0.332,False,0.4048960379523128,False,Not Significant,Not Significant
"1858,3649",2024,36.71066447833534,0.20239479957224232,1,High-High,0.193,False,0.29042661735795655,False,Not Significant,Not Significant
"1858,3650",2024,37.192454775543645,0.5998106579179461,1,High-High,0.034,True,0.09514796435452845,False,High-High,Not Significant
"1858,3651",2024,38.09491025812433,0.8073584983020089,1,High-High,0.044,True,0.11134486675537444,False,High-High,Not Significant
"1858,3652",2024,36.76730508315079,0.26990006120624377,1,High-High,0.13,False,0.22835867857341294,False,Not Significant,Not Significant
"1858,3653",2024,35.012551117451665,0.04377744361236016,3,Low-Low,0.077,False,0.16028273157930917,False,Not Significant,Not Significant
"1858,3654",2024,32.16022859858943,2.0286732866954926,3,Low-Low,0.001,True,0.014246753923437716,True,Low-Low,Low-Low
"1858,3655",2024,29.101145790451536,6.056826851214755,3,Low-Low,0.001,True,0.014246753923437716,True,Low-Low,Low-Low
"1858,3656",2024,28.37184529857144,8.420305225103123,3,Low-Low,0.001,True,0.014246753923437716,True,Low-Low,Low-Low
"1859,3622",2024,31.548766927853663,2.07103355779002,3,Low-Low,0.007,True,0.034204900833074925,True,Low-Low,Low-Low
"1859,3623",2024,32.04590074856238,1.2102019938995314,3,Low-Low,0.018,True,0.06103863724877329,False,Low-Low,Not Significant
"1859,3624",2024,34.08468441588044,0.32735231161710165,3,Low-Low,0.042,True,0.10840941030312987,False,Low-Low,Not Significant
"1859,3625",2024,35.51827498987871,-0.10953048194539435,4,High-Low,0.013,True,0.04960347928430723,True,High-Low,High-Low
"1859,3626",2024,33.94404522792181,0.3430883729899506,3,Low-Low,0.045,True,0.1128342901979174,False,Low-Low,Not Significant
"1859,3627",2024,35.852894315512,-0.1692123167221905,4,High-Low,0.047,True,0.11560313505508975,False,High-Low,Not Significant
"1859,3628",2024,34.277371789205695,0.09090081854528717,3,Low-Low,0.272,False,0.3601496876473159,False,Not Significant,Not Significant
"1859,3629",2024,35.017007938970025,0.02118314070580082,3,Low-Low,0.239,False,0.33293078335504683,False,Not Significant,Not Significant
"1859,3630",2024,35.52265879252995,-0.022695521780379906,4,High-Low,0.33,False,0.4040290339118136,False,Not Significant,Not Significant
"1859,3631",2024,35.279601037189195,-0.0010850713779158977,4,High-Low,0.472,False,0.48481648233945895,False,Not Significant,Not Significant
"1859,3632",2024,34.89342653060453,-0.04693911010268914,2,Low-High,0.16,False,0.25811764128944453,False,Not Significant,Not Significant
"1859,3633",2024,36.08815192547927,0.19819446169675015,1,High-High,0.075,False,0.15686368592815017,False,Not Significant,Not Significant
"1859,3634",2024,35.02106572671622,-0.044918331400791114,2,Low-High,0.066,False,0.145678067621091,False,Not Significant,Not Significant
"1859,3635",2024,34.507066009571346,-0.02306179419553705,2,Low-High,0.398,False,0.4468843419573812,False,Not Significant,Not Significant
"1859,3636",2024,33.77231723693335,0.331678112031908,3,Low-Low,0.068,False,0.148302194938271,False,Not Significant,Not Significant
"1859,3637",2024,33.43170676935055,0.6735440925397853,3,Low-Low,0.008,True,0.03750427528563091,True,Low-Low,Low-Low
"1859,3638",2024,33.14361877615545,0.9217858220402083,3,Low-Low,0.001,True,0.014246753923437716,True,Low-Low,Low-Low
"1859,3639",2024,32.33266737350896,1.0897476287349779,3,Low-Low,0.009,True,0.04005273661253177,True,Low-Low,Low-Low
"1859,3640",2024,33.623692744698005,0.5407225226706728,3,Low-Low,0.015,True,0.05430692947921482,False,Low-Low,Not Significant
"1859,3641",2024,33.9886312100477,0.2872045199121878,3,Low-Low,0.067,False,0.14758835708999252,False,Not Significant,Not Significant
"1859,3642",2024,34.953634746340256,0.013592426763564848,3,Low-Low,0.374,False,0.43119076628842856,False,Not Significant,Not Significant
"1859,3643",2024,37.50284215186121,0.1282272539533172,1,High-High,0.346,False,0.4141429182420451,False,Not Significant,Not Significant
"1859,3644",2024,36.58295120950908,0.2912925945726116,1,High-High,0.082,False,0.16813832240126958,False,Not Significant,Not Significant
"1859,3645",2024,36.20119975515927,0.17149568890565467,1,High-High,0.129,False,0.22733010850757002,False,Not Significant,Not Significant
"1859,3646",2024,36.32652660963852,0.10649115374342018,1,High-High,0.256,False,0.34777958308211054,False,Not Significant,Not Significant
"1859,3647",2024,34.86476334159238,-0.018407048262008407,2,Low-High,0.352,False,0.418638901388323,False,Not Significant,Not Significant
"1859,3648",2024,35.37794265014759,0.004541560073034837,1,High-High,0.413,False,0.4571755664981338,False,Not Significant,Not Significant
"1859,3649",2024,35.31897449954935,0.0076190565079999875,1,High-High,0.316,False,0.3939227454025637,False,Not Significant,Not Significant
"1859,3650",2024,36.74201996724862,0.28444889740072277,1,High-High,0.112,False,0.2056301318701341,False,Not Significant,Not Significant
"1859,3651",2024,37.92259471310696,0.6196677810142529,1,High-High,0.074,False,0.155811902199963,False,Not Significant,Not Significant
"1859,3652",2024,36.42492250062636,0.312422676994623,1,High-High,0.055,False,0.12837233972993303,False,Not Significant,Not Significant
"1859,3653",2024,35.45053823963299,-3.208531495046066e-06,4,High-Low,0.479,False,0.4894857963240863,False,Not Significant,Not Significant
"1859,3654",2024,33.07546557473174,0.9971536792337757,3,Low-Low,0.001,True,0.014246753923437716,True,Low-Low,Low-Low
"1859,3655",2024,29.08897835012161,5.412814150183897,3,Low-Low,0.001,True,0.014246753923437716,True,Low-Low,Low-Low
"1859,3656",2024,29.07033712905761,7.391143137857945,3,Low-Low,0.001,True,0.014246753923437716,True,Low-Low,Low-Low
"1860,3624",2024,32.400134847868856,1.1954783916832556,3,Low-Low,0.018,True,0.06103863724877329,False,Low-Low,Not Significant
"1860,3625",2024,32.461621429938525,1.2518236230547817,3,Low-Low,0.004,True,0.025586007046173857,True,Low-Low,Low-Low
"1860,3626",2024,31.74856857158853,1.4338029954456268,3,Low-Low,0.002,True,0.020221199117137403,True,Low-Low,Low-Low
"1860,3627",2024,32.36479451247228,0.8981649120831913,3,Low-Low,0.02,True,0.06510385611158097,False,Low-Low,Not Significant
"1860,3628",2024,34.86372749415694,0.06253078398803298,3,Low-Low,0.131,False,0.22938068155184424,False,Not Significant,Not Significant
"1860,3629",2024,34.35710490423027,0.021098509353898343,3,Low-Low,0.446,False,0.47180521766957806,False,Not Significant,Not Significant
"1860,3630",2024,34.2856940918531,-0.030841612898580836,2,Low-High,0.395,False,0.4444256530969571,False,Not Significant,Not Significant
"1860,3631",2024,35.15429253081652,-0.0015973708924598598,2,Low-High,0.41,False,0.45523278955143953,False,Not Significant,Not Significant
"1860,3632",2024,35.2959599883573,0.0020249333271014566,1,High-High,0.425,False,0.4645989168682203,False,Not Significant,Not Significant
"1860,3633",2024,34.70554998461722,-0.019675947823877753,2,Low-High,0.378,False,0.43375103590254005,False,Not Significant,Not Significant
"1860,3634",2024,34.42623462209987,0.0012513649482152646,3,Low-Low,0.485,False,0.49286245085012587,False,Not Significant,Not Significant
"1860,3635",2024,34.34879592028721,0.12890199627607687,3,Low-Low,0.166,False,0.26353399865275356,False,Not Significant,Not Significant
"1860,3636",2024,32.90967899104165,0.7241374215259855,3,Low-Low,0.021,True,0.06687082638436893,False,Low-Low,Not Significant
"1860,3637",2024,31.59617662841959,1.4387955123982095,3,Low-Low,0.005,True,0.02798469325204437,True,Low-Low,Low-Low
"1860,3638",2024,32.59370289867495,1.1294997397737945,3,Low-Low,0.002,True,0.020221199117137403,True,Low-Low,Low-Low
"1860,3639",2024,33.25255022936443,0.6262641334791771,3,Low-Low,0.02,True,0.06510385611158097,False,Low-Low,Not Significant
"1860,3640",2024,34.13801406273608,0.2157813366797591,3,Low-Low,0.103,False,0.19347773994995307,False,Not Significant,Not Significant
"1860,3641",2024,35.18226905308202,0.0015287447379764801,3,Low-Low,0.365,False,0.4257363215968179,False,Not Significant,Not Significant
"1860,3642",2024,36.00145686952788,0.049530314353734214,1,High-High,0.331,False,0.4048960379523128,False,Not Significant,Not Significant
"1860,3643",2024,36.26850613232661,0.14880863180982554,1,High-High,0.186,False,0.2833916733869248,False,Not Significant,Not Significant
"1860,3644",2024,36.89585725539565,0.27650203568038456,1,High-High,0.142,False,0.23818655214087314,False,Not Significant,Not Significant
"1860,3645",2024,38.159390548982245,0.4957701414062191,1,High-High,0.135,False,0.23267086549059948,False,Not Significant,Not Significant
"1860,3646",2024,37.12068928127336,0.3390281639266708,1,High-High,0.123,False,0.22011582989725748,False,Not Significant,Not Significant
"1860,3647",2024,36.51944081674414,0.13788205248994853,1,High-High,0.234,False,0.328048558623646,False,Not Significant,Not Significant
"1860,3648",2024,34.91810585510989,-0.0008552674774967266,2,Low-High,0.468,False,0.48228839290371633,False,Not Significant,Not Significant
"1860,3649",2024,34.787042004979725,0.04533983778057621,3,Low-Low,0.242,False,0.3362558563160247,False,Not Significant,Not Significant
"1860,3650",2024,33.44352503815307,0.0760557692292018,3,Low-Low,0.402,False,0.4495078768291386,False,Not Significant,Not Significant
"1860,3651",2024,35.5624895742596,-0.020869837663393728,4,High-Low,0.365,False,0.4257363215968179,False,Not Significant,Not Significant
"1860,3652",2024,36.50328398640542,-0.040747836238498536,4,High-Low,0.427,False,0.46539392432228466,False,Not Significant,Not Significant
"1860,3653",2024,36.5512148111001,-0.19003276422320278,4,High-Low,0.179,False,0.27656761355383297,False,Not Significant,Not Significant
"1860,3654",2024,35.17642465286488,0.015256168984592205,3,Low-Low,0.001,True,0.014246753923437716,True,Low-Low,Low-Low
"1860,3655",2024,30.589904780319365,3.559751797273448,3,Low-Low,0.001,True,0.014246753923437716,True,Low-Low,Low-Low
"1860,3656",2024,29.04022712605775,6.243898941449553,3,Low-Low,0.001,True,0.014246753923437716,True,Low-Low,Low-Low
"1861,3625",2024,31.3818668779348,2.442009037430586,3,Low-Low,0.002,True,0.020221199117137403,True,Low-Low,Low-Low
"1861,3626",2024,31.569181948880644,2.2744721925413156,3,Low-Low,0.001,True,0.014246753923437716,True,Low-Low,Low-Low
"1861,3627",2024,32.142048401094314,1.3067218860020533,3,Low-Low,0.005,True,0.02798469325204437,True,Low-Low,Low-Low
"1861,3628",2024,34.74660136324481,0.128698750489615,3,Low-Low,0.04,True,0.10472553465204193,False,Low-Low,Not Significant
"1861,3629",2024,35.729357288411975,-0.07081969288876984,4,High-Low,0.189,False,0.2861739063649609,False,Not Significant,Not Significant
"1861,3630",2024,36.24699259988314,-0.10336461563271633,4,High-Low,0.259,False,0.35012076852943014,False,Not Significant,Not Significant
"1861,3631",2024,35.690052755161744,-0.010699082104736862,4,High-Low,0.451,False,0.47503313057364266,False,Not Significant,Not Significant
"1861,3632",2024,35.6160548934913,0.005882694359793561,1,High-High,0.446,False,0.47180521766957806,False,Not Significant,Not Significant
"1861,3633",2024,35.168450445685,-0.001003411696807504,2,Low-High,0.422,False,0.4624715185427404,False,Not Significant,Not Significant
"1861,3634",2024,36.713018772122176,-0.19683270950177967,4,High-Low,0.2,False,0.2976933558606713,False,Not Significant,Not Significant
"1861,3635",2024,35.05640467510846,0.03653724989972807,3,Low-Low,0.063,False,0.14118692770493774,False,Not Significant,Not Significant
"1861,3636",2024,33.32143275688844,0.6516806429082608,3,Low-Low,0.011,True,0.04444567195069504,True,Low-Low,Low-Low
"1861,3637",2024,33.144340395833744,0.8111987908053742,3,Low-Low,0.006,True,0.03179710172566671,True,Low-Low,Low-Low
"1861,3638",2024,33.556446239655145,0.5681310916691111,3,Low-Low,0.012,True,0.047098390391506324,True,Low-Low,Low-Low
"1861,3639",2024,34.0813946268591,0.26918955545293544,3,Low-Low,0.063,False,0.14118692770493774,False,Not Significant,Not Significant
"1861,3640",2024,35.503716189099535,-0.049240606633347526,4,High-Low,0.141,False,0.23687136734609035,False,Not Significant,Not Significant
"1861,3641",2024,35.71415883812824,-0.031288152314405654,4,High-Low,0.36,False,0.4228265692641444,False,Not Significant,Not Significant
"1861,3642",2024,35.47904769567428,0.005866145719269504,1,High-High,0.426,False,0.4652284708350615,False,Not Significant,Not Significant
"1861,3643",2024,35.06229556535878,-0.015800521108769013,2,Low-High,0.233,False,0.32727400115220096,False,Not Significant,Not Significant
"1861,3644",2024,34.7655413311578,-0.07306462606949471,2,Low-High,0.144,False,0.2395269040179307,False,Not Significant,Not Significant
"1861,3645",2024,33.63176325228532,-0.40227011726512396,2,Low-High,0.055,False,0.12837233972993303,False,Not Significant,Not Significant
"1861,3646",2024,36.81341639423264,0.267188432421371,1,High-High,0.141,False,0.23687136734609035,False,Not Significant,Not Significant
"1861,3647",2024,36.19073803808856,0.07618398857191912,1,High-High,0.295,False,0.37783419219499714,False,Not Significant,Not Significant
"1861,3648",2024,34.23376021269672,0.018256341282242787,3,Low-Low,0.462,False,0.4802940893398673,False,Not Significant,Not Significant
"1861,3649",2024,34.49590199939915,0.14555444696113648,3,Low-Low,0.1,False,0.18995671278728551,False,Not Significant,Not Significant
"1861,3650",2024,32.87896236047084,0.6606039802439387,3,Low-Low,0.038,True,0.10254858218839101,False,Low-Low,Not Significant
"1861,3651",2024,32.25494531860516,1.1192339731761374,3,Low-Low,0.008,True,0.03750427528563091,True,Low-Low,Low-Low
"1861,3652",2024,33.15960968642856,0.9017544677467574,3,Low-Low,0.001,True,0.014246753923437716,True,Low-Low,Low-Low
"1861,3653",2024,33.0966757244121,0.88794485043534,3,Low-Low,0.003,True,0.02246416401779184,True,Low-Low,Low-Low
"1861,3654",2024,33.16843985645469,1.15099464295391,3,Low-Low,0.001,True,0.014246753923437716,True,Low-Low,Low-Low
"1861,3655",2024,32.0661751670881,2.4639661829753536,3,Low-Low,0.001,True,0.014246753923437716,True,Low-Low,Low-Low
"1861,3656",2024,30.413373013210308,4.730876886102698,3,Low-Low,0.001,True,0.014246753923437716,True,Low-Low,Low-Low
"1861,3657",2024,29.90993553253427,5.863051193734671,3,Low-Low,0.001,True,0.014246753923437716,True,Low-Low,Low-Low
"1862,3627",2024,32.56284842305663,1.1134086122743698,3,Low-Low,0.017,True,0.05873701106610261,False,Low-Low,Not Significant
"1862,3628",2024,33.817729438623935,0.3725601721596415,3,Low-Low,0.062,False,0.13980266986317158,False,Not Significant,Not Significant
"1862,3629",2024,34.792660281232635,0.09017251889033674,3,Low-Low,0.088,False,0.17536058033952703,False,Not Significant,Not Significant
"1862,3630",2024,33.162433631058214,0.2808977115542531,3,Low-Low,0.188,False,0.2852503360142187,False,Not Significant,Not Significant
"1862,3631",2024,34.549929296932284,0.018703965427119187,3,Low-Low,0.434,False,0.4681396106644483,False,Not Significant,Not Significant
"1862,3632",2024,36.47827404549375,0.004772023751427212,1,High-High,0.468,False,0.48228839290371633,False,Not Significant,Not Significant
"1862,3633",2024,35.202712135603555,-0.0004545639578099512,2,Low-High,0.305,False,0.3848016191447446,False,Not Significant,Not Significant
"1862,3634",2024,34.2160093963704,0.08657136505326084,3,Low-Low,0.291,False,0.3757822359218676,False,Not Significant,Not Significant
"1862,3635",2024,33.35607878162338,0.35069245425402906,3,Low-Low,0.118,False,0.21360726202085073,False,Not Significant,Not Significant
"1862,3636",2024,32.88142646483483,0.595364592215128,3,Low-Low,0.053,False,0.12490010593650676,False,Not Significant,Not Significant
"1862,3637",2024,34.68276497378602,0.16900459333906337,3,Low-Low,0.019,True,0.06306505092221021,False,Low-Low,Not Significant
"1862,3638",2024,34.54381117063976,0.18339809234791415,3,Low-Low,0.045,True,0.1128342901979174,False,Low-Low,Not Significant
"1862,3639",2024,34.13880306527053,0.22445374262124285,3,Low-Low,0.096,False,0.18573545134992617,False,Not Significant,Not Significant
"1862,3640",2024,34.47439823590513,0.13575177365180488,3,Low-Low,0.123,False,0.22011582989725748,False,Not Significant,Not Significant
"1862,3641",2024,34.06248696872766,0.13661365500775008,3,Low-Low,0.222,False,0.3183451021418852,False,Not Significant,Not Significant
"1862,3642",2024,34.37350114383285,0.030682673120832126,3,Low-Low,0.411,False,0.45588171349497486,False,Not Significant,Not Significant
"1862,3643",2024,35.868964852638875,-0.0017644506545775546,4,High-Low,0.493,False,0.4961660557657207,False,Not Significant,Not Significant
"1862,3644",2024,36.29195896126971,0.0610397147931174,1,High-High,0.341,False,0.41107361516454716,False,Not Significant,Not Significant
"1862,3645",2024,36.02946737676707,0.031212085177949156,1,High-High,0.381,False,0.4349188484274758,False,Not Significant,Not Significant
"1862,3646",2024,35.71351205793616,0.0004911989573505828,1,High-High,0.482,False,0.49117881344796555,False,Not Significant,Not Significant
"1862,3647",2024,34.91332772468729,0.034265683166954365,3,Low-Low,0.225,False,0.32117761022949964,False,Not Significant,Not Significant
"1862,3648",2024,34.51811401736705,0.1500405297608073,3,Low-Low,0.087,False,0.17384152505241457,False,Not Significant,Not Significant
"1862,3649",2024,34.58662042690588,0.2206862327766507,3,Low-Low,0.012,True,0.047098390391506324,True,Low-Low,Low-Low
"1862,3650",2024,34.20832268671745,0.5296463972406069,3,Low-Low,0.001,True,0.014246753923437716,True,Low-Low,Low-Low
"1862,3651",2024,31.085801066095108,2.595431872406802,3,Low-Low,0.001,True,0.014246753923437716,True,Low-Low,Low-Low
"1862,3652",2024,29.799511268590752,3.976898390703342,3,Low-Low,0.001,True,0.014246753923437716,True,Low-Low,Low-Low
"1862,3653",2024,29.36247557301343,3.665763693292874,3,Low-Low,0.002,True,0.020221199117137403,True,Low-Low,Low-Low
"1862,3654",2024,31.274857026392784,2.724970085875972,3,Low-Low,0.002,True,0.020221199117137403,True,Low-Low,Low-Low
"1862,3655",2024,31.177640449167846,3.153124253869606,3,Low-Low,0.001,True,0.014246753923437716,True,Low-Low,Low-Low
"1862,3656",2024,29.729424584366832,5.032523289906394,3,Low-Low,0.001,True,0.014246753923437716,True,Low-Low,Low-Low
"1862,3657",2024,29.70657399266393,5.760520323350413,3,Low-Low,0.001,True,0.014246753923437716,True,Low-Low,Low-Low
"1863,3628",2024,33.33688273699784,0.6597608033741096,3,Low-Low,0.029,True,0.08360840758105616,False,Low-Low,Not Significant
"1863,3629",2024,33.857239746601124,0.5522348399367597,3,Low-Low,0.004,True,0.025586007046173857,True,Low-Low,Low-Low
"1863,3630",2024,32.18250097602372,1.1265320019356582,3,Low-Low,0.009,True,0.04005273661253177,True,Low-Low,Low-Low
"1863,3631",2024,33.17826803636882,0.4573186374321495,3,Low-Low,0.077,False,0.16028273157930917,False,Not Significant,Not Significant
"1863,3632",2024,37.9915099357143,-0.6135506601351985,4,High-Low,0.085,False,0.17156393924709187,False,Not Significant,Not Significant
"1863,3633",2024,34.424091635884885,0.08065152325098335,3,Low-Low,0.252,False,0.34512360105651446,False,Not Significant,Not Significant
"1863,3634",2024,33.936762715669225,0.34538280593072307,3,Low-Low,0.043,True,0.110212620565337,False,Low-Low,Not Significant
"1863,3635",2024,34.355801986729205,0.2952766106718626,3,Low-Low,0.011,True,0.04444567195069504,True,Low-Low,Low-Low
"1863,3636",2024,33.682811786621656,0.42685826235377045,3,Low-Low,0.041,True,0.10658057166431187,False,Low-Low,Not Significant
"1863,3637",2024,33.925030808899585,0.30570192775987853,3,Low-Low,0.065,False,0.14390514103844235,False,Not Significant,Not Significant
"1863,3638",2024,33.875904129017016,0.2890817187570784,3,Low-Low,0.087,False,0.17384152505241457,False,Not Significant,Not Significant
"1863,3639",2024,33.329604417503525,0.4675820964867907,3,Low-Low,0.058,False,0.1338086186523317,False,Not Significant,Not Significant
"1863,3640",2024,33.98643758035759,0.4286690214019939,3,Low-Low,0.012,True,0.047098390391506324,True,Low-Low,Low-Low
"1863,3641",2024,33.524266236196574,0.5183214604910337,3,Low-Low,0.025,True,0.0749316951056403,False,Low-Low,Not Significant
"1863,3642",2024,33.889392685096105,0.05283480452022445,3,Low-Low,0.409,False,0.45435241539267046,False,Not Significant,Not Significant
"1863,3643",2024,36.61444445414847,0.12922645286860968,1,High-High,0.26,False,0.3508240953729308,False,Not Significant,Not Significant
"1863,3644",2024,35.08968191356151,-0.03894886581917277,2,Low-High,0.023,True,0.07167897741204467,False,Low-High,Not Significant
"1863,3645",2024,36.845724033781806,0.06649159500074488,1,High-High,0.376,False,0.4321340868271977,False,Not Significant,Not Significant
"1863,3646",2024,34.02944497766519,0.09156355231690742,3,Low-Low,0.312,False,0.3904894547195892,False,Not Significant,Not Significant
"1863,3647",2024,33.256664381681645,0.7557629390732894,3,Low-Low,0.005,True,0.02798469325204437,True,Low-Low,Low-Low
"1863,3648",2024,32.31868401877029,1.3071722643200128,3,Low-Low,0.003,True,0.02246416401779184,True,Low-Low,Low-Low
"1863,3649",2024,33.06082501599704,1.2081583470739545,3,Low-Low,0.001,True,0.014246753923437716,True,Low-Low,Low-Low
"1863,3650",2024,31.890599170864444,2.0485340118053146,3,Low-Low,0.001,True,0.014246753923437716,True,Low-Low,Low-Low
"1863,3651",2024,30.420969810520035,3.617299784520899,3,Low-Low,0.001,True,0.014246753923437716,True,Low-Low,Low-Low
"1864,3628",2024,32.94271998413311,0.8122669582563454,3,Low-Low,0.028,True,0.0812592617674637,False,Low-Low,Not Significant
"1864,3629",2024,32.795363146735475,1.0815011467496478,3,Low-Low,0.003,True,0.02246416401779184,True,Low-Low,Low-Low
"1864,3630",2024,32.4349367636835,1.4572254576617838,3,Low-Low,0.001,True,0.014246753923437716,True,Low-Low,Low-Low
"1864,3631",2024,32.13479349043428,1.387193358072887,3,Low-Low,0.003,True,0.02246416401779184,True,Low-Low,Low-Low
"1864,3632",2024,33.8037573822422,0.5442876146733812,3,Low-Low,0.005,True,0.02798469325204437,True,Low-Low,Low-Low
"1864,3633",2024,33.15268710317218,0.5469979763046929,3,Low-Low,0.045,True,0.1128342901979174,False,Low-Low,Not Significant
"1864,3634",2024,32.81390992339215,0.7339491334925469,3,Low-Low,0.025,True,0.0749316951056403,False,Low-Low,Not Significant
"1864,3635",2024,33.38094357657369,0.5675437731192525,3,Low-Low,0.025,True,0.0749316951056403,False,Low-Low,Not Significant
"1864,3636",2024,33.674586369434785,0.44554911699648087,3,Low-Low,0.036,True,0.09935093911938697,False,Low-Low,Not Significant
"1864,3637",2024,34.31982272308227,0.23690190147929888,3,Low-Low,0.045,True,0.1128342901979174,False,Low-Low,Not Significant
"1864,3638",2024,34.56553164947175,0.1824997527545697,3,Low-Low,0.038,True,0.10254858218839101,False,Low-Low,Not Significant
"1864,3639",2024,33.5639559971196,0.5222510479489922,3,Low-Low,0.023,True,0.07167897741204467,False,Low-Low,Not Significant
"1864,3640",2024,32.65326282952874,1.118810020699405,3,Low-Low,0.003,True,0.02246416401779184,True,Low-Low,Low-Low
"1864,3641",2024,32.015317913358594,1.2505583621611644,3,Low-Low,0.005,True,0.02798469325204437,True,Low-Low,Low-Low
"1864,3642",2024,34.01212921493487,0.20338379332455864,3,Low-Low,0.137,False,0.23409500620632528,False,Not Significant,Not Significant
"1864,3643",2024,39.61246387170244,-0.2653506460118567,4,High-Low,0.364,False,0.4257363215968179,False,Not Significant,Not Significant
"1864,3644",2024,36.18138737966748,0.1641355815255423,1,High-High,0.138,False,0.2348890554035607,False,Not Significant,Not Significant
"1864,3645",2024,37.17813734343533,-0.3039793433526285,4,High-Low,0.16,False,0.25811764128944453,False,Not Significant,Not Significant
"1864,3646",2024,32.769928705249136,0.5796303376855465,3,Low-Low,0.084,False,0.17001475785546197,False,Not Significant,Not Significant
"1864,3647",2024,31.88569685771384,1.9121679081569927,3,Low-Low,0.002,True,0.020221199117137403,True,Low-Low,Low-Low
"1864,3648",2024,30.16642191696252,2.883949244090998,3,Low-Low,0.002,True,0.020221199117137403,True,Low-Low,Low-Low
"1864,3649",2024,31.34285724621511,2.850296934466201,3,Low-Low,0.001,True,0.014246753923437716,True,Low-Low,Low-Low
"1864,3650",2024,30.32907827167913,3.4740115752016463,3,Low-Low,0.002,True,0.020221199117137403,True,Low-Low,Low-Low
"1865,3626",2024,33.28654154198306,0.9420502117761685,3,Low-Low,0.016,True,0.05689465424205921,False,Low-Low,Not Significant
"1865,3627",2024,33.264204748932805,0.8917977313788955,3,Low-Low,0.005,True,0.02798469325204437,True,Low-Low,Low-Low
"1865,3628",2024,33.663080243229366,0.6347309079296682,3,Low-Low,0.006,True,0.03179710172566671,True,Low-Low,Low-Low
"1865,3629",2024,33.67328316384946,0.717778749343685,3,Low-Low,0.003,True,0.02246416401779184,True,Low-Low,Low-Low
"1865,3630",2024,31.8056880153989,1.7610172835619045,3,Low-Low,0.001,True,0.014246753923437716,True,Low-Low,Low-Low
"1865,3631",2024,31.205676198701244,2.5152682646057296,3,Low-Low,0.001,True,0.014246753923437716,True,Low-Low,Low-Low
"1865,3632",2024,31.16877934844003,2.4327604542693724,3,Low-Low,0.001,True,0.014246753923437716,True,Low-Low,Low-Low
"1865,3633",2024,33.050593122541585,1.1322528482749699,3,Low-Low,0.001,True,0.014246753923437716,True,Low-Low,Low-Low
"1865,3634",2024,33.92976485327534,0.5618235530927012,3,Low-Low,0.003,True,0.02246416401779184,True,Low-Low,Low-Low
"1865,3635",2024,33.284650122544605,0.6369194367188473,3,Low-Low,0.014,True,0.05214940738217535,False,Low-Low,Not Significant
"1865,3636",2024,33.677361902125874,0.45462654485800275,3,Low-Low,0.03,True,0.08603921376314817,False,Low-Low,Not Significant
"1865,3637",2024,33.526278659761644,0.3572059537440332,3,Low-Low,0.091,False,0.17906187977224186,False,Not Significant,Not Significant
"1865,3638",2024,34.17497357523504,0.23010432044804163,3,Low-Low,0.083,False,0.16892578206776687,False,Not Significant,Not Significant
"1865,3639",2024,33.7048938635651,0.4369367494981388,3,Low-Low,0.036,True,0.09935093911938697,False,Low-Low,Not Significant
"1865,3640",2024,32.78708535642564,1.1830022720009616,3,Low-Low,0.001,True,0.014246753923437716,True,Low-Low,Low-Low
"1865,3641",2024,31.393991055725344,1.6893242368097545,3,Low-Low,0.003,True,0.02246416401779184,True,Low-Low,Low-Low
"1865,3642",2024,33.8914452776043,0.37023633141447976,3,Low-Low,0.041,True,0.10658057166431187,False,Low-Low,Not Significant
"1865,3643",2024,33.9893609898094,-0.07365674106212704,2,Low-High,0.326,False,0.4011463886623094,False,Not Significant,Not Significant
"1865,3644",2024,35.61356319101695,0.018449423855472793,1,High-High,0.358,False,0.42115389945999226,False,Not Significant,Not Significant
"1865,3645",2024,33.42471676319059,0.1983300416534292,3,Low-Low,0.244,False,0.3375384653313614,False,Not Significant,Not Significant
"1865,3646",2024,31.59350380685945,1.1937128241299173,3,Low-Low,0.048,True,0.11688346383508116,False,Low-Low,Not Significant
"1866,3622",2024,32.04719209114208,1.5180031285694005,3,Low-Low,0.03,True,0.08603921376314817,False,Low-Low,Not Significant
"1866,3623",2024,31.91407569073652,1.7008038702955488,3,Low-Low,0.005,True,0.02798469325204437,True,Low-Low,Low-Low
"1866,3624",2024,31.85648639893785,1.6558967105423426,3,Low-Low,0.007,True,0.034204900833074925,True,Low-Low,Low-Low
"1866,3625",2024,32.353456772433915,1.4082177637455042,3,Low-Low,0.003,True,0.02246416401779184,True,Low-Low,Low-Low
"1866,3626",2024,32.834841558271975,1.1031261512001507,3,Low-Low,0.004,True,0.025586007046173857,True,Low-Low,Low-Low
"1866,3627",2024,32.66367617409242,1.1434198875211654,3,Low-Low,0.003,True,0.02246416401779184,True,Low-Low,Low-Low
"1866,3628",2024,32.219665548246574,1.0094701138107265,3,Low-Low,0.014,True,0.05214940738217535,False,Low-Low,Not Significant
"1866,3629",2024,34.65185877600192,0.24624658112317677,3,Low-Low,0.003,True,0.02246416401779184,True,Low-Low,Low-Low
"1866,3630",2024,32.616915227455486,1.2957834964143287,3,Low-Low,0.001,True,0.014246753923437716,True,Low-Low,Low-Low
"1866,3631",2024,31.631865851683106,2.4714054508338577,3,Low-Low,0.001,True,0.014246753923437716,True,Low-Low,Low-Low
"1866,3632",2024,31.15037375779758,2.708016303357277,3,Low-Low,0.001,True,0.014246753923437716,True,Low-Low,Low-Low
"1866,3633",2024,31.655123133812115,1.7824696300587892,3,Low-Low,0.001,True,0.014246753923437716,True,Low-Low,Low-Low
"1866,3634",2024,33.187180928743764,0.7169231543408239,3,Low-Low,0.01,True,0.04276803023314383,True,Low-Low,Low-Low
"1866,3635",2024,33.723949240983856,0.4104618711310105,3,Low-Low,0.041,True,0.10658057166431187,False,Low-Low,Not Significant
"1866,3636",2024,34.15406965138806,0.33947910165694006,3,Low-Low,0.018,True,0.06103863724877329,False,Low-Low,Not Significant
"1866,3637",2024,33.83241372151316,0.41132904177884605,3,Low-Low,0.029,True,0.08360840758105616,False,Low-Low,Not Significant
"1866,3638",2024,34.8519198017372,0.1068520356517705,3,Low-Low,0.028,True,0.0812592617674637,False,Low-Low,Not Significant
"1866,3639",2024,34.4790637159185,0.24721318725242514,3,Low-Low,0.014,True,0.05214940738217535,False,Low-Low,Not Significant
"1866,3640",2024,33.07194743865866,1.0316524020970022,3,Low-Low,0.001,True,0.014246753923437716,True,Low-Low,Low-Low
"1866,3641",2024,31.412079562931343,1.7584260518234225,3,Low-Low,0.003,True,0.02246416401779184,True,Low-Low,Low-Low
"1866,3642",2024,34.26213192305843,0.4104981145971327,3,Low-Low,0.003,True,0.02246416401779184,True,Low-Low,Low-Low
"1866,3643",2024,33.82686312935901,0.09533833599121105,3,Low-Low,0.338,False,0.410161503846139,False,Not Significant,Not Significant
"1866,3644",2024,36.66774662832116,-0.269110398787579,4,High-Low,0.127,False,0.2254352822755147,False,Not Significant,Not Significant
"1866,3645",2024,32.600309083661536,0.3095166323793927,3,Low-Low,0.253,False,0.3454150470725928,False,Not Significant,Not Significant
"1867,3622",2024,32.944138188463675,1.2092079936695663,3,Low-Low,0.004,True,0.025586007046173857,True,Low-Low,Low-Low
"1867,3623",2024,33.626474363971724,0.8028198665231197,3,Low-Low,0.001,True,0.014246753923437716,True,Low-Low,Low-Low
"1867,3624",2024,32.77221154958445,1.021589292748882,3,Low-Low,0.005,True,0.02798469325204437,True,Low-Low,Low-Low
"1867,3625",2024,33.1322547894437,0.9381920372586444,3,Low-Low,0.003,True,0.02246416401779184,True,Low-Low,Low-Low
"1867,3626",2024,32.69887125839644,1.1797215110585786,3,Low-Low,0.003,True,0.02246416401779184,True,Low-Low,Low-Low
"1867,3627",2024,32.93547980777354,1.1594470981872567,3,Low-Low,0.001,True,0.014246753923437716,True,Low-Low,Low-Low
"1867,3628",2024,32.94825710774333,0.8706384643453847,3,Low-Low,0.006,True,0.03179710172566671,True,Low-Low,Low-Low
"1867,3629",2024,34.47569780004057,0.30093345020401335,3,Low-Low,0.005,True,0.02798469325204437,True,Low-Low,Low-Low
"1867,3630",2024,32.73538976964389,1.0060447853921899,3,Low-Low,0.005,True,0.02798469325204437,True,Low-Low,Low-Low
"1867,3631",2024,31.661120357437987,1.9154799376237048,3,Low-Low,0.001,True,0.014246753923437716,True,Low-Low,Low-Low
"1867,3632",2024,31.91998849187971,1.8403959855671173,3,Low-Low,0.001,True,0.014246753923437716,True,Low-Low,Low-Low
"1867,3633",2024,32.909594474548705,0.995426893055154,3,Low-Low,0.003,True,0.02246416401779184,True,Low-Low,Low-Low
"1867,3634",2024,34.45861999107297,0.23691641828653054,3,Low-Low,0.021,True,0.06687082638436893,False,Low-Low,Not Significant
"1867,3635",2024,34.59268748303798,0.16337589485694984,3,Low-Low,0.045,True,0.1128342901979174,False,Low-Low,Not Significant
"1867,3636",2024,33.42276572394012,0.5505935403379489,3,Low-Low,0.024,True,0.07374789980070598,False,Low-Low,Not Significant
"1867,3637",2024,32.84565036494173,0.7656870096596905,3,Low-Low,0.017,True,0.05873701106610261,False,Low-Low,Not Significant
"1867,3638",2024,33.16514041709604,0.5491111329964915,3,Low-Low,0.044,True,0.11134486675537444,False,Low-Low,Not Significant
"1867,3639",2024,34.07227181061259,0.31593384968611066,3,Low-Low,0.04,True,0.10472553465204193,False,Low-Low,Not Significant
"1867,3640",2024,32.40801041633121,0.9076904496544862,3,Low-Low,0.018,True,0.06103863724877329,False,Low-Low,Not Significant
"1867,3641",2024,32.263705389787035,1.0123168806393223,3,Low-Low,0.011,True,0.04444567195069504,True,Low-Low,Low-Low
"1867,3642",2024,33.221413682390065,0.6014687305148151,3,Low-Low,0.027,True,0.07940750876216882,False,Low-Low,Not Significant
"1867,3643",2024,34.47445317707961,0.060713223603586164,3,Low-Low,0.303,False,0.3840450645870449,False,Not Significant,Not Significant
"1867,3644",2024,36.81536285183792,-0.2752773984305762,4,High-Low,0.141,False,0.23687136734609035,False,Not Significant,Not Significant
"1867,3645",2024,33.608912633079186,0.04366052247418385,3,Low-Low,0.437,False,0.46975894861511014,False,Not Significant,Not Significant
"1868,3622",2024,31.76617107628764,1.5840652785067655,3,Low-Low,0.011,True,0.04444567195069504,True,Low-Low,Low-Low
"1868,3623",2024,33.453463633908505,0.764741524095127,3,Low-Low,0.003,True,0.02246416401779184,True,Low-Low,Low-Low
"1868,3624",2024,34.79312055899337,0.1476213426097483,3,Low-Low,0.009,True,0.04005273661253177,True,Low-Low,Low-Low
"1868,3625",2024,33.91124129208921,0.44766447275813925,3,Low-Low,0.011,True,0.04444567195069504,True,Low-Low,Low-Low
"1868,3626",2024,32.53005121863366,0.9580094993576683,3,Low-Low,0.008,True,0.03750427528563091,True,Low-Low,Low-Low
"1868,3627",2024,32.666348539348526,1.023663333767029,3,Low-Low,0.005,True,0.02798469325204437,True,Low-Low,Low-Low
"1868,3628",2024,32.87903078243539,0.829138494660927,3,Low-Low,0.009,True,0.04005273661253177,True,Low-Low,Low-Low
"1868,3629",2024,33.90254240085736,0.463453926066177,3,Low-Low,0.009,True,0.04005273661253177,True,Low-Low,Low-Low
"1868,3630",2024,33.43803728180965,0.6029702788256631,3,Low-Low,0.012,True,0.047098390391506324,True,Low-Low,Low-Low
"1868,3631",2024,33.159404097371194,0.7981413219758681,3,Low-Low,0.006,True,0.03179710172566671,True,Low-Low,Low-Low
"1868,3632",2024,33.602034013983626,0.6334437469660703,3,Low-Low,0.005,True,0.02798469325204437,True,Low-Low,Low-Low
"1868,3633",2024,33.704377599773565,0.487153619779342,3,Low-Low,0.018,True,0.06103863724877329,False,Low-Low,Not Significant
"1868,3634",2024,34.820564049878435,0.10868194007094957,3,Low-Low,0.04,True,0.10472553465204193,False,Low-Low,Not Significant
"1868,3635",2024,34.55318673681969,0.20545495315114845,3,Low-Low,0.022,True,0.06915186208947682,False,Low-Low,Not Significant
"1868,3636",2024,32.83533378885492,0.8397170540738088,3,Low-Low,0.01,True,0.04276803023314383,True,Low-Low,Low-Low
"1868,3637",2024,32.90643862946593,0.8939831522828198,3,Low-Low,0.006,True,0.03179710172566671,True,Low-Low,Low-Low
"1868,3638",2024,33.65120138357571,0.5073890011594194,3,Low-Low,0.017,True,0.05873701106610261,False,Low-Low,Not Significant
"1868,3639",2024,34.37489517051171,0.24969499669570486,3,Low-Low,0.027,True,0.07940750876216882,False,Low-Low,Not Significant
"1868,3640",2024,34.6439356331582,0.15689943897943284,3,Low-Low,0.04,True,0.10472553465204193,False,Low-Low,Not Significant
"1868,3641",2024,34.49834488293867,0.18830233871253535,3,Low-Low,0.045,True,0.1128342901979174,False,Low-Low,Not Significant
"1868,3642",2024,34.519019194588765,-0.06536308854418936,2,Low-High,0.25,False,0.3434564809016907,False,Not Significant,Not Significant
"1868,3643",2024,34.41048441059283,-0.4657050483714239,2,Low-High,0.002,True,0.020221199117137403,True,Low-High,Low-High
"1868,3644",2024,34.669936603286736,-0.28916801078069826,2,Low-High,0.003,True,0.02246416401779184,True,Low-High,Low-High
"1868,3645",2024,34.6150542997711,-0.2821860606596846,2,Low-High,0.009,True,0.04005273661253177,True,Low-High,Low-High
"1869,3622",2024,31.848744095082,1.6351766563833314,3,Low-Low,0.019,True,0.06306505092221021,False,Low-Low,Not Significant
"1869,3623",2024,32.76422029817218,0.9570575583681153,3,Low-Low,0.006,True,0.03179710172566671,True,Low-Low,Low-Low
"1869,3624",2024,33.875619221540035,0.40077402186858174,3,Low-Low,0.027,True,0.07940750876216882,False,Low-Low,Not Significant
"1869,3625",2024,34.054611346015434,0.31010217237566506,3,Low-Low,0.044,True,0.11134486675537444,False,Low-Low,Not Significant
"1869,3626",2024,34.13067587611402,0.34050522529956195,3,Low-Low,0.022,True,0.06915186208947682,False,Low-Low,Not Significant
"1869,3627",2024,33.95597366695133,0.4343693574715367,3,Low-Low,0.013,True,0.04960347928430723,True,Low-Low,Low-Low
"1869,3628",2024,33.62232146571622,0.5260751989110461,3,Low-Low,0.015,True,0.05430692947921482,False,Low-Low,Not Significant
"1869,3629",2024,33.048187044111046,0.608740640498756,3,Low-Low,0.039,True,0.10334058184230673,False,Low-Low,Not Significant
"1869,3630",2024,34.452163077457065,0.19203369784040772,3,Low-Low,0.051,False,0.12162391076917234,False,Not Significant,Not Significant
"1869,3631",2024,34.730505117036664,0.1149962762871076,3,Low-Low,0.07,False,0.15101278333713172,False,Not Significant,Not Significant
"1869,3632",2024,33.684379030643456,0.2849351609389326,3,Low-Low,0.121,False,0.21760163816516517,False,Not Significant,Not Significant
"1869,3633",2024,34.26491290801879,0.22285139393336056,3,Low-Low,0.072,False,0.15351602837689532,False,Not Significant,Not Significant
"1869,3634",2024,33.16758882989741,0.5072307578007472,3,Low-Low,0.06,False,0.13655601354524555,False,Not Significant,Not Significant
"1869,3635",2024,32.92113436217384,0.8190088758522017,3,Low-Low,0.008,True,0.03750427528563091,True,Low-Low,Low-Low
"1869,3636",2024,33.024976936009544,0.9467821177377798,3,Low-Low,0.003,True,0.02246416401779184,True,Low-Low,Low-Low
"1869,3637",2024,33.37105423045755,0.8301905448330335,3,Low-Low,0.003,True,0.02246416401779184,True,Low-Low,Low-Low
"1869,3638",2024,33.95344248407391,0.49574785113203745,3,Low-Low,0.005,True,0.02798469325204437,True,Low-Low,Low-Low
"1869,3639",2024,34.06192409452939,0.35176705315495266,3,Low-Low,0.024,True,0.07374789980070598,False,Low-Low,Not Significant
"1869,3640",2024,33.84023515288376,0.29163601696603,3,Low-Low,0.093,False,0.18218036146302308,False,Not Significant,Not Significant
"1869,3641",2024,35.13719085626353,0.013828756603526596,3,Low-Low,0.115,False,0.20973400214217844,False,Not Significant,Not Significant
"1869,3642",2024,35.12678525164613,-0.011289239286462874,2,Low-High,0.191,False,0.28860468265520967,False,Not Significant,Not Significant
"1869,3643",2024,46.29765033060873,2.6884907647973133,1,High-High,0.063,False,0.14118692770493774,False,Not Significant,Not Significant
"1869,3644",2024,49.68392922402387,0.2044439670937862,1,High-High,0.437,False,0.46975894861511014,False,Not Significant,Not Significant
"1869,3645",2024,33.04675206195814,-0.6703963507351396,2,Low-High,0.058,False,0.1338086186523317,False,Not Significant,Not Significant
"1870,3623",2024,33.19980571687154,0.8018582097700334,3,Low-Low,0.007,True,0.034204900833074925,True,Low-Low,Low-Low
"1870,3624",2024,33.93738817897628,0.3922399812853161,3,Low-Low,0.025,True,0.0749316951056403,False,Low-Low,Not Significant
"1870,3625",2024,33.63424214165992,0.37875408514084524,3,Low-Low,0.068,False,0.148302194938271,False,Not Significant,Not Significant
"1870,3626",2024,34.20286245069188,0.2514147438333302,3,Low-Low,0.057,False,0.1320570222443361,False,Not Significant,Not Significant
"1870,3627",2024,34.18963507874325,0.24651675030627992,3,Low-Low,0.067,False,0.14758835708999252,False,Not Significant,Not Significant
"1870,3628",2024,33.69887988081547,0.36095666969512236,3,Low-Low,0.068,False,0.148302194938271,False,Not Significant,Not Significant
"1870,3629",2024,34.178205650864435,0.22967196020002215,3,Low-Low,0.081,False,0.1665548271069263,False,Not Significant,Not Significant
"1870,3630",2024,34.32479576182435,0.1519437931093059,3,Low-Low,0.14,False,0.23627692408286607,False,Not Significant,Not Significant
"1870,3631",2024,34.824454654294726,0.060328455707667296,3,Low-Low,0.16,False,0.25811764128944453,False,Not Significant,Not Significant
"1870,3632",2024,34.65249465986137,0.1115065377441717,3,Low-Low,0.103,False,0.19347773994995307,False,Not Significant,Not Significant
"1870,3633",2024,35.31971309710189,-0.03808293141611991,4,High-Low,0.014,True,0.05214940738217535,False,High-Low,Not Significant
"1870,3634",2024,33.35647907584169,0.6677539849247187,3,Low-Low,0.008,True,0.03750427528563091,True,Low-Low,Low-Low
"1870,3635",2024,32.87456314321337,1.031827525341885,3,Low-Low,0.004,True,0.025586007046173857,True,Low-Low,Low-Low
"1870,3636",2024,32.8379603205508,0.9793987826092935,3,Low-Low,0.006,True,0.03179710172566671,True,Low-Low,Low-Low
"1870,3637",2024,32.174882800667625,0.9414774030245879,3,Low-Low,0.024,True,0.07374789980070598,False,Low-Low,Not Significant
"1870,3638",2024,32.36865104451455,0.2513395035231376,3,Low-Low,0.284,False,0.369570593357369,False,Not Significant,Not Significant
"1870,3639",2024,33.09915889422486,-0.02064200813790183,2,Low-High,0.456,False,0.47823326984851355,False,Not Significant,Not Significant
"1870,3640",2024,33.57479274232478,-0.011852641040501263,2,Low-High,0.464,False,0.48042282713871626,False,Not Significant,Not Significant
"1870,3641",2024,33.829230399874014,0.14779184906725074,3,Low-Low,0.232,False,0.3267060239752695,False,Not Significant,Not Significant
"1870,3642",2024,33.99895873413852,-0.20246498721099412,2,Low-High,0.151,False,0.2483463154650521,False,Not Significant,Not Significant
"1870,3643",2024,34.428991717882695,-0.37977788490331554,2,Low-High,0.006,True,0.03179710172566671,True,Low-High,Low-High
"1870,3644",2024,34.452083792299646,-0.3209231153787753,2,Low-High,0.01,True,0.04276803023314383,True,Low-High,Low-High
"1870,3645",2024,30.31127550891452,-2.190220977878419,2,Low-High,0.032,True,0.09082536007076464,False,Low-High,Not Significant
"1871,3622",2024,31.96018850237888,0.8588604406719129,3,Low-Low,0.111,False,0.20430704961287094,False,Not Significant,Not Significant
"1871,3623",2024,33.31079788555632,0.36165282560761725,3,Low-Low,0.125,False,0.2227863525588952,False,Not Significant,Not Significant
"1871,3624",2024,34.91268054244804,0.05152374332683766,3,Low-Low,0.139,False,0.23567696820823633,False,Not Significant,Not Significant
"1871,3625",2024,33.6831461305724,0.18820383933012422,3,Low-Low,0.205,False,0.30165660367325436,False,Not Significant,Not Significant
"1871,3626",2024,33.33350950468411,0.28820654527936995,3,Low-Low,0.166,False,0.26353399865275356,False,Not Significant,Not Significant
"1871,3627",2024,34.77713633126362,0.0729344270742718,3,Low-Low,0.146,False,0.24193655233548847,False,Not Significant,Not Significant
"1871,3628",2024,34.356820248457964,0.12395966462285919,3,Low-Low,0.174,False,0.2715191956010686,False,Not Significant,Not Significant
"1871,3629",2024,34.06134537607196,0.16222677860890683,3,Low-Low,0.179,False,0.27656761355383297,False,Not Significant,Not Significant
"1871,3630",2024,35.26832620320298,-0.011533353570982795,4,High-Low,0.108,False,0.19995949885764705,False,Not Significant,Not Significant
"1871,3631",2024,34.29159375964943,0.17540225745259114,3,Low-Low,0.11,False,0.20314814704736878,False,Not Significant,Not Significant
"1871,3632",2024,34.043906719239715,0.3070598982361724,3,Low-Low,0.045,True,0.1128342901979174,False,Low-Low,Not Significant
"1871,3633",2024,32.56358124653503,0.9007001827447046,3,Low-Low,0.017,True,0.05873701106610261,False,Low-Low,Not Significant
"1871,3634",2024,32.29397369437604,0.9527434500016991,3,Low-Low,0.017,True,0.05873701106610261,False,Low-Low,Not Significant
"1871,3635",2024,33.966888632254545,0.4959802479848343,3,Low-Low,0.007,True,0.034204900833074925,True,Low-Low,Low-Low
"1871,3636",2024,32.5683948297572,0.6174561639585041,3,Low-Low,0.072,False,0.15351602837689532,False,Not Significant,Not Significant
"1871,3637",2024,34.38339343519916,0.07338780238487749,3,Low-Low,0.28,False,0.36697730144292223,False,Not Significant,Not Significant
"1871,3638",2024,36.85438583704833,0.3923738243778755,1,High-High,0.064,False,0.14298982349226286,False,Not Significant,Not Significant
"1871,3639",2024,40.26327182175893,1.4027523343364043,1,High-High,0.041,True,0.10658057166431187,False,High-High,Not Significant
"1871,3640",2024,37.143344951929606,0.5243931817609079,1,High-High,0.045,True,0.1128342901979174,False,High-High,Not Significant
"1871,3641",2024,34.585292257216985,-0.07676325750362445,2,Low-High,0.207,False,0.3025702897863814,False,Not Significant,Not Significant
"1871,3642",2024,34.01605445104843,-0.002612055117492366,2,Low-High,0.478,False,0.48914737293302124,False,Not Significant,Not Significant
"1871,3643",2024,34.888471639558986,0.07383991977889656,3,Low-Low,0.073,False,0.15429864898467568,False,Not Significant,Not Significant
"1871,3644",2024,32.52336201745953,1.1440905189037072,3,Low-Low,0.011,True,0.04444567195069504,True,Low-Low,Low-Low
"1872,3622",2024,34.32147313693652,0.12691528041797417,3,Low-Low,0.213,False,0.30846336564608534,False,Not Significant,Not Significant
"1872,3623",2024,34.76019916380741,0.011827896693132958,3,Low-Low,0.43,False,0.46720058668272296,False,Not Significant,Not Significant
"1872,3624",2024,36.75776489719056,0.054093231959864096,1,High-High,0.389,False,0.44015781168718815,False,Not Significant,Not Significant
"1872,3625",2024,35.490493588715914,0.009298417295488644,1,High-High,0.394,False,0.44375563983554955,False,Not Significant,Not Significant
"1872,3626",2024,34.509865558644385,0.03660858511483295,3,Low-Low,0.372,False,0.4302414440455158,False,Not Significant,Not Significant
"1872,3627",2024,35.08835225067962,0.008108573322918262,3,Low-Low,0.339,False,0.41069352330587505,False,Not Significant,Not Significant
"1872,3628",2024,35.5921829500797,-0.043188480271317074,4,High-Low,0.223,False,0.31915330118940144,False,Not Significant,Not Significant
"1872,3629",2024,34.31558069295947,0.12227431871016425,3,Low-Low,0.185,False,0.28245651025115076,False,Not Significant,Not Significant
"1872,3630",2024,34.32946450103721,0.20719395901294063,3,Low-Low,0.071,False,0.15257003437818906,False,Not Significant,Not Significant
"1872,3631",2024,33.6355640145713,0.36759678139544133,3,Low-Low,0.073,False,0.15429864898467568,False,Not Significant,Not Significant
"1872,3632",2024,33.008096183558415,0.7253184044641465,3,Low-Low,0.017,True,0.05873701106610261,False,Low-Low,Not Significant
"1872,3633",2024,32.92120357998349,0.9683884615141133,3,Low-Low,0.004,True,0.025586007046173857,True,Low-Low,Low-Low
"1872,3634",2024,32.56918748940026,0.8778204938852354,3,Low-Low,0.017,True,0.05873701106610261,False,Low-Low,Not Significant
"1872,3635",2024,35.134420811697346,0.02247414028512738,3,Low-Low,0.025,True,0.0749316951056403,False,Low-Low,Not Significant
"1872,3636",2024,34.19623981547109,0.0232930035854219,3,Low-Low,0.435,False,0.4682973529101588,False,Not Significant,Not Significant
"1872,3637",2024,36.82734402888141,0.5048985001402286,1,High-High,0.027,True,0.07940750876216882,False,High-High,Not Significant
"1872,3638",2024,40.31773361268311,3.5286320068321966,1,High-High,0.001,True,0.014246753923437716,True,High-High,High-High
"1872,3639",2024,41.69761589892604,4.5729088987713755,1,High-High,0.001,True,0.014246753923437716,True,High-High,High-High
"1872,3640",2024,37.62627947370442,1.2459323210617257,1,High-High,0.004,True,0.025586007046173857,True,High-High,High-High
"1872,3641",2024,37.75073270654804,0.6247546444050516,1,High-High,0.059,False,0.1349801885136971,False,Not Significant,Not Significant
"1872,3642",2024,38.61507444731926,-0.14998966532710795,4,High-Low,0.392,False,0.4421840501321925,False,Not Significant,Not Significant
"1872,3643",2024,33.6620339067894,0.31007703513123436,3,Low-Low,0.117,False,0.21232257826551118,False,Not Significant,Not Significant
"1872,3644",2024,30.83623048466667,1.9973720732233973,3,Low-Low,0.026,True,0.07771662285688463,False,Low-Low,Not Significant
"1873,3621",2024,35.782038379098736,-0.04948923143496119,4,High-Low,0.376,False,0.4321340868271977,False,Not Significant,Not Significant
"1873,3622",2024,34.85059165013609,-0.0015173497575336134,2,Low-High,0.484,False,0.4925306095760696,False,Not Significant,Not Significant
"1873,3623",2024,36.33545917523001,0.06731212808391991,1,High-High,0.33,False,0.4040290339118136,False,Not Significant,Not Significant
"1873,3624",2024,38.17745209861197,0.282798092390777,1,High-High,0.253,False,0.3454150470725928,False,Not Significant,Not Significant
"1873,3625",2024,36.38724413260584,0.12826775630510953,1,High-High,0.235,False,0.32861057915377573,False,Not Significant,Not Significant
"1873,3626",2024,35.22062760595399,0.000491913754330264,1,High-High,0.382,False,0.43583359252768017,False,Not Significant,Not Significant
"1873,3627",2024,35.61413158922582,-0.0015906848844254291,4,High-Low,0.498,False,0.49868187636123407,False,Not Significant,Not Significant
"1873,3628",2024,35.60123886421054,-0.032408230432677675,4,High-Low,0.332,False,0.4048960379523128,False,Not Significant,Not Significant
"1873,3629",2024,33.38617905049329,0.18817105890382432,3,Low-Low,0.298,False,0.38100933406875404,False,Not Significant,Not Significant
"1873,3630",2024,33.64696577202635,0.41940040974350334,3,Low-Low,0.095,False,0.18477836647566329,False,Not Significant,Not Significant
"1873,3631",2024,33.72101488151603,0.43992522379514293,3,Low-Low,0.069,False,0.14973886865241828,False,Not Significant,Not Significant
"1873,3632",2024,34.09441596952935,0.4309657530017683,3,Low-Low,0.016,True,0.05689465424205921,False,Low-Low,Not Significant
"1873,3633",2024,33.3269944419951,0.7805049897676515,3,Low-Low,0.007,True,0.034204900833074925,True,Low-Low,Low-Low
"1873,3634",2024,32.97980974314635,0.6886473321597573,3,Low-Low,0.039,True,0.10334058184230673,False,Low-Low,Not Significant
"1873,3635",2024,35.29332901678573,-0.015603312782579115,4,High-Low,0.133,False,0.230127762521291,False,Not Significant,Not Significant
"1873,3636",2024,35.848026730529675,0.08072944383162181,1,High-High,0.226,False,0.32197661777208375,False,Not Significant,Not Significant
"1873,3637",2024,36.737715300174806,0.7622465792368168,1,High-High,0.004,True,0.025586007046173857,True,High-High,High-High
"1873,3638",2024,43.14253639967562,4.669648500157848,1,High-High,0.002,True,0.020221199117137403,True,High-High,High-High
"1873,3639",2024,39.16622942504709,2.5871841565198483,1,High-High,0.002,True,0.020221199117137403,True,High-High,High-High
"1873,3640",2024,35.116207667547094,-0.04256820321094464,2,Low-High,0.005,True,0.02798469325204437,True,Low-High,Low-High
"1873,3641",2024,36.39639573497192,0.31716608329471985,1,High-High,0.048,True,0.11688346383508116,False,High-High,Not Significant
"1873,3642",2024,37.92418681921356,-0.43237291431719604,4,High-Low,0.164,False,0.26111466613840123,False,Not Significant,Not Significant
"1873,3643",2024,30.70183478222225,1.2083884594729537,3,Low-Low,0.073,False,0.15429864898467568,False,Not Significant,Not Significant
"1874,3622",2024,35.170157459697066,-0.0014871706218867265,2,Low-High,0.414,False,0.45758992944015964,False,Not Significant,Not Significant
"1874,3623",2024,35.01057952096427,-0.014157033477504757,2,Low-High,0.306,False,0.38539838544536814,False,Not Significant,Not Significant
"1874,3624",2024,34.99421348361754,-0.028347775410806488,2,Low-High,0.211,False,0.3059709121356795,False,Not Significant,Not Significant
"1874,3625",2024,35.71527752056606,0.0546289552682337,1,High-High,0.263,False,0.3533509033119029,False,Not Significant,Not Significant
"1874,3626",2024,35.12485815666669,-0.00891286363006792,2,Low-High,0.304,False,0.3844241951315822,False,Not Significant,Not Significant
"1874,3633",2024,33.1367156109091,0.739357481145762,3,Low-Low,0.05,True,0.12015334242569264,False,Low-Low,Not Significant
"1874,3634",2024,33.357819406129046,0.569214452807708,3,Low-Low,0.084,False,0.17001475785546197,False,Not Significant,Not Significant
"1874,3636",2024,35.9554965292935,0.14100537749944025,1,High-High,0.184,False,0.281517434298909,False,Not Significant,Not Significant
"1874,3637",2024,36.703510104536285,0.8499221185038288,1,High-High,0.005,True,0.02798469325204437,True,High-High,High-High
"1874,3638",2024,38.46136139563156,1.3971272212002375,1,High-High,0.01,True,0.04276803023314383,True,High-High,High-High
"1874,3639",2024,35.110265423930535,-0.04054442916182918,2,Low-High,0.01,True,0.04276803023314383,True,Low-High,Low-High
"1874,3640",2024,36.13588437617641,0.0714304066323621,1,High-High,0.289,False,0.3736393694394325,False,Not Significant,Not Significant
"1874,3641",2024,35.989107425096,-0.04002452966444731,4,High-Low,0.379,False,0.4344441054258476,False,Not Significant,Not Significant
"1874,3642",2024,33.110769501246615,0.6583250659771162,3,Low-Low,0.038,True,0.10254858218839101,False,Low-Low,Not Significant
"1874,3643",2024,29.1287764318182,2.4284509296324845,3,Low-Low,0.038,True,0.10254858218839101,False,Low-Low,Not Significant
"1875,3622",2024,35.55621038689759,-0.03131123817074616,4,High-Low,0.326,False,0.4011463886623094,False,Not Significant,Not Significant
"1875,3623",2024,34.858496789153484,0.024253601867143672,3,Low-Low,0.336,False,0.4081860410084624,False,Not Significant,Not Significant
"1875,3624",2024,34.55991315030741,0.015887836576709537,3,Low-Low,0.439,False,0.4705256585324748,False,Not Significant,Not Significant
"1875,3639",2024,33.174673679604965,0.10170830824673988,3,Low-Low,0.383,False,0.4362938578316975,False,Not Significant,Not Significant
"1875,3640",2024,35.521441220108244,-0.0653200573282754,4,High-Low,0.099,False,0.18920383172739258,False,Not Significant,Not Significant
"1875,3641",2024,34.254778058305014,0.32766774805560145,3,Low-Low,0.015,True,0.05430692947921482,False,Low-Low,Not Significant
"1875,3642",2024,31.17693488629869,2.2960947071615365,3,Low-Low,0.002,True,0.020221199117137403,True,Low-Low,Low-Low
"1876,3622",2024,33.910380600219135,0.030795036480520236,3,Low-Low,0.474,False,0.4859607547521591,False,Not Significant,Not Significant
"1876,3623",2024,34.85948678276566,0.03437660015990748,3,Low-Low,0.348,False,0.41517780208276495,False,Not Significant,Not Significant
"1876,3638",2024,32.17592713776862,0.9595738859269733,3,Low-Low,0.073,False,0.15429864898467568,False,Not Significant,Not Significant
"1876,3639",2024,33.03473715545347,0.6488675365002217,3,Low-Low,0.039,True,0.10334058184230673,False,Low-Low,Not Significant
"1876,3640",2024,34.28786180031615,0.3631077475278114,3,Low-Low,0.008,True,0.03750427528563091,True,Low-Low,Low-Low
"1876,3641",2024,31.391223523637898,1.9219181361961406,3,Low-Low,0.003,True,0.02246416401779184,True,Low-Low,Low-Low
"1876,3642",2024,30.436227853695303,3.198897435539507,3,Low-Low,0.002,True,0.020221199117137403,True,Low-Low,Low-Low
"1877,3638",2024,33.00558004802033,0.7016671639963183,3,Low-Low,0.072,False,0.15351602837689532,False,Not Significant,Not Significant
"1877,3639",2024,35.34567443676123,-0.06368838251433205,4,High-Low,0.004,True,0.025586007046173857,True,High-Low,High-Low
"1877,3640",2024,32.59269294551611,1.2430897967465855,3,Low-Low,0.004,True,0.025586007046173857,True,Low-Low,Low-Low
"1877,3641",2024,30.718654774957884,2.917246160231113,3,Low-Low,0.002,True,0.020221199117137403,True,Low-Low,Low-Low
"1878,3639",2024,33.96317304219781,0.5441125494380653,3,Low-Low,0.033,True,0.09294223312924547,False,Low-Low,Not Significant
"1878,3640",2024,31.22894768526213,1.6485363623984635,3,Low-Low,0.038,True,0.10254858218839101,False,Low-Low,Not Significant
